name,transf,client,payoff,total
train_month_sac_gen_J_h_161,2094.3608277159146,4306.918592,422.3108412815719,1790.2469230025135
