name,transf,client,payoff,total
train_month_sac_gen_J_c_366,2043.1019591441477,4306.918592,422.3108412815719,1841.5057915742805
