name,transf,client,payoff,total
val_month_sac_gen_I_t_28,726.0066447108072,1488.30912,159.56135988924024,602.7411153999524
