name,transf,client,payoff,total
train_month_sac_gen_I_f_325,2090.5932401267264,4306.918592,421.11038371791597,1795.2149681553576
