name,transf,client,payoff,total
val_month_sac_gen_I_b_365,616.8254049314789,1488.30912,159.56135988924024,711.9223551792807
