name,transf,client,payoff,total
train_month_sac_gen_J_e_318,2011.2124492118742,4306.918592,422.3108412815719,1873.395301506554
