name,transf,client,payoff,total
train_month_sac_gen_I_k_268,2016.5010911886745,4306.918592,422.3108412815719,1868.1066595297534
