name,transf,client,payoff,total
month_sac_IX_g,1099.2465845041054,1469.5622144,140.0807301380354,230.23489975785913
