name,transf,client,payoff,total,sessions
test_6month_sac_gen_5m_153,3020.37151625735,9929.387430399998,881.6875054342313,6027.328408708418,df_elaad_preproc_l6months.csv
