name,transf,client,payoff,total,sessions
test_6month_sac_pred_noise_2c_130,3653.763648224596,9929.387430399998,897.4875555656347,5378.136226609768,df_elaad_preproc_l6months.csv
