name,transf,client,payoff,total
test_month_sac_gen_I_a_224,709.9815378783157,1468.334912,149.17516390639216,609.1782102152921
