name,transf,client,payoff,total
val_month_sac_gen_I_k_258,646.1844496999306,1488.30912,159.56135988924024,682.563310410829
