name,transf,client,payoff,total
test_month_sac_gen_I_j_349,709.3270794044671,1468.334912,149.17516390639216,609.8326686891407
