name,transf,client,payoff,total
train_month_sac_c_646,1029.352567887477,2289.492687923877,157.2012507240518,1102.938869312348
