name,transf,client,payoff,total
test_month_sac_c_552,1010.4108525610641,1469.5622144,135.21440678133106,323.9369550576048
