name,transf,client,payoff,total
val_month_sac_gen_J_g_123,664.4028428567789,1488.30912,159.56135988924024,664.3449172539808
