name,transf,client,payoff,total
val_month_sac_gen_I_e_172,612.0639050090707,1488.30912,155.96206259448996,720.2831523964392
