name,transf,client,payoff,total
test_month_sac_c_2,1738.8782510970018,2289.492687923877,157.2012507240518,393.4131861028234
