name,transf,client,payoff,total,sessions
6month_sac_disagg_3c_P,3553.5427521353226,9929.387430399998,889.2877424740021,5486.556935790673,df_elaad_preproc_l6months.csv
