name,transf,client,payoff,total
val_month_sac_gen_I_g_290,773.3467057111206,1488.30912,159.56135988924024,555.401054399639
