name,transf,client,payoff,total
val_month_sac_gen_I_s_372,652.2419863807454,1488.30912,159.56135988924024,676.5057737300142
