name,transf,client,payoff,total,sessions
test_6month_sac_pred_noise_2d_47,4710.862429273359,9929.387430399998,897.4875555656347,4321.0374455610045,df_elaad_preproc_l6months.csv
