name,transf,client,payoff,total,sessions
test_6month_sac_pred_noise_5b_265,3291.2817044805424,9929.387430399998,881.6875054342313,5756.418220485224,df_elaad_preproc_l6months.csv
