name,transf,client,payoff,total
val_month_sac_gen_a_9,773.4477217073438,1349.0472576000002,118.32161810264896,457.27791779000745
