name,transf,client,payoff,total
test_month_sac_gen_I_z_418,723.589865580489,1468.334912,149.17516390639216,595.5698825131188
