name,transf,client,payoff,total,sessions
test_6month_sac_gen_b_1,5070.626850120945,9929.387430399998,886.8210602299855,3971.9395200490676,df_elaad_preproc_l6months.csv
