name,transf,client,payoff,total,sessions
test_6month_sac_gen_i_139,2744.3113006150343,9929.387430399998,886.8210602299855,6298.255069554978,df_elaad_preproc_l6months.csv
