name,transf,client,payoff,total
val_month_sac_gen_I_c_343,638.5376968270878,1488.30912,159.56135988924024,690.2100632836718
