name,transf,client,payoff,total
val_month_sac_gen_I_c_168,653.1995442167897,1488.30912,159.56135988924024,675.5482158939699
