name,transf,client,payoff,total
train_month_sac_c_464,1043.4376637122173,2289.492687923877,157.2012507240518,1088.853773487608
