name,transf,client,payoff,total
train_month_sac_gen_I_c_493,2065.4855692850642,4306.918592,422.3108412815719,1819.122181433364
