name,transf,client,payoff,total
test_month_sac_gen_I_n_486,663.3461417839471,1468.334912,149.17516390639216,655.8136063096607
