name,transf,client,payoff,total
val_month_sac_gen_I_s_259,659.3232302543132,1488.30912,159.56135988924024,669.4245298564465
