name,transf,client,payoff,total,sessions
test_6month_sac_pred_noise_4c_174,3579.4892275875823,9929.387430399998,891.2211003728393,5458.677102439577,df_elaad_preproc_l6months.csv
