name,transf,client,payoff,total
val_month_sac_gen_I_n_107,626.3691676300672,1488.30912,159.56135988924024,702.3785924806925
