name,transf,client,payoff,total
test_month_sac_gen_J_j_145,647.0014762794966,1468.334912,149.17516390639216,672.1582718141112
