name,transf,client,payoff,total
train_month_sac_gen_J_t_141,2082.7231707556775,4306.918592,417.9096673275943,1806.285753916728
