name,transf,client,payoff,total
train_month_sac_gen_I_v_422,-124.05485393411658,4306.918592,419.71001680063966,4011.2634291334766
