name,transf,client,payoff,total
train_month_sac_gen_J_a_320,1996.8392495752391,4306.918592,422.3108412815719,1887.768501143189
