name,transf,client,payoff,total,sessions
test_6month_sac_gen_4l_93,3013.798486461901,9929.387430399998,886.8210602299855,6028.767883708111,df_elaad_preproc_l6months.csv
