name,transf,client,payoff,total,sessions
test_6month_sac_pred_noise_5a_201,2835.611914392783,9929.387430399998,881.6875054342313,6212.088010572985,df_elaad_preproc_l6months.csv
