name,transf,client,payoff,total
test_month_sac_gen_J_m_299,674.4039389157655,1468.334912,149.17516390639216,644.7558091778424
