name,transf,client,payoff,total
train_month_sac_gen_J_g_237,2044.2920100247293,4306.918592,422.3108412815719,1840.315740693699
