name,transf,client,payoff,total
val_month_sac_gen_I_r_392,593.1149342326694,1488.30912,159.56135988924024,735.6328258780902
