name,transf,client,payoff,total
val_month_sac_gen_J_r_385,626.1848666134365,1488.30912,159.56135988924024,702.5628934973231
