name,transf,client,payoff,total
val_month_sac_gen_I_m_349,630.4798868715386,1488.30912,159.56135988924024,698.267873239221
