name,transf,client,payoff,total,sessions
test_6month_sac_pred_noise_4c_97,3558.9570503479167,9929.387430399998,891.2211003728393,5479.209279679242,df_elaad_preproc_l6months.csv
