name,transf,client,payoff,total
train_month_sac_gen_I_w_196,-7604.329295872801,4306.918592,422.3108412815719,11488.937046591227
