name,transf,client,payoff,total
test_month_sac_c_208,1069.7994741323319,1469.5622144,135.21440678133106,264.548333486337
