name,transf,client,payoff,total
test_month_sac_gen_c_86,709.7886336716026,1488.30912,159.56135988924024,618.959126439157
