name,transf,client,payoff,total
val_month_sac_gen_I_z_124,707.2310866438593,1488.30912,159.56135988924024,621.5166734669003
