name,transf,client,payoff,total
test_month_sac_gen_I_z_451,728.7543940175865,1468.334912,149.17516390639216,590.4053540760214
