name,transf,client,payoff,total
val_month_sac_gen_J_t_264,600.8238690001195,1488.30912,155.96206259448996,731.5231884053903
