name,transf,client,payoff,total
val_month_sac_gen_c_88,652.4376008385254,1349.0472576000002,118.32161810264896,578.2880386588258
