name,transf,client,payoff,total,sessions
test_6month_sac_pred_noise_3e_50,5154.645675492851,9929.387430399998,889.2877424740021,3885.4540124331447,df_elaad_preproc_l6months.csv
