name,transf,client,payoff,total
test_month_sac_gen_I_e_304,625.0283707151109,1468.334912,148.50825484764397,694.7982864372452
