name,transf,client,payoff,total
val_month_sac_gen_I_a_99,687.9045915179117,1488.30912,159.56135988924024,640.8431685928479
