name,transf,client,payoff,total
train_month_sac_gen_J_u_492,1852.633443792559,4306.918592,416.84523242950075,2037.4399157779403
