name,transf,client,payoff,total
train_month_sac_gen_J_i_55,2180.4823559115603,4306.918592,422.3108412815719,1704.125394806868
