name,transf,client,payoff,total
train_month_sac_gen_I_z_330,320.06647763914975,4306.918592,420.44353913438783,3566.4085752264627
