name,transf,client,payoff,total
test_month_sac_gen_J_g_131,688.370235484393,1468.334912,149.17516390639216,630.7895126092149
