name,transf,client,payoff,total
test_month_sac_gen_I_d_93,688.9750727359736,1468.334912,149.17516390639216,630.1846753576342
