name,transf,client,payoff,total
train_month_sac_gen_J_m_191,1862.1836397044335,4306.918592,422.3108412815719,2022.4241110139947
