name,transf,client,payoff,total
train_month_sac_gen_J_z_55,661.4307710143383,1488.30912,159.82801684796615,667.0503321376954
