name,transf,client,payoff,total
test_month_sac_gen_G_b_258,637.3772613782212,1468.334912,148.64140204911905,682.3162485726598
