name,transf,client,payoff,total
train_month_sac_gen_J_n_487,1782.2240871751048,4306.918592,422.3108412815719,2102.3836635433236
