name,transf,client,payoff,total
train_month_sac_gen_J_n_203,1876.0316895667358,4306.918592,422.3108412815719,2008.5760611516926
