name,transf,client,payoff,total
val_month_sac_gen_J_w_427,547.536665487909,1488.30912,155.96206259448996,784.810391917601
