name,transf,client,payoff,total
train_month_sac_gen_I_a_174,2046.1262779281399,4306.918592,422.3108412815719,1838.4814727902885
