name,transf,client,payoff,total
train_month_sac_c_433,1044.8408942656065,2289.492687923877,157.2012507240518,1087.4505429342187
