name,transf,client,payoff,total
test_month_sac_gen_I_k_280,689.2294240296824,1468.334912,149.17516390639216,629.9303240639255
