name,transf,client,payoff,total
val_month_sac_gen_I_j_424,653.1873414141753,1488.30912,159.56135988924024,675.5604186965843
