name,transf,client,payoff,total
val_month_sac_gen_J_c_214,682.0117733026856,1488.30912,159.56135988924024,646.7359868080741
