name,transf,client,payoff,total
val_month_sac_gen_I_l_225,651.4055159199831,1488.30912,159.56135988924024,677.3422441907765
