name,transf,client,payoff,total
val_month_sac_gen_I_a_170,666.709716425102,1488.30912,159.56135988924024,662.0380436856576
