name,transf,client,payoff,total
test_month_sac_gen_I_d_94,687.630308613173,1468.334912,149.17516390639216,631.5294394804348
