name,transf,client,payoff,total
train_sac_b_c_36,67021.79486290812,149467.68812980913,8931.975524612415,73513.9177422886
