name,transf,client,payoff,total
test_month_sac_gen_d_9,814.5456545697194,1488.30912,159.56135988924024,514.2021055410403
