name,transf,client,payoff,total
val_month_sac_gen_I_x_359,699.0864644288558,1488.30912,159.56135988924024,629.6612956819038
