name,transf,client,payoff,total,sessions
test_6month_sac_pred_noise_5b_134,3179.6595262737947,9929.387430399998,881.6875054342313,5868.040398691972,df_elaad_preproc_l6months.csv
