name,transf,client,payoff,total,sessions
test_6month_sac_pred_noise_1d_170,4440.774996289894,9929.387430399998,893.2217503396156,4595.390683770488,df_elaad_preproc_l6months.csv
