name,transf,client,payoff,total
val_month_sac_gen_I_d_213,638.7573284418756,1488.30912,159.56135988924024,689.990431668884
