name,transf,client,payoff,total
test_month_sac_gen_J_y_291,623.2786171117547,1468.334912,148.50825484764397,696.5480400406013
