name,transf,client,payoff,total
test_month_sac_gen_J_z_133,643.3264065947868,1468.334912,148.50825484764397,676.5002505575692
