name,transf,client,payoff,total
val_month_sac_gen_I_i_495,661.8119300026501,1488.30912,159.56135988924024,666.9358301081095
