name,transf,client,payoff,total
train_month_sac_gen_I_o_74,2224.711201192272,4306.918592,422.3108412815719,1659.8965495261564
