name,transf,client,payoff,total
test_month_sac_gen_I_m_336,668.7704974853958,1468.334912,149.17516390639216,650.389250608212
