name,transf,client,payoff,total
val_month_sac_gen_J_j_386,593.7421301847421,1488.30912,159.56135988924024,735.0056299260175
