name,transf,client,payoff,total
test_month_sac_gen_G_a_7,850.1874511749259,1468.334912,148.50825484764397,469.6392059774302
