name,transf,client,payoff,total
test_month_sac_gen_I_t_191,710.6266583115644,1468.334912,149.17516390639216,608.5330897820435
