name,transf,client,payoff,total
train_month_sac_gen_J_x_155,992.9848028306975,1469.5622144,142.094741946743,334.4826696225594
