name,transf,client,payoff,total
val_month_sac_gen_J_f_257,641.8852935961821,1488.30912,159.56135988924024,686.8624665145776
