name,transf,client,payoff,total
test_month_sac_gen_J_e_88,696.9235037972951,1468.334912,149.17516390639216,622.2362442963127
