name,transf,client,payoff,total,sessions
test_6month_sac_pred_noise_4e_182,5266.300630695432,9929.387430399998,891.2211003728393,3771.865699331727,df_elaad_preproc_l6months.csv
