name,transf,client,payoff,total,sessions
test_6month_sac_pred_noise_3b_30,3813.3607251618023,9929.387430399998,889.2877424740021,5226.738962764194,df_elaad_preproc_l6months.csv
