name,transf,client,payoff,total
val_month_sac_gen_I_q_38,778.4618089758858,1488.30912,159.56135988924024,550.2859511348738
