name,transf,client,payoff,total
val_month_sac_gen_J_p_484,644.3492366773469,1488.30912,159.56135988924024,684.3985234334127
