name,transf,client,payoff,total
train_month_sac_gen_I_f_190,2102.4261431692466,4306.918592,421.11038371791597,1783.3820651128374
