name,transf,client,payoff,total
test_month_sac_gen_J_y_243,620.6943791707138,1468.334912,148.50825484764397,699.1322779816423
