name,transf,client,payoff,total,sessions
test_6month_sac_pred_noise_3b_40,3305.7446748115867,9929.387430399998,889.2877424740021,5734.355013114409,df_elaad_preproc_l6months.csv
