name,transf,client,payoff,total
train_month_sac_gen_J_r_132,2059.7403069998018,4306.918592,422.3108412815719,1824.8674437186264
