name,transf,client,payoff,total
val_month_sac_gen_J_b_26,721.5362808936909,1488.30912,159.56135988924024,607.2114792170687
