name,transf,client,payoff,total
train_month_sac_gen_J_y_219,534.102967870894,1349.0472576000002,121.32096526582033,693.6233244632859
