name,transf,client,payoff,total
train_month_sac_gen_J_o_229,2036.3534871138409,4306.918592,422.3108412815719,1848.2542636045873
