name,transf,client,payoff,total
train_month_sac_gen_J_c_200,2096.815514792678,4306.918592,422.3108412815719,1787.79223592575
