name,transf,client,payoff,total
train_month_sac_gen_J_w_371,1852.8810668369022,4306.918592,423.24438617271056,2030.793138990387
