name,transf,client,payoff,total
test_month_sac_gen_J_g_454,681.7503482366825,1468.334912,149.17516390639216,637.4093998569253
