name,transf,client,payoff,total,sessions
test_6month_sac_pred_noise_3b_160,3055.8200695751516,9929.387430399998,889.2877424740021,5984.279618350845,df_elaad_preproc_l6months.csv
