name,transf,client,payoff,total
val_month_sac_gen_J_w_179,566.9674256862025,1488.30912,155.96206259448996,765.3796317193073
