name,transf,client,payoff,total
train_month_sac_gen_G_a_200,634.1949082333192,1488.30912,157.16145718936633,696.9527545773144
