name,transf,client,payoff,total
test_month_sac_gen_J_j_341,628.5387383211416,1468.334912,149.17516390639216,690.6210097724662
