name,transf,client,payoff,total
test_month_sac_gen_I_w_93,689.7562619415208,1468.334912,149.17516390639216,629.403486152087
