name,transf,client,payoff,total
val_month_sac_gen_J_a_256,642.3587687538119,1488.30912,159.56135988924024,686.3889913569478
