name,transf,client,payoff,total
val_month_sac_gen_I_s_358,652.1888918670373,1488.30912,159.56135988924024,676.5588682437224
