name,transf,client,payoff,total,sessions
test_6month_sac_gen_3m_119,2917.26495265416,9929.387430399998,886.8210602299855,6125.301417515853,df_elaad_preproc_l6months.csv
