name,transf,client,payoff,total
test_month_sac_gen_J_z_266,585.3152307304883,1468.334912,148.50825484764397,734.5114264218678
