name,transf,client,payoff,total,sessions
test_6month_sac_pred_noise_2a_164,2785.5377598261166,9929.387430399998,897.4875555656347,6246.362115008247,df_elaad_preproc_l6months.csv
