name,transf,client,payoff,total
test_month_sac_gen_J_m_318,679.8855028540004,1468.334912,149.17516390639216,639.2742452396075
