name,transf,client,payoff,total,sessions
test_6month_sac_gen_5m_127,2895.5533107261754,9929.387430399998,886.8210602299855,6147.013059443838,df_elaad_preproc_l6months.csv
