name,transf,client,payoff,total
test_month_sac_gen_J_j_484,644.9851014349263,1468.334912,149.17516390639216,674.1746466586816
