name,transf,client,payoff,total
test_month_sac_c_859,1021.3387810922657,1469.5622144,135.21440678133106,313.0090265264032
