name,transf,client,payoff,total
test_month_sac_gen_I_p_292,759.2013423350963,1468.334912,149.17516390639216,559.9584057585115
