name,transf,client,payoff,total
val_month_sac_gen_J_z_291,584.1160990125162,1488.30912,155.96206259448996,748.2309583929937
