name,transf,client,payoff,total
test_month_sac_gen_G_a_161,662.280106975543,1468.334912,148.50825484764397,657.5465501768131
