name,transf,client,payoff,total
val_month_sac_gen_I_r_480,594.0781276739655,1488.30912,159.56135988924024,734.6696324367942
