name,transf,client,payoff,total
train_month_sac_gen_I_c_374,2050.824304846021,4306.918592,422.3108412815719,1833.7834458724074
