name,transf,client,payoff,total
val_month_sac_gen_J_n_195,625.820887279698,1488.30912,159.56135988924024,702.9268728310617
