name,transf,client,payoff,total
train_month_sac_gen_I_d_94,2051.802754567897,4306.918592,422.3108412815719,1832.8049961505312
