name,transf,client,payoff,total
test_month_sac_gen_I_f_69,782.8674938179488,1468.334912,147.8419170286109,537.6255011534404
