name,transf,client,payoff,total
test_month_sac_gen_J_m_21,724.3841296673979,1468.334912,149.17516390639216,594.7756184262099
