name,transf,client,payoff,total,sessions
test_6month_sac_pred_noise_2d_165,4495.288623238168,9929.387430399998,897.4875555656347,4536.611251596196,df_elaad_preproc_l6months.csv
