name,transf,client,payoff,total
val_month_sac_gen_J_d_21,694.5489485483499,1488.30912,159.56135988924024,634.1988115624097
