name,transf,client,payoff,total
val_month_sac_gen_I_i_126,667.8664053891714,1488.30912,159.56135988924024,660.8813547215882
