name,transf,client,payoff,total
train_month_sac_gen_I_c_434,2045.0686232680252,4306.918592,422.3108412815719,1839.5391274504027
