name,transf,client,payoff,total
train_month_sac_gen_I_r_199,1961.3243293219628,4306.918592,423.24371445813506,1922.350548219902
