name,transf,client,payoff,total,sessions
test_6month_sac_gen_2l_11,3596.5241984042314,9929.387430399998,886.8210602299855,5446.042171765781,df_elaad_preproc_l6months.csv
