name,transf,client,payoff,total
val_month_sac_gen_I_s_110,674.4621533594013,1488.30912,159.56135988924024,654.2856067513583
