name,transf,client,payoff,total
train_month_sac_gen_I_h_256,2015.732346555924,4306.918592,422.3108412815719,1868.8754041625043
