name,transf,client,payoff,total
test_month_sac_gen_J_u_57,619.2949815584809,1468.334912,148.50825484764397,700.5316755938752
