name,transf,client,payoff,total
val_month_sac_gen_I_x_264,709.7225711250946,1488.30912,159.56135988924024,619.025188985665
