name,transf,client,payoff,total
val_month_sac_gen_J_a_285,640.2523974912076,1488.30912,159.56135988924024,688.495362619552
