name,transf,client,payoff,total,sessions
test_6month_sac_gen_1o_19,3282.50520026116,9929.387430399998,886.8210602299855,5760.061169908853,df_elaad_preproc_l6months.csv
