name,transf,client,payoff,total
test_month_sac_gen_J_s_199,582.8877828173248,1468.334912,148.50825484764397,736.9388743350312
