name,transf,client,payoff,total
test_month_sac_gen_I_p_132,770.1359544506076,1468.334912,149.17516390639216,549.0237936430002
