name,transf,client,payoff,total,sessions
test_6month_sac_gen_3m_143,2778.2234041719926,9929.387430399998,889.2877424740021,6261.876283754003,df_elaad_preproc_l6months.csv
