name,transf,client,payoff,total
test_month_sac_gen_J_s_253,583.0225166110895,1468.334912,148.50825484764397,736.8041405412666
