name,transf,client,payoff,total
val_month_sac_gen_I_n_278,602.7938011200795,1488.30912,159.56135988924024,725.9539589906801
