name,transf,client,payoff,total
test_month_sac_gen_J_a_323,690.7551577193584,1468.334912,149.17516390639216,628.4045903742494
