name,transf,client,payoff,total,sessions
test_6month_sac_pred_noise_4b_148,3135.9146444497683,9929.387430399998,891.2211003728393,5902.251685577391,df_elaad_preproc_l6months.csv
