name,transf,client,payoff,total
val_month_sac_gen_I_n_283,600.6452949480623,1488.30912,159.56135988924024,728.1024651626974
