name,transf,client,payoff,total,sessions
test_6month_sac_gen_j_279,2993.22828274118,9929.387430399998,886.8210602299855,6049.338087428832,df_elaad_preproc_l6months.csv
