name,transf,client,payoff,total
month_sac_IX_h,1605.5652382494154,1469.5622144,137.2818496289826,-273.28487347839814
