name,transf,client,payoff,total
test_month_sac_gen_I_k_443,677.1401380682984,1468.334912,149.17516390639216,642.0196100253095
