name,transf,client,payoff,total,sessions
train_6month_sac_gen_4m_190,3254.2225234035113,8371.850816,846.7018179480887,4270.9264746484005,df_elaad_preproc_f6months.csv
