name,transf,client,payoff,total,sessions
test_6month_sac_gen_3l_178,2816.060207848074,9929.387430399998,886.8210602299855,6226.506162321939,df_elaad_preproc_l6months.csv
