name,transf,client,payoff,total
train_month_sac_gen_J_y_216,940.3982445471634,1469.5622144,142.7612797814089,386.4026900714276
