name,transf,client,payoff,total
train_month_sac_gen_J_a_120,2070.388424235733,4306.918592,422.3108412815719,1814.2193264826951
