name,transf,client,payoff,total,sessions
test_6month_sac_gen_2l_24,3296.6306210309917,9929.387430399998,886.8210602299855,5745.93574913902,df_elaad_preproc_l6months.csv
