name,transf,client,payoff,total,sessions
test_6month_sac_pred_noise_2e_173,5439.8037050945495,9929.387430399998,897.4875555656347,3592.0961697398143,df_elaad_preproc_l6months.csv
