name,transf,client,payoff,total
val_month_sac_gen_J_h_275,670.0586394616735,1488.30912,159.56135988924024,658.6891206490861
