name,transf,client,payoff,total
test_month_sac_gen_I_x_196,750.5683138413783,1468.334912,149.17516390639216,568.5914342522295
