name,transf,client,payoff,total
test_month_sac_gen_I_y_223,682.8538427034823,1468.334912,149.17516390639216,636.3059053901255
