name,transf,client,payoff,total
val_month_sac_gen_J_w_148,576.1247429712824,1488.30912,155.96206259448996,756.2223144342274
