name,transf,client,payoff,total,sessions
test_6month_sac_gen_2o_128,2893.8995420234296,9929.387430399998,886.8210602299855,6148.666828146583,df_elaad_preproc_l6months.csv
