name,transf,client,payoff,total
val_month_sac_c_913,1831.488672348507,2277.450960542104,145.3079860330326,300.65430216056444
