name,transf,client,payoff,total
train_month_sac_gen_J_u_32,2179.0767725554033,4306.918592,422.6442711998063,1705.1975482447904
