name,transf,client,payoff,total
train_month_sac_gen_G_a_216,512.0775805937747,1349.0472576000002,119.98788850027488,716.9817885059507
