name,transf,client,payoff,total
val_month_sac_gen_J_s_214,552.9182649823133,1488.30912,155.96206259448996,779.4287924231967
