name,transf,client,payoff,total
train_month_sac_gen_a_42,1024.0683623574432,1469.5622144,138.5610864331635,306.9327656093932
