name,transf,client,payoff,total,sessions
test_6month_sac_gen_1m_47,3419.87256278912,9929.387430399998,886.8210602299855,5622.693807380892,df_elaad_preproc_l6months.csv
