name,transf,client,payoff,total
train_month_sac_gen_I_x_145,-7547.008323467555,4306.918592,420.11088826644277,11433.816027201112
