name,transf,client,payoff,total
test_month_sac_gen_I_h_43,731.4000376304261,1468.334912,149.17516390639216,587.7597104631817
