name,transf,client,payoff,total
test_month_sac_gen_I_o_144,734.338652875665,1468.334912,149.17516390639216,584.8210952179428
