name,transf,client,payoff,total
test_month_sac_gen_I_h_376,697.9287267681992,1468.334912,149.17516390639216,621.2310213254086
