name,transf,client,payoff,total
val_month_sac_gen_J_w_92,593.0244312732219,1488.30912,155.96206259448996,739.322626132288
