name,transf,client,payoff,total
train_month_sac_gen_I_f_465,2074.9098438588326,4306.918592,421.11038371791597,1810.8983644232515
