name,transf,client,payoff,total
val_month_sac_gen_I_d_95,655.898443166506,1488.30912,159.56135988924024,672.8493169442536
