name,transf,client,payoff,total
test_month_sac_gen_J_b_460,693.9442290540876,1468.334912,149.17516390639216,625.2155190395202
