name,transf,client,payoff,total
train_month_sac_gen_I_m_216,2023.9230192211885,4306.918592,422.3108412815719,1860.6847314972397
