name,transf,client,payoff,total,sessions
test_6month_sac_gen_5l_117,2899.3318406295202,9929.387430399998,886.8210602299855,6143.234529540492,df_elaad_preproc_l6months.csv
