name,transf,client,payoff,total
val_month_sac_gen_J_o_104,667.7220518659547,1488.30912,159.56135988924024,661.025708244805
