name,transf,client,payoff,total
test_month_sac_gen_J_i_479,732.790168987568,1468.334912,149.17516390639216,586.3695791060399
