name,transf,client,payoff,total
val_month_sac_gen_J_n_230,616.4746700650519,1488.30912,159.56135988924024,712.2730900457077
