name,transf,client,payoff,total
val_month_sac_gen_I_r_231,599.5761840977596,1488.30912,159.56135988924024,729.171576013
