name,transf,client,payoff,total
test_month_sac_gen_I_p_238,766.3105637458755,1468.334912,149.17516390639216,552.8491843477324
