name,transf,client,payoff,total
train_month_sac_gen_I_i_235,2065.218252147739,4306.918592,422.3108412815719,1819.3894985706893
