name,transf,client,payoff,total,sessions
test_6month_sac_pred_noise_5b_149,2974.8645274982855,9929.387430399998,881.6875054342313,6072.835397467481,df_elaad_preproc_l6months.csv
