name,transf,client,payoff,total
train_month_sac_gen_G_b_170,540.9739950052958,1349.0472576000002,120.05426526627244,688.018997328432
