name,transf,client,payoff,total
train_month_sac_gen_I_c_325,2061.6073474822724,4306.918592,422.3108412815719,1823.0004032361558
