name,transf,client,payoff,total
val_month_sac_gen_J_q_89,679.7745622946294,1488.30912,159.56135988924024,648.9731978161303
