name,transf,client,payoff,total
val_month_sac_gen_I_l_270,644.7963923147403,1488.30912,159.56135988924024,683.9513677960194
