name,transf,client,payoff,total,sessions
test_6month_sac_pred_noise_1c_57,3681.2930040296496,9929.387430399998,893.2217503396156,5354.872676030733,df_elaad_preproc_l6months.csv
