name,transf,client,payoff,total
train_month_sac_gen_J_d_199,2057.639498127766,4306.918592,422.3108412815719,1826.9682525906624
