name,transf,client,payoff,total
test_month_sac_gen_J_m_436,662.3786147011658,1468.334912,149.17516390639216,656.781133392442
