name,transf,client,payoff,total
train_month_sac_gen_I_u_183,-55.87824316906506,4306.918592,422.3108412815719,3940.4859938874934
