name,transf,client,payoff,total
test_month_sac_gen_J_u_162,616.6619224374963,1468.334912,148.50825484764397,703.1647347148598
