name,transf,client,payoff,total,sessions
test_6month_sac_pred_noise_4b_164,3177.9032260940967,9929.387430399998,891.2211003728393,5860.263103933063,df_elaad_preproc_l6months.csv
