name,transf,client,payoff,total
test_month_sac_gen_I_b_158,698.2796820679238,1468.334912,149.17516390639216,620.8800660256841
