name,transf,client,payoff,total,sessions
test_6month_sac_pred_noise_1b_82,3197.034663297398,9929.387430399998,893.2217503396156,5839.1310167629845,df_elaad_preproc_l6months.csv
