name,transf,client,payoff,total
test_month_sac_gen_I_r_389,641.9841491400671,1468.334912,149.17516390639216,677.1755989535408
