name,transf,client,payoff,total
test_month_sac_gen_J_u_88,606.7602493647407,1468.334912,148.50825484764397,713.0664077876154
