name,transf,client,payoff,total
val_month_sac_gen_J_e_476,656.0909656158447,1488.30912,159.56135988924024,672.656794494915
