name,transf,client,payoff,total,sessions
test_6month_sac_pred_noise_1a_185,2845.8555492687733,9929.387430399998,893.2217503396156,6190.310130791609,df_elaad_preproc_l6months.csv
