name,transf,client,payoff,total,sessions
test_6month_sac_pred_noise_2b_61,3132.1413647122254,9929.387430399998,897.4875555656347,5899.758510122138,df_elaad_preproc_l6months.csv
