name,transf,client,payoff,total
val_month_sac_gen_J_k_368,563.9729046272643,1488.30912,159.56135988924024,764.7748554834955
