name,transf,client,payoff,total
train_month_sac_gen_J_u_346,1859.3463055866357,4306.918592,423.3767486733501,2024.195537740014
