name,transf,client,payoff,total,sessions
test_6month_sac_gen_1m_48,3385.400173398322,9929.387430399998,886.8210602299855,5657.16619677169,df_elaad_preproc_l6months.csv
