name,transf,client,payoff,total
test_month_sac_gen_J_f_290,663.3103850754005,1468.334912,149.17516390639216,655.8493630182073
