name,transf,client,payoff,total
val_month_sac_gen_J_e_125,667.1025380807935,1488.30912,159.56135988924024,661.6452220299661
