name,transf,client,payoff,total,sessions
test_6month_sac_gen_5m_157,2893.766930035865,9929.387430399998,886.8210602299855,6148.7994401341475,df_elaad_preproc_l6months.csv
