name,transf,client,payoff,total
val_month_sac_gen_J_u_357,539.5090791436554,1488.30912,155.96206259448996,792.8379782618545
