name,transf,client,payoff,total
test_month_sac_gen_a_96,760.3680256873233,1488.30912,159.56135988924024,568.3797344234363
