name,transf,client,payoff,total,sessions
test_6month_sac_pred_noise_2c_114,3599.604078742585,9929.387430399998,897.4875555656347,5432.295796091779,df_elaad_preproc_l6months.csv
