name,transf,client,payoff,total
train_month_sac_gen_J_i_207,1993.4494006448738,4306.918592,422.3108412815719,1891.1583500735542
