name,transf,client,payoff,total
train_month_sac_gen_c_34,-2007.1793750201907,1469.5622144,141.02770842468897,3335.7138809955013
