name,transf,client,payoff,total
test_month_sac_gen_I_j_345,715.800330751947,1468.334912,149.17516390639216,603.3594173416609
