name,transf,client,payoff,total,sessions
test_6month_sac_pred_noise_4e_134,5287.448901736003,9929.387430399998,891.2211003728393,3750.717428291156,df_elaad_preproc_l6months.csv
