name,transf,client,payoff,total
val_month_sac_gen_J_l_367,587.1812966572504,1488.30912,159.56135988924024,741.5664634535092
