name,transf,client,payoff,total,sessions
test_6month_sac_pred_noise_5c_93,3642.6983945826278,9929.387430399998,881.6875054342313,5405.001530383139,df_elaad_preproc_l6months.csv
