name,transf,client,payoff,total
train_month_sac_gen_I_p_402,2165.777246571206,4306.918592,422.3108412815719,1718.8305041472222
