name,transf,client,payoff,total
val_month_sac_gen_I_z_387,716.9162121873215,1488.30912,159.56135988924024,611.8315479234382
