name,transf,client,payoff,total
val_month_sac_gen_J_z_23,708.6878070678497,1488.30912,155.96206259448996,623.6592503376603
