name,transf,client,payoff,total
train_month_sac_gen_I_m_325,1988.5246556467487,4306.918592,422.3108412815719,1896.0830950716795
