name,transf,client,payoff,total
train_month_sac_gen_J_d_337,2026.6303878803087,4306.918592,422.3108412815719,1857.9773628381195
