name,transf,client,payoff,total
val_month_sac_gen_J_u_125,590.0040443065751,1488.30912,155.96206259448996,742.3430130989348
