name,transf,client,payoff,total
month_sac_IX_b,1113.083454598927,1469.5622144,136.74809424758857,219.73066555348444
