name,transf,client,payoff,total
train_month_sac_gen_J_g_140,2062.9073832117674,4306.918592,422.3108412815719,1821.7003675066608
