name,transf,client,payoff,total
test_month_sac_gen_J_n_0,1119.983597459248,1468.334912,149.17516390639216,199.17615063435997
