name,transf,client,payoff,total
test_month_sac_gen_J_t_149,667.4865137301447,1468.334912,148.50825484764397,652.3401434222114
