name,transf,client,payoff,total
val_month_sac_gen_J_g_301,644.6322984067388,1488.30912,159.56135988924024,684.1154617040208
