name,transf,client,payoff,total,sessions
test_6month_sac_pred_noise_3d_12,4835.580321955762,9929.387430399998,889.2877424740021,4204.5193659702345,df_elaad_preproc_l6months.csv
