name,transf,client,payoff,total
val_month_sac_gen_J_v_499,603.2882500619637,1488.30912,155.96206259448996,729.0588073435463
