name,transf,client,payoff,total
val_month_sac_gen_J_p_85,665.4945025626093,1488.30912,159.56135988924024,663.2532575481503
