name,transf,client,payoff,total
train_month_sac_gen_J_r_225,2022.6502610705147,4306.918592,422.3108412815719,1861.9574896479135
