name,transf,client,payoff,total,sessions
test_6month_sac_pred_noise_1a_101,3033.3751435601325,9929.387430399998,893.2217503396156,6002.79053650025,df_elaad_preproc_l6months.csv
