name,transf,client,payoff,total,sessions
test_6month_sac_gen_5l_1,6570.228882339534,9929.387430399998,886.8210602299855,2472.337487830479,df_elaad_preproc_l6months.csv
