name,transf,client,payoff,total,sessions
train_month_sac_pred_noise_c_188,873.9377807591782,1349.0472576000002,119.65465212179417,355.45482471902784,df_elaad_preproc_feb.csv
