name,transf,client,payoff,total
val_month_sac_gen_J_c_74,720.7248238666783,1488.30912,159.56135988924024,608.0229362440814
