name,transf,client,payoff,total
train_month_sac_gen_J_q_98,2097.3681230884667,4306.918592,422.3108412815719,1787.2396276299614
