name,transf,client,payoff,total
train_month_sac_gen_I_t_160,1862.1640630330562,4306.918592,428.1108023234274,2016.6437266435164
