name,transf,client,payoff,total
train_month_sac_gen_J_s_470,1853.5090169302375,4306.918592,423.1097811280072,2030.2997939417553
