name,transf,client,payoff,total
test_month_sac_gen_I_z_230,736.9208952579008,1468.334912,149.17516390639216,582.238852835707
