name,transf,client,payoff,total
test_month_sac_gen_J_w_434,577.0606236163046,1468.334912,148.50825484764397,742.7660335360515
