name,transf,client,payoff,total
val_month_sac_gen_I_m_98,655.8291536481183,1488.30912,159.56135988924024,672.9186064626413
