name,transf,client,payoff,total
train_month_sac_gen_I_j_302,2031.5243020846228,4306.918592,422.3108412815719,1853.0834486338053
