name,transf,client,payoff,total
test_month_sac_gen_J_i_308,739.2268969562425,1468.334912,149.17516390639216,579.9328511373653
