name,transf,client,payoff,total,sessions
test_6month_sac_pred_noise_3e_70,5061.7231269677895,9929.387430399998,889.2877424740021,3978.3765609582065,df_elaad_preproc_l6months.csv
