name,transf,client,payoff,total
val_month_sac_gen_J_s_115,575.2543927686461,1488.30912,155.96206259448996,757.0926646368639
