name,transf,client,payoff,total
val_month_sac_gen_J_d_118,671.4801317680055,1488.30912,159.56135988924024,657.267628342754
