name,transf,client,payoff,total
test_month_sac_gen_J_r_49,702.680944015621,1468.334912,149.17516390639216,616.4788040779869
