name,transf,client,payoff,total
test_month_sac_gen_J_c_28,766.9691011760411,1468.334912,149.17516390639216,552.1906469175667
