name,transf,client,payoff,total
train_month_sac_gen_J_s_130,1959.4689266935866,4306.918592,416.91082389217837,1930.538841414235
