name,transf,client,payoff,total
train_month_sac_gen_c_96,-2006.7505410930055,1469.5622144,139.8945448505186,3336.4182106424864
