name,transf,client,payoff,total
val_month_sac_gen_J_h_190,671.0333489266704,1488.30912,159.56135988924024,657.7144111840892
