name,transf,client,payoff,total
val_month_sac_gen_J_x_65,728.6782371226844,1488.30912,159.56135988924024,600.0695229880753
