name,transf,client,payoff,total
val_month_sac_gen_I_c_134,660.4960872045799,1488.30912,159.56135988924024,668.2516729061797
