name,transf,client,payoff,total
test_month_sac_gen_J_j_223,644.4194987968242,1468.334912,149.17516390639216,674.7402492967836
