name,transf,client,payoff,total
test_month_sac_gen_J_h_469,733.4942313796641,1468.334912,149.17516390639216,585.6655167139437
