name,transf,client,payoff,total
test_month_sac_gen_I_a_426,695.3714950660942,1468.334912,149.17516390639216,623.7882530275136
