name,transf,client,payoff,total
test_month_sac_gen_I_w_389,653.0220492508531,1468.334912,149.17516390639216,666.1376988427547
