name,transf,client,payoff,total
train_month_sac_gen_I_c_89,2136.4788952911413,4306.918592,422.3108412815719,1748.128855427287
