name,transf,client,payoff,total
val_month_sac_gen_I_i_252,657.6150062316169,1488.30912,159.56135988924024,671.1327538791427
