name,transf,client,payoff,total
val_month_sac_gen_J_m_433,595.6529467478388,1488.30912,159.56135988924024,733.0948133629208
