name,transf,client,payoff,total
test_sac_c_78,7956.929178372615,18301.238246399997,1736.5228628156017,8607.78620521178
