name,transf,client,payoff,total
month_sac_IX_a,1122.5027270510486,1469.5622144,136.74809424758857,210.3113931013627
