name,transf,client,payoff,total,sessions
test_6month_sac_pred_noise_2e_97,5223.619537608376,9929.387430399998,897.4875555656347,3808.2803372259878,df_elaad_preproc_l6months.csv
