name,transf,client,payoff,total
val_month_sac_gen_J_n_297,597.8484311339181,1488.30912,159.56135988924024,730.8993289768416
