name,transf,client,payoff,total
val_month_sac_c_659,1847.372062289748,2277.450960542104,145.3079860330326,284.7709122193233
