name,transf,client,payoff,total
train_month_sac_gen_J_w_35,2163.6151493971415,4306.918592,420.3113116804318,1722.9921309224267
