name,transf,client,payoff,total
train_month_sac_gen_J_c_48,2284.3008504350796,4306.918592,422.3108412815719,1600.3069002833486
