name,transf,client,payoff,total
train_month_sac_gen_I_j_344,2016.0175044849425,4306.918592,422.3108412815719,1868.5902462334857
