name,transf,client,payoff,total
val_month_sac_gen_J_r_46,678.921262021214,1488.30912,159.56135988924024,649.8264980895456
