name,transf,client,payoff,total
test_month_sac_gen_I_l_87,718.494048164787,1468.334912,149.17516390639216,600.6656999288208
