name,transf,client,payoff,total
val_month_sac_gen_J_e_367,652.7459477569864,1488.30912,159.56135988924024,676.0018123537732
