name,transf,client,payoff,total
train_month_sac_gen_I_g_379,2525.2602669041057,4306.918592,422.3108412815719,1359.3474838143225
