name,transf,client,payoff,total
val_month_sac_gen_I_d_450,627.8290723347328,1488.30912,159.56135988924024,700.9186877760269
