name,transf,client,payoff,total
train_month_sac_gen_I_d_100,2048.857152470147,4306.918592,422.3108412815719,1835.7505982482812
