name,transf,client,payoff,total
val_month_sac_gen_J_r_389,629.7890038136734,1488.30912,159.56135988924024,698.9587562970862
