name,transf,client,payoff,total,sessions
test_6month_sac_pred_noise_2b_161,3007.4337728268956,9929.387430399998,897.4875555656347,6024.466102007468,df_elaad_preproc_l6months.csv
