name,transf,client,payoff,total
train_month_sac_gen_I_r_215,1977.29830512664,4306.918592,420.3769706360897,1909.2433162372702
