name,transf,client,payoff,total
test_month_sac_gen_J_f_155,671.5363734966957,1468.334912,149.17516390639216,647.6233745969122
