name,transf,client,payoff,total
test_month_sac_gen_J_w_320,591.2924554723247,1468.334912,148.50825484764397,728.5342016800314
