name,transf,client,payoff,total
train_month_sac_gen_I_c_59,2164.9923145176626,4306.918592,422.3108412815719,1719.6154362007655
