name,transf,client,payoff,total,sessions
test_6month_sac_gen_j_209,2920.0144241602275,9929.387430399998,886.8210602299855,6122.551946009786,df_elaad_preproc_l6months.csv
