name,transf,client,payoff,total,sessions
train_6month_sac_gen_2l_150,3170.9977689985426,8371.850816,852.7696273794988,4348.0834196219585,df_elaad_preproc_f6months.csv
