name,transf,client,payoff,total
test_month_sac_gen_I_b_132,716.927744616231,1468.334912,149.17516390639216,602.2320034773768
