name,transf,client,payoff,total
month_sac_IX_g,1161.9705206029626,1469.5622144,138.41443548755868,169.17725830947867
