name,transf,client,payoff,total
train_month_sac_gen_I_i_431,2048.3586957628713,4306.918592,422.3108412815719,1836.2490549555569
