name,transf,client,payoff,total
test_month_sac_gen_J_x_89,778.3797574084288,1468.334912,149.17516390639216,540.7799906851791
