name,transf,client,payoff,total
test_month_sac_gen_J_e_260,692.4382847726872,1468.334912,149.17516390639216,626.7214633209206
