name,transf,client,payoff,total
val_month_sac_gen_I_f_247,662.2571085459588,1488.30912,158.8282254603323,667.2237859937088
