name,transf,client,payoff,total
test_month_sac_gen_J_k_188,637.9400396516127,1468.334912,149.17516390639216,681.2197084419952
