name,transf,client,payoff,total
val_month_sac_gen_I_z_111,708.6466175265546,1488.30912,159.56135988924024,620.101142584205
