name,transf,client,payoff,total,sessions
test_6month_sac_gen_1o_124,2922.9772541873417,9929.387430399998,886.8210602299855,6119.5891159826715,df_elaad_preproc_l6months.csv
