name,transf,client,payoff,total,sessions
test_6month_sac_gen_5l_251,2818.542527912386,9929.387430399998,886.8210602299855,6224.023842257626,df_elaad_preproc_l6months.csv
