name,transf,client,payoff,total,sessions
test_6month_sac_gen_1m_38,3196.9015212308323,9929.387430399998,886.8210602299855,5845.664848939181,df_elaad_preproc_l6months.csv
