name,transf,client,payoff,total,sessions
test_6month_sac_gen_d_234,2724.6660518584154,9929.387430399998,886.8210602299855,6317.9003183115965,df_elaad_preproc_l6months.csv
