name,transf,client,payoff,total,sessions
test_6month_sac_gen_1m_184,2983.3887720475386,9929.387430399998,886.8210602299855,6059.177598122475,df_elaad_preproc_l6months.csv
