name,transf,client,payoff,total
train_month_sac_gen_I_s_365,1603.7995922974128,4306.918592,422.3108412815719,2280.8081584210154
