name,transf,client,payoff,total
train_month_sac_gen_J_s_154,1930.5746354089054,4306.918592,425.57714973705555,1950.7668068540393
