name,transf,client,payoff,total
train_month_sac_gen_J_n_317,1825.470843575132,4306.918592,422.3108412815719,2059.1369071432964
