name,transf,client,payoff,total
test_month_sac_gen_I_h_59,733.6132310569042,1468.334912,149.17516390639216,585.5465170367037
