name,transf,client,payoff,total
train_month_sac_gen_I_v_438,-177.1016453617454,4306.918592,422.4446550408056,4061.57558232094
