name,transf,client,payoff,total
test_month_sac_gen_I_c_469,679.5390086136626,1468.334912,149.17516390639216,639.6207394799452
