name,transf,client,payoff,total
val_month_sac_gen_J_h_233,668.9580644054438,1488.30912,159.56135988924024,659.7896957053158
