name,transf,client,payoff,total
train_month_sac_gen_J_o_8,2336.8305038313392,4306.918592,422.3108412815719,1547.777246887089
