name,transf,client,payoff,total,sessions
test_6month_sac_pred_noise_4b_239,3061.9716600576303,9929.387430399998,891.2211003728393,5976.194669969529,df_elaad_preproc_l6months.csv
