name,transf,client,payoff,total
test_month_sac_gen_I_u_109,702.6668764663491,1468.334912,149.17516390639216,616.4928716272588
