name,transf,client,payoff,total,sessions
test_6month_sac_pred_noise_1a_63,3040.8688107358385,9929.387430399998,893.2217503396156,5995.296869324544,df_elaad_preproc_l6months.csv
