name,transf,client,payoff,total
test_month_sac_gen_I_w_71,691.2626796687993,1468.334912,149.17516390639216,627.8970684248086
