name,transf,client,payoff,total,sessions
test_6month_sac_pred_noise_3a_254,2987.096463432389,9929.387430399998,889.2877424740021,6053.003224493607,df_elaad_preproc_l6months.csv
