name,transf,client,payoff,total
val_month_sac_gen_J_o_30,712.5953036732186,1488.30912,159.56135988924024,616.1524564375411
