name,transf,client,payoff,total
val_month_sac_gen_I_m_209,644.7270908566735,1488.30912,159.56135988924024,684.0206692540862
