name,transf,client,payoff,total
train_month_sac_gen_J_c_20,2341.415246479858,4306.918592,422.3108412815719,1543.19250423857
