name,transf,client,payoff,total
month_sac_IX_i,1046.7439017051206,1469.5622144,137.88139901271796,284.93691368216133
