name,transf,client,payoff,total
test_month_sac_gen_J_e_499,700.168648331268,1468.334912,149.17516390639216,618.9910997623399
