name,transf,client,payoff,total
test_month_sac_gen_J_k_72,662.3288879083178,1468.334912,149.17516390639216,656.83086018529
