name,transf,client,payoff,total,sessions
test_6month_sac_gen_4m_74,2983.2962182033652,9929.387430399998,891.2211003728393,6054.870111823794,df_elaad_preproc_l6months.csv
