name,transf,client,payoff,total,sessions
test_6month_sac_gen_2m_107,2846.4156015783083,9929.387430399998,897.4875555656347,6185.4842732560555,df_elaad_preproc_l6months.csv
