name,transf,client,payoff,total
val_month_sac_gen_I_j_150,657.681381034361,1488.30912,159.56135988924024,671.0663790763986
