name,transf,client,payoff,total,sessions
test_6month_sac_pred_noise_1b_59,3289.0853877762547,9929.387430399998,893.2217503396156,5747.080292284128,df_elaad_preproc_l6months.csv
