name,transf,client,payoff,total
test_month_sac_gen_J_b_115,709.2643693695521,1468.334912,149.17516390639216,609.8953787240557
