name,transf,client,payoff,total
test_month_sac_gen_J_o_60,711.6335901206382,1468.334912,149.17516390639216,607.5261579729696
