name,transf,client,payoff,total,sessions
6month_sac_disagg_2a_PF,2792.3207112405644,9929.387430399998,897.4875555656347,6239.579163593799,df_elaad_preproc_l6months.csv
