name,transf,client,payoff,total
val_month_sac_gen_J_h_476,655.2797788544597,1488.30912,159.56135988924024,673.4679812562999
