name,transf,client,payoff,total
train_month_sac_gen_J_c_163,2131.1316182948676,4306.918592,422.3108412815719,1753.4761324235606
