name,transf,client,payoff,total
test_month_sac_gen_J_b_152,698.4941269506771,1468.334912,149.17516390639216,620.6656211429307
