name,transf,client,payoff,total
train_month_sac_gen_J_w_442,1832.9163667064015,4306.918592,419.24371043015213,2054.7585148634466
