name,transf,client,payoff,total
train_month_sac_gen_J_y_73,577.5883076357536,1349.0472576000002,120.78752623568302,650.6714237285636
