name,transf,client,payoff,total
test_month_sac_gen_I_x_495,736.5550333685491,1468.334912,149.17516390639216,582.6047147250588
