name,transf,client,payoff,total,sessions
test_6month_sac_gen_1m_128,3089.1793111993907,9929.387430399998,886.8210602299855,5953.387058970622,df_elaad_preproc_l6months.csv
