name,transf,client,payoff,total
train_month_sac_gen_J_g_468,2018.513137365356,4306.918592,422.3108412815719,1866.0946133530724
