name,transf,client,payoff,total
val_month_sac_gen_I_h_109,658.6509142257628,1488.30912,159.56135988924024,670.0968458849968
