name,transf,client,payoff,total,sessions
test_6month_sac_pred_noise_4c_122,3598.6748944843093,9929.387430399998,891.2211003728393,5439.49143554285,df_elaad_preproc_l6months.csv
