name,transf,client,payoff,total
train_month_sac_gen_I_y_201,104.35747853448133,4306.918592,420.9102109696564,3781.650902495862
