name,transf,client,payoff,total
test_month_sac_gen_J_y_229,642.2594582591692,1468.334912,148.50825484764397,677.567198893187
