name,transf,client,payoff,total
test_month_sac_gen_J_e_461,684.6185048582525,1468.334912,149.17516390639216,634.5412432353553
