name,transf,client,payoff,total
train_month_sac_gen_J_n_132,1934.3307563131348,4306.918592,422.3108412815719,1950.2769944052934
