name,transf,client,payoff,total
train_month_sac_gen_J_t_30,2225.928359246155,4306.918592,417.9096673275943,1663.0805654262504
