name,transf,client,payoff,total
val_month_sac_gen_a_22,732.5031184662413,1349.0472576000002,118.32161810264896,498.22252103111
