name,transf,client,payoff,total
val_month_sac_gen_I_v_301,644.3468984003254,1488.30912,159.56135988924024,684.4008617104344
