name,transf,client,payoff,total
train_month_sac_gen_I_h_342,2005.4989072761803,4306.918592,422.3108412815719,1879.1088434422481
