name,transf,client,payoff,total
test_month_sac_gen_I_c_245,688.2183390977973,1468.334912,149.17516390639216,630.9414089958105
