name,transf,client,payoff,total
train_month_sac_gen_J_p_287,2006.8263356569873,4306.918592,422.3108412815719,1877.7814150614408
