name,transf,client,payoff,total,sessions
test_6month_sac_pred_noise_5e_38,5123.159360738669,9929.387430399998,881.6875054342313,3924.5405642270975,df_elaad_preproc_l6months.csv
