name,transf,client,payoff,total
train_month_sac_gen_I_e_27,2244.4603529592177,4306.918592,417.9096673275943,1644.5485717131878
