name,transf,client,payoff,total,sessions
test_6month_sac_pred_noise_4e_206,5285.080523988501,9929.387430399998,891.2211003728393,3753.0858060386577,df_elaad_preproc_l6months.csv
