name,transf,client,payoff,total
train_month_sac_gen_I_g_237,2543.0378915875554,4306.918592,422.3108412815719,1341.5698591308728
