name,transf,client,payoff,total
train_month_sac_gen_I_l_160,2054.6654676594867,4306.918592,422.3108412815719,1829.9422830589415
