name,transf,client,payoff,total
test_month_sac_gen_J_d_316,706.3967035728904,1468.334912,149.17516390639216,612.7630445207175
