name,transf,client,payoff,total
val_month_sac_gen_I_p_486,717.3437288753197,1488.30912,159.56135988924024,611.40403123544
