name,transf,client,payoff,total
test_month_sac_gen_J_i_26,827.7460061810534,1468.334912,149.17516390639216,491.4137419125544
