name,transf,client,payoff,total,sessions
test_6month_sac_pred_noise_5c_127,3623.5387892081117,9929.387430399998,881.6875054342313,5424.161135757655,df_elaad_preproc_l6months.csv
