name,transf,client,payoff,total
val_month_sac_gen_J_a_269,643.5964252056622,1488.30912,159.56135988924024,685.1513349050974
