name,transf,client,payoff,total
test_month_sac_gen_I_d_269,663.7510370931145,1468.334912,149.17516390639216,655.4087110004933
