name,transf,client,payoff,total
train_month_sac_gen_J_m_193,1863.179659116221,4306.918592,422.3108412815719,2021.4280916022071
