name,transf,client,payoff,total
test_month_sac_gen_I_i_25,770.2678441959185,1468.334912,149.17516390639216,548.8919038976893
