name,transf,client,payoff,total
test_month_sac_gen_a_92,761.602508432941,1488.30912,159.56135988924024,567.1452516778186
