name,transf,client,payoff,total
test_month_sac_gen_J_m_456,660.1566648014676,1468.334912,149.17516390639216,659.0030832921402
