name,transf,client,payoff,total
val_month_sac_c_623,1824.015869585689,2277.450960542104,145.3079860330326,308.12710492338243
