name,transf,client,payoff,total
test_month_sac_gen_I_v_102,694.5234427069553,1468.334912,149.17516390639216,624.6363053866526
