name,transf,client,payoff,total,sessions
test_6month_sac_gen_2l_106,2998.564049203148,9929.387430399998,886.8210602299855,6044.002320966865,df_elaad_preproc_l6months.csv
