name,transf,client,payoff,total
train_month_sac_c_700,1025.849826214902,2289.492687923877,157.2012507240518,1106.4416109849233
