name,transf,client,payoff,total
test_month_sac_gen_I_n_325,654.8253794518916,1468.334912,149.17516390639216,664.3343686417162
