name,transf,client,payoff,total,sessions
test_6month_sac_gen_5m_136,2776.0679463245333,9929.387430399998,881.6875054342313,6271.631978641233,df_elaad_preproc_l6months.csv
