name,transf,client,payoff,total
test_month_sac_gen_I_z_68,732.6704867970358,1468.334912,149.17516390639216,586.4892612965721
