name,transf,client,payoff,total
train_month_sac_gen_J_x_188,668.4360966485682,1488.30912,158.62811850635504,661.2449048450767
