name,transf,client,payoff,total
test_month_sac_gen_J_q_233,686.9236626782481,1468.334912,149.17516390639216,632.2360854153598
