name,transf,client,payoff,total
test_month_sac_gen_J_j_53,702.5031987125633,1468.334912,149.17516390639216,616.6565493810446
