name,transf,client,payoff,total
val_month_sac_gen_I_w_264,663.5078128378349,1488.30912,159.56135988924024,665.2399472729248
