name,transf,client,payoff,total
train_month_sac_gen_J_g_295,2030.2743834994676,4306.918592,422.3108412815719,1854.3333672189606
