name,transf,client,payoff,total
val_month_sac_gen_J_c_403,655.2005381968538,1488.30912,159.56135988924024,673.5472219139058
