name,transf,client,payoff,total
train_month_sac_gen_J_d_6,2358.302101194652,4306.918592,422.3108412815719,1526.305649523776
