name,transf,client,payoff,total,sessions
test_6month_sac_pred_noise_4d_102,4522.388716556278,9929.387430399998,891.2211003728393,4515.777613470881,df_elaad_preproc_l6months.csv
