name,transf,client,payoff,total
test_month_sac_gen_J_p_459,664.56506196279,1468.334912,149.17516390639216,654.5946861308179
