name,transf,client,payoff,total,sessions
test_6month_sac_gen_3l_188,2793.309128194141,9929.387430399998,886.8210602299855,6249.257241975871,df_elaad_preproc_l6months.csv
