name,transf,client,payoff,total
val_month_sac_gen_J_j_451,594.6042040531298,1488.30912,159.56135988924024,734.1435560576299
