name,transf,client,payoff,total,sessions
test_6month_sac_gen_2n_165,2867.543906863013,9929.387430399998,886.8210602299855,6175.022463306999,df_elaad_preproc_l6months.csv
