name,transf,client,payoff,total
train_month_sac_gen_J_w_149,1903.3453566469216,4306.918592,421.5783036642921,1981.9949316887864
