name,transf,client,payoff,total
train_month_sac_gen_J_o_96,2096.049671124018,4306.918592,422.3108412815719,1788.5580795944102
