name,transf,client,payoff,total
val_month_sac_gen_G_b_280,587.9921109050886,1488.30912,159.09496226131247,741.2220468335988
