name,transf,client,payoff,total
val_month_sac_gen_I_e_421,603.6737953797846,1488.30912,155.96206259448996,728.6732620257253
