name,transf,client,payoff,total
test_month_sac_gen_I_q_491,789.8930505712241,1468.334912,149.17516390639216,529.2666975223838
