name,transf,client,payoff,total
train_month_sac_gen_I_b_456,1956.5145830874258,4306.918592,422.3108412815719,1928.0931676310024
