name,transf,client,payoff,total,sessions
test_6month_sac_pred_noise_4d_21,4490.6392501015835,9929.387430399998,891.2211003728393,4547.527079925576,df_elaad_preproc_l6months.csv
