name,transf,client,payoff,total,sessions
test_6month_sac_pred_noise_5a_184,2858.0661240606205,9929.387430399998,881.6875054342313,6189.633800905147,df_elaad_preproc_l6months.csv
