name,transf,client,payoff,total
test_month_sac_gen_J_x_48,819.947523866136,1468.334912,149.17516390639216,499.2122242274719
