name,transf,client,payoff,total
val_month_sac_gen_I_o_259,697.6572857011364,1488.30912,159.56135988924024,631.0904744096233
