name,transf,client,payoff,total
test_month_sac_gen_J_i_168,749.9888840760875,1468.334912,149.17516390639216,569.1708640175203
