name,transf,client,payoff,total
test_month_sac_gen_I_c_333,671.6400104199471,1468.334912,149.17516390639216,647.5197376736608
