name,transf,client,payoff,total
val_month_sac_gen_J_q_278,647.885223359251,1488.30912,159.56135988924024,680.8625367515087
