name,transf,client,payoff,total
train_month_sac_gen_I_w_452,-7699.0025208988,4306.918592,422.3108412815719,11583.610271617226
