name,transf,client,payoff,total,sessions
test_6month_sac_pred_noise_4d_169,4256.708498501868,9929.387430399998,891.2211003728393,4781.457831525291,df_elaad_preproc_l6months.csv
