name,transf,client,payoff,total
train_month_sac_gen_J_r_320,1997.4012033093973,4306.918592,422.3108412815719,1887.206547409031
