name,transf,client,payoff,total
train_month_sac_gen_I_h_414,1997.0128208551082,4306.918592,422.3108412815719,1887.59492986332
