name,transf,client,payoff,total,sessions
test_6month_sac_gen_j_189,2964.8060745658668,9929.387430399998,886.8210602299855,6077.760295604146,df_elaad_preproc_l6months.csv
