name,transf,client,payoff,total
test_month_sac_gen_I_w_299,660.9243421561819,1468.334912,149.17516390639216,658.235405937426
