name,transf,client,payoff,total,sessions
test_6month_sac_gen_b_89,2985.6936529387585,9929.387430399998,886.8210602299855,6056.872717231254,df_elaad_preproc_l6months.csv
