name,transf,client,payoff,total
val_month_sac_gen_J_e_252,650.7647752655353,1488.30912,159.56135988924024,677.9829848452243
