name,transf,client,payoff,total
test_month_sac_gen_I_l_238,695.1105651991162,1468.334912,149.17516390639216,624.0491828944917
