name,transf,client,payoff,total
test_month_sac_gen_J_v_117,665.0077939853455,1468.334912,148.50825484764397,654.8188631670105
