name,transf,client,payoff,total
val_month_sac_gen_J_m_211,617.3580684855235,1488.30912,159.56135988924024,711.3896916252361
