name,transf,client,payoff,total
train_month_sac_gen_J_n_42,2317.103606854228,4306.918592,422.3108412815719,1567.5041438642002
