name,transf,client,payoff,total,sessions
test_6month_sac_gen_j_0,5541.771120333103,9929.387430399998,886.8210602299855,3500.79524983691,df_elaad_preproc_l6months.csv
