name,transf,client,payoff,total,sessions
test_6month_sac_pred_noise_4c_284,3662.3892679589444,9929.387430399998,891.2211003728393,5375.777062068215,df_elaad_preproc_l6months.csv
