name,transf,client,payoff,total,sessions
test_6month_sac_pred_noise_3d_203,4621.533408807185,9929.387430399998,889.2877424740021,4418.5662791188115,df_elaad_preproc_l6months.csv
