name,transf,client,payoff,total,sessions
test_6month_sac_pred_noise_2c_85,3468.6139634844185,9929.387430399998,897.4875555656347,5563.285911349945,df_elaad_preproc_l6months.csv
