name,transf,client,payoff,total
month_sac_IX_g,1153.667629679402,1469.5622144,137.08163665835372,178.8129480622443
