name,transf,client,payoff,total
train_month_sac_gen_I_r_394,1910.5963625097927,4306.918592,423.24371445813506,1973.0785150320721
