name,transf,client,payoff,total
val_month_sac_gen_J_e_302,651.5621376333457,1488.30912,159.56135988924024,677.185622477414
