name,transf,client,payoff,total
test_month_sac_gen_I_f_178,753.8441294505859,1468.334912,147.8419170286109,566.6488655208032
