name,transf,client,payoff,total
month_sac_IX_i,864.185346910386,1469.5622144,139.14820393270375,466.2286635569102
