name,transf,client,payoff,total
train_month_sac_gen_J_u_197,1969.2792444799613,4306.918592,422.5774264638658,1915.0619210561727
