name,transf,client,payoff,total
test_month_sac_gen_I_q_47,787.6188206141601,1468.334912,149.17516390639216,531.5409274794478
