name,transf,client,payoff,total
train_month_sac_gen_J_t_179,2061.8626511075163,4306.918592,417.9096673275943,1827.1462735648893
