name,transf,client,payoff,total
train_month_sac_gen_J_x_18,750.634268268521,1488.30912,158.62811850635504,579.0467332251238
