name,transf,client,payoff,total
train_month_sac_gen_J_c_258,2079.6550892910504,4306.918592,422.3108412815719,1804.9526614273777
