name,transf,client,payoff,total
val_month_sac_gen_I_v_242,656.5429011766439,1488.30912,159.56135988924024,672.2048589341157
