name,transf,client,payoff,total
test_month_sac_gen_J_u_303,600.6538209108909,1468.334912,148.50825484764397,719.1728362414651
