name,transf,client,payoff,total
test_month_sac_gen_I_h_317,709.7529946791226,1468.334912,149.17516390639216,609.4067534144853
