name,transf,client,payoff,total
val_month_sac_gen_I_k_224,649.1042059555214,1488.30912,159.56135988924024,679.6435541552382
