name,transf,client,payoff,total
test_month_sac_gen_I_c_301,674.7985405275001,1468.334912,149.17516390639216,644.3612075661077
