name,transf,client,payoff,total
test_month_sac_gen_I_t_58,731.1939671670058,1468.334912,149.17516390639216,587.9657809266021
