name,transf,client,payoff,total
val_month_sac_gen_I_n_359,598.6537041874525,1488.30912,159.56135988924024,730.0940559233072
