name,transf,client,payoff,total
test_month_sac_gen_I_b_174,704.9148649690367,1468.334912,149.17516390639216,614.2448831245712
