name,transf,client,payoff,total
test_month_sac_gen_I_q_225,769.3513055695144,1468.334912,149.17516390639216,549.8084425240935
