name,transf,client,payoff,total
test_month_sac_gen_J_v_214,648.7936567026053,1468.334912,148.50825484764397,671.0330004497507
