name,transf,client,payoff,total
test_month_sac_gen_J_i_415,733.5719946189564,1468.334912,149.17516390639216,585.5877534746514
