name,transf,client,payoff,total
train_month_sac_gen_I_z_397,161.86125355152512,4306.918592,419.71118062925393,3725.346157819221
