name,transf,client,payoff,total
test_month_sac_gen_I_f_402,725.6753943996538,1468.334912,147.8419170286109,594.8176005717353
