name,transf,client,payoff,total,sessions
train_month_sac_gen_G_c_298,908.0917381594653,1349.0472576000002,119.72097846054359,321.23454097999127,df_elaad_preproc_feb.csv
