name,transf,client,payoff,total
val_month_sac_gen_I_c_189,652.8292870326998,1488.30912,159.56135988924024,675.9184730780598
