name,transf,client,payoff,total
val_month_sac_gen_J_q_113,670.442504680253,1488.30912,159.56135988924024,658.3052554305066
