name,transf,client,payoff,total
test_month_sac_gen_J_s_28,670.1228518158218,1468.334912,148.50825484764397,649.7038053365343
