name,transf,client,payoff,total
test_month_sac_gen_I_j_237,724.540599524084,1468.334912,149.17516390639216,594.6191485695239
