name,transf,client,payoff,total,sessions
test_6month_sac_pred_noise_2a_60,3055.7365487473926,9929.387430399998,897.4875555656347,5976.163326086971,df_elaad_preproc_l6months.csv
