name,transf,client,payoff,total,sessions
test_6month_sac_gen_1m_36,3328.3353640847813,9929.387430399998,893.2217503396156,5707.830315975601,df_elaad_preproc_l6months.csv
