name,transf,client,payoff,total
val_month_sac_gen_J_d_261,653.2246505209727,1488.30912,159.56135988924024,675.523109589787
