name,transf,client,payoff,total
val_month_sac_gen_I_t_74,733.3289421282964,1488.30912,159.56135988924024,595.4188179824632
