name,transf,client,payoff,total
train_month_sac_gen_I_r_302,1928.2241726582645,4306.918592,420.8439403290655,1957.8504790126703
