name,transf,client,payoff,total
train_month_sac_gen_J_q_244,2044.4204438586348,4306.918592,422.3108412815719,1840.1873068597934
