name,transf,client,payoff,total
val_month_sac_gen_G_b_229,604.9571285468637,1488.30912,159.09496226131247,724.2570291918237
