name,transf,client,payoff,total
train_month_sac_gen_I_t_190,1957.8828002388734,4306.918592,417.9111059660337,1931.1246857950928
