name,transf,client,payoff,total
test_month_sac_gen_J_t_476,644.9540080556526,1468.334912,148.50825484764397,674.8726490967035
