name,transf,client,payoff,total
val_month_sac_gen_I_p_412,705.3625867483339,1488.30912,159.56135988924024,623.3851733624258
