name,transf,client,payoff,total,sessions
test_6month_sac_gen_1o_170,2869.5597810870195,9929.387430399998,886.8210602299855,6173.006589082994,df_elaad_preproc_l6months.csv
