name,transf,client,payoff,total,sessions
test_6month_sac_pred_noise_1e_11,5260.462626711197,9929.387430399998,893.2217503396156,3775.7030533491857,df_elaad_preproc_l6months.csv
