name,transf,client,payoff,total
val_month_sac_gen_I_g_408,807.4341002314311,1488.30912,159.56135988924024,521.3136598793285
