name,transf,client,payoff,total
month_sac_IX_h,1188.736811954467,1469.5622144,139.08074833716316,141.74465410836982
