name,transf,client,payoff,total,sessions
test_6month_sac_pred_noise_5d_120,4497.837743418541,9929.387430399998,881.6875054342313,4549.862181547225,df_elaad_preproc_l6months.csv
