name,transf,client,payoff,total,sessions
test_6month_sac_gen_a_62,2955.699226585575,9929.387430399998,886.8210602299855,6086.867143584437,df_elaad_preproc_l6months.csv
