name,transf,client,payoff,total
val_month_sac_gen_J_f_388,633.5603210237412,1488.30912,159.56135988924024,695.1874390870184
