name,transf,client,payoff,total,sessions
train_6month_sac_gen_4l_176,3173.0231758691016,8371.850816,849.7017071588175,4349.1259329720815,df_elaad_preproc_f6months.csv
