name,transf,client,payoff,total,sessions
test_6month_sac_pred_noise_4d_179,4742.484186964106,9929.387430399998,891.2211003728393,4295.682143063053,df_elaad_preproc_l6months.csv
