name,transf,client,payoff,total,sessions
test_6month_sac_pred_noise_1d_144,4381.907900819636,9929.387430399998,893.2217503396156,4654.2577792407465,df_elaad_preproc_l6months.csv
