name,transf,client,payoff,total
train_month_sac_gen_I_g_88,2542.65328836919,4306.918592,422.3108412815719,1341.9544623492384
