name,transf,client,payoff,total
test_month_sac_gen_J_x_41,815.0468226341255,1468.334912,149.17516390639216,504.1129254594823
