name,transf,client,payoff,total
test_month_sac_gen_I_f_452,724.6464281145822,1468.334912,147.8419170286109,595.8465668568069
