name,transf,client,payoff,total
val_month_sac_gen_I_y_380,658.3738379349459,1488.30912,159.56135988924024,670.3739221758137
