name,transf,client,payoff,total
test_month_sac_gen_I_c_98,723.0976436132999,1468.334912,149.17516390639216,596.062104480308
