name,transf,client,payoff,total
train_month_sac_gen_J_b_142,2067.4318757108913,4306.918592,422.3108412815719,1817.175875007537
