name,transf,client,payoff,total
train_month_sac_gen_J_h_292,2059.9925625410406,4306.918592,422.3108412815719,1824.6151881773876
