name,transf,client,payoff,total
test_month_sac_gen_J_a_382,684.3639012040106,1468.334912,149.17516390639216,634.7958468895972
