name,transf,client,payoff,total,sessions
test_6month_sac_pred_noise_2e_287,5168.740430731436,9929.387430399998,897.4875555656347,3863.1594441029274,df_elaad_preproc_l6months.csv
