name,transf,client,payoff,total
val_month_sac_e_2,2548.49147826914,2277.450960542104,145.3079860330326,-416.34850376006847
