name,transf,client,payoff,total,sessions
test_6month_sac_pred_noise_2b_40,3303.8742794364816,9929.387430399998,897.4875555656347,5728.025595397882,df_elaad_preproc_l6months.csv
