name,transf,client,payoff,total,sessions
test_6month_sac_gen_2o_144,2972.3983353397134,9929.387430399998,886.8210602299855,6070.1680348303,df_elaad_preproc_l6months.csv
