name,transf,client,payoff,total,sessions
train_month_sac_pred_noise_c_246,889.3246010288742,1349.0472576000002,118.12133033782774,341.6013262332982,df_elaad_preproc_feb.csv
