name,transf,client,payoff,total
val_month_sac_gen_I_e_97,630.1720457399571,1488.30912,155.96206259448996,702.1750116655528
