name,transf,client,payoff,total
val_month_sac_gen_I_x_414,695.4243239458982,1488.30912,159.56135988924024,633.3234361648615
