name,transf,client,payoff,total
train_month_sac_gen_J_g_274,2037.5286696748196,4306.918592,422.3108412815719,1847.0790810436083
