name,transf,client,payoff,total,sessions
test_6month_sac_pred_noise_4c_66,3566.3744373682043,9929.387430399998,891.2211003728393,5471.7918926589555,df_elaad_preproc_l6months.csv
