name,transf,client,payoff,total
test_month_sac_gen_J_p_359,657.1952809151496,1468.334912,149.17516390639216,661.9644671784582
