name,transf,client,payoff,total
test_month_sac_gen_I_x_277,742.1336006697231,1468.334912,149.17516390639216,577.0261474238847
