name,transf,client,payoff,total
train_month_sac_gen_J_z_80,933.8384589730913,1469.5622144,141.42821179292503,394.2955436339836
