name,transf,client,payoff,total
train_month_sac_gen_G_a_119,951.0961739811365,1469.5622144,138.82843864807631,379.63760177078706
