name,transf,client,payoff,total
test_month_sac_gen_J_o_1,820.0069881636111,1468.334912,149.17516390639216,499.1527599299967
