name,transf,client,payoff,total,sessions
test_6month_sac_pred_noise_5d_164,4469.527224532326,9929.387430399998,881.6875054342313,4578.172700433441,df_elaad_preproc_l6months.csv
