name,transf,client,payoff,total
test_month_sac_gen_I_w_207,664.0007797121143,1468.334912,149.17516390639216,655.1589683814935
