name,transf,client,payoff,total
test_month_sac_gen_J_n_191,693.816781367121,1468.334912,149.17516390639216,625.3429667264868
