name,transf,client,payoff,total
val_month_sac_gen_G_b_106,629.3558329401981,1488.30912,159.09496226131247,699.8583247984893
