name,transf,client,payoff,total
train_month_sac_gen_J_b_115,2079.7282595790607,4306.918592,422.3108412815719,1804.8794911393675
