name,transf,client,payoff,total
test_month_sac_gen_J_m_158,678.7420516664292,1468.334912,149.17516390639216,640.4176964271786
