name,transf,client,payoff,total,sessions
test_6month_sac_gen_4m_121,2837.8725586504397,9929.387430399998,891.2211003728393,6200.29377137672,df_elaad_preproc_l6months.csv
