name,transf,client,payoff,total,sessions
test_6month_sac_gen_5m_164,2963.0795748942983,9929.387430399998,881.6875054342313,6084.620350071469,df_elaad_preproc_l6months.csv
