name,transf,client,payoff,total
val_month_sac_gen_I_q_275,738.6019794203478,1488.30912,159.56135988924024,590.1457806904118
