name,transf,client,payoff,total
train_month_sac_gen_J_h_127,2118.7024039382077,4306.918592,422.3108412815719,1765.9053467802205
