name,transf,client,payoff,total
test_month_sac_gen_I_i_66,730.8206718804687,1468.334912,149.17516390639216,588.3390762131392
