name,transf,client,payoff,total
val_month_sac_gen_J_a_71,683.2679533424737,1488.30912,159.56135988924024,645.4798067682859
