name,transf,client,payoff,total
train_month_sac_gen_J_r_2,2787.945487375304,4306.918592,422.3108412815719,1096.6622633431243
