name,transf,client,payoff,total
test_month_sac_gen_J_y_140,655.5860255729831,1468.334912,148.50825484764397,664.240631579373
