name,transf,client,payoff,total
val_month_sac_gen_G_b_54,655.6602224039581,1488.30912,159.09496226131247,673.5539353347293
