name,transf,client,payoff,total
test_month_sac_gen_J_o_303,685.3153848918543,1468.334912,149.17516390639216,633.8443632017536
