name,transf,client,payoff,total
train_month_sac_gen_I_l_4,2557.97118474175,4306.918592,422.3108412815719,1326.636565976678
