name,transf,client,payoff,total
val_month_sac_gen_J_d_13,701.7558135496336,1488.30912,159.56135988924024,626.991946561126
