name,transf,client,payoff,total
val_month_sac_gen_I_j_302,659.713810656781,1488.30912,159.56135988924024,669.0339494539787
