name,transf,client,payoff,total
val_month_sac_gen_J_g_477,643.8262830374349,1488.30912,159.56135988924024,684.9214770733247
