name,transf,client,payoff,total
train_month_sac_gen_I_l_14,2276.3827355204876,4306.918592,422.3108412815719,1608.2250151979406
