name,transf,client,payoff,total
test_sac_c_37,7713.956896563281,18301.238246399997,1736.5228628156017,8850.758487021114
