name,transf,client,payoff,total
val_month_sac_gen_I_a_113,680.7954264633721,1488.30912,159.56135988924024,647.9523336473876
