name,transf,client,payoff,total
val_month_sac_gen_J_d_302,649.7914930065357,1488.30912,159.56135988924024,678.956267104224
