name,transf,client,payoff,total,sessions
test_6month_sac_gen_4l_51,3071.5644594185733,9929.387430399998,886.8210602299855,5971.00191075144,df_elaad_preproc_l6months.csv
