name,transf,client,payoff,total
val_month_sac_gen_I_m_321,630.7192723178607,1488.30912,159.56135988924024,698.0284877928989
