name,transf,client,payoff,total
test_month_sac_c_19,1685.1175392994744,2289.492687923877,157.2012507240518,447.17389790035077
