name,transf,client,payoff,total,sessions
test_6month_sac_pred_noise_5e_27,5121.430099092629,9929.387430399998,881.6875054342313,3926.2698258731384,df_elaad_preproc_l6months.csv
