name,transf,client,payoff,total
train_month_sac_gen_I_a_128,2073.1267092970797,4306.918592,422.3108412815719,1811.4810414213484
