name,transf,client,payoff,total
val_month_sac_gen_I_s_301,653.01325428743,1488.30912,159.56135988924024,675.7345058233298
