name,transf,client,payoff,total
val_month_sac_gen_J_d_286,650.9904820248976,1488.30912,159.56135988924024,677.757278085862
