name,transf,client,payoff,total
train_month_sac_gen_I_d_247,1990.0996375611821,4306.918592,422.3108412815719,1894.508113157246
