name,transf,client,payoff,total,sessions
test_6month_sac_pred_noise_2a_142,2887.882164746966,9929.387430399998,897.4875555656347,6144.017710087398,df_elaad_preproc_l6months.csv
