name,transf,client,payoff,total
train_month_sac_gen_J_t_135,2082.0789298180466,4306.918592,417.9096673275943,1806.929994854359
