name,transf,client,payoff,total,sessions
test_6month_sac_pred_noise_5b_159,3113.8737000910596,9929.387430399998,881.6875054342313,5933.826224874707,df_elaad_preproc_l6months.csv
