name,transf,client,payoff,total
val_month_sac_gen_J_o_381,645.0502801483605,1488.30912,159.56135988924024,683.6974799623993
