name,transf,client,payoff,total
val_month_sac_gen_J_t_436,587.6529283682873,1488.30912,155.96206259448996,744.6941290372226
