name,transf,client,payoff,total,sessions
test_6month_sac_gen_3m_153,2790.07642584091,9929.387430399998,889.2877424740021,6250.023262085087,df_elaad_preproc_l6months.csv
