name,transf,client,payoff,total
val_month_sac_gen_J_p_8,692.6866366455126,1488.30912,159.56135988924024,636.061123465247
