name,transf,client,payoff,total
val_month_sac_gen_J_t_202,606.9925006692231,1488.30912,155.96206259448996,725.3545567362869
