name,transf,client,payoff,total,sessions
test_6month_sac_gen_3l_19,3668.8939171699376,9929.387430399998,886.8210602299855,5373.672453000076,df_elaad_preproc_l6months.csv
