name,transf,client,payoff,total
train_month_sac_gen_I_z_19,673.1772231060809,4306.918592,422.5773063992423,3211.1640624946767
