name,transf,client,payoff,total,sessions
test_6month_sac_gen_5m_80,3039.309263985765,9929.387430399998,886.8210602299855,6003.257106184248,df_elaad_preproc_l6months.csv
