name,transf,client,payoff,total,sessions
test_6month_sac_pred_noise_5e_111,5242.286183816942,9929.387430399998,881.6875054342313,3805.413741148825,df_elaad_preproc_l6months.csv
