name,transf,client,payoff,total,sessions
test_6month_sac_pred_noise_2a_58,3020.9596483581017,9929.387430399998,897.4875555656347,6010.940226476262,df_elaad_preproc_l6months.csv
