name,transf,client,payoff,total
train_month_sac_gen_J_r_287,2004.10938408332,4306.918592,422.3108412815719,1880.4983666351081
