name,transf,client,payoff,total,sessions
test_6month_sac_gen_d_159,2796.046947459993,9929.387430399998,886.8210602299855,6246.51942271002,df_elaad_preproc_l6months.csv
