name,transf,client,payoff,total
val_month_sac_gen_J_x_287,675.4975587991343,1488.30912,159.56135988924024,653.2502013116255
