name,transf,client,payoff,total
train_month_sac_gen_I_t_268,1851.639343940454,4306.918592,428.1108023234274,2027.1684457361189
