name,transf,client,payoff,total
train_month_sac_gen_I_h_388,1997.3061477299038,4306.918592,422.3108412815719,1887.3016029885243
