name,transf,client,payoff,total
test_month_sac_gen_I_k_26,741.0050144032136,1468.334912,149.17516390639216,578.1547336903942
