name,transf,client,payoff,total
test_month_sac_gen_J_k_485,613.8613482304411,1468.334912,149.17516390639216,705.2983998631668
