name,transf,client,payoff,total,sessions
test_6month_sac_gen_g_101,3056.176593295976,9929.387430399998,886.8210602299855,5986.389776874037,df_elaad_preproc_l6months.csv
