name,transf,client,payoff,total
test_month_sac_gen_I_i_265,719.1245925504427,1468.334912,149.17516390639216,600.0351555431652
