name,transf,client,payoff,total
val_month_sac_gen_I_i_378,654.9477197355019,1488.30912,159.56135988924024,673.8000403752578
