name,transf,client,payoff,total
train_month_sac_gen_I_y_271,73.8197941191716,4306.918592,416.2438188041474,3816.8549790766806
