name,transf,client,payoff,total
val_month_sac_gen_c_56,643.7754071048091,1349.0472576000002,118.32161810264896,586.9502323925421
