name,transf,client,payoff,total
train_month_sac_gen_J_s_288,1841.2523893940793,4306.918592,418.84363914097383,2046.8225634649468
