name,transf,client,payoff,total,sessions
test_6month_sac_pred_noise_5c_139,3544.9434688859365,9929.387430399998,881.6875054342313,5502.756456079831,df_elaad_preproc_l6months.csv
