name,transf,client,payoff,total
test_month_sac_gen_I_i_407,709.1424472741468,1468.334912,149.17516390639216,610.0173008194611
