name,transf,client,payoff,total
test_month_sac_gen_I_f_121,764.2783250691068,1468.334912,147.8419170286109,556.2146699022824
