name,transf,client,payoff,total
train_month_sac_gen_I_f_18,2367.33783802973,4306.918592,421.11038371791597,1518.470370252354
