name,transf,client,payoff,total
val_month_sac_gen_J_a_87,676.3348377128482,1488.30912,159.56135988924024,652.4129223979114
