name,transf,client,payoff,total,sessions
test_6month_sac_pred_noise_3b_193,3046.1917779946443,9929.387430399998,889.2877424740021,5993.907909931352,df_elaad_preproc_l6months.csv
