name,transf,client,payoff,total
val_month_sac_gen_J_y_98,670.4594811023879,1488.30912,155.96206259448996,661.8875763031219
