name,transf,client,payoff,total
val_month_sac_gen_I_d_54,671.1557424072193,1488.30912,159.56135988924024,657.5920177035403
