name,transf,client,payoff,total
test_month_sac_gen_I_w_253,659.4236295893783,1468.334912,149.17516390639216,659.7361185042296
