name,transf,client,payoff,total
train_month_sac_gen_I_h_92,2074.5917335345125,4306.918592,422.3108412815719,1810.0160171839157
