name,transf,client,payoff,total
val_month_sac_gen_I_c_157,663.0253759114573,1488.30912,159.56135988924024,665.7223841993023
