name,transf,client,payoff,total,sessions
test_6month_sac_pred_noise_4a_191,2875.2699750814772,9929.387430399998,891.2211003728393,6162.896354945682,df_elaad_preproc_l6months.csv
