name,transf,client,payoff,total
train_month_sac_gen_J_w_226,1891.853892998414,4306.918592,421.24358661754957,1993.821112384036
