name,transf,client,payoff,total
test_month_sac_gen_I_c_418,666.1736601640785,1468.334912,149.17516390639216,652.9860879295294
