name,transf,client,payoff,total
train_month_sac_gen_J_p_166,2028.2792308571948,4306.918592,422.3108412815719,1856.3285198612334
