name,transf,client,payoff,total
dec_Optim,319.81774907094075,2327.381312,177.60319977114412,1829.960363157915
