name,transf,client,payoff,total,sessions
test_6month_sac_gen_4l_223,2872.114187606315,9929.387430399998,886.8210602299855,6170.452182563697,df_elaad_preproc_l6months.csv
