name,transf,client,payoff,total
test_month_sac_gen_I_b_426,693.669300894258,1468.334912,149.17516390639216,625.4904471993499
