name,transf,client,payoff,total,sessions
train_month_sac_pred_noise_a_15,735.8493825195989,1349.0472576000002,122.05403137641504,491.1438437039863,df_elaad_preproc_feb.csv
