name,transf,client,payoff,total
train_month_sac_gen_I_z_142,347.7437279816172,4306.918592,418.1773480201892,3540.9975159981936
