name,transf,client,payoff,total,sessions
test_6month_sac_pred_noise_2c_132,3668.5186493753317,9929.387430399998,897.4875555656347,5363.381225459032,df_elaad_preproc_l6months.csv
