name,transf,client,payoff,total
test_month_sac_gen_I_b_364,690.793922034067,1468.334912,149.17516390639216,628.3658260595408
