name,transf,client,payoff,total
test_month_sac_gen_I_j_224,722.6958639136135,1468.334912,149.17516390639216,596.4638841799944
