name,transf,client,payoff,total,sessions
train_month_sac_gen_G_e_99,552.7504210675888,1349.0472576000002,118.92090480298455,677.3759317294268,df_elaad_preproc_feb.csv
