name,transf,client,payoff,total
val_month_sac_gen_J_e_83,665.0278554222115,1488.30912,159.56135988924024,663.7199046885482
