name,transf,client,payoff,total,sessions
test_6month_sac_gen_1o_149,2879.4332011349625,9929.387430399998,886.8210602299855,6163.133169035051,df_elaad_preproc_l6months.csv
