name,transf,client,payoff,total
train_month_sac_gen_I_b_447,1952.9248873440702,4306.918592,422.3108412815719,1931.682863374358
