name,transf,client,payoff,total
val_month_sac_gen_J_r_41,681.4379859407801,1488.30912,159.56135988924024,647.3097741699796
