name,transf,client,payoff,total
train_month_sac_gen_d_35,1416.4210530611808,1469.5622144,140.4947230936742,-87.35356175485512
