name,transf,client,payoff,total
test_month_sac_gen_I_m_426,664.1866281632413,1468.334912,149.17516390639216,654.9731199303666
