name,transf,client,payoff,total
test_month_sac_gen_I_h_268,709.7760513014648,1468.334912,149.17516390639216,609.383696792143
