name,transf,client,payoff,total,sessions
test_6month_sac_pred_noise_3c_89,3754.4756144269936,9929.387430399998,889.2877424740021,5285.624073499002,df_elaad_preproc_l6months.csv
