name,transf,client,payoff,total
train_month_sac_c_593,1029.7997672613942,2289.492687923877,157.2012507240518,1102.491669938431
