name,transf,client,payoff,total
train_month_sac_gen_J_r_498,2025.8475129310036,4306.918592,422.3108412815719,1858.7602377874246
