name,transf,client,payoff,total
val_month_sac_gen_J_s_105,585.1553960646058,1488.30912,155.96206259448996,747.1916613409041
