name,transf,client,payoff,total,sessions
test_6month_sac_gen_a_44,3018.2613998899333,9929.387430399998,886.8210602299855,6024.30497028008,df_elaad_preproc_l6months.csv
