name,transf,client,payoff,total
val_month_sac_gen_I_o_75,723.2554501010577,1488.30912,159.56135988924024,605.4923100097019
