name,transf,client,payoff,total
val_month_sac_gen_J_p_472,643.3592776806113,1488.30912,159.56135988924024,685.3884824301483
