name,transf,client,payoff,total,sessions
test_6month_sac_pred_noise_3a_113,2991.6112907137804,9929.387430399998,889.2877424740021,6048.488397212216,df_elaad_preproc_l6months.csv
