name,transf,client,payoff,total,sessions
test_6month_sac_gen_1o_178,2865.231059244342,9929.387430399998,886.8210602299855,6177.335310925671,df_elaad_preproc_l6months.csv
