name,transf,client,payoff,total
val_month_sac_c_725,1841.1338464610997,2277.450960542104,145.3079860330326,291.0091280479717
