name,transf,client,payoff,total
test_month_sac_gen_I_y_149,692.6728979252448,1468.334912,149.17516390639216,626.486850168363
