name,transf,client,payoff,total
val_month_sac_gen_G_a_196,630.7382128931715,1488.30912,155.96206259448996,701.6088445123385
