name,transf,client,payoff,total
test_month_sac_gen_J_k_422,614.7514802182053,1468.334912,149.17516390639216,704.4082678754025
