name,transf,client,payoff,total
train_month_sac_gen_I_m_346,1984.9279494099965,4306.918592,422.3108412815719,1899.6798013084317
