name,transf,client,payoff,total
val_month_sac_gen_I_x_216,710.4883220265801,1488.30912,159.56135988924024,618.2594380841795
