name,transf,client,payoff,total,sessions
test_6month_sac_pred_noise_2c_186,3528.679807541397,9929.387430399998,897.4875555656347,5503.220067292967,df_elaad_preproc_l6months.csv
