name,transf,client,payoff,total
val_month_sac_gen_I_s_324,655.6212190162064,1488.30912,159.56135988924024,673.1265410945532
