name,transf,client,payoff,total,sessions
test_6month_sac_gen_i_3,4320.186986250699,9929.387430399998,886.8210602299855,4722.379383919313,df_elaad_preproc_l6months.csv
