name,transf,client,payoff,total
val_month_sac_gen_f_24,664.3344845905854,1349.0472576000002,118.32161810264896,566.3911549067659
