name,transf,client,payoff,total
test_month_sac_c_2,1302.4841046131412,1469.5622144,135.21440678133106,31.86370300552764
