name,transf,client,payoff,total,sessions
test_6month_sac_pred_noise_1a_64,3095.3849457591296,9929.387430399998,893.2217503396156,5940.780734301253,df_elaad_preproc_l6months.csv
