name,transf,client,payoff,total
val_month_sac_gen_I_j_463,653.8731499119001,1488.30912,159.56135988924024,674.8746101988595
