name,transf,client,payoff,total
test_month_sac_gen_I_g_252,861.5759748018231,1468.334912,149.17516390639216,457.5837732917847
