name,transf,client,payoff,total,sessions
test_6month_sac_gen_3m_58,2989.3513521603672,9929.387430399998,889.2877424740021,6050.748335765629,df_elaad_preproc_l6months.csv
