name,transf,client,payoff,total,sessions
test_6month_sac_gen_5l_240,2814.2284307799673,9929.387430399998,886.8210602299855,6228.337939390045,df_elaad_preproc_l6months.csv
