name,transf,client,payoff,total
val_month_sac_gen_I_g_382,797.7055009500868,1488.30912,159.56135988924024,531.0422591606728
