name,transf,client,payoff,total
train_month_sac_gen_I_t_293,1808.4931055836869,4306.918592,422.4446550408056,2075.9808313755075
