name,transf,client,payoff,total
train_month_sac_gen_I_m_394,1976.2841490359533,4306.918592,422.3108412815719,1908.3236016824749
