name,transf,client,payoff,total
train_month_sac_c_347,1056.8645637206237,2289.492687923877,157.2012507240518,1075.4268734792015
