name,transf,client,payoff,total
train_month_sac_gen_I_w_189,-7594.529287553728,4306.918592,422.3108412815719,11479.137038272156
