name,transf,client,payoff,total
train_month_sac_gen_J_r_433,1991.234366689208,4306.918592,422.3108412815719,1893.3733840292202
