name,transf,client,payoff,total,sessions
test_6month_sac_pred_noise_3c_67,3594.4918522231524,9929.387430399998,889.2877424740021,5445.607835702844,df_elaad_preproc_l6months.csv
