name,transf,client,payoff,total
test_month_sac_gen_G_b_149,660.1957449617217,1468.334912,148.64140204911905,659.4977649891592
