name,transf,client,payoff,total,sessions
test_6month_sac_gen_4m_70,2989.4804029038014,9929.387430399998,891.2211003728393,6048.685927123358,df_elaad_preproc_l6months.csv
