name,transf,client,payoff,total,sessions
test_6month_sac_gen_k_285,2924.060195225679,9929.387430399998,886.8210602299855,6118.506174944334,df_elaad_preproc_l6months.csv
