name,transf,client,payoff,total
train_month_sac_gen_J_u_290,1846.3185369695234,4306.918592,426.97687819251723,2033.6231768379594
