name,transf,client,payoff,total
test_month_sac_gen_J_x_233,741.815115142374,1468.334912,149.17516390639216,577.3446329512338
