name,transf,client,payoff,total
test_month_sac_gen_J_d_248,706.4651634347927,1468.334912,149.17516390639216,612.6945846588152
