name,transf,client,payoff,total,sessions
test_6month_sac_gen_1o_164,2851.9236517920554,9929.387430399998,886.8210602299855,6190.642718377958,df_elaad_preproc_l6months.csv
