name,transf,client,payoff,total,sessions
test_6month_sac_pred_noise_5c_76,3642.0857629372035,9929.387430399998,881.6875054342313,5405.614162028563,df_elaad_preproc_l6months.csv
