name,transf,client,payoff,total
val_month_sac_gen_J_e_233,651.6248239538795,1488.30912,159.56135988924024,677.1229361568801
