name,transf,client,payoff,total
val_month_sac_gen_J_g_145,667.4726742193783,1488.30912,159.56135988924024,661.2750858913814
