name,transf,client,payoff,total,sessions
test_6month_sac_pred_noise_1c_54,3641.788586029934,9929.387430399998,893.2217503396156,5394.3770940304485,df_elaad_preproc_l6months.csv
