name,transf,client,payoff,total,sessions
test_6month_sac_pred_noise_3d_178,4489.527579494359,9929.387430399998,889.2877424740021,4550.572108431637,df_elaad_preproc_l6months.csv
