name,transf,client,payoff,total,sessions
test_6month_sac_pred_noise_3a_192,2847.7887070693687,9929.387430399998,889.2877424740021,6192.310980856628,df_elaad_preproc_l6months.csv
