name,transf,client,payoff,total
train_month_sac_gen_I_d_229,1994.3953280296396,4306.918592,422.3108412815719,1890.2124226887886
