name,transf,client,payoff,total
train_month_sac_gen_I_y_399,163.80443792739442,4306.918592,426.64388589513175,3716.470268177474
