name,transf,client,payoff,total
train_month_sac_gen_J_k_104,1880.6046621518594,4306.918592,422.3108412815719,2004.0030885665687
