name,transf,client,payoff,total,sessions
test_6month_sac_gen_2l_130,2902.5219656926283,9929.387430399998,886.8210602299855,6140.044404477385,df_elaad_preproc_l6months.csv
