name,transf,client,payoff,total
test_month_sac_gen_J_y_16,877.0944397060922,1468.334912,148.50825484764397,442.73221744626386
