name,transf,client,payoff,total
val_month_sac_gen_I_c_3,751.1617569330245,1488.30912,159.56135988924024,577.5860031777352
