name,transf,client,payoff,total
val_month_sac_gen_J_w_253,560.2742766394749,1488.30912,155.96206259448996,772.0727807660351
