name,transf,client,payoff,total,sessions
test_6month_sac_gen_5l_82,2991.629247245017,9929.387430399998,886.8210602299855,6050.9371229249955,df_elaad_preproc_l6months.csv
