name,transf,client,payoff,total
train_month_sac_c_684,1027.005273760014,2289.492687923877,157.2012507240518,1105.2861634398112
