name,transf,client,payoff,total
val_month_sac_gen_J_n_68,692.473413169441,1488.30912,159.56135988924024,636.2743469413188
