name,transf,client,payoff,total
train_month_sac_gen_J_a_88,2095.4594825848876,4306.918592,422.3108412815719,1789.1482681335406
