name,transf,client,payoff,total
test_month_sac_c_182,1063.5343448541114,1469.5622144,135.21440678133106,270.81346276455747
