name,transf,client,payoff,total
val_month_sac_gen_G_a_87,637.7092388964397,1488.30912,155.96206259448996,694.6378185090703
