name,transf,client,payoff,total
train_month_sac_gen_d_22,-1876.175968671746,1469.5622144,142.094741946743,3203.643441125003
