name,transf,client,payoff,total
train_month_sac_c_471,1040.046789719047,2289.492687923877,157.2012507240518,1092.2446474807782
