name,transf,client,payoff,total,sessions
test_6month_sac_gen_2o_34,3210.0149967542648,9929.387430399998,886.8210602299855,5832.5513734157485,df_elaad_preproc_l6months.csv
