name,transf,client,payoff,total,sessions
test_6month_sac_gen_1m_44,3303.6703324835053,9929.387430399998,893.2217503396156,5732.495347576877,df_elaad_preproc_l6months.csv
