name,transf,client,payoff,total
test_month_sac_gen_I_s_390,667.7053884257878,1468.334912,149.17516390639216,651.4543596678201
