name,transf,client,payoff,total
test_month_sac_gen_J_s_12,729.3470075733621,1468.334912,148.50825484764397,590.479649578994
