name,transf,client,payoff,total
test_month_sac_gen_J_n_319,661.5829229743758,1468.334912,149.17516390639216,657.576825119232
