name,transf,client,payoff,total
train_month_sac_gen_J_j_29,2168.9756667352285,4306.918592,422.3108412815719,1715.6320839831997
