name,transf,client,payoff,total
test_month_sac_gen_J_a_105,696.1933660402754,1468.334912,149.17516390639216,622.9663820533325
