name,transf,client,payoff,total,sessions
test_6month_sac_pred_noise_2c_279,3635.6549099120803,9929.387430399998,897.4875555656347,5396.2449649222835,df_elaad_preproc_l6months.csv
