name,transf,client,payoff,total,sessions
test_6month_sac_gen_2o_35,3159.453653229234,9929.387430399998,886.8210602299855,5883.112716940779,df_elaad_preproc_l6months.csv
