name,transf,client,payoff,total
month_sac_IX_f,1648.5525965746833,1469.5622144,138.747703690983,-317.73808586566645
