name,transf,client,payoff,total
test_month_sac_gen_I_w_397,651.1866058435634,1468.334912,149.17516390639216,667.9731422500445
