name,transf,client,payoff,total
train_month_sac_gen_J_w_422,1845.2801022003805,4306.918592,419.7767686338127,2041.8617211658068
