name,transf,client,payoff,total
train_month_sac_gen_J_u_398,1834.656403456851,4306.918592,425.976796519269,2046.28539202388
