name,transf,client,payoff,total
val_month_sac_gen_J_g_446,633.0515894956367,1488.30912,159.56135988924024,695.696170615123
