name,transf,client,payoff,total
val_month_sac_gen_I_b_326,623.65610124739,1488.30912,159.56135988924024,705.0916588633697
