name,transf,client,payoff,total
train_month_sac_gen_I_r_168,2015.3294818226163,4306.918592,415.3102545941263,1876.2788555832574
