name,transf,client,payoff,total,sessions
train_month_sac_gen_G_d_212,500.8756944958744,1349.0472576000002,120.72133603983072,727.4502270642951,df_elaad_preproc_feb.csv
