name,transf,client,payoff,total
train_month_sac_gen_I_d_441,1964.0809904816897,4306.918592,422.3108412815719,1920.5267602367385
