name,transf,client,payoff,total
val_month_sac_gen_J_v_137,621.1135762365441,1488.30912,155.96206259448996,711.2334811689659
