name,transf,client,payoff,total
val_month_sac_gen_G_a_70,643.1223887418516,1488.30912,155.96206259448996,689.2246686636583
