name,transf,client,payoff,total
test_month_sac_c_308,1040.0553136956928,1469.5622144,135.21440678133106,294.29249392297606
