name,transf,client,payoff,total
test_month_sac_gen_I_i_41,746.2369921691385,1468.334912,149.17516390639216,572.9227559244694
