name,transf,client,payoff,total
val_month_sac_gen_I_q_475,737.1850484716472,1488.30912,159.56135988924024,591.5627116391124
