name,transf,client,payoff,total
train_month_sac_gen_I_f_38,2278.551473504108,4306.918592,421.11038371791597,1607.2567347779761
