name,transf,client,payoff,total
train_month_sac_gen_I_j_335,2029.2907787160225,4306.918592,422.3108412815719,1855.3169720024057
