name,transf,client,payoff,total
train_month_sac_gen_I_y_358,-35.68710941598141,4306.918592,423.0439827888433,3919.5617186271384
