name,transf,client,payoff,total,sessions
test_6month_sac_gen_g_87,3147.884093863392,9929.387430399998,886.8210602299855,5894.682276306621,df_elaad_preproc_l6months.csv
