name,transf,client,payoff,total
month_sac_IX_d,949.0024244540667,1469.5622144,141.34775104317254,379.21203890276064
