name,transf,client,payoff,total
test_month_sac_c_303,1055.0712225576704,1469.5622144,135.21440678133106,279.2765850609985
