name,transf,client,payoff,total
train_month_sac_gen_J_y_46,725.6932078085143,1488.30912,155.62833542103274,606.9875767704528
