name,transf,client,payoff,total,sessions
test_6month_sac_gen_2l_176,2890.0394526778114,9929.387430399998,886.8210602299855,6152.526917492201,df_elaad_preproc_l6months.csv
