name,transf,client,payoff,total,sessions
train_month_sac_gen_G_e_48,626.9375572046704,1349.0472576000002,117.45466536017481,604.655035035155,df_elaad_preproc_feb.csv
