name,transf,client,payoff,total
val_month_sac_gen_J_o_253,657.5019685901381,1488.30912,159.56135988924024,671.2457915206217
