name,transf,client,payoff,total,sessions
test_6month_sac_gen_c_180,2944.723119722908,9929.387430399998,886.8210602299855,6097.843250447104,df_elaad_preproc_l6months.csv
