name,transf,client,payoff,total
test_month_sac_gen_I_x_428,731.313808784818,1468.334912,149.17516390639216,587.8459393087899
