name,transf,client,payoff,total,sessions
test_6month_sac_gen_3l_118,2939.3424893836723,9929.387430399998,886.8210602299855,6103.22388078634,df_elaad_preproc_l6months.csv
