name,transf,client,payoff,total
train_month_sac_gen_J_h_159,2094.5348124141615,4306.918592,422.3108412815719,1790.0729383042667
