name,transf,client,payoff,total
val_month_sac_gen_I_o_394,694.2421427935636,1488.30912,159.56135988924024,634.5056173171961
