name,transf,client,payoff,total,sessions
test_6month_sac_gen_5l_114,2895.6160684110046,9929.387430399998,886.8210602299855,6146.950301759009,df_elaad_preproc_l6months.csv
