name,transf,client,payoff,total
test_month_sac_gen_I_y_471,681.3715712897346,1468.334912,149.17516390639216,637.7881768038733
