name,transf,client,payoff,total
train_month_sac_gen_J_l_399,1808.903424902292,4306.918592,422.3108412815719,2075.704325816136
