name,transf,client,payoff,total
test_month_sac_gen_J_l_171,683.0748154525527,1468.334912,149.17516390639216,636.0849326410552
