name,transf,client,payoff,total
test_month_sac_gen_J_r_287,684.9699392157961,1468.334912,149.17516390639216,634.1898088778117
