name,transf,client,payoff,total,sessions
test_6month_sac_pred_noise_2a_260,2901.625028213775,9929.387430399998,897.4875555656347,6130.2748466205885,df_elaad_preproc_l6months.csv
