name,transf,client,payoff,total,sessions
test_6month_sac_gen_2m_13,3990.248818867807,9929.387430399998,886.8210602299855,5052.317551302205,df_elaad_preproc_l6months.csv
