name,transf,client,payoff,total
test_month_sac_gen_J_t_182,662.0769453020619,1468.334912,148.50825484764397,657.7497118502943
