name,transf,client,payoff,total,sessions
test_6month_sac_gen_4m_12,4663.317372481161,9929.387430399998,891.2211003728393,4374.848957545998,df_elaad_preproc_l6months.csv
