name,transf,client,payoff,total
val_month_sac_gen_I_e_378,606.1764186350626,1488.30912,155.96206259448996,726.1706387704473
