name,transf,client,payoff,total
test_month_sac_gen_J_v_260,640.7345160738791,1468.334912,148.50825484764397,679.092141078477
