name,transf,client,payoff,total
test_month_sac_gen_c_5,756.0089640294241,1488.30912,159.56135988924024,572.7387960813355
