name,transf,client,payoff,total,sessions
6month_sac_disagg_4a_LL,2786.939596608524,9929.387430399998,886.8210602299855,6255.626773561489,df_elaad_preproc_l6months.csv
