name,transf,client,payoff,total,sessions
test_6month_sac_gen_1l_47,3210.4596044088175,9929.387430399998,886.8210602299855,5832.106765761195,df_elaad_preproc_l6months.csv
