name,transf,client,payoff,total
val_month_sac_gen_I_a_406,642.7164918609224,1488.30912,159.56135988924024,686.0312682498372
