name,transf,client,payoff,total,sessions
test_6month_sac_pred_noise_5c_56,3616.3149651954063,9929.387430399998,881.6875054342313,5431.384959770361,df_elaad_preproc_l6months.csv
