name,transf,client,payoff,total
train_month_sac_gen_I_t_69,2035.4074727537773,4306.918592,419.7094692112909,1851.8016500349318
