name,transf,client,payoff,total
month_sac_IX_b,1091.585968221403,1469.5622144,137.28167326371616,240.6945729148808
