name,transf,client,payoff,total
val_month_sac_gen_I_e_54,649.2334682327922,1488.30912,155.96206259448996,683.1135891727176
