name,transf,client,payoff,total
val_month_sac_gen_G_a_64,647.2951731807027,1488.30912,155.96206259448996,685.0518842248073
