name,transf,client,payoff,total
test_month_sac_gen_I_u_308,675.5790850874246,1468.334912,149.17516390639216,643.5806630061833
