name,transf,client,payoff,total
val_month_sac_gen_J_s_23,660.0230775898348,1488.30912,155.96206259448996,672.3239798156751
