name,transf,client,payoff,total
test_month_sac_gen_I_e_331,630.0008348281781,1468.334912,148.50825484764397,689.825822324178
