name,transf,client,payoff,total
test_month_sac_gen_G_a_172,658.4152840371544,1468.334912,148.50825484764397,661.4113731152017
