name,transf,client,payoff,total
test_month_sac_gen_J_z_231,593.3237472991805,1468.334912,148.50825484764397,726.5029098531757
