name,transf,client,payoff,total,sessions
test_6month_sac_gen_4l_180,2889.4866282370836,9929.387430399998,886.8210602299855,6153.079741932928,df_elaad_preproc_l6months.csv
