name,transf,client,payoff,total,sessions
test_6month_sac_pred_noise_2d_119,4474.4797118972465,9929.387430399998,897.4875555656347,4557.420162937117,df_elaad_preproc_l6months.csv
