name,transf,client,payoff,total
val_month_sac_gen_J_s_343,540.5401207462703,1488.30912,155.96206259448996,791.8069366592397
