name,transf,client,payoff,total
val_month_sac_gen_J_w_353,549.1925026283291,1488.30912,155.96206259448996,783.1545547771809
