name,transf,client,payoff,total
test_month_sac_gen_J_c_63,728.171430586479,1468.334912,149.17516390639216,590.9883175071288
