name,transf,client,payoff,total
val_month_sac_gen_I_t_205,690.0706709175575,1488.30912,159.56135988924024,638.6770891932022
