name,transf,client,payoff,total
train_month_sac_gen_I_w_252,-7621.785749276727,4306.918592,422.3108412815719,11506.393499995154
