name,transf,client,payoff,total
val_month_sac_gen_J_f_418,632.4410572976406,1488.30912,159.56135988924024,696.306702813119
