name,transf,client,payoff,total,sessions
test_6month_sac_pred_noise_4b_113,3250.295108484278,9929.387430399998,891.2211003728393,5787.871221542881,df_elaad_preproc_l6months.csv
