name,transf,client,payoff,total
train_month_sac_gen_J_s_394,1833.1224616960844,4306.918592,419.97714090397574,2053.8189893999397
