name,transf,client,payoff,total
test_month_sac_gen_I_b_288,699.3344983953101,1468.334912,149.17516390639216,619.8252496982977
