name,transf,client,payoff,total,sessions
test_6month_sac_gen_2o_88,2956.9011621921745,9929.387430399998,886.8210602299855,6085.665207977838,df_elaad_preproc_l6months.csv
