name,transf,client,payoff,total
test_month_sac_gen_J_c_321,681.7712817988325,1468.334912,149.17516390639216,637.3884662947753
