name,transf,client,payoff,total
train_month_sac_gen_J_a_137,2056.0700960643817,4306.918592,422.3108412815719,1828.5376546540465
