name,transf,client,payoff,total
test_month_sac_c_594,1010.4774000262755,1469.5622144,135.21440678133106,323.87040759239335
