name,transf,client,payoff,total
test_month_sac_gen_J_w_424,582.5104293953068,1468.334912,148.50825484764397,737.3162277570493
