name,transf,client,payoff,total,sessions
test_6month_sac_pred_noise_5a_285,2940.754809025825,9929.387430399998,881.6875054342313,6106.945115939941,df_elaad_preproc_l6months.csv
