name,transf,client,payoff,total,sessions
test_6month_sac_pred_noise_5a_130,2933.4323862170463,9929.387430399998,881.6875054342313,6114.267538748722,df_elaad_preproc_l6months.csv
