name,transf,client,payoff,total,sessions
test_6month_sac_gen_h_120,2961.494904231182,9929.387430399998,886.8210602299855,6081.07146593883,df_elaad_preproc_l6months.csv
