name,transf,client,payoff,total
val_month_sac_c_81,1980.8881877346485,2277.450960542104,145.3079860330326,151.25478677442294
