name,transf,client,payoff,total
val_month_sac_gen_I_m_215,638.9494292904214,1488.30912,159.56135988924024,689.7983308203382
