name,transf,client,payoff,total
test_month_sac_gen_J_v_144,666.5969866934133,1468.334912,148.50825484764397,653.2296704589428
