name,transf,client,payoff,total
val_month_sac_gen_I_b_68,658.8389672972402,1488.30912,159.56135988924024,669.9087928135195
