name,transf,client,payoff,total
val_month_sac_gen_J_d_67,680.5376407529604,1488.30912,159.56135988924024,648.2101193577992
