name,transf,client,payoff,total
train_month_sac_gen_I_e_424,2038.3833074404415,4306.918592,417.9096673275943,1850.625617231964
