name,transf,client,payoff,total
val_month_sac_gen_J_d_431,651.5051340683011,1488.30912,159.56135988924024,677.2426260424586
