name,transf,client,payoff,total,sessions
test_6month_sac_pred_noise_1a_109,2996.166689935151,9929.387430399998,893.2217503396156,6039.998990125231,df_elaad_preproc_l6months.csv
