name,transf,client,payoff,total
test_month_sac_gen_J_e_323,685.6217882205403,1468.334912,149.17516390639216,633.5379598730675
