name,transf,client,payoff,total,sessions
test_6month_sac_pred_noise_2b_185,3081.4928896245756,9929.387430399998,897.4875555656347,5950.406985209788,df_elaad_preproc_l6months.csv
