name,transf,client,payoff,total
test_month_sac_gen_d_10,778.0245948670631,1488.30912,159.56135988924024,550.7231652436965
