name,transf,client,payoff,total
val_month_sac_gen_I_j_241,653.6195801758504,1488.30912,159.56135988924024,675.1281799349092
