name,transf,client,payoff,total
val_month_sac_c_553,1821.1551611997506,2277.450960542104,145.3079860330326,310.98781330932076
