name,transf,client,payoff,total,sessions
test_6month_sac_gen_5l_142,2854.0732858187653,9929.387430399998,886.8210602299855,6188.493084351247,df_elaad_preproc_l6months.csv
