name,transf,client,payoff,total
val_month_sac_gen_I_u_112,666.0158128528054,1488.30912,159.56135988924024,662.7319472579543
