name,transf,client,payoff,total
val_month_sac_gen_I_h_420,633.4916474686754,1488.30912,159.56135988924024,695.2561126420842
