name,transf,client,payoff,total
val_month_sac_gen_I_a_4,758.7899909131637,1488.30912,159.56135988924024,569.957769197596
