name,transf,client,payoff,total
test_month_sac_gen_J_b_248,684.1370737352238,1468.334912,149.17516390639216,635.022674358384
