name,transf,client,payoff,total
test_month_sac_gen_I_o_22,747.6476143363695,1468.334912,149.17516390639216,571.5121337572383
