name,transf,client,payoff,total,sessions
test_6month_sac_pred_noise_1c_146,3561.54819468762,9929.387430399998,893.2217503396156,5474.6174853727625,df_elaad_preproc_l6months.csv
