name,transf,client,payoff,total
train_month_sac_gen_J_i_77,2090.460863543139,4306.918592,422.3108412815719,1794.146887175289
