name,transf,client,payoff,total
test_month_sac_gen_I_x_131,757.5865518327714,1468.334912,149.17516390639216,561.5731962608364
