name,transf,client,payoff,total
train_month_sac_gen_J_r_137,2049.6088971489876,4306.918592,422.3108412815719,1834.9988535694406
