name,transf,client,payoff,total
val_month_sac_gen_J_q_494,645.347699759001,1488.30912,159.56135988924024,683.4000603517586
