name,transf,client,payoff,total
val_month_sac_gen_J_q_394,643.8284859606803,1488.30912,159.56135988924024,684.9192741500794
