name,transf,client,payoff,total,sessions
test_6month_sac_pred_noise_5a_264,2975.867676075945,9929.387430399998,881.6875054342313,6071.832248889823,df_elaad_preproc_l6months.csv
