name,transf,client,payoff,total
train_month_sac_gen_I_b_172,2000.1972718966817,4306.918592,422.3108412815719,1884.4104788217464
