name,transf,client,payoff,total
test_month_sac_gen_J_u_46,629.224864706078,1468.334912,148.50825484764397,690.6017924462781
