name,transf,client,payoff,total
test_month_sac_gen_I_h_161,717.9823767372822,1468.334912,149.17516390639216,601.1773713563257
