name,transf,client,payoff,total
val_month_sac_gen_J_z_293,587.0712627180053,1488.30912,155.96206259448996,745.2757946875047
