name,transf,client,payoff,total
val_month_sac_gen_J_i_69,684.321410982684,1488.30912,159.56135988924024,644.4263491280756
