name,transf,client,payoff,total
test_month_sac_gen_I_w_483,652.4604400638336,1468.334912,149.17516390639216,666.6993080297742
