name,transf,client,payoff,total
val_month_sac_gen_J_l_402,584.4997820296992,1488.30912,159.56135988924024,744.2479780810604
