name,transf,client,payoff,total
test_month_sac_gen_J_l_432,646.5024938166746,1468.334912,149.17516390639216,672.6572542769333
