name,transf,client,payoff,total
val_month_sac_gen_J_i_349,637.7605571702245,1488.30912,159.56135988924024,690.9872029405351
