name,transf,client,payoff,total
test_month_sac_gen_J_t_277,645.298603303111,1468.334912,148.50825484764397,674.528053849245
