name,transf,client,payoff,total
test_month_sac_gen_J_p_416,656.2326491860922,1468.334912,149.17516390639216,662.9270989075156
