name,transf,client,payoff,total,sessions
test_6month_sac_gen_1n_95,2982.353101072121,9929.387430399998,886.8210602299855,6060.213269097892,df_elaad_preproc_l6months.csv
