name,transf,client,payoff,total
test_month_sac_gen_J_d_313,705.8277765912413,1468.334912,149.17516390639216,613.3319715023665
