name,transf,client,payoff,total
train_month_sac_c_107,1124.1498911597012,2289.492687923877,157.2012507240518,1008.141546040124
