name,transf,client,payoff,total
train_month_sac_gen_I_m_349,1989.0712574602933,4306.918592,422.3108412815719,1895.5364932581351
