name,transf,client,payoff,total
val_month_sac_gen_J_e_483,658.3991959755476,1488.30912,159.56135988924024,670.348564135212
