name,transf,client,payoff,total,sessions
test_6month_sac_pred_noise_2c_166,3489.690105114115,9929.387430399998,897.4875555656347,5542.209769720249,df_elaad_preproc_l6months.csv
