name,transf,client,payoff,total
test_month_sac_gen_J_s_247,576.1993769235826,1468.334912,148.50825484764397,743.6272802287735
