name,transf,client,payoff,total,sessions
test_6month_sac_gen_1n_124,2947.356221024158,9929.387430399998,886.8210602299855,6095.210149145854,df_elaad_preproc_l6months.csv
