name,transf,client,payoff,total
val_month_sac_gen_J_p_238,647.4008421699791,1488.30912,159.56135988924024,681.3469179407805
