name,transf,client,payoff,total
test_month_sac_gen_J_k_295,621.599497326605,1468.334912,149.17516390639216,697.5602507670028
