name,transf,client,payoff,total
val_month_sac_gen_c_18,725.6397805045261,1349.0472576000002,118.32161810264896,505.08585899282514
