name,transf,client,payoff,total
val_month_sac_gen_I_v_107,660.0644401034715,1488.30912,159.56135988924024,668.6833200072881
