name,transf,client,payoff,total,sessions
6month_sac_disagg_1e_HLL,3087.2702965692706,9929.387430399998,886.8210602299855,5955.296073600743,df_elaad_preproc_l6months.csv
