name,transf,client,payoff,total
val_month_sac_gen_J_e_455,653.702252114515,1488.30912,159.56135988924024,675.0455079962446
