name,transf,client,payoff,total
val_month_sac_gen_J_m_242,608.5845791825502,1488.30912,159.56135988924024,720.1631809282094
