name,transf,client,payoff,total,sessions
test_6month_sac_pred_noise_2a_240,2876.5956292323544,9929.387430399998,897.4875555656347,6155.304245602009,df_elaad_preproc_l6months.csv
