name,transf,client,payoff,total
train_month_sac_gen_I_a_491,2025.726109476871,4306.918592,422.3108412815719,1858.8816412415572
