name,transf,client,payoff,total
test_month_sac_gen_J_x_226,741.0501262377717,1468.334912,149.17516390639216,578.1096218558362
