name,transf,client,payoff,total
val_month_sac_gen_J_c_218,679.7887903672031,1488.30912,159.56135988924024,648.9589697435565
