name,transf,client,payoff,total,sessions
test_6month_sac_pred_noise_4a_117,2905.449880824807,9929.387430399998,891.2211003728393,6132.716449202352,df_elaad_preproc_l6months.csv
