name,transf,client,payoff,total,sessions
test_6month_sac_pred_noise_4c_76,3643.4615327974047,9929.387430399998,891.2211003728393,5394.704797229755,df_elaad_preproc_l6months.csv
