name,transf,client,payoff,total
val_month_sac_gen_J_c_440,650.297348566593,1488.30912,159.56135988924024,678.4504115441666
