name,transf,client,payoff,total
train_month_sac_gen_J_l_215,1861.8095388381014,4306.918592,422.3108412815719,2022.7982118803266
