name,transf,client,payoff,total
test_month_sac_gen_J_l_76,728.1355566481059,1468.334912,149.17516390639216,591.024191445502
