name,transf,client,payoff,total
val_month_sac_gen_J_h_440,657.4864285972279,1488.30912,159.56135988924024,671.2613315135318
