name,transf,client,payoff,total
val_month_sac_gen_J_d_0,820.4975899689836,1488.30912,159.56135988924024,508.2501701417761
