name,transf,client,payoff,total
train_month_sac_gen_J_z_221,879.2502365169535,1469.5622144,139.2281923810292,451.08378550201724
