name,transf,client,payoff,total
test_sac_b_c_10,7419.157311400883,18301.238246399997,1736.5228628156017,9145.558072183512
