name,transf,client,payoff,total
val_month_sac_gen_I_n_82,631.2947625473611,1488.30912,159.56135988924024,697.4529975633986
