name,transf,client,payoff,total
val_month_sac_gen_J_a_437,649.5118043963931,1488.30912,159.56135988924024,679.2359557143666
