name,transf,client,payoff,total
val_month_sac_gen_I_o_46,726.8372592788057,1488.30912,159.56135988924024,601.9105008319539
