name,transf,client,payoff,total
val_month_sac_gen_I_m_288,630.6391434594723,1488.30912,159.56135988924024,698.1086166512873
