name,transf,client,payoff,total
val_month_sac_c_993,1793.430031785203,2277.450960542104,145.3079860330326,338.71294272386837
