name,transf,client,payoff,total,sessions
6month_sac_disagg_1c_P,2898.5807729769194,9929.387430399998,886.8210602299855,6143.985597193094,df_elaad_preproc_l6months.csv
