name,transf,client,payoff,total
test_month_sac_gen_I_j_102,758.3280627757449,1468.334912,149.17516390639216,560.8316853178629
