name,transf,client,payoff,total,sessions
test_6month_sac_pred_noise_4c_126,3615.5783332989067,9929.387430399998,891.2211003728393,5422.587996728253,df_elaad_preproc_l6months.csv
