name,transf,client,payoff,total
val_month_sac_gen_I_l_100,663.0732085445507,1488.30912,159.56135988924024,665.674551566209
