name,transf,client,payoff,total
train_month_sac_gen_I_l_158,2066.995975593577,4306.918592,422.3108412815719,1817.6117751248512
