name,transf,client,payoff,total
train_month_sac_gen_b_44,863.140483994425,1469.5622144,142.094741946743,464.32698845883186
