name,transf,client,payoff,total
val_month_sac_gen_J_x_67,730.8476443579216,1488.30912,159.56135988924024,597.900115752838
