name,transf,client,payoff,total,sessions
test_6month_sac_gen_i_160,2779.1430701523273,9929.387430399998,886.8210602299855,6263.423300017685,df_elaad_preproc_l6months.csv
