name,transf,client,payoff,total
train_month_sac_gen_J_m_212,1850.5443942055654,4306.918592,422.3108412815719,2034.0633565128628
