name,transf,client,payoff,total
val_month_sac_gen_I_b_444,616.0133699996888,1488.30912,159.56135988924024,712.7343901110708
