name,transf,client,payoff,total
test_month_sac_gen_I_i_441,710.4465131457068,1468.334912,149.17516390639216,608.713234947901
