name,transf,client,payoff,total
val_month_sac_gen_J_e_91,666.7705713668189,1488.30912,159.56135988924024,661.9771887439408
