name,transf,client,payoff,total
test_month_sac_gen_I_n_3,812.4319012511658,1468.334912,149.17516390639216,506.7278468424421
