name,transf,client,payoff,total,sessions
test_6month_sac_gen_a_177,2976.3469715912433,9929.387430399998,886.8210602299855,6066.219398578769,df_elaad_preproc_l6months.csv
