name,transf,client,payoff,total,sessions
test_6month_sac_gen_1o_86,3044.0888897030236,9929.387430399998,886.8210602299855,5998.477480466989,df_elaad_preproc_l6months.csv
