name,transf,client,payoff,total
train_month_sac_gen_I_i_389,2049.896033285181,4306.918592,422.3108412815719,1834.711717433247
