name,transf,client,payoff,total
train_month_sac_gen_J_y_172,552.112713283636,1349.0472576000002,119.85423502803407,677.0803092883301
