name,transf,client,payoff,total
test_month_sac_gen_I_u_315,669.9033305339111,1468.334912,149.17516390639216,649.2564175596967
