name,transf,client,payoff,total
val_month_sac_gen_J_s_170,561.277393830605,1488.30912,155.96206259448996,771.069663574905
