name,transf,client,payoff,total
test_month_sac_gen_I_e_71,656.8958509475194,1468.334912,148.50825484764397,662.9308062048367
