name,transf,client,payoff,total
val_month_sac_gen_J_g_262,652.3519350662428,1488.30912,159.56135988924024,676.3958250445169
