name,transf,client,payoff,total
test_month_sac_gen_I_y_485,679.2096434652951,1468.334912,149.17516390639216,639.9501046283127
