name,transf,client,payoff,total
val_month_sac_gen_J_n_418,574.9457659958839,1488.30912,159.56135988924024,753.8019941148757
