name,transf,client,payoff,total
test_month_sac_gen_J_i_288,739.8118449249434,1468.334912,149.17516390639216,579.3479031686644
