name,transf,client,payoff,total,sessions
test_6month_sac_gen_1n_32,3292.6534982022695,9929.387430399998,886.8210602299855,5749.912871967743,df_elaad_preproc_l6months.csv
