name,transf,client,payoff,total,sessions
test_6month_sac_pred_noise_5d_36,4535.691818612876,9929.387430399998,881.6875054342313,4512.0081063528905,df_elaad_preproc_l6months.csv
