name,transf,client,payoff,total
test_month_sac_gen_J_z_113,668.1314954031395,1468.334912,148.50825484764397,651.6951617492166
