name,transf,client,payoff,total
train_month_sac_gen_I_o_149,2158.314226343712,4306.918592,422.3108412815719,1726.293524374716
