name,transf,client,payoff,total
test_month_sac_gen_I_w_328,662.981054329272,1468.334912,149.17516390639216,656.1786937643359
