name,transf,client,payoff,total
val_month_sac_gen_J_t_408,588.9110249197037,1488.30912,155.96206259448996,743.4360324858062
