name,transf,client,payoff,total
test_month_sac_gen_I_t_444,712.3173301898809,1468.334912,149.17516390639216,606.842417903727
