name,transf,client,payoff,total
val_month_sac_gen_J_y_258,609.6329498704636,1488.30912,155.96206259448996,722.7141075350464
