name,transf,client,payoff,total
train_month_sac_gen_J_x_96,712.0232023190331,1488.30912,158.62811850635504,617.6577991746118
