name,transf,client,payoff,total
train_month_sac_gen_J_j_459,1830.6042397401807,4306.918592,422.3108412815719,2054.0035109782475
