name,transf,client,payoff,total
test_month_sac_gen_I_k_430,676.4060324974948,1468.334912,149.17516390639216,642.753715596113
