name,transf,client,payoff,total
test_month_sac_gen_I_p_94,770.206413644598,1468.334912,149.17516390639216,548.9533344490098
