name,transf,client,payoff,total
test_month_sac_gen_I_e_392,626.423130490261,1468.334912,148.50825484764397,693.4035266620951
