name,transf,client,payoff,total
val_month_sac_gen_J_v_159,616.1090924090018,1488.30912,155.96206259448996,716.237964996508
