name,transf,client,payoff,total
val_month_sac_gen_J_k_279,573.3318226575998,1488.30912,159.56135988924024,755.4159374531598
