name,transf,client,payoff,total
train_month_sac_gen_I_x_309,-7177.704361960406,4306.918592,421.70971711650003,11062.913236843906
