name,transf,client,payoff,total
test_month_sac_gen_J_d_139,715.2182040721352,1468.334912,149.17516390639216,603.9415440214726
