name,transf,client,payoff,total,sessions
test_6month_sac_gen_4l_53,3021.7640537263924,9929.387430399998,886.8210602299855,6020.80231644362,df_elaad_preproc_l6months.csv
