name,transf,client,payoff,total
val_month_sac_gen_J_v_459,597.8331531153667,1488.30912,155.96206259448996,734.5139042901433
