name,transf,client,payoff,total
test_month_sac_gen_I_i_403,707.508895967159,1468.334912,149.17516390639216,611.6508521264489
