name,transf,client,payoff,total
val_month_sac_gen_G_a_257,602.6432172467805,1488.30912,155.96206259448996,729.7038401587295
