name,transf,client,payoff,total
train_month_sac_gen_I_o_499,2152.6591505405213,4306.918592,422.3108412815719,1731.9486001779069
