name,transf,client,payoff,total
test_month_sac_gen_J_s_40,661.0048934317647,1468.334912,148.50825484764397,658.8217637205914
