name,transf,client,payoff,total
test_month_sac_c_727,1031.4017822586977,1469.5622144,135.21440678133106,302.94602535997115
