name,transf,client,payoff,total
train_month_sac_gen_J_v_459,2015.5412669458246,4306.918592,417.9096673275943,1873.467657726581
