name,transf,client,payoff,total
test_month_sac_gen_I_h_135,717.7438926720156,1468.334912,149.17516390639216,601.4158554215923
