name,transf,client,payoff,total
val_month_sac_gen_J_l_194,609.2866720022118,1488.30912,159.56135988924024,719.4610881085478
