name,transf,client,payoff,total,sessions
test_6month_sac_pred_noise_3a_287,3004.5098286216657,9929.387430399998,889.2877424740021,6035.589859304331,df_elaad_preproc_l6months.csv
