name,transf,client,payoff,total
train_month_sac_gen_J_t_116,2094.082482780904,4306.918592,417.9096673275943,1794.9264418915018
