name,transf,client,payoff,total,sessions
test_6month_sac_gen_a_96,2966.47303060596,9929.387430399998,886.8210602299855,6076.093339564053,df_elaad_preproc_l6months.csv
