name,transf,client,payoff,total
test_month_sac_gen_I_h_261,714.7873038310664,1468.334912,149.17516390639216,604.3724442625414
