name,transf,client,payoff,total
month_sac_IX_i,922.6667043566181,1469.5622144,135.21462984484594,411.6808801985359
