name,transf,client,payoff,total
test_month_sac_gen_J_k_55,670.7583139909469,1468.334912,149.17516390639216,648.4014341026609
