name,transf,client,payoff,total
test_month_sac_gen_J_n_277,692.33755719904,1468.334912,149.17516390639216,626.8221908945678
