name,transf,client,payoff,total
test_month_sac_gen_J_o_370,684.8436019099605,1468.334912,149.17516390639216,634.3161461836473
