name,transf,client,payoff,total
val_month_sac_gen_I_m_105,659.3408401973536,1488.30912,159.56135988924024,669.406919913406
