name,transf,client,payoff,total,sessions
test_6month_sac_pred_noise_5c_214,3469.1608241466756,9929.387430399998,881.6875054342313,5578.539100819091,df_elaad_preproc_l6months.csv
