name,transf,client,payoff,total
train_month_sac_gen_J_z_113,954.0715610006368,1469.5622144,142.42761779974958,373.0630355996135
