name,transf,client,payoff,total,sessions
test_6month_sac_pred_noise_4e_98,5356.857115286524,9929.387430399998,891.2211003728393,3681.3092147406346,df_elaad_preproc_l6months.csv
