name,transf,client,payoff,total
val_sac_c_50,14844.318433777726,30125.305835959498,1762.9897063291792,13517.997695852593
