name,transf,client,payoff,total
val_month_sac_gen_J_l_1,797.912640113911,1488.30912,159.56135988924024,530.8351199968486
