name,transf,client,payoff,total
test_month_sac_gen_J_k_48,673.5656038438626,1468.334912,149.17516390639216,645.5941442497452
