name,transf,client,payoff,total
val_month_sac_gen_I_x_72,728.8155305459663,1488.30912,159.56135988924024,599.9322295647933
