name,transf,client,payoff,total
train_month_sac_gen_I_z_427,172.69570635182535,4306.918592,421.5105726564419,3712.7123129917322
