name,transf,client,payoff,total
val_month_sac_gen_I_r_199,602.8593783312165,1488.30912,159.56135988924024,725.8883817795431
