name,transf,client,payoff,total
test_month_sac_gen_a_65,908.2449056069655,1488.30912,159.56135988924024,420.50285450379414
