name,transf,client,payoff,total,sessions
test_6month_sac_gen_4m_21,3194.343824490661,9929.387430399998,891.2211003728393,5843.822505536498,df_elaad_preproc_l6months.csv
