name,transf,client,payoff,total,sessions
test_6month_sac_pred_noise_1e_138,5134.798031416187,9929.387430399998,893.2217503396156,3901.367648644196,df_elaad_preproc_l6months.csv
