name,transf,client,payoff,total
val_month_sac_gen_J_v_453,592.4376874961249,1488.30912,155.96206259448996,739.9093699093851
