name,transf,client,payoff,total
test_month_sac_gen_J_b_261,693.2391141005326,1468.334912,149.17516390639216,625.9206339930753
