name,transf,client,payoff,total
test_month_sac_gen_I_g_416,857.0694466778846,1468.334912,149.17516390639216,462.0903014157233
