name,transf,client,payoff,total
val_month_sac_gen_I_n_35,649.7831949329714,1488.30912,159.56135988924024,678.9645651777882
