name,transf,client,payoff,total
val_month_sac_gen_J_e_260,651.921909645205,1488.30912,159.56135988924024,676.8258504655546
