name,transf,client,payoff,total
val_month_sac_c_951,1824.2466916508185,2277.450960542104,145.3079860330326,307.89628285825285
