name,transf,client,payoff,total,sessions
test_6month_sac_gen_1l_110,2938.536641990888,9929.387430399998,886.8210602299855,6104.0297281791245,df_elaad_preproc_l6months.csv
