name,transf,client,payoff,total
train_month_sac_gen_I_t_415,1830.8217133329135,4306.918592,425.31041030328936,2050.786468363797
