name,transf,client,payoff,total,sessions
test_6month_sac_pred_noise_1b_73,3235.805651388898,9929.387430399998,893.2217503396156,5800.3600286714845,df_elaad_preproc_l6months.csv
