name,transf,client,payoff,total
train_month_sac_gen_I_h_216,2024.904962453219,4306.918592,422.3108412815719,1859.7027882652092
