name,transf,client,payoff,total,sessions
test_6month_sac_pred_noise_4c_162,3519.432172703165,9929.387430399998,891.2211003728393,5518.734157323994,df_elaad_preproc_l6months.csv
