name,transf,client,payoff,total
train_month_sac_gen_I_s_92,1728.4177795171895,4306.918592,422.3108412815719,2156.1899712012387
