name,transf,client,payoff,total
test_month_sac_gen_J_h_291,740.8751664852172,1468.334912,149.17516390639216,578.2845816083907
