name,transf,client,payoff,total
val_month_sac_gen_I_b_244,625.6609203245066,1488.30912,159.56135988924024,703.086839786253
