name,transf,client,payoff,total
val_month_sac_gen_J_q_409,638.0291329049458,1488.30912,159.56135988924024,690.7186272058138
