name,transf,client,payoff,total
train_month_sac_gen_I_y_213,125.25039696529893,4306.918592,418.37718976673574,3763.2910052679654
