name,transf,client,payoff,total,sessions
test_6month_sac_pred_noise_4a_164,2817.3595075501125,9929.387430399998,891.2211003728393,6220.806822477047,df_elaad_preproc_l6months.csv
