name,transf,client,payoff,total,sessions
test_6month_sac_pred_noise_1e_238,5119.250021182177,9929.387430399998,893.2217503396156,3916.9156588782057,df_elaad_preproc_l6months.csv
