name,transf,client,payoff,total
train_month_sac_gen_J_l_351,1829.2323828629133,4306.918592,422.3108412815719,2055.375367855515
