name,transf,client,payoff,total,sessions
test_6month_sac_gen_3l_198,2778.201939565275,9929.387430399998,886.8210602299855,6264.364430604737,df_elaad_preproc_l6months.csv
