name,transf,client,payoff,total,sessions
test_6month_sac_pred_noise_4e_227,5568.133642429828,9929.387430399998,891.2211003728393,3470.032687597331,df_elaad_preproc_l6months.csv
