name,transf,client,payoff,total,sessions
test_6month_sac_gen_j_273,3037.029351764533,9929.387430399998,886.8210602299855,6005.537018405479,df_elaad_preproc_l6months.csv
