name,transf,client,payoff,total
train_month_sac_gen_I_t_80,2048.283356341787,4306.918592,422.4446435168645,1836.1905921413484
