name,transf,client,payoff,total
val_month_sac_gen_J_u_136,588.2083963637658,1488.30912,155.96206259448996,744.1386610417442
