name,transf,client,payoff,total,sessions
test_6month_sac_pred_noise_1c_106,3635.7945305549238,9929.387430399998,893.2217503396156,5400.371149505459,df_elaad_preproc_l6months.csv
