name,transf,client,payoff,total
test_month_sac_gen_J_u_212,615.4449109511845,1468.334912,148.50825484764397,704.3817462011716
