name,transf,client,payoff,total
train_month_sac_gen_J_i_285,1964.5133436513192,4306.918592,422.3108412815719,1920.094407067109
