name,transf,client,payoff,total,sessions
train_month_sac_gen_G_e_178,519.8447342658835,1349.0472576000002,120.5876423452206,708.6148809888961,df_elaad_preproc_feb.csv
