name,transf,client,payoff,total
test_month_sac_gen_J_m_215,686.2860881921406,1468.334912,149.17516390639216,632.8736599014672
