name,transf,client,payoff,total
test_month_sac_gen_I_i_380,707.2931877277028,1468.334912,149.17516390639216,611.866560365905
