name,transf,client,payoff,total
val_month_sac_gen_I_l_381,645.8593099960616,1488.30912,159.56135988924024,682.8884501146981
