name,transf,client,payoff,total,sessions
test_6month_sac_pred_noise_2e_189,5176.573286508117,9929.387430399998,897.4875555656347,3855.3265883262466,df_elaad_preproc_l6months.csv
