name,transf,client,payoff,total
val_month_sac_gen_I_o_444,691.2659244632313,1488.30912,159.56135988924024,637.4818356475284
