name,transf,client,payoff,total
val_month_sac_gen_J_a_446,646.2885434223908,1488.30912,159.56135988924024,682.4592166883688
