name,transf,client,payoff,total
val_month_sac_gen_I_x_466,692.8300159465581,1488.30912,159.56135988924024,635.9177441642016
