name,transf,client,payoff,total
test_month_sac_gen_I_z_495,718.548401133363,1468.334912,149.17516390639216,600.6113469602449
