name,transf,client,payoff,total
val_month_sac_gen_I_a_86,694.5113039711925,1488.30912,159.56135988924024,634.236456139567
