name,transf,client,payoff,total
train_month_sac_gen_I_p_148,2217.9643239378447,4306.918592,422.3108412815719,1666.6434267805835
