name,transf,client,payoff,total
val_month_sac_gen_I_s_101,680.0355785936307,1488.30912,159.56135988924024,648.712181517129
