name,transf,client,payoff,total
test_month_sac_gen_J_d_350,700.8833695596327,1468.334912,149.17516390639216,618.2763785339752
