name,transf,client,payoff,total
test_month_sac_gen_I_s_422,664.6887497323074,1468.334912,149.17516390639216,654.4709983613004
