name,transf,client,payoff,total
val_month_sac_gen_I_b_252,626.8709622339811,1488.30912,159.56135988924024,701.8767978767785
