name,transf,client,payoff,total
val_month_sac_gen_J_h_171,669.501135135315,1488.30912,159.56135988924024,659.2466249754445
