name,transf,client,payoff,total,sessions
test_6month_sac_pred_noise_2d_126,4492.066968719737,9929.387430399998,897.4875555656347,4539.832906114627,df_elaad_preproc_l6months.csv
