name,transf,client,payoff,total,sessions
test_6month_sac_pred_noise_3d_136,4606.078332305596,9929.387430399998,889.2877424740021,4434.021355620401,df_elaad_preproc_l6months.csv
