name,transf,client,payoff,total
test_month_sac_gen_J_t_186,658.0114415977432,1468.334912,148.50825484764397,661.8152155546129
