name,transf,client,payoff,total
test_month_sac_gen_I_g_157,841.8240075951978,1468.334912,149.17516390639216,477.33574049841
