name,transf,client,payoff,total,sessions
test_6month_sac_pred_noise_4a_120,2914.057935401968,9929.387430399998,891.2211003728393,6124.108394625191,df_elaad_preproc_l6months.csv
