name,transf,client,payoff,total
val_month_sac_gen_J_k_310,573.1382559534435,1488.30912,159.56135988924024,755.6095041573162
