name,transf,client,payoff,total,sessions
test_6month_sac_gen_5m_121,3020.7586863686256,9929.387430399998,881.6875054342313,6026.941238597141,df_elaad_preproc_l6months.csv
