name,transf,client,payoff,total
val_month_sac_gen_J_u_307,547.7203081325915,1488.30912,155.96206259448996,784.6267492729185
