name,transf,client,payoff,total
val_month_sac_gen_I_m_430,621.7694175519646,1488.30912,159.56135988924024,706.978342558795
