name,transf,client,payoff,total
val_month_sac_gen_I_l_98,672.8980686207997,1488.30912,159.56135988924024,655.8496914899599
