name,transf,client,payoff,total
val_month_sac_gen_J_k_110,591.2392957410766,1488.30912,159.56135988924024,737.508464369683
