name,transf,client,payoff,total
train_month_sac_c_213,1081.9827468465348,2289.492687923877,157.2012507240518,1050.3086903532903
