name,transf,client,payoff,total,sessions
test_6month_sac_pred_noise_4b_157,3160.1312651518883,9929.387430399998,891.2211003728393,5878.035064875271,df_elaad_preproc_l6months.csv
