name,transf,client,payoff,total
train_month_sac_gen_J_n_344,1819.2913106728142,4306.918592,422.3108412815719,2065.316440045614
