name,transf,client,payoff,total,sessions
test_6month_sac_gen_h_52,3071.8636119681773,9929.387430399998,886.8210602299855,5970.7027582018345,df_elaad_preproc_l6months.csv
