name,transf,client,payoff,total,sessions
test_6month_sac_pred_noise_4c_100,3574.8725499815073,9929.387430399998,891.2211003728393,5463.293780045652,df_elaad_preproc_l6months.csv
