name,transf,client,payoff,total
val_month_sac_gen_J_i_91,668.4731711014293,1488.30912,159.56135988924024,660.2745890093304
