name,transf,client,payoff,total
train_month_sac_gen_I_k_341,2014.7193049829282,4306.918592,422.3108412815719,1869.8884457354998
