name,transf,client,payoff,total
test_month_sac_gen_I_y_370,674.2500362735634,1468.334912,149.17516390639216,644.9097118200444
