name,transf,client,payoff,total
val_month_sac_gen_I_m_265,629.3283920609845,1488.30912,159.56135988924024,699.4193680497751
