name,transf,client,payoff,total
test_month_sac_gen_J_y_120,654.3254145300002,1468.334912,148.50825484764397,665.5012426223559
