name,transf,client,payoff,total
test_month_sac_gen_I_f_190,747.666448037512,1468.334912,147.8419170286109,572.8265469338771
