name,transf,client,payoff,total,sessions
test_6month_sac_gen_1l_89,2977.6498892197314,9929.387430399998,886.8210602299855,6064.916480950282,df_elaad_preproc_l6months.csv
