name,transf,client,payoff,total
train_month_sac_gen_I_l_478,2016.6820368823737,4306.918592,422.3108412815719,1867.9257138360545
