name,transf,client,payoff,total
test_month_sac_c_70,1178.4044502875747,1469.5622144,135.21440678133106,155.94335733109412
