name,transf,client,payoff,total
train_month_sac_gen_J_o_330,2022.6284051547373,4306.918592,422.3108412815719,1861.979345563691
