name,transf,client,payoff,total,sessions
test_6month_sac_pred_noise_3e_69,5293.7766485309985,9929.387430399998,889.2877424740021,3746.3230393949975,df_elaad_preproc_l6months.csv
