name,transf,client,payoff,total
val_month_sac_gen_b_29,664.3688367125917,1349.0472576000002,118.32161810264896,566.3568027847596
