name,transf,client,payoff,total
test_month_sac_gen_I_q_439,769.3846331529628,1468.334912,149.17516390639216,549.775114940645
