name,transf,client,payoff,total,sessions
test_6month_sac_pred_noise_5e_52,5111.258140371148,9929.387430399998,881.6875054342313,3936.4417845946186,df_elaad_preproc_l6months.csv
