name,transf,client,payoff,total
test_month_sac_gen_c_47,708.5464242132401,1488.30912,159.56135988924024,620.2013358975196
