name,transf,client,payoff,total
val_month_sac_gen_I_c_128,662.1654097229904,1488.30912,159.56135988924024,666.5823503877693
