name,transf,client,payoff,total
val_month_sac_gen_I_m_78,651.296137994934,1488.30912,159.56135988924024,677.4516221158256
