name,transf,client,payoff,total
test_month_sac_gen_J_s_79,600.8060525809447,1468.334912,148.50825484764397,719.0206045714115
