name,transf,client,payoff,total
test_month_sac_gen_J_c_488,678.7564160898755,1468.334912,149.17516390639216,640.4033320037323
