name,transf,client,payoff,total
train_sac_b_c_29,66652.99406455466,149467.68812980913,8931.975524612415,73882.71854064206
