name,transf,client,payoff,total
test_month_sac_gen_I_p_268,764.6955151229947,1468.334912,149.17516390639216,554.4642329706131
