name,transf,client,payoff,total
train_month_sac_gen_I_w_159,-7568.667820893384,4306.918592,422.3108412815719,11453.27557161181
