name,transf,client,payoff,total
train_month_sac_gen_J_l_408,1808.9004391178778,4306.918592,422.3108412815719,2075.7073116005504
