name,transf,client,payoff,total,sessions
test_6month_sac_gen_4m_153,3056.0129244355335,9929.387430399998,886.8210602299855,5986.553445734478,df_elaad_preproc_l6months.csv
