name,transf,client,payoff,total,sessions
test_6month_sac_pred_noise_3b_183,3104.2160871148635,9929.387430399998,889.2877424740021,5935.883600811133,df_elaad_preproc_l6months.csv
