name,transf,client,payoff,total
train_month_sac_gen_I_e_75,2127.337783603788,4306.918592,417.9096673275943,1761.6711410686175
