name,transf,client,payoff,total
test_month_sac_gen_I_k_194,705.5743405457404,1468.334912,149.17516390639216,613.5854075478675
