name,transf,client,payoff,total
val_month_sac_gen_I_m_376,626.5669360368437,1488.30912,159.56135988924024,702.180824073916
