name,transf,client,payoff,total
val_month_sac_gen_I_p_93,727.596526775236,1488.30912,159.56135988924024,601.1512333355236
