name,transf,client,payoff,total
val_month_sac_gen_J_x_59,725.0137904654758,1488.30912,159.56135988924024,603.7339696452839
