name,transf,client,payoff,total
test_month_sac_gen_I_r_68,672.8493769573699,1468.334912,149.17516390639216,646.3103711362379
