name,transf,client,payoff,total
test_month_sac_gen_I_u_146,687.0193185283204,1468.334912,149.17516390639216,632.1404295652875
