name,transf,client,payoff,total
test_month_sac_gen_J_e_444,678.6020894712633,1468.334912,149.17516390639216,640.5576586223445
