name,transf,client,payoff,total,sessions
test_6month_sac_pred_noise_4e_174,5167.770242299953,9929.387430399998,891.2211003728393,3870.396087727206,df_elaad_preproc_l6months.csv
