name,transf,client,payoff,total
train_month_sac_gen_I_s_375,1600.2587327701212,4306.918592,422.3108412815719,2284.349017948307
