name,transf,client,payoff,total,sessions
test_6month_sac_pred_noise_1a_167,2918.0035241209243,9929.387430399998,893.2217503396156,6118.162155939458,df_elaad_preproc_l6months.csv
