name,transf,client,payoff,total,sessions
test_6month_sac_gen_4m_55,3063.12253032623,9929.387430399998,886.8210602299855,5979.443839843783,df_elaad_preproc_l6months.csv
