name,transf,client,payoff,total
month_sac_IX_j,1053.3336917564593,1469.5622144,137.94794386064967,278.2805787828909
