name,transf,client,payoff,total,sessions
test_6month_sac_pred_noise_4b_104,3278.010815059573,9929.387430399998,891.2211003728393,5760.155514967586,df_elaad_preproc_l6months.csv
