name,transf,client,payoff,total,sessions
train_6month_sac_gen_5m_105,3305.4426830076554,8371.850816,843.7673475637707,4222.6407854285735,df_elaad_preproc_f6months.csv
