name,transf,client,payoff,total
val_month_sac_gen_I_y_174,657.2099509888176,1488.30912,159.56135988924024,671.537809121942
