name,transf,client,payoff,total,sessions
test_6month_sac_gen_5l_113,2909.6904091314514,9929.387430399998,886.8210602299855,6132.8759610385605,df_elaad_preproc_l6months.csv
