name,transf,client,payoff,total
val_month_sac_gen_J_l_305,598.2131653781191,1488.30912,159.56135988924024,730.5345947326405
