name,transf,client,payoff,total
test_month_sac_gen_I_u_328,668.6643943945205,1468.334912,149.17516390639216,650.4953536990873
