name,transf,client,payoff,total,sessions
test_6month_sac_gen_4l_76,3008.9525855060274,9929.387430399998,886.8210602299855,6033.613784663985,df_elaad_preproc_l6months.csv
