name,transf,client,payoff,total
month_sac_IX_j,1021.2646715919984,1469.5622144,139.08074833716316,309.2167944708383
