name,transf,client,payoff,total
test_month_sac_gen_I_j_3,1106.097287377587,1468.334912,149.17516390639216,213.06246071602087
