name,transf,client,payoff,total
train_month_sac_gen_I_a_233,2038.429448151422,4306.918592,422.3108412815719,1846.178302567006
