name,transf,client,payoff,total
test_month_sac_gen_J_l_28,756.5763473489346,1468.334912,149.17516390639216,562.5834007446732
