name,transf,client,payoff,total
train_month_sac_gen_J_e_377,2014.3080603265507,4306.918592,422.3108412815719,1870.2996903918774
