name,transf,client,payoff,total
test_month_sac_gen_I_o_450,719.2141824286884,1468.334912,149.17516390639216,599.9455656649194
