name,transf,client,payoff,total
val_month_sac_gen_I_d_472,631.1277600088831,1488.30912,159.56135988924024,697.6200001018765
