name,transf,client,payoff,total,sessions
test_6month_sac_gen_5m_14,4116.509651810491,9929.387430399998,886.8210602299855,4926.056718359521,df_elaad_preproc_l6months.csv
