name,transf,client,payoff,total
val_month_sac_gen_I_z_67,716.193977806255,1488.30912,159.56135988924024,612.5537823045047
