name,transf,client,payoff,total
train_month_sac_gen_I_h_160,2046.591382579329,4306.918592,422.3108412815719,1838.016368139099
