name,transf,client,payoff,total,sessions
test_6month_sac_gen_g_211,2883.2089741123,9929.387430399998,886.8210602299855,6159.357396057712,df_elaad_preproc_l6months.csv
