name,transf,client,payoff,total
train_month_sac_gen_I_v_400,66.54186100939667,4306.918592,422.8436808672951,3817.5330501233084
