name,transf,client,payoff,total
test_month_sac_gen_J_a_42,746.2567910125858,1468.334912,149.17516390639216,572.902957081022
