name,transf,client,payoff,total
train_month_sac_gen_J_w_112,1945.7764262401336,4306.918592,419.0438983161218,1942.0982674437448
