name,transf,client,payoff,total
test_month_sac_gen_I_q_220,774.6933443935282,1468.334912,149.17516390639216,544.4664037000797
