name,transf,client,payoff,total
val_month_sac_gen_I_k_233,650.423120816256,1488.30912,159.56135988924024,678.3246392945036
