name,transf,client,payoff,total
test_month_sac_gen_J_r_404,686.6298201961877,1468.334912,149.17516390639216,632.5299278974202
