name,transf,client,payoff,total
train_month_sac_gen_I_e_172,2075.645859172827,4306.918592,417.9096673275943,1813.3630654995786
