name,transf,client,payoff,total
train_month_sac_gen_J_m_180,1875.3241611791386,4306.918592,422.3108412815719,2009.2835895392896
