name,transf,client,payoff,total
val_month_sac_gen_b_72,645.4962249400469,1349.0472576000002,118.32161810264896,585.2294145573044
