name,transf,client,payoff,total,sessions
test_6month_sac_pred_noise_4c_136,3607.339772043594,9929.387430399998,891.2211003728393,5430.826557983565,df_elaad_preproc_l6months.csv
