name,transf,client,payoff,total
test_month_sac_gen_J_t_289,643.9133587652556,1468.334912,148.50825484764397,675.9132983871004
