name,transf,client,payoff,total
train_month_sac_gen_I_w_36,-7096.366894167166,4306.918592,422.3108412815719,10980.974644885593
