name,transf,client,payoff,total
val_month_sac_gen_J_m_60,663.3527036053382,1488.30912,159.56135988924024,665.3950565054215
