name,transf,client,payoff,total
test_month_sac_gen_I_y_469,680.7699539331666,1468.334912,149.17516390639216,638.3897941604413
