name,transf,client,payoff,total,sessions
6month_sac_disagg_5e_ML,3154.4284449138117,9929.387430399998,886.8210602299855,5888.1379252562,df_elaad_preproc_l6months.csv
