name,transf,client,payoff,total
val_month_sac_gen_I_f_62,695.4669749599691,1488.30912,158.8282254603323,634.0139195796985
