name,transf,client,payoff,total
val_month_sac_gen_I_t_32,732.8009064055123,1488.30912,159.56135988924024,595.9468537052473
