name,transf,client,payoff,total
train_month_sac_gen_a_24,1040.2326302017439,1469.5622144,138.5610864331635,290.76849776509255
