name,transf,client,payoff,total
train_month_sac_gen_d_97,1174.9967960488884,1469.5622144,141.62831622287138,152.9371021282401
