name,transf,client,payoff,total
train_month_sac_gen_I_y_173,-36.505803592662204,4306.918592,420.9772441972888,3922.4471513953736
