name,transf,client,payoff,total,sessions
test_6month_sac_gen_4m_97,2850.861305945622,9929.387430399998,891.2211003728393,6187.305024081537,df_elaad_preproc_l6months.csv
