name,transf,client,payoff,total
train_month_sac_gen_I_z_335,237.56484406044737,4306.918592,419.64414295604405,3649.7096049835086
