name,transf,client,payoff,total
val_month_sac_gen_I_h_339,638.3974158958029,1488.30912,159.56135988924024,690.3503442149567
