name,transf,client,payoff,total
train_month_sac_gen_J_f_67,2095.2139608426123,4306.918592,422.3108412815719,1789.3937898758159
