name,transf,client,payoff,total,sessions
test_6month_sac_pred_noise_3e_135,5375.076167051909,9929.387430399998,889.2877424740021,3665.0235208740874,df_elaad_preproc_l6months.csv
