name,transf,client,payoff,total
test_month_sac_gen_J_j_258,639.9943341655604,1468.334912,149.17516390639216,679.1654139280474
