name,transf,client,payoff,total,sessions
test_6month_sac_pred_noise_5a_137,2933.7054183014725,9929.387430399998,881.6875054342313,6113.994506664294,df_elaad_preproc_l6months.csv
