name,transf,client,payoff,total
train_month_sac_gen_I_f_456,2069.008830183842,4306.918592,421.11038371791597,1816.7993780982422
