name,transf,client,payoff,total
train_month_sac_gen_I_y_214,253.32762063226383,4306.918592,426.30975616637795,3627.281215201358
