name,transf,client,payoff,total
val_month_sac_gen_I_b_490,628.5364546653294,1488.30912,159.56135988924024,700.2113054454303
