name,transf,client,payoff,total
train_month_sac_gen_I_x_430,-6983.476754146524,4306.918592,419.3769601367892,10871.018386009735
