name,transf,client,payoff,total
val_month_sac_gen_J_a_191,650.5865204635245,1488.30912,159.56135988924024,678.1612396472351
