name,transf,client,payoff,total
test_month_sac_gen_J_m_329,681.1595246497257,1468.334912,149.17516390639216,638.0002234438822
