name,transf,client,payoff,total,sessions
train_month_sac_pred_noise_b_172,541.7082530283922,1349.0472576000002,120.72146005630245,686.6175445153056,df_elaad_preproc_feb.csv
