name,transf,client,payoff,total,sessions
test_6month_sac_pred_noise_1b_214,3040.616376117221,9929.387430399998,893.2217503396156,5995.549303943161,df_elaad_preproc_l6months.csv
