name,transf,client,payoff,total
train_month_sac_gen_J_d_372,2019.0449339799334,4306.918592,422.3108412815719,1865.5628167384948
