name,transf,client,payoff,total
val_month_sac_gen_J_v_197,611.3606262762719,1488.30912,155.96206259448996,720.9864311292381
