name,transf,client,payoff,total,sessions
test_6month_sac_pred_noise_3c_258,3806.431207141858,9929.387430399998,889.2877424740021,5233.668480784138,df_elaad_preproc_l6months.csv
