name,transf,client,payoff,total
train_month_sac_gen_J_u_13,2174.717300925089,4306.918592,426.37630364709565,1705.8249874278151
