name,transf,client,payoff,total
train_month_sac_gen_I_r_310,1939.2042987888424,4306.918592,419.4444092564507,1948.2698839547068
