name,transf,client,payoff,total
train_month_sac_gen_J_x_225,652.6088540622904,1488.30912,158.62811850635504,677.0721474313544
