name,transf,client,payoff,total
val_month_sac_gen_J_r_368,626.1377841404235,1488.30912,159.56135988924024,702.6099759703361
