name,transf,client,payoff,total,sessions
test_6month_sac_gen_2n_28,3189.454770137019,9929.387430399998,886.8210602299855,5853.111600032993,df_elaad_preproc_l6months.csv
