name,transf,client,payoff,total,sessions
test_6month_sac_gen_j_93,2920.336158655502,9929.387430399998,886.8210602299855,6122.23021151451,df_elaad_preproc_l6months.csv
