name,transf,client,payoff,total
test_month_sac_c_685,1016.9441463149665,1469.5622144,135.21440678133106,317.4036613037024
