name,transf,client,payoff,total
train_month_sac_gen_I_i_368,2052.2281878842805,4306.918592,422.3108412815719,1832.3795628341477
