name,transf,client,payoff,total
val_month_sac_gen_I_y_109,683.0150533856288,1488.30912,159.56135988924024,645.7327067251308
