name,transf,client,payoff,total
val_month_sac_gen_J_g_450,634.478729985404,1488.30912,159.56135988924024,694.2690301253556
