name,transf,client,payoff,total
test_month_sac_gen_I_b_412,699.0238573487004,1468.334912,149.17516390639216,620.1358907449074
