name,transf,client,payoff,total
test_month_sac_gen_J_b_379,695.85092383355,1468.334912,149.17516390639216,623.3088242600578
