name,transf,client,payoff,total
test_month_sac_c_448,1022.6762543473395,1469.5622144,135.21440678133106,311.67155327132934
