name,transf,client,payoff,total
train_month_sac_gen_J_j_103,1944.9811702958239,4306.918592,422.3108412815719,1939.626580422604
