name,transf,client,payoff,total
train_month_sac_gen_J_n_401,1794.5945001635034,4306.918592,422.3108412815719,2090.0132505549245
