name,transf,client,payoff,total
train_month_sac_gen_I_g_458,2565.3326943451666,4306.918592,422.3108412815719,1319.2750563732616
