name,transf,client,payoff,total,sessions
test_6month_sac_gen_5m_152,2895.337644563422,9929.387430399998,886.8210602299855,6147.22872560659,df_elaad_preproc_l6months.csv
