name,transf,client,payoff,total
train_month_sac_c_542,1036.0003790089172,2289.492687923877,157.2012507240518,1096.291058190908
