name,transf,client,payoff,total
val_month_sac_gen_J_t_257,601.0246212922032,1488.30912,155.96206259448996,731.3224361133068
