name,transf,client,payoff,total
val_month_sac_gen_I_b_138,636.0934496667767,1488.30912,159.56135988924024,692.6543104439829
