name,transf,client,payoff,total
test_month_sac_gen_J_e_44,715.5868040250996,1468.334912,149.17516390639216,603.5729440685083
