name,transf,client,payoff,total,sessions
test_6month_sac_gen_j_72,2972.385708107474,9929.387430399998,886.8210602299855,6070.180662062539,df_elaad_preproc_l6months.csv
