name,transf,client,payoff,total,sessions
test_6month_sac_gen_1n_99,2976.2162338750227,9929.387430399998,886.8210602299855,6066.35013629499,df_elaad_preproc_l6months.csv
