name,transf,client,payoff,total
train_month_sac_gen_I_q_437,2252.728876806339,4306.918592,422.3108412815719,1631.8788739120891
