name,transf,client,payoff,total
test_month_sac_gen_J_d_78,735.5412236922319,1468.334912,149.17516390639216,583.6185244013759
