name,transf,client,payoff,total
val_month_sac_gen_I_f_220,660.1948708326249,1488.30912,158.8282254603323,669.2860237070427
