name,transf,client,payoff,total
test_month_sac_c_123,1115.5587132130381,1469.5622144,135.21440678133106,218.78909440563072
