name,transf,client,payoff,total
train_month_sac_gen_J_c_269,2080.0006538959115,4306.918592,422.3108412815719,1804.6070968225167
