name,transf,client,payoff,total,sessions
test_6month_sac_pred_noise_5c_167,3488.4780431570853,9929.387430399998,881.6875054342313,5559.221881808682,df_elaad_preproc_l6months.csv
