name,transf,client,payoff,total
train_month_sac_gen_J_m_160,1879.4203494158455,4306.918592,422.3108412815719,2005.1874013025827
