name,transf,client,payoff,total
test_month_sac_gen_J_e_456,679.5627564313143,1468.334912,149.17516390639216,639.5969916622936
