name,transf,client,payoff,total,sessions
test_6month_sac_pred_noise_1d_68,4367.1656392303685,9929.387430399998,893.2217503396156,4669.000040830014,df_elaad_preproc_l6months.csv
