name,transf,client,payoff,total
month_sac_IX_h,1584.4268190502644,1469.5622144,140.6816517634435,-255.546256413708
