name,transf,client,payoff,total
test_month_sac_gen_J_m_114,676.3069638910986,1468.334912,149.17516390639216,642.8527842025093
