name,transf,client,payoff,total
test_month_sac_gen_J_u_487,581.9071643840243,1468.334912,148.50825484764397,737.9194927683318
