name,transf,client,payoff,total
val_month_sac_gen_J_v_476,595.875475060375,1488.30912,155.96206259448996,736.471582345135
