name,transf,client,payoff,total
test_month_sac_gen_J_u_193,615.6642027245931,1468.334912,148.50825484764397,704.1624544277629
