name,transf,client,payoff,total
val_month_sac_gen_I_c_253,639.7713488992806,1488.30912,159.56135988924024,688.976411211479
