name,transf,client,payoff,total
train_month_sac_gen_I_p_258,2199.6902068156523,4306.918592,422.3108412815719,1684.9175439027758
