name,transf,client,payoff,total,sessions
test_6month_sac_gen_f_83,3042.276046148898,9929.387430399998,886.8210602299855,6000.290324021114,df_elaad_preproc_l6months.csv
