name,transf,client,payoff,total
val_month_sac_gen_I_g_335,792.9766947138685,1488.30912,159.56135988924024,535.7710653968911
