name,transf,client,payoff,total
test_month_sac_gen_J_s_410,566.4622883373065,1468.334912,148.50825484764397,753.3643688150496
