name,transf,client,payoff,total,sessions
test_6month_sac_pred_noise_5e_97,5384.232183370524,9929.387430399998,881.6875054342313,3663.4677415952433,df_elaad_preproc_l6months.csv
