name,transf,client,payoff,total
test_month_sac_gen_I_r_22,716.7074173238711,1468.334912,149.17516390639216,602.4523307697367
