name,transf,client,payoff,total
month_sac_IX_c,937.002436848327,1469.5622144,135.94843598832935,396.61134156334356
