name,transf,client,payoff,total
val_month_sac_gen_J_l_100,637.5956301552951,1488.30912,159.56135988924024,691.1521299554645
