name,transf,client,payoff,total
val_month_sac_gen_J_f_383,631.8242452720848,1488.30912,159.56135988924024,696.9235148386749
