name,transf,client,payoff,total
val_month_sac_gen_I_d_123,650.6239034935809,1488.30912,159.56135988924024,678.1238566171787
