name,transf,client,payoff,total
test_month_sac_c_975,1015.8922749228747,1469.5622144,135.21440678133106,318.4555326957942
