name,transf,client,payoff,total
val_month_sac_gen_J_e_250,652.2650729774252,1488.30912,159.56135988924024,676.4826871333344
