name,transf,client,payoff,total
train_month_sac_gen_I_p_119,2236.15841302628,4306.918592,422.3108412815719,1648.4493376921482
