name,transf,client,payoff,total,sessions
test_6month_sac_gen_2n_152,2923.0092699840106,9929.387430399998,886.8210602299855,6119.557100186003,df_elaad_preproc_l6months.csv
