name,transf,client,payoff,total,sessions
test_6month_sac_pred_noise_5c_193,3522.6635269637627,9929.387430399998,881.6875054342313,5525.036398002005,df_elaad_preproc_l6months.csv
