name,transf,client,payoff,total
test_month_sac_gen_I_v_36,705.4617323400021,1468.334912,149.17516390639216,613.6980157536058
