name,transf,client,payoff,total
test_month_sac_gen_I_w_258,655.146066561389,1468.334912,149.17516390639216,664.0136815322188
