name,transf,client,payoff,total
train_month_sac_gen_I_c_383,2051.837981360037,4306.918592,422.3108412815719,1832.7697693583914
