name,transf,client,payoff,total
test_month_sac_gen_I_u_111,698.4811272522899,1468.334912,149.17516390639216,620.678620841318
