name,transf,client,payoff,total
val_month_sac_gen_I_i_96,669.6799531564986,1488.30912,159.56135988924024,659.067806954261
