name,transf,client,payoff,total
test_month_sac_gen_J_y_139,648.1357231325267,1468.334912,148.50825484764397,671.6909340198295
