name,transf,client,payoff,total
val_month_sac_gen_I_w_97,698.472113276508,1488.30912,159.56135988924024,630.2756468342516
