name,transf,client,payoff,total
train_month_sac_gen_J_e_4,2549.1037056225323,4306.918592,422.3108412815719,1335.504045095896
