name,transf,client,payoff,total
train_month_sac_gen_J_z_200,528.3906426862787,1349.0472576000002,119.92047565113452,700.7361392625869
