name,transf,client,payoff,total
train_month_sac_gen_J_k_227,1810.5193022253459,4306.918592,422.3108412815719,2074.088448493082
