name,transf,client,payoff,total
train_month_sac_gen_J_n_425,1789.7231315856511,4306.918592,422.3108412815719,2094.884619132777
