name,transf,client,payoff,total
train_month_sac_gen_J_v_91,2180.3356977876483,4306.918592,417.9096673275943,1708.6732268847572
