name,transf,client,payoff,total
train_month_sac_gen_J_w_452,1841.4113922659053,4306.918592,417.9096673275943,2047.5975324065002
