name,transf,client,payoff,total,sessions
test_6month_sac_gen_d_30,3278.717753493621,9929.387430399998,886.8210602299855,5763.848616676392,df_elaad_preproc_l6months.csv
