name,transf,client,payoff,total
val_month_sac_gen_I_h_119,657.5683339485583,1488.30912,159.56135988924024,671.1794261622013
