name,transf,client,payoff,total
train_month_sac_gen_J_s_487,1838.3879863607933,4306.918592,419.1759399111721,2049.3546657280344
