name,transf,client,payoff,total
val_month_sac_gen_J_q_158,653.9605104007492,1488.30912,159.56135988924024,674.7872497100104
