name,transf,client,payoff,total
test_month_sac_gen_J_h_328,733.4430742785916,1468.334912,149.17516390639216,585.7166738150163
