name,transf,client,payoff,total
train_month_sac_gen_J_l_234,1852.4435983498097,4306.918592,422.3108412815719,2032.1641523686185
