name,transf,client,payoff,total
val_month_sac_gen_J_d_426,649.3539152078337,1488.30912,159.56135988924024,679.393844902926
