name,transf,client,payoff,total
val_month_sac_gen_J_i_337,635.4772854211151,1488.30912,159.56135988924024,693.2704746896445
