name,transf,client,payoff,total
train_month_sac_gen_J_r_213,2028.4854956161098,4306.918592,422.3108412815719,1856.1222551023184
