name,transf,client,payoff,total
test_month_sac_gen_I_e_290,631.2938214272067,1468.334912,148.50825484764397,688.5328357251494
