name,transf,client,payoff,total
val_month_sac_gen_I_k_431,647.7787435019854,1488.30912,159.56135988924024,680.9690166087742
