name,transf,client,payoff,total
val_month_sac_gen_a_31,720.326535126688,1349.0472576000002,118.32161810264896,510.3991043706633
