name,transf,client,payoff,total
test_month_sac_gen_J_m_345,669.0818729565716,1468.334912,149.17516390639216,650.0778751370362
