name,transf,client,payoff,total
val_month_sac_gen_I_b_85,663.268000354001,1488.30912,159.56135988924024,665.4797597567588
