name,transf,client,payoff,total,sessions
test_6month_sac_pred_noise_3e_132,5426.162350200269,9929.387430399998,889.2877424740021,3613.9373377257266,df_elaad_preproc_l6months.csv
