name,transf,client,payoff,total
train_month_sac_gen_J_l_455,1802.947750514905,4306.918592,422.3108412815719,2081.660000203523
