name,transf,client,payoff,total
train_month_sac_gen_J_r_247,2015.006183955928,4306.918592,422.3108412815719,1869.6015667625002
