name,transf,client,payoff,total
test_month_sac_gen_I_d_224,671.2528361600232,1468.334912,149.17516390639216,647.9069119335846
