name,transf,client,payoff,total
val_month_sac_gen_I_g_386,788.571500722037,1488.30912,159.56135988924024,540.1762593887227
