name,transf,client,payoff,total
train_month_sac_gen_I_h_129,2054.955633690454,4306.918592,422.3108412815719,1829.6521170279743
