name,transf,client,payoff,total
train_month_sac_gen_I_w_73,-7377.267976672592,4306.918592,422.3108412815719,11261.87572739102
