name,transf,client,payoff,total
val_month_sac_c_626,1828.1128376466306,2277.450960542104,145.3079860330326,304.03013686244077
