name,transf,client,payoff,total
train_month_sac_gen_J_w_220,1882.5749497670913,4306.918592,419.4432142053772,2004.9004280275315
