name,transf,client,payoff,total,sessions
test_6month_sac_pred_noise_3d_151,4452.545236612015,9929.387430399998,889.2877424740021,4587.554451313981,df_elaad_preproc_l6months.csv
