name,transf,client,payoff,total,sessions
test_6month_sac_gen_2n_127,2906.9049763358016,9929.387430399998,886.8210602299855,6135.661393834211,df_elaad_preproc_l6months.csv
