name,transf,client,payoff,total
train_month_sac_gen_I_r_6,2370.1093785103426,4306.918592,416.31051252388596,1520.4987009657714
