name,transf,client,payoff,total
test_month_sac_gen_I_k_10,777.0171156773757,1468.334912,149.17516390639216,542.1426324162321
