name,transf,client,payoff,total
test_month_sac_gen_e_19,720.9809651590405,1488.30912,159.56135988924024,607.7667949517192
