name,transf,client,payoff,total
test_month_sac_gen_I_w_368,657.5637546342089,1468.334912,149.17516390639216,661.595993459399
