name,transf,client,payoff,total
train_month_sac_gen_I_w_287,-7615.571139915964,4306.918592,422.3108412815719,11500.178890634392
