name,transf,client,payoff,total
train_month_sac_gen_J_a_18,2262.423732528923,4306.918592,422.3108412815719,1622.184018189505
