name,transf,client,payoff,total,sessions
test_6month_sac_pred_noise_2c_1,5471.7531861153875,9929.387430399998,897.4875555656347,3560.1466887189763,df_elaad_preproc_l6months.csv
