name,transf,client,payoff,total
train_month_sac_gen_J_s_10,2322.595753633519,4306.918592,418.7767869416955,1565.5460514247854
