name,transf,client,payoff,total,sessions
test_6month_sac_gen_k_16,3823.682034097882,9929.387430399998,886.8210602299855,5218.884336072131,df_elaad_preproc_l6months.csv
