name,transf,client,payoff,total
test_month_sac_c_89,1133.689284073213,1469.5622144,135.21440678133106,200.65852354545584
