name,transf,client,payoff,total
val_month_sac_gen_J_u_416,534.9826736005414,1488.30912,155.96206259448996,797.3643838049686
