name,transf,client,payoff,total
val_month_sac_gen_J_p_159,654.4717847059067,1488.30912,159.56135988924024,674.2759754048529
