name,transf,client,payoff,total,sessions
test_6month_sac_gen_5m_101,2872.184073396057,9929.387430399998,881.6875054342313,6175.515851569709,df_elaad_preproc_l6months.csv
