name,transf,client,payoff,total
val_month_sac_gen_I_t_400,678.3993878657602,1488.30912,159.56135988924024,650.3483722449994
