name,transf,client,payoff,total
train_month_sac_gen_J_o_380,2014.0127063043183,4306.918592,422.3108412815719,1870.59504441411
