name,transf,client,payoff,total,sessions
test_6month_sac_gen_1l_153,2889.032681717933,9929.387430399998,886.8210602299855,6153.53368845208,df_elaad_preproc_l6months.csv
