name,transf,client,payoff,total,sessions
test_6month_sac_gen_4l_10,3392.351396585027,9929.387430399998,886.8210602299855,5650.214973584985,df_elaad_preproc_l6months.csv
