name,transf,client,payoff,total
test_month_sac_gen_J_h_195,744.1057819645584,1468.334912,149.17516390639216,575.0539661290494
