name,transf,client,payoff,total
test_month_sac_gen_J_e_298,686.3963784197667,1468.334912,149.17516390639216,632.7633696738411
