name,transf,client,payoff,total
test_month_sac_gen_I_t_204,704.4791565828741,1468.334912,149.17516390639216,614.6805915107337
