name,transf,client,payoff,total,sessions
test_6month_sac_pred_noise_2e_194,5295.872608054277,9929.387430399998,897.4875555656347,3736.0272667800864,df_elaad_preproc_l6months.csv
