name,transf,client,payoff,total,sessions
test_6month_sac_gen_g_238,2874.7852838811386,9929.387430399998,886.8210602299855,6167.781086288875,df_elaad_preproc_l6months.csv
