name,transf,client,payoff,total,sessions
test_6month_sac_gen_k_180,2879.9201199528334,9929.387430399998,886.8210602299855,6162.64625021718,df_elaad_preproc_l6months.csv
