name,transf,client,payoff,total,sessions
test_6month_sac_pred_noise_3d_111,4468.09908185731,9929.387430399998,889.2877424740021,4572.0006060686865,df_elaad_preproc_l6months.csv
