name,transf,client,payoff,total,sessions
test_6month_sac_gen_4m_94,2981.884507237766,9929.387430399998,891.2211003728393,6056.281822789393,df_elaad_preproc_l6months.csv
