name,transf,client,payoff,total
test_month_sac_gen_J_u_387,588.5026940884973,1468.334912,148.50825484764397,731.3239630638589
