name,transf,client,payoff,total
val_month_sac_gen_J_e_203,657.3107661226221,1488.30912,159.56135988924024,671.4369939881376
