name,transf,client,payoff,total
train_month_sac_gen_J_j_167,1889.5954574013267,4306.918592,422.3108412815719,1995.0122933171015
