name,transf,client,payoff,total
test_month_sac_gen_I_u_340,671.152740342214,1468.334912,149.17516390639216,648.0070077513939
