name,transf,client,payoff,total
val_month_sac_gen_J_r_344,629.3513694828657,1488.30912,159.56135988924024,699.3963906278939
