name,transf,client,payoff,total
train_month_sac_gen_J_z_126,641.0103905668572,1488.30912,160.36167378480138,686.9370556483414
