name,transf,client,payoff,total,sessions
test_6month_sac_gen_3m_60,2968.4699103066696,9929.387430399998,889.2877424740021,6071.629777619327,df_elaad_preproc_l6months.csv
