name,transf,client,payoff,total
val_month_sac_gen_J_s_282,547.8650072610635,1488.30912,155.96206259448996,784.4820501444465
