name,transf,client,payoff,total
val_month_sac_gen_I_o_36,735.5170125638003,1488.30912,159.56135988924024,593.2307475469593
