name,transf,client,payoff,total
train_month_sac_gen_I_h_177,2035.0432105128386,4306.918592,422.3108412815719,1849.5645402055898
