name,transf,client,payoff,total
val_month_sac_gen_I_z_271,707.705967773431,1488.30912,159.56135988924024,621.0417923373286
