name,transf,client,payoff,total
val_month_sac_gen_J_g_351,636.213601606785,1488.30912,159.56135988924024,692.5341585039746
