name,transf,client,payoff,total,sessions
test_6month_sac_gen_c_143,2950.216634428215,9929.387430399998,886.8210602299855,6092.349735741798,df_elaad_preproc_l6months.csv
