name,transf,client,payoff,total
test_month_sac_gen_J_r_352,686.4295448069888,1468.334912,149.17516390639216,632.730203286619
