name,transf,client,payoff,total
val_month_sac_gen_I_q_113,756.1718076433408,1488.30912,159.56135988924024,572.5759524674188
