name,transf,client,payoff,total
test_month_sac_gen_I_c_356,671.8890662168873,1468.334912,149.17516390639216,647.2706818767206
