name,transf,client,payoff,total
val_month_sac_gen_I_j_224,656.2044254098796,1488.30912,159.56135988924024,672.54333470088
