name,transf,client,payoff,total
test_month_sac_gen_I_q_258,769.7929301976251,1468.334912,149.17516390639216,549.3668178959828
