name,transf,client,payoff,total
train_month_sac_gen_J_r_257,2007.4182282025592,4306.918592,422.3108412815719,1877.1895225158687
