name,transf,client,payoff,total,sessions
train_month_sac_pred_noise_c_133,709.1310769173315,1349.0472576000002,120.12137125779552,519.7948094248732,df_elaad_preproc_feb.csv
