name,transf,client,payoff,total,sessions
test_6month_sac_gen_1m_21,3568.0689214384097,9929.387430399998,893.2217503396156,5468.096758621973,df_elaad_preproc_l6months.csv
