name,transf,client,payoff,total,sessions
test_6month_sac_gen_1m_172,2948.8180419207106,9929.387430399998,893.2217503396156,6087.347638139671,df_elaad_preproc_l6months.csv
