name,transf,client,payoff,total
test_month_sac_gen_I_p_219,771.331796685743,1468.334912,149.17516390639216,547.8279514078648
