name,transf,client,payoff,total
val_month_sac_gen_I_v_236,657.8043250789817,1488.30912,159.56135988924024,670.9434350317779
