name,transf,client,payoff,total
val_month_sac_gen_I_b_17,723.1075178325127,1488.30912,159.56135988924024,605.6402422782469
