name,transf,client,payoff,total
train_month_sac_gen_I_y_46,188.39385006847766,4306.918592,417.11092881585404,3701.413813115668
