name,transf,client,payoff,total
train_month_sac_gen_I_i_0,3297.41548002784,4306.918592,422.3108412815719,587.1922706905879
