name,transf,client,payoff,total,sessions
test_6month_sac_gen_2m_196,2934.1016737680593,9929.387430399998,886.8210602299855,6108.464696401954,df_elaad_preproc_l6months.csv
