name,transf,client,payoff,total,sessions
test_6month_sac_pred_noise_2a_192,2733.9579260315113,9929.387430399998,897.4875555656347,6297.9419488028525,df_elaad_preproc_l6months.csv
