name,transf,client,payoff,total
val_month_sac_gen_I_u_407,647.315586896997,1488.30912,159.56135988924024,681.4321732137626
