name,transf,client,payoff,total
test_month_sac_gen_I_e_417,630.3800235942463,1468.334912,148.50825484764397,689.4466335581099
