name,transf,client,payoff,total
train_month_sac_gen_J_g_400,2007.0440303361909,4306.918592,422.3108412815719,1877.563720382237
