name,transf,client,payoff,total
train_month_sac_gen_J_z_144,929.9044913243799,1469.5622144,143.42850782419976,396.2292152514202
