name,transf,client,payoff,total,sessions
test_6month_sac_gen_1m_161,2857.653967642193,9929.387430399998,886.8210602299855,6184.91240252782,df_elaad_preproc_l6months.csv
