name,transf,client,payoff,total
train_month_sac_gen_I_y_385,172.49250295525036,4306.918592,426.64388589513175,3707.7822031496175
