name,transf,client,payoff,total
val_month_sac_gen_J_f_465,638.7149401480846,1488.30912,159.56135988924024,690.0328199626751
