name,transf,client,payoff,total
val_month_sac_gen_I_r_174,606.6213076816282,1488.30912,159.56135988924024,722.1264524291314
