name,transf,client,payoff,total
val_month_sac_gen_J_k_454,556.5443749475105,1488.30912,159.56135988924024,772.2033851632491
