name,transf,client,payoff,total,sessions
test_6month_sac_gen_k_136,2904.1352246791253,9929.387430399998,886.8210602299855,6138.4311454908875,df_elaad_preproc_l6months.csv
