name,transf,client,payoff,total
train_month_sac_gen_I_s_392,1593.7417458749837,4306.918592,422.3108412815719,2290.8660048434444
