name,transf,client,payoff,total,sessions
test_6month_sac_pred_noise_4c_167,3526.4629330758594,9929.387430399998,891.2211003728393,5511.7033969512995,df_elaad_preproc_l6months.csv
