name,transf,client,payoff,total
val_month_sac_gen_I_t_285,674.7770448074468,1488.30912,159.56135988924024,653.9707153033128
