name,transf,client,payoff,total
train_month_sac_gen_I_c_189,2101.951493346499,4306.918592,422.3108412815719,1782.6562573719293
