name,transf,client,payoff,total
val_month_sac_gen_J_v_390,599.1393313556077,1488.30912,155.96206259448996,733.2077260499022
