name,transf,client,payoff,total
test_month_sac_gen_I_k_244,693.3090555067729,1468.334912,149.17516390639216,625.850692586835
