name,transf,client,payoff,total,sessions
test_6month_sac_pred_noise_2d_199,4502.475575220757,9929.387430399998,897.4875555656347,4529.424299613607,df_elaad_preproc_l6months.csv
