name,transf,client,payoff,total
test_month_sac_gen_J_o_30,726.615886813793,1468.334912,149.17516390639216,592.5438612798148
