name,transf,client,payoff,total
train_month_sac_gen_I_s_299,1612.7972376840687,4306.918592,422.3108412815719,2271.8105130343592
