name,transf,client,payoff,total,sessions
test_6month_sac_gen_5m_130,3037.6835821030263,9929.387430399998,881.6875054342313,6010.01634286274,df_elaad_preproc_l6months.csv
