name,transf,client,payoff,total
train_month_sac_gen_J_z_202,526.0311942195774,1349.0472576000002,118.52108264296339,704.4949807374594
