name,transf,client,payoff,total
train_month_sac_gen_I_i_43,2151.5658159245763,4306.918592,422.3108412815719,1733.0419347938519
