name,transf,client,payoff,total
val_month_sac_gen_I_s_18,730.9226244422938,1488.30912,159.56135988924024,597.8251356684659
