name,transf,client,payoff,total
val_month_sac_gen_I_r_327,597.3381310447255,1488.30912,159.56135988924024,731.4096290660341
