name,transf,client,payoff,total
val_month_sac_gen_J_u_137,585.6032532849672,1488.30912,155.96206259448996,746.7438041205428
