name,transf,client,payoff,total,sessions
test_6month_sac_pred_noise_2c_105,3592.859332392146,9929.387430399998,897.4875555656347,5439.040542442218,df_elaad_preproc_l6months.csv
