name,transf,client,payoff,total
train_month_sac_gen_J_e_451,1990.9468059778358,4306.918592,422.3108412815719,1893.6609447405926
