name,transf,client,payoff,total
train_month_sac_gen_I_h_193,2031.300817066351,4306.918592,422.3108412815719,1853.306933652077
