name,transf,client,payoff,total,sessions
test_6month_sac_pred_noise_4d_171,4513.2221563642715,9929.387430399998,891.2211003728393,4524.944173662888,df_elaad_preproc_l6months.csv
