name,transf,client,payoff,total
month_sac_IX_j,1021.5770453403492,1469.5622144,138.2152302812802,309.7699387783705
