name,transf,client,payoff,total
test_month_sac_gen_J_q_342,680.5781006383381,1468.334912,149.17516390639216,638.5816474552697
