name,transf,client,payoff,total
test_month_sac_gen_I_u_17,794.1067006380608,1468.334912,149.17516390639216,525.053047455547
