name,transf,client,payoff,total
test_month_sac_gen_J_a_454,682.1265562773683,1468.334912,149.17516390639216,637.0331918162395
