name,transf,client,payoff,total
train_month_sac_gen_I_k_61,2147.499554753237,4306.918592,422.3108412815719,1737.108195965191
