name,transf,client,payoff,total
val_month_sac_gen_I_r_166,609.0550933422016,1488.30912,159.56135988924024,719.692666768558
