name,transf,client,payoff,total
val_month_sac_gen_J_c_6,795.9743750672623,1488.30912,159.56135988924024,532.7733850434975
