name,transf,client,payoff,total
test_month_sac_gen_J_t_100,700.5723829451815,1468.334912,148.50825484764397,619.2542742071746
