name,transf,client,payoff,total
test_month_sac_gen_J_v_189,656.6030892026545,1468.334912,148.50825484764397,663.2235679497016
