name,transf,client,payoff,total,sessions
test_6month_sac_gen_3l_97,2942.324837010301,9929.387430399998,886.8210602299855,6100.241533159711,df_elaad_preproc_l6months.csv
