name,transf,client,payoff,total
test_month_sac_gen_J_i_28,824.1476330459424,1468.334912,149.17516390639216,495.0121150476655
