name,transf,client,payoff,total
month_sac_IX_i,919.0194360575097,1469.5622144,138.41426367662484,412.1285146658654
