name,transf,client,payoff,total
test_month_sac_gen_I_t_168,703.2585524275798,1468.334912,149.17516390639216,615.901195666028
