name,transf,client,payoff,total
test_month_sac_gen_I_i_411,711.4005041119574,1468.334912,149.17516390639216,607.7592439816505
