name,transf,client,payoff,total,sessions
test_6month_sac_gen_1l_56,3053.649057811771,9929.387430399998,886.8210602299855,5988.917312358242,df_elaad_preproc_l6months.csv
