name,transf,client,payoff,total
month_sac_IX_i,857.9333530751267,1469.5622144,137.61495502138308,474.01390630349016
