name,transf,client,payoff,total,sessions
test_6month_sac_gen_5l_146,2869.8029745547865,9929.387430399998,886.8210602299855,6172.763395615226,df_elaad_preproc_l6months.csv
