name,transf,client,payoff,total
test_month_sac_c_101,1144.6454251063137,1469.5622144,135.21440678133106,189.70238251235511
