name,transf,client,payoff,total
test_month_sac_gen_J_o_290,687.7872918398471,1468.334912,149.17516390639216,631.3724562537608
