name,transf,client,payoff,total
test_month_sac_gen_J_w_441,578.6397340020875,1468.334912,148.50825484764397,741.1869231502685
