name,transf,client,payoff,total,sessions
test_6month_sac_pred_noise_5d_195,4536.888790592984,9929.387430399998,881.6875054342313,4510.811134372783,df_elaad_preproc_l6months.csv
