name,transf,client,payoff,total
train_month_sac_gen_I_f_220,2098.4672861742692,4306.918592,421.11038371791597,1787.3409221078148
