name,transf,client,payoff,total,sessions
test_6month_sac_gen_3m_61,2962.5168281976744,9929.387430399998,886.8210602299855,6080.0495419723375,df_elaad_preproc_l6months.csv
