name,transf,client,payoff,total
val_month_sac_gen_I_f_279,655.787358177548,1488.30912,158.8282254603323,673.6935363621196
