name,transf,client,payoff,total
test_month_sac_gen_I_z_145,734.1250773977736,1468.334912,149.17516390639216,585.0346706958343
