name,transf,client,payoff,total
test_month_sac_gen_J_f_470,665.0225716493027,1468.334912,149.17516390639216,654.1371764443052
