name,transf,client,payoff,total,sessions
test_6month_sac_pred_noise_5e_121,5307.299588376723,9929.387430399998,881.6875054342313,3740.4003365890444,df_elaad_preproc_l6months.csv
