name,transf,client,payoff,total,sessions
test_6month_sac_pred_noise_1a_126,3014.328962441325,9929.387430399998,893.2217503396156,6021.836717619058,df_elaad_preproc_l6months.csv
