name,transf,client,payoff,total
test_month_sac_gen_J_g_110,685.772340068136,1468.334912,149.17516390639216,633.3874080254718
