name,transf,client,payoff,total,sessions
test_6month_sac_gen_2o_197,2946.8838022313644,9929.387430399998,886.8210602299855,6095.6825679386475,df_elaad_preproc_l6months.csv
