name,transf,client,payoff,total
train_month_sac_gen_J_n_270,1839.6773463101,4306.918592,422.3108412815719,2044.9304044083283
