name,transf,client,payoff,total
test_month_sac_gen_I_v_492,686.8747350646921,1468.334912,149.17516390639216,632.2850130289157
