name,transf,client,payoff,total
val_month_sac_gen_J_l_123,624.3568330289844,1488.30912,159.56135988924024,704.3909270817753
