name,transf,client,payoff,total,sessions
test_6month_sac_gen_f_203,2867.3248347638228,9929.387430399998,886.8210602299855,6175.24153540619,df_elaad_preproc_l6months.csv
