name,transf,client,payoff,total
test_month_sac_gen_f_6,800.7929678963397,1488.30912,159.56135988924024,527.95479221442
