name,transf,client,payoff,total
val_month_sac_b_14,2232.655850866124,2277.450960542104,145.3079860330326,-100.51287635705279
