name,transf,client,payoff,total,sessions
test_6month_sac_gen_2n_8,3657.726503666503,9929.387430399998,886.8210602299855,5384.839866503509,df_elaad_preproc_l6months.csv
