name,transf,client,payoff,total,sessions
test_6month_sac_pred_noise_3c_149,3542.740062736242,9929.387430399998,889.2877424740021,5497.359625189754,df_elaad_preproc_l6months.csv
