name,transf,client,payoff,total
val_month_sac_gen_J_j_220,615.4381058201504,1488.30912,159.56135988924024,713.3096542906092
