name,transf,client,payoff,total
train_month_sac_gen_J_a_400,1982.3789185402832,4306.918592,422.3108412815719,1902.2288321781452
