name,transf,client,payoff,total
val_month_sac_gen_J_t_145,617.3683559063073,1488.30912,155.96206259448996,714.9787014992025
