name,transf,client,payoff,total
test_month_sac_gen_I_g_109,762.7208510831431,1468.334912,149.17516390639216,556.4388970104648
