name,transf,client,payoff,total
train_month_sac_gen_J_y_147,653.0094037817906,1488.30912,158.42824806138017,676.8714681568291
