name,transf,client,payoff,total
train_month_sac_gen_J_s_306,1856.4351251529629,4306.918592,421.4439874773858,2029.0394793696514
