name,transf,client,payoff,total
test_month_sac_gen_J_h_449,726.3408329498585,1468.334912,149.17516390639216,592.8189151437493
