name,transf,client,payoff,total
train_month_sac_gen_I_j_442,2020.8489061160483,4306.918592,422.3108412815719,1863.7588446023801
