name,transf,client,payoff,total
val_month_sac_gen_J_w_241,556.3805703764278,1488.30912,155.96206259448996,775.9664870290821
