name,transf,client,payoff,total
test_month_sac_gen_J_j_485,643.2565359084442,1468.334912,149.17516390639216,675.9032121851636
