name,transf,client,payoff,total
train_month_sac_gen_J_l_433,1805.7091981531153,4306.918592,422.3108412815719,2078.898552565313
