name,transf,client,payoff,total
val_month_sac_gen_I_c_246,639.3158895572166,1488.30912,159.56135988924024,689.4318705535431
