name,transf,client,payoff,total
test_month_sac_gen_I_t_240,698.2554997495172,1468.334912,149.17516390639216,620.9042483440907
