name,transf,client,payoff,total
val_month_sac_gen_I_f_2,771.3401054128982,1488.30912,158.8282254603323,558.1407891267694
