name,transf,client,payoff,total
train_month_sac_gen_I_c_195,2092.5620867104553,4306.918592,422.3108412815719,1792.0456640079728
