name,transf,client,payoff,total
val_month_sac_gen_J_l_366,588.5698990048415,1488.30912,159.56135988924024,740.177861105918
