name,transf,client,payoff,total
test_month_sac_gen_I_d_431,667.0026323952931,1468.334912,149.17516390639216,652.1571156983148
