name,transf,client,payoff,total
test_month_sac_gen_I_j_209,720.7637636912152,1468.334912,149.17516390639216,598.3959844023926
