name,transf,client,payoff,total,sessions
test_6month_sac_pred_noise_4d_232,4468.625571852053,9929.387430399998,891.2211003728393,4569.540758175106,df_elaad_preproc_l6months.csv
