name,transf,client,payoff,total,sessions
test_6month_sac_pred_noise_3b_268,3189.818517616383,9929.387430399998,889.2877424740021,5850.281170309614,df_elaad_preproc_l6months.csv
