name,transf,client,payoff,total
train_month_sac_gen_J_k_67,1939.9054598385608,4306.918592,422.3108412815719,1944.7022908798672
