name,transf,client,payoff,total
test_month_sac_gen_J_h_378,734.2005019752266,1468.334912,149.17516390639216,584.9592461183812
