name,transf,client,payoff,total,sessions
test_6month_sac_gen_2o_198,2897.90306291453,9929.387430399998,886.8210602299855,6144.663307255483,df_elaad_preproc_l6months.csv
