name,transf,client,payoff,total
test_month_sac_gen_J_r_457,677.8821672028498,1468.334912,149.17516390639216,641.277580890758
