name,transf,client,payoff,total
test_month_sac_gen_I_x_135,764.5407682126927,1468.334912,149.17516390639216,554.6189798809152
