name,transf,client,payoff,total
train_month_sac_gen_J_s_62,2031.022987578813,4306.918592,423.3108346063852,1852.584769814802
