name,transf,client,payoff,total,sessions
test_6month_sac_pred_noise_4b_172,3164.7173872380195,9929.387430399998,891.2211003728393,5873.44894278914,df_elaad_preproc_l6months.csv
