name,transf,client,payoff,total,sessions
test_6month_sac_pred_noise_3e_108,5306.730235320501,9929.387430399998,889.2877424740021,3733.3694526054946,df_elaad_preproc_l6months.csv
