name,transf,client,payoff,total
train_month_sac_gen_J_r_308,2005.270780307935,4306.918592,422.3108412815719,1879.3369704104934
