name,transf,client,payoff,total,sessions
test_6month_sac_pred_noise_3a_122,2902.038594612485,9929.387430399998,889.2877424740021,6138.061093313511,df_elaad_preproc_l6months.csv
