name,transf,client,payoff,total
train_month_sac_gen_J_j_226,1855.5416724405663,4306.918592,422.3108412815719,2029.0660782778618
