name,transf,client,payoff,total,sessions
test_6month_sac_gen_b_155,2950.2449993702617,9929.387430399998,886.8210602299855,6092.321370799751,df_elaad_preproc_l6months.csv
