name,transf,client,payoff,total,sessions
test_6month_sac_pred_noise_3a_72,3066.6714968212946,9929.387430399998,889.2877424740021,5973.428191104702,df_elaad_preproc_l6months.csv
