name,transf,client,payoff,total
train_month_sac_gen_J_b_473,1991.9122850633066,4306.918592,422.3108412815719,1892.6954656551216
