name,transf,client,payoff,total
val_month_sac_gen_J_s_3,761.0131498668251,1488.30912,155.96206259448996,571.3339075386848
