name,transf,client,payoff,total
train_month_sac_gen_I_w_263,-7617.321788183869,4306.918592,422.3108412815719,11501.929538902297
