name,transf,client,payoff,total
val_month_sac_gen_I_e_269,599.979183690423,1488.30912,155.96206259448996,732.367873715087
