name,transf,client,payoff,total,sessions
test_6month_sac_pred_noise_1a_80,3066.0515936039546,9929.387430399998,893.2217503396156,5970.114086456428,df_elaad_preproc_l6months.csv
