name,transf,client,payoff,total
train_month_sac_gen_I_x_71,-7271.934626453742,4306.918592,420.4438324377625,11158.40938601598
