name,transf,client,payoff,total,sessions
test_month_sac_gen_G_c_278,1140.6302356043982,1468.334912,148.50825484764397,179.19642154795787,df_elaad_preproc_apr.csv
