name,transf,client,payoff,total,sessions
test_6month_sac_pred_noise_5e_223,5441.166427303906,9929.387430399998,881.6875054342313,3606.533497661861,df_elaad_preproc_l6months.csv
