name,transf,client,payoff,total
test_month_sac_gen_G_b_236,642.3318837296613,1468.334912,148.64140204911905,677.3616262212197
