name,transf,client,payoff,total
test_month_sac_gen_J_l_89,726.6072410435459,1468.334912,149.17516390639216,592.552507050062
