name,transf,client,payoff,total
train_month_sac_gen_J_w_45,2108.6487366253577,4306.918592,424.17597990161346,1774.0938754730287
