name,transf,client,payoff,total
test_month_sac_gen_I_f_300,735.2000330497901,1468.334912,147.8419170286109,585.292961921599
