name,transf,client,payoff,total
train_month_sac_gen_J_v_245,2071.7381773975308,4306.918592,417.9096673275943,1817.2707472748748
