name,transf,client,payoff,total
train_month_sac_gen_J_p_445,1988.8936270093081,4306.918592,422.3108412815719,1895.71412370912
