name,transf,client,payoff,total
train_month_sac_gen_I_u_498,-101.44115169785181,4306.918592,422.3108412815719,3986.04890241628
