name,transf,client,payoff,total
val_month_sac_gen_J_g_482,640.7857423530395,1488.30912,159.56135988924024,687.9620177577201
