name,transf,client,payoff,total
val_month_sac_gen_J_r_10,720.5981139270598,1488.30912,159.56135988924024,608.1496461836998
