name,transf,client,payoff,total
test_month_sac_gen_I_i_315,711.2479402777425,1468.334912,149.17516390639216,607.9118078158654
