name,transf,client,payoff,total
val_month_sac_gen_I_t_59,743.1571488746602,1488.30912,159.56135988924024,585.5906112360994
