name,transf,client,payoff,total
test_month_sac_gen_J_q_297,681.5545481713818,1468.334912,149.17516390639216,637.605199922226
