name,transf,client,payoff,total
test_month_sac_gen_J_q_231,690.7310463879584,1468.334912,149.17516390639216,628.4287017056495
