name,transf,client,payoff,total
train_month_sac_gen_J_l_228,1854.9419905963537,4306.918592,422.3108412815719,2029.6657601220745
