name,transf,client,payoff,total,sessions
test_6month_sac_gen_2m_183,2928.006839647619,9929.387430399998,897.4875555656347,6103.893035186745,df_elaad_preproc_l6months.csv
