name,transf,client,payoff,total
test_month_sac_gen_d_3,829.1806041069335,1488.30912,159.56135988924024,499.56715600382614
