name,transf,client,payoff,total,sessions
train_month_sac_pred_noise_d_224,704.0882797790671,1349.0472576000002,119.25449583354467,525.7044819873885,df_elaad_preproc_feb.csv
