name,transf,client,payoff,total
test_month_sac_gen_J_l_23,781.2628049954544,1468.334912,149.17516390639216,537.8969430981534
