name,transf,client,payoff,total
val_month_sac_gen_J_y_280,589.2282484144386,1488.30912,155.96206259448996,743.1188089910713
