name,transf,client,payoff,total
val_month_sac_gen_J_c_139,708.0398872002958,1488.30912,159.56135988924024,620.707872910464
