name,transf,client,payoff,total
val_month_sac_gen_J_l_488,587.9860238188221,1488.30912,159.56135988924024,740.7617362919375
