name,transf,client,payoff,total
test_month_sac_gen_J_u_68,622.8550256944064,1468.334912,148.50825484764397,696.9716314579496
