name,transf,client,payoff,total,sessions
test_6month_sac_pred_noise_4b_175,3173.353912892901,9929.387430399998,891.2211003728393,5864.812417134259,df_elaad_preproc_l6months.csv
