name,transf,client,payoff,total
train_month_sac_gen_I_v_191,-24.687351510540452,4306.918592,418.1773480201892,3913.4285954903517
