name,transf,client,payoff,total
test_month_sac_gen_I_f_473,731.1725428272621,1468.334912,147.8419170286109,589.3204521441271
