name,transf,client,payoff,total,sessions
test_6month_sac_gen_2m_16,3543.3854082449598,9929.387430399998,897.4875555656347,5488.514466589404,df_elaad_preproc_l6months.csv
