name,transf,client,payoff,total
val_month_sac_gen_I_f_150,674.4908384026666,1488.30912,158.8282254603323,654.990056137001
