name,transf,client,payoff,total
test_month_sac_gen_I_z_423,726.844103107497,1468.334912,149.17516390639216,592.3156449861109
