name,transf,client,payoff,total,sessions
6month_sac_disagg_5d_PF,4343.056396270391,9929.387430399998,881.6875054342313,4704.6435286953765,df_elaad_preproc_l6months.csv
