name,transf,client,payoff,total,sessions
test_6month_sac_gen_3l_150,2872.2449704569362,9929.387430399998,886.8210602299855,6170.321399713077,df_elaad_preproc_l6months.csv
