name,transf,client,payoff,total
train_month_sac_gen_J_u_78,2072.244542323689,4306.918592,421.5783036642921,1813.095746012019
