name,transf,client,payoff,total
val_month_sac_gen_I_d_475,630.1757241386766,1488.30912,159.56135988924024,698.5720359720831
