name,transf,client,payoff,total
test_month_sac_gen_I_w_357,657.3331865251877,1468.334912,149.17516390639216,661.8265615684202
