name,transf,client,payoff,total
val_month_sac_gen_I_r_424,593.6077367132986,1488.30912,159.56135988924024,735.1400233974612
