name,transf,client,payoff,total
test_month_sac_gen_I_n_239,653.3693473222726,1468.334912,149.17516390639216,665.7904007713353
