name,transf,client,payoff,total
train_month_sac_gen_I_f_280,2089.933192487839,4306.918592,421.11038371791597,1795.8750157942452
