name,transf,client,payoff,total
test_month_sac_gen_b_11,764.3983009285778,1488.30912,159.56135988924024,564.3494591821818
