name,transf,client,payoff,total,sessions
test_6month_sac_pred_noise_5e_183,5185.432482070406,9929.387430399998,881.6875054342313,3862.267442895361,df_elaad_preproc_l6months.csv
