name,transf,client,payoff,total
test_month_sac_gen_I_f_263,743.3059095628018,1468.334912,147.8419170286109,577.1870854085873
