name,transf,client,payoff,total
val_month_sac_gen_I_e_214,610.9788787552834,1488.30912,155.96206259448996,721.3681786502266
