name,transf,client,payoff,total
test_month_sac_gen_I_u_483,681.5032443095479,1468.334912,149.17516390639216,637.65650378406
