name,transf,client,payoff,total
val_month_sac_gen_J_h_340,664.0357334874288,1488.30912,159.56135988924024,664.7120266233308
