name,transf,client,payoff,total
train_month_sac_gen_I_r_117,1995.0593670516823,4306.918592,419.84382946365963,1892.015395484658
