name,transf,client,payoff,total
test_month_sac_gen_I_i_420,708.927497650647,1468.334912,149.17516390639216,610.2322504429609
