name,transf,client,payoff,total,sessions
test_6month_sac_gen_2o_61,2962.735192475901,9929.387430399998,886.8210602299855,6079.831177694112,df_elaad_preproc_l6months.csv
