name,transf,client,payoff,total,sessions
test_6month_sac_gen_1m_184,2925.671717113606,9929.387430399998,893.2217503396156,6110.493962946776,df_elaad_preproc_l6months.csv
