name,transf,client,payoff,total
train_month_sac_gen_I_y_461,-294.9473436192952,4306.918592,426.9106693943604,4174.955266224934
