name,transf,client,payoff,total
train_month_sac_gen_I_t_141,1975.9551541729581,4306.918592,418.37718976673574,1912.5862480603064
