name,transf,client,payoff,total
val_month_sac_gen_J_a_170,650.5818565703903,1488.30912,159.56135988924024,678.1659035403693
