name,transf,client,payoff,total
train_month_sac_gen_I_e_157,2083.1698555848448,4306.918592,417.9096673275943,1805.8390690875608
