name,transf,client,payoff,total
train_month_sac_gen_I_m_414,1966.6283634355782,4306.918592,422.3108412815719,1917.97938728285
