name,transf,client,payoff,total,sessions
test_6month_sac_pred_noise_5c_56,3547.2225047735997,9929.387430399998,881.6875054342313,5500.477420192168,df_elaad_preproc_l6months.csv
