name,transf,client,payoff,total,sessions
test_6month_sac_pred_noise_4c_82,3520.8931800840455,9929.387430399998,891.2211003728393,5517.273149943114,df_elaad_preproc_l6months.csv
