name,transf,client,payoff,total,sessions
test_6month_sac_pred_noise_2e_226,5134.7739995693755,9929.387430399998,897.4875555656347,3897.1258752649883,df_elaad_preproc_l6months.csv
