name,transf,client,payoff,total
val_month_sac_gen_I_w_496,663.6671652140667,1488.30912,159.56135988924024,665.0805948966929
