name,transf,client,payoff,total,sessions
test_6month_sac_pred_noise_2e_87,5488.862263464313,9929.387430399998,897.4875555656347,3543.0376113700504,df_elaad_preproc_l6months.csv
