name,transf,client,payoff,total
train_month_sac_gen_I_i_2,2719.2095793237236,4306.918592,422.3108412815719,1165.3981713947046
