name,transf,client,payoff,total
train_month_sac_c_705,1029.0157780442673,2289.492687923877,157.2012507240518,1103.2756591555578
