name,transf,client,payoff,total
val_month_sac_gen_J_f_413,634.7252387779382,1488.30912,159.56135988924024,694.0225213328215
