name,transf,client,payoff,total
val_month_sac_gen_J_f_12,714.5784584404098,1488.30912,159.56135988924024,614.1693016703498
