name,transf,client,payoff,total
val_month_sac_gen_I_k_278,645.2413359118644,1488.30912,159.56135988924024,683.5064241988953
