name,transf,client,payoff,total
val_month_sac_gen_J_j_255,608.5463695437089,1488.30912,159.56135988924024,720.2013905670508
