name,transf,client,payoff,total
train_month_sac_gen_I_x_174,-6726.743476468975,4306.918592,414.5094332228307,10619.152635246144
