name,transf,client,payoff,total
test_month_sac_gen_I_f_352,734.5375276944831,1468.334912,147.8419170286109,585.9554672769061
