name,transf,client,payoff,total,sessions
train_month_sac_gen_G_c_19,673.6915174658732,1349.0472576000002,119.98799907125903,555.3677410628679,df_elaad_preproc_feb.csv
