name,transf,client,payoff,total,sessions
test_6month_sac_gen_j_166,2997.173760512641,9929.387430399998,886.8210602299855,6045.392609657372,df_elaad_preproc_l6months.csv
