name,transf,client,payoff,total
val_month_sac_gen_J_j_441,592.3525752952535,1488.30912,159.56135988924024,736.3951848155061
