name,transf,client,payoff,total
test_month_sac_gen_I_z_457,723.1747852620074,1468.334912,149.17516390639216,595.9849628316005
