name,transf,client,payoff,total
val_month_sac_gen_I_t_106,711.6472670576615,1488.30912,159.56135988924024,617.1004930530983
