name,transf,client,payoff,total
train_month_sac_gen_I_s_88,1731.3753907867836,4306.918592,422.3108412815719,2153.2323599316446
