name,transf,client,payoff,total
test_month_sac_gen_I_a_313,701.8024347625085,1468.334912,149.17516390639216,617.3573133310994
