name,transf,client,payoff,total,sessions
test_6month_sac_pred_noise_3c_116,3647.812342457923,9929.387430399998,889.2877424740021,5392.287345468074,df_elaad_preproc_l6months.csv
