name,transf,client,payoff,total
val_month_sac_gen_I_x_467,693.3704300964374,1488.30912,159.56135988924024,635.3773300143223
