name,transf,client,payoff,total
test_month_sac_gen_J_d_385,701.5713555587215,1468.334912,149.17516390639216,617.5883925348863
