name,transf,client,payoff,total
train_month_sac_gen_I_h_210,2027.2251132386425,4306.918592,422.3108412815719,1857.3826374797854
