name,transf,client,payoff,total
train_month_sac_gen_I_q_375,2256.0746383684955,4306.918592,422.3108412815719,1628.5331123499327
