name,transf,client,payoff,total,sessions
test_6month_sac_pred_noise_4d_104,4613.625011670803,9929.387430399998,891.2211003728393,4424.541318356356,df_elaad_preproc_l6months.csv
