name,transf,client,payoff,total
train_month_sac_gen_I_k_400,2006.1396028125976,4306.918592,422.3108412815719,1878.4681479058308
