name,transf,client,payoff,total
val_month_sac_gen_J_m_425,596.0427515147429,1488.30912,159.56135988924024,732.7050085960168
