name,transf,client,payoff,total
test_month_sac_gen_J_y_250,625.0009552893314,1468.334912,148.50825484764397,694.8257018630247
