name,transf,client,payoff,total,sessions
test_6month_sac_gen_5m_153,2890.33558470344,9929.387430399998,886.8210602299855,6152.230785466572,df_elaad_preproc_l6months.csv
