name,transf,client,payoff,total
val_month_sac_gen_I_k_429,646.5166722268673,1488.30912,159.56135988924024,682.2310878838923
