name,transf,client,payoff,total
train_month_sac_gen_I_o_21,2299.8364434340033,4306.918592,422.3108412815719,1584.771307284425
