name,transf,client,payoff,total
val_month_sac_gen_J_l_405,588.1890229087287,1488.30912,159.56135988924024,740.5587372020309
