name,transf,client,payoff,total,sessions
test_6month_sac_gen_k_163,2876.4540022626684,9929.387430399998,886.8210602299855,6166.112367907344,df_elaad_preproc_l6months.csv
