name,transf,client,payoff,total
val_month_sac_gen_J_f_187,649.792903136328,1488.30912,159.56135988924024,678.9548569744316
