name,transf,client,payoff,total,sessions
test_6month_sac_gen_2o_10,3549.2516285097067,9929.387430399998,886.8210602299855,5493.314741660306,df_elaad_preproc_l6months.csv
