name,transf,client,payoff,total
train_month_sac_gen_I_a_352,2020.6859868877605,4306.918592,422.3108412815719,1863.9217638306677
