name,transf,client,payoff,total
train_month_sac_gen_J_d_308,2040.0712354084146,4306.918592,422.3108412815719,1844.5365153100138
