name,transf,client,payoff,total,sessions
test_6month_sac_gen_f_211,2881.887833114956,9929.387430399998,886.8210602299855,6160.678537055057,df_elaad_preproc_l6months.csv
