name,transf,client,payoff,total
test_month_sac_gen_I_p_77,767.1125153565422,1468.334912,149.17516390639216,552.0472327370657
