name,transf,client,payoff,total
train_month_sac_gen_c_32,-1944.723828600561,1469.5622144,139.62770960497966,3274.6583333955814
