name,transf,client,payoff,total
test_month_sac_gen_I_y_337,676.306286277889,1468.334912,149.17516390639216,642.8534618157189
