name,transf,client,payoff,total
val_month_sac_gen_I_w_414,657.3037694863815,1488.30912,159.56135988924024,671.4439906243781
