name,transf,client,payoff,total
val_month_sac_gen_I_h_165,652.3450922261685,1488.30912,159.56135988924024,676.4026678845912
