name,transf,client,payoff,total
train_month_sac_gen_J_j_442,1830.6073655259438,4306.918592,422.3108412815719,2054.0003851924844
