name,transf,client,payoff,total,sessions
test_6month_sac_gen_1m_174,2905.3639661070865,9929.387430399998,893.2217503396156,6130.801713953296,df_elaad_preproc_l6months.csv
