name,transf,client,payoff,total
test_month_sac_gen_J_u_211,617.4434477029251,1468.334912,148.50825484764397,702.383209449431
