name,transf,client,payoff,total,sessions
test_6month_sac_pred_noise_3a_167,2964.1000116333944,9929.387430399998,889.2877424740021,6075.999676292602,df_elaad_preproc_l6months.csv
