name,transf,client,payoff,total
val_month_sac_gen_I_a_281,658.1602602023343,1488.30912,159.56135988924024,670.5874999084253
