name,transf,client,payoff,total,sessions
test_6month_sac_pred_noise_1c_196,3569.831132799408,9929.387430399998,893.2217503396156,5466.334547260974,df_elaad_preproc_l6months.csv
