name,transf,client,payoff,total
test_month_sac_gen_I_a_376,696.7375842441866,1468.334912,149.17516390639216,622.4221638494213
