name,transf,client,payoff,total,sessions
test_6month_sac_gen_3l_52,2991.636987723333,9929.387430399998,886.8210602299855,6050.92938244668,df_elaad_preproc_l6months.csv
