name,transf,client,payoff,total
val_month_sac_gen_I_f_175,665.1697321173172,1488.30912,158.8282254603323,664.3111624223504
