name,transf,client,payoff,total
train_month_sac_gen_I_v_354,36.4287142786028,4306.918592,422.4446435168645,3848.045234204533
