name,transf,client,payoff,total,sessions
test_6month_sac_pred_noise_1c_28,3717.8952388724456,9929.387430399998,893.2217503396156,5318.270441187937,df_elaad_preproc_l6months.csv
