name,transf,client,payoff,total
val_month_sac_c_222,1853.4889066200851,2277.450960542104,145.3079860330326,278.6540678889863
