name,transf,client,payoff,total,sessions
test_6month_sac_gen_5m_24,3308.076672682784,9929.387430399998,881.6875054342313,5739.623252282983,df_elaad_preproc_l6months.csv
