name,transf,client,payoff,total,sessions
test_6month_sac_pred_noise_1d_29,4644.678146960274,9929.387430399998,893.2217503396156,4391.4875331001085,df_elaad_preproc_l6months.csv
