name,transf,client,payoff,total
test_month_sac_gen_I_e_235,638.6543418235931,1468.334912,148.50825484764397,681.172315328763
