name,transf,client,payoff,total
test_month_sac_gen_I_k_118,734.0460561788545,1468.334912,149.17516390639216,585.1136919147533
