name,transf,client,payoff,total
train_month_sac_c_350,1059.5449819930695,2289.492687923877,157.2012507240518,1072.7464552067556
