name,transf,client,payoff,total
test_month_sac_gen_J_w_239,592.0188525742176,1468.334912,148.50825484764397,727.8078045781385
