name,transf,client,payoff,total
train_month_sac_gen_I_f_52,2246.659355792821,4306.918592,421.11038371791597,1639.1488524892632
