name,transf,client,payoff,total
val_month_sac_gen_J_f_461,636.3371223238005,1488.30912,159.56135988924024,692.4106377869591
