name,transf,client,payoff,total
test_month_sac_gen_I_q_152,771.855381482243,1468.334912,149.17516390639216,547.3043666113648
