name,transf,client,payoff,total,sessions
test_6month_sac_pred_noise_1a_168,2924.8685806258527,9929.387430399998,893.2217503396156,6111.29709943453,df_elaad_preproc_l6months.csv
