name,transf,client,payoff,total
val_month_sac_gen_J_g_138,662.3304027160841,1488.30912,159.56135988924024,666.4173573946755
