name,transf,client,payoff,total
val_month_sac_gen_J_s_176,567.718029630176,1488.30912,155.96206259448996,764.629027775334
