name,transf,client,payoff,total
train_month_sac_gen_I_h_283,2012.0938220389255,4306.918592,422.3108412815719,1872.513928679503
