name,transf,client,payoff,total
train_month_sac_gen_J_x_222,603.9198517113362,1349.0472576000002,120.52077346518433,624.6066324234797
