name,transf,client,payoff,total
test_month_sac_gen_I_u_294,671.5485007046507,1468.334912,149.17516390639216,647.6112473889572
