name,transf,client,payoff,total
val_month_sac_gen_I_c_138,660.4064604156047,1488.30912,159.56135988924024,668.3412996951549
