name,transf,client,payoff,total
train_month_sac_gen_J_z_272,474.7999497467794,1349.0472576000002,121.58749255752828,752.6598152956924
