name,transf,client,payoff,total
val_month_sac_gen_J_e_457,654.4961086259698,1488.30912,159.56135988924024,674.2516514847898
