name,transf,client,payoff,total
val_month_sac_gen_J_b_463,636.9014064134931,1488.30912,159.56135988924024,691.8463536972665
