name,transf,client,payoff,total
test_month_sac_gen_J_y_63,667.0307787748267,1468.334912,148.50825484764397,652.7958783775293
