name,transf,client,payoff,total,sessions
test_6month_sac_pred_noise_4a_18,3342.5782502898505,9929.387430399998,891.2211003728393,5695.588079737308,df_elaad_preproc_l6months.csv
