name,transf,client,payoff,total,sessions
test_6month_sac_gen_4m_113,3012.599730084814,9929.387430399998,891.2211003728393,6025.566599942345,df_elaad_preproc_l6months.csv
