name,transf,client,payoff,total,sessions
test_6month_sac_gen_1m_54,3108.093619059101,9929.387430399998,893.2217503396156,5928.072061001281,df_elaad_preproc_l6months.csv
