name,transf,client,payoff,total
test_month_sac_gen_I_n_291,651.9822966040133,1468.334912,149.17516390639216,667.1774514895945
