name,transf,client,payoff,total
val_month_sac_gen_J_f_449,630.7547418709769,1488.30912,159.56135988924024,697.9930182397827
