name,transf,client,payoff,total
train_month_sac_gen_I_b_32,2179.602278099417,4306.918592,422.3108412815719,1705.005472619011
