name,transf,client,payoff,total
train_month_sac_gen_I_x_481,-7099.423788245502,4306.918592,421.9103615637023,10984.4320186818
