name,transf,client,payoff,total
val_month_sac_gen_I_l_111,672.6279402367395,1488.30912,159.56135988924024,656.1198198740201
