name,transf,client,payoff,total,sessions
f6_Optim,2251.240621235044,8371.850816,843.0377176876053,5277.572477077351,df_elaad_preproc_f6months.csv
