name,transf,client,payoff,total
val_month_sac_gen_J_p_154,650.0724410530834,1488.30912,159.56135988924024,678.6753190576762
