name,transf,client,payoff,total,sessions
test_6month_sac_gen_g_7,3917.4694669368996,9929.387430399998,886.8210602299855,5125.096903233112,df_elaad_preproc_l6months.csv
