name,transf,client,payoff,total
test_month_sac_gen_I_i_22,778.3932081887644,1468.334912,149.17516390639216,540.7665399048434
