name,transf,client,payoff,total
val_month_sac_gen_J_m_342,609.1746440228312,1488.30912,159.56135988924024,719.5731160879284
