name,transf,client,payoff,total,sessions
test_6month_sac_pred_noise_2d_129,4509.014603748542,9929.387430399998,897.4875555656347,4522.885271085822,df_elaad_preproc_l6months.csv
