name,transf,client,payoff,total
train_month_sac_gen_J_t_67,2153.780491223182,4306.918592,417.9096673275943,1735.2284334492238
