name,transf,client,payoff,total
train_month_sac_gen_I_y_21,454.35033705239175,4306.918592,421.7766900916413,3430.791564855967
