name,transf,client,payoff,total,sessions
test_6month_sac_gen_3m_37,3143.842404494403,9929.387430399998,889.2877424740021,5896.257283431593,df_elaad_preproc_l6months.csv
