name,transf,client,payoff,total
test_month_sac_gen_I_f_12,840.132050895266,1468.334912,147.8419170286109,480.3609440761231
