name,transf,client,payoff,total
val_month_sac_gen_J_g_53,679.9309601051227,1488.30912,159.56135988924024,648.8168000056369
