name,transf,client,payoff,total
train_month_sac_gen_J_k_105,1881.576904620061,4306.918592,422.3108412815719,2003.030846098367
