name,transf,client,payoff,total
val_month_sac_gen_I_k_111,691.6874105694314,1488.30912,159.56135988924024,637.0603495413282
