name,transf,client,payoff,total,sessions
test_6month_sac_pred_noise_1d_181,4411.994753151475,9929.387430399998,893.2217503396156,4624.170926908907,df_elaad_preproc_l6months.csv
