name,transf,client,payoff,total,sessions
test_6month_sac_pred_noise_5c_49,3644.5491171748326,9929.387430399998,881.6875054342313,5403.150807790935,df_elaad_preproc_l6months.csv
