name,transf,client,payoff,total
test_month_sac_gen_J_f_163,672.3954706217281,1468.334912,149.17516390639216,646.7642774718797
