name,transf,client,payoff,total
train_month_sac_gen_I_m_81,2041.9922337007715,4306.918592,422.3108412815719,1842.6155170176567
