name,transf,client,payoff,total,sessions
test_6month_sac_pred_noise_2a_47,3093.206724688425,9929.387430399998,897.4875555656347,5938.6931501459385,df_elaad_preproc_l6months.csv
