name,transf,client,payoff,total
test_month_sac_gen_I_t_135,697.7984707702,1468.334912,149.17516390639216,621.3612773234079
