name,transf,client,payoff,total
test_month_sac_gen_J_r_452,677.0153825183729,1468.334912,149.17516390639216,642.1443655752349
