name,transf,client,payoff,total
val_month_sac_gen_I_m_308,625.1309222239655,1488.30912,159.56135988924024,703.6168378867942
