name,transf,client,payoff,total,sessions
test_6month_sac_gen_2n_49,2971.8792568298795,9929.387430399998,886.8210602299855,6070.687113340133,df_elaad_preproc_l6months.csv
