name,transf,client,payoff,total
train_month_sac_gen_I_p_249,2205.3725562538525,4306.918592,422.3108412815719,1679.2351944645757
