name,transf,client,payoff,total
train_month_sac_gen_J_i_279,1971.34046684746,4306.918592,422.3108412815719,1913.2672838709682
