name,transf,client,payoff,total
month_sac_IX_i,884.2539356405287,1469.5622144,135.48113853424934,449.8271402252219
