name,transf,client,payoff,total
val_month_sac_gen_I_t_448,677.4576993863494,1488.30912,159.56135988924024,651.2900607244103
