name,transf,client,payoff,total,sessions
6month_sac_disagg_2n_HLL,2884.5361037831517,9929.387430399998,886.8210602299855,6158.030266386861,df_elaad_preproc_l6months.csv
