name,transf,client,payoff,total
val_month_sac_gen_I_k_265,648.1857699710248,1488.30912,159.56135988924024,680.5619901397349
