name,transf,client,payoff,total
test_month_sac_gen_J_m_488,670.0462266648409,1468.334912,149.17516390639216,649.113521428767
