name,transf,client,payoff,total,sessions
test_6month_sac_gen_j_270,3076.5509799873753,9929.387430399998,886.8210602299855,5966.015390182638,df_elaad_preproc_l6months.csv
