name,transf,client,payoff,total
val_month_sac_gen_G_b_2,896.0112680956518,1488.30912,159.09496226131247,433.20288964303563
