name,transf,client,payoff,total
train_month_sac_gen_J_g_445,2004.353282640476,4306.918592,422.3108412815719,1880.254468077952
