name,transf,client,payoff,total
test_month_sac_gen_I_f_237,750.7785293282708,1468.334912,147.8419170286109,569.7144656431183
