name,transf,client,payoff,total
train_month_sac_gen_J_b_176,2050.0160808663586,4306.918592,422.3108412815719,1834.5916698520696
