name,transf,client,payoff,total
test_month_sac_gen_J_w_218,596.534091453546,1468.334912,148.50825484764397,723.29256569881
