name,transf,client,payoff,total
train_month_sac_gen_I_q_112,2307.754679486,4306.918592,422.3108412815719,1576.8530712324282
