name,transf,client,payoff,total
val_month_sac_gen_G_b_158,650.1439113398385,1488.30912,159.09496226131247,679.0702463988489
