name,transf,client,payoff,total
test_month_sac_gen_I_z_43,743.3633398303498,1468.334912,149.17516390639216,575.7964082632581
