name,transf,client,payoff,total
train_month_sac_gen_I_x_373,-7475.7360878486925,4306.918592,416.31051252388596,11366.344167324807
