name,transf,client,payoff,total
val_month_sac_gen_I_k_487,653.9037977573016,1488.30912,159.56135988924024,674.843962353458
