name,transf,client,payoff,total
test_month_sac_gen_I_z_37,728.1427247917738,1468.334912,149.17516390639216,591.017023301834
