name,transf,client,payoff,total
test_month_sac_gen_J_b_299,693.0892811306348,1468.334912,149.17516390639216,626.070466962973
