name,transf,client,payoff,total
val_month_sac_c_728,1834.7176518949511,2277.450960542104,145.3079860330326,297.42532261412026
