name,transf,client,payoff,total,sessions
test_6month_sac_gen_1o_128,2938.8793043553555,9929.387430399998,886.8210602299855,6103.687065814656,df_elaad_preproc_l6months.csv
