name,transf,client,payoff,total
train_month_sac_gen_I_x_232,-7893.413889255762,4306.918592,422.377403412746,11777.955077843017
