name,transf,client,payoff,total
train_month_sac_gen_I_v_360,92.46666349988556,4306.918592,420.4438324377625,3794.008096062352
