name,transf,client,payoff,total
val_month_sac_gen_J_w_307,554.6391911459455,1488.30912,155.96206259448996,777.7078662595645
