name,transf,client,payoff,total
val_month_sac_gen_I_x_444,695.5453273270493,1488.30912,159.56135988924024,633.2024327837103
