name,transf,client,payoff,total
train_month_sac_gen_J_y_53,688.4867649637314,1488.30912,156.1611021341102,643.6612529021584
