name,transf,client,payoff,total
test_month_sac_gen_I_q_79,774.4854641141546,1468.334912,149.17516390639216,544.6742839794532
