name,transf,client,payoff,total
test_month_sac_gen_I_g_410,843.2470135603425,1468.334912,149.17516390639216,475.9127345332654
