name,transf,client,payoff,total
test_month_sac_gen_J_e_373,678.5735535171514,1468.334912,149.17516390639216,640.5861945764565
