name,transf,client,payoff,total
test_month_sac_gen_I_o_495,729.1722533211936,1468.334912,149.17516390639216,589.9874947724143
