name,transf,client,payoff,total,sessions
test_6month_sac_pred_noise_1d_158,4280.433313318139,9929.387430399998,893.2217503396156,4755.732366742243,df_elaad_preproc_l6months.csv
