name,transf,client,payoff,total
val_month_sac_gen_I_f_456,646.9600736479501,1488.30912,158.8282254603323,682.5208208917174
