name,transf,client,payoff,total
val_month_sac_gen_J_c_202,682.225841821808,1488.30912,159.56135988924024,646.5219182889516
