name,transf,client,payoff,total
val_month_sac_gen_I_g_30,745.1602032521946,1488.30912,159.56135988924024,583.587556858565
