name,transf,client,payoff,total
val_month_sac_gen_I_b_461,618.4558833229352,1488.30912,159.56135988924024,710.2918767878245
