name,transf,client,payoff,total
test_month_sac_gen_J_q_78,713.5784324020099,1468.334912,149.17516390639216,605.581315691598
