name,transf,client,payoff,total
test_month_sac_gen_I_n_42,674.4448527062273,1468.334912,149.17516390639216,644.7148953873806
