name,transf,client,payoff,total
train_month_sac_gen_b_94,839.5065407288284,1469.5622144,142.094741946743,487.96093172442846
