name,transf,client,payoff,total
val_month_sac_gen_I_t_217,687.4934211938269,1488.30912,159.56135988924024,641.2543389169327
