name,transf,client,payoff,total
test_month_sac_gen_I_h_248,715.4559386074782,1468.334912,149.17516390639216,603.7038094861297
