name,transf,client,payoff,total
test_month_sac_gen_J_z_203,598.6372730535741,1468.334912,148.50825484764397,721.189384098782
