name,transf,client,payoff,total
val_month_sac_c_94,1953.4465895602693,2277.450960542104,145.3079860330326,178.69638494880206
