name,transf,client,payoff,total
val_month_sac_gen_J_w_244,558.7339672738318,1488.30912,155.96206259448996,773.6130901316781
