name,transf,client,payoff,total
train_month_sac_gen_J_l_496,1802.6599312841222,4306.918592,422.3108412815719,2081.947819434306
