name,transf,client,payoff,total,sessions
test_6month_sac_pred_noise_3c_289,3687.178025351442,9929.387430399998,889.2877424740021,5352.921662574554,df_elaad_preproc_l6months.csv
