name,transf,client,payoff,total,sessions
test_6month_sac_gen_1m_74,3051.594060090421,9929.387430399998,893.2217503396156,5984.571619969961,df_elaad_preproc_l6months.csv
