name,transf,client,payoff,total,sessions
test_6month_sac_pred_noise_1c_131,3556.4756861209435,9929.387430399998,893.2217503396156,5479.689993939439,df_elaad_preproc_l6months.csv
