name,transf,client,payoff,total
train_month_sac_gen_I_f_211,2100.852668271674,4306.918592,421.11038371791597,1784.9555400104102
