name,transf,client,payoff,total
val_month_sac_gen_J_q_42,693.7755320412831,1488.30912,159.56135988924024,634.9722280694766
