name,transf,client,payoff,total
val_month_sac_gen_J_e_460,652.4193038195772,1488.30912,159.56135988924024,676.3284562911824
