name,transf,client,payoff,total
test_month_sac_gen_I_j_298,716.7177608625875,1468.334912,149.17516390639216,602.4419872310203
