name,transf,client,payoff,total,sessions
test_6month_sac_pred_noise_2b_63,3191.7088086524486,9929.387430399998,897.4875555656347,5840.191066181915,df_elaad_preproc_l6months.csv
