name,transf,client,payoff,total
train_month_sac_gen_J_m_476,1777.2063236965894,4306.918592,422.3108412815719,2107.4014270218386
