name,transf,client,payoff,total
month_sac_IX_f,1719.1127366791634,1469.5622144,136.34847857907937,-385.89900085824286
