name,transf,client,payoff,total
train_month_sac_gen_I_g_9,2371.2449913548317,4306.918592,422.3108412815719,1513.3627593635965
