name,transf,client,payoff,total
train_month_sac_gen_I_v_208,84.49886502116189,4306.918592,418.0436307839677,3804.3760961948706
