name,transf,client,payoff,total
val_month_sac_gen_J_f_158,650.1263237841565,1488.30912,159.56135988924024,678.6214363266031
