name,transf,client,payoff,total
train_month_sac_gen_I_s_354,1593.8487952542,4306.918592,422.3108412815719,2290.758955464228
