name,transf,client,payoff,total
test_month_sac_gen_I_a_345,697.2309815395595,1468.334912,149.17516390639216,621.9287665540484
