name,transf,client,payoff,total
test_month_sac_gen_I_o_367,730.2016521706918,1468.334912,149.17516390639216,588.9580959229161
