name,transf,client,payoff,total
val_month_sac_gen_J_g_486,645.6989048361625,1488.30912,159.56135988924024,683.0488552745971
