name,transf,client,payoff,total,sessions
test_6month_sac_pred_noise_4d_10,4489.1606966127365,9929.387430399998,891.2211003728393,4549.005633414423,df_elaad_preproc_l6months.csv
