name,transf,client,payoff,total
test_month_sac_gen_J_e_364,680.8848079427025,1468.334912,149.17516390639216,638.2749401509053
