name,transf,client,payoff,total
test_month_sac_gen_I_h_258,715.2716234637912,1468.334912,149.17516390639216,603.8881246298166
