name,transf,client,payoff,total
val_month_sac_gen_J_m_14,725.3014905219279,1488.30912,159.56135988924024,603.4462695888317
