name,transf,client,payoff,total
train_month_sac_gen_J_w_358,1829.9673358782525,4306.918592,422.6436774059385,2054.307578715809
