name,transf,client,payoff,total
val_month_sac_gen_I_b_7,754.1876851493332,1488.30912,159.56135988924024,574.5600749614264
