name,transf,client,payoff,total
val_month_sac_gen_J_t_443,587.7495008627018,1488.30912,155.96206259448996,744.5975565428082
