name,transf,client,payoff,total
train_month_sac_gen_J_w_360,1837.9531373296018,4306.918592,419.97714090397574,2048.9883137664224
