name,transf,client,payoff,total
test_month_sac_gen_I_f_242,749.168129972285,1468.334912,147.8419170286109,571.3248649991042
