name,transf,client,payoff,total
test_month_sac_gen_J_g_310,677.2318402706319,1468.334912,149.17516390639216,641.927907822976
