name,transf,client,payoff,total
train_month_sac_gen_I_l_486,2020.2015257813914,4306.918592,422.3108412815719,1864.4062249370368
