name,transf,client,payoff,total,sessions
train_month_sac_pred_noise_a_258,494.511973844944,1349.0472576000002,122.12082293822803,732.4144608168282,df_elaad_preproc_feb.csv
