name,transf,client,payoff,total
test_month_sac_gen_I_n_474,662.1648080748259,1468.334912,149.17516390639216,656.9949400187819
