name,transf,client,payoff,total
train_month_sac_gen_I_f_93,2179.5953684698043,4306.918592,421.11038371791597,1706.2128398122798
