name,transf,client,payoff,total,sessions
test_6month_sac_pred_noise_4c_280,3657.5288977645914,9929.387430399998,891.2211003728393,5380.637432262568,df_elaad_preproc_l6months.csv
