name,transf,client,payoff,total,sessions
test_6month_sac_gen_3l_130,2885.172590860549,9929.387430399998,886.8210602299855,6157.393779309463,df_elaad_preproc_l6months.csv
