name,transf,client,payoff,total,sessions
test_6month_sac_gen_j_123,2991.4463525439505,9929.387430399998,886.8210602299855,6051.120017626063,df_elaad_preproc_l6months.csv
