name,transf,client,payoff,total,sessions
test_6month_sac_pred_noise_5c_193,3535.511436104952,9929.387430399998,881.6875054342313,5512.188488860815,df_elaad_preproc_l6months.csv
