name,transf,client,payoff,total
train_month_sac_gen_I_l_348,2021.059327612485,4306.918592,422.3108412815719,1863.5484231059431
