name,transf,client,payoff,total,sessions
test_6month_sac_pred_noise_5e_70,5372.900811111567,9929.387430399998,881.6875054342313,3674.7991138541997,df_elaad_preproc_l6months.csv
