name,transf,client,payoff,total
val_month_sac_gen_I_y_57,682.8428932901923,1488.30912,159.56135988924024,645.9048668205673
