name,transf,client,payoff,total,sessions
test_month_sac_gen_G_c_137,1123.5690629030296,1468.334912,148.50825484764397,196.25759424932647,df_elaad_preproc_apr.csv
