name,transf,client,payoff,total
test_month_sac_gen_J_c_17,764.5271565041662,1468.334912,149.17516390639216,554.6325915894416
