name,transf,client,payoff,total,sessions
test_6month_sac_gen_5l_174,2804.88910877749,9929.387430399998,886.8210602299855,6237.677261392522,df_elaad_preproc_l6months.csv
