name,transf,client,payoff,total
val_month_sac_gen_J_s_268,541.6044014905799,1488.30912,155.96206259448996,790.7426559149301
