name,transf,client,payoff,total
train_month_sac_gen_J_o_281,2022.9858917929628,4306.918592,422.3108412815719,1861.6218589254654
