name,transf,client,payoff,total,sessions
test_6month_sac_gen_4l_22,3213.586223271918,9929.387430399998,886.8210602299855,5828.980146898095,df_elaad_preproc_l6months.csv
