name,transf,client,payoff,total
val_month_sac_gen_I_p_386,701.7162102669392,1488.30912,159.56135988924024,627.0315498438204
