name,transf,client,payoff,total,sessions
test_6month_sac_pred_noise_4c_180,3427.287244003754,9929.387430399998,891.2211003728393,5610.879086023406,df_elaad_preproc_l6months.csv
