name,transf,client,payoff,total,sessions
test_6month_sac_gen_a_2,4121.585683108752,9929.387430399998,886.8210602299855,4920.980687061261,df_elaad_preproc_l6months.csv
