name,transf,client,payoff,total
train_month_sac_gen_I_n_231,1910.575126024598,4306.918592,422.3108412815719,1974.0326246938303
