name,transf,client,payoff,total
train_month_sac_gen_I_n_285,1903.7184167676432,4306.918592,422.3108412815719,1980.889333950785
