name,transf,client,payoff,total,sessions
test_6month_sac_gen_k_168,2865.8826721686896,9929.387430399998,886.8210602299855,6176.683698001323,df_elaad_preproc_l6months.csv
