name,transf,client,payoff,total,sessions
test_6month_sac_gen_5l_134,2854.593955315966,9929.387430399998,886.8210602299855,6187.972414854046,df_elaad_preproc_l6months.csv
