name,transf,client,payoff,total
val_month_sac_gen_b_89,640.5854537442549,1349.0472576000002,118.32161810264896,590.1401857530964
