name,transf,client,payoff,total,sessions
test_6month_sac_pred_noise_2b_270,3152.0004941265106,9929.387430399998,897.4875555656347,5879.899380707853,df_elaad_preproc_l6months.csv
