name,transf,client,payoff,total
train_month_sac_gen_J_y_21,736.0456264573414,1488.30912,158.22768608921817,594.0358074534403
