name,transf,client,payoff,total,sessions
train_month_sac_gen_G_d_292,493.1852912130971,1349.0472576000002,120.65399738239833,735.2079690045048,df_elaad_preproc_feb.csv
