name,transf,client,payoff,total
train_month_sac_gen_G_b_88,561.5269042197554,1349.0472576000002,118.25411580885991,669.266237571385
