name,transf,client,payoff,total,sessions
test_6month_sac_pred_noise_4a_86,3019.333662838235,9929.387430399998,891.2211003728393,6018.8326671889245,df_elaad_preproc_l6months.csv
