name,transf,client,payoff,total
val_month_sac_gen_I_n_383,598.283624141321,1488.30912,159.56135988924024,730.4641359694388
