name,transf,client,payoff,total,sessions
test_6month_sac_pred_noise_5c_110,3595.183080924037,9929.387430399998,881.6875054342313,5452.516844041731,df_elaad_preproc_l6months.csv
