name,transf,client,payoff,total
val_month_sac_gen_I_f_151,671.0104150263979,1488.30912,158.8282254603323,658.4704795132697
