name,transf,client,payoff,total
train_month_sac_gen_J_o_111,2078.7362951637374,4306.918592,422.3108412815719,1805.8714555546908
