name,transf,client,payoff,total
train_month_sac_gen_a_16,1072.4791431294182,1469.5622144,138.5610864331635,258.52198483741824
