name,transf,client,payoff,total
test_month_sac_gen_I_s_1,914.2609496450259,1468.334912,149.17516390639216,404.89879844858194
