name,transf,client,payoff,total
val_month_sac_gen_I_h_238,644.6622886263303,1488.30912,159.56135988924024,684.0854714844293
