name,transf,client,payoff,total
train_month_sac_gen_J_n_144,1917.8064194948215,4306.918592,422.3108412815719,1966.8013312236067
