name,transf,client,payoff,total
train_month_sac_gen_I_h_233,2024.6198835906093,4306.918592,422.3108412815719,1859.9878671278188
