name,transf,client,payoff,total
train_month_sac_gen_I_m_362,1984.0534036201145,4306.918592,422.3108412815719,1900.5543470983139
