name,transf,client,payoff,total
train_month_sac_gen_J_p_464,2006.7524032654524,4306.918592,422.3108412815719,1877.8553474529758
