name,transf,client,payoff,total
test_month_sac_gen_G_b_68,682.6868141473697,1468.334912,148.64140204911905,637.0066958035113
