name,transf,client,payoff,total
test_month_sac_gen_I_z_382,718.7031455675988,1468.334912,149.17516390639216,600.4566025260091
