name,transf,client,payoff,total
val_month_sac_gen_I_o_442,690.1770206877202,1488.30912,159.56135988924024,638.5707394230394
