name,transf,client,payoff,total
val_month_sac_c_426,1825.6643384015883,2277.450960542104,145.3079860330326,306.47863610748306
