name,transf,client,payoff,total
val_month_sac_gen_b_62,647.6548502403932,1349.0472576000002,118.32161810264896,583.070789256958
