name,transf,client,payoff,total,sessions
test_6month_sac_gen_h_169,2909.9844508187603,9929.387430399998,886.8210602299855,6132.5819193512525,df_elaad_preproc_l6months.csv
