name,transf,client,payoff,total
train_month_sac_gen_J_j_352,1845.2338227813746,4306.918592,422.3108412815719,2039.3739279370538
