name,transf,client,payoff,total
train_month_sac_gen_I_q_447,2247.3164740252896,4306.918592,422.3108412815719,1637.2912766931386
