name,transf,client,payoff,total
train_month_sac_gen_I_o_227,2141.7151474823204,4306.918592,422.3108412815719,1742.8926032361078
