name,transf,client,payoff,total
val_month_sac_gen_G_b_49,661.708281417673,1488.30912,159.09496226131247,667.5058763210144
