name,transf,client,payoff,total
train_month_sac_gen_J_g_408,2006.0690039425247,4306.918592,422.3108412815719,1878.5387467759037
