name,transf,client,payoff,total,sessions
train_month_sac_pred_noise_c_16,828.2369840046415,1349.0472576000002,120.32105381356293,400.4892197817958,df_elaad_preproc_feb.csv
