name,transf,client,payoff,total
val_month_sac_gen_J_u_64,651.7227225020056,1488.30912,155.96206259448996,680.6243349035044
