name,transf,client,payoff,total
test_month_sac_gen_I_z_94,740.1919663048648,1468.334912,149.17516390639216,578.9677817887431
