name,transf,client,payoff,total
val_month_sac_gen_I_q_371,735.8104752531158,1488.30912,159.56135988924024,592.9372848576438
