name,transf,client,payoff,total,sessions
test_6month_sac_pred_noise_4c_145,3489.4360681196044,9929.387430399998,891.2211003728393,5548.730261907554,df_elaad_preproc_l6months.csv
