name,transf,client,payoff,total,sessions
test_6month_sac_pred_noise_4e_239,5297.182893686207,9929.387430399998,891.2211003728393,3740.9834363409523,df_elaad_preproc_l6months.csv
