name,transf,client,payoff,total,sessions
test_6month_sac_pred_noise_2a_182,2802.0802217038727,9929.387430399998,897.4875555656347,6229.819653130491,df_elaad_preproc_l6months.csv
