name,transf,client,payoff,total,sessions
test_6month_sac_pred_noise_2b_115,3075.543891553708,9929.387430399998,897.4875555656347,5956.355983280656,df_elaad_preproc_l6months.csv
