name,transf,client,payoff,total
test_month_sac_gen_I_p_492,790.5011683537149,1468.334912,149.17516390639216,528.658579739893
