name,transf,client,payoff,total
test_month_sac_gen_I_l_73,731.6821649875955,1468.334912,149.17516390639216,587.4775831060124
