name,transf,client,payoff,total,sessions
test_6month_sac_pred_noise_2d_276,4527.375924381566,9929.387430399998,897.4875555656347,4504.523950452798,df_elaad_preproc_l6months.csv
