name,transf,client,payoff,total
test_month_sac_gen_J_c_393,679.250125462961,1468.334912,149.17516390639216,639.9096226306468
