name,transf,client,payoff,total
val_month_sac_gen_J_c_279,669.2124041202201,1488.30912,159.56135988924024,659.5353559905395
