name,transf,client,payoff,total
val_month_sac_gen_I_d_400,625.7474999708215,1488.30912,159.56135988924024,703.0002601399381
