name,transf,client,payoff,total
val_month_sac_gen_J_g_471,641.4098974570979,1488.30912,159.56135988924024,687.3378626536617
