name,transf,client,payoff,total
train_month_sac_gen_I_e_274,2046.2815812210238,4306.918592,417.9096673275943,1842.7273434513818
