name,transf,client,payoff,total,sessions
test_6month_sac_gen_2l_167,2872.9982082030783,9929.387430399998,886.8210602299855,6169.568161966934,df_elaad_preproc_l6months.csv
