name,transf,client,payoff,total
train_month_sac_gen_I_j_265,2043.0118132987975,4306.918592,422.3108412815719,1841.595937419631
