name,transf,client,payoff,total
val_month_sac_gen_J_o_371,645.6115522416555,1488.30912,159.56135988924024,683.136207869104
