name,transf,client,payoff,total
val_month_sac_gen_J_u_205,568.0287809444842,1488.30912,155.96206259448996,764.3182764610258
