name,transf,client,payoff,total
val_month_sac_gen_J_f_222,643.6957220637053,1488.30912,159.56135988924024,685.0520380470543
