name,transf,client,payoff,total
val_month_sac_gen_J_i_493,638.5043692135127,1488.30912,159.56135988924024,690.2433908972469
