name,transf,client,payoff,total,sessions
test_6month_sac_pred_noise_2c_131,3588.5211024505347,9929.387430399998,897.4875555656347,5443.378772383829,df_elaad_preproc_l6months.csv
