name,transf,client,payoff,total
test_month_sac_gen_J_c_240,695.5526242668741,1468.334912,149.17516390639216,623.6071238267338
