name,transf,client,payoff,total
train_month_sac_gen_J_s_102,1982.6816573500482,4306.918592,421.9772335702539,1902.2597010796978
