name,transf,client,payoff,total
train_month_sac_gen_J_f_83,2081.2508510501634,4306.918592,422.3108412815719,1803.3568996682648
