name,transf,client,payoff,total
test_month_sac_gen_J_j_117,661.0014689981119,1468.334912,149.17516390639216,658.1582790954959
