name,transf,client,payoff,total
val_month_sac_gen_J_r_209,637.4522341786188,1488.30912,159.56135988924024,691.2955259321409
