name,transf,client,payoff,total
train_month_sac_gen_I_v_83,48.616054424026686,4306.918592,417.11092881585404,3841.1916087601194
