name,transf,client,payoff,total
test_month_sac_gen_I_k_123,717.4987712495497,1468.334912,149.17516390639216,601.6609768440582
