name,transf,client,payoff,total,sessions
6month_sac_disagg_2d_MD,3104.494789559082,9929.387430399998,886.8210602299855,5938.071580610931,df_elaad_preproc_l6months.csv
