name,transf,client,payoff,total
train_month_sac_gen_I_d_336,1977.2539633691097,4306.918592,422.3108412815719,1907.3537873493187
