name,transf,client,payoff,total,sessions
test_6month_sac_pred_noise_5c_227,3474.1690856137484,9929.387430399998,881.6875054342313,5573.530839352019,df_elaad_preproc_l6months.csv
