name,transf,client,payoff,total
test_month_sac_gen_I_d_127,676.6107504698333,1468.334912,149.17516390639216,642.5489976237745
