name,transf,client,payoff,total
train_month_sac_gen_J_q_277,2038.9077050580122,4306.918592,422.3108412815719,1845.700045660416
