name,transf,client,payoff,total
val_month_sac_gen_I_u_188,657.5102599479834,1488.30912,159.56135988924024,671.2375001627763
