name,transf,client,payoff,total
test_month_sac_gen_J_f_225,664.3234823796461,1468.334912,149.17516390639216,654.8362657139618
