name,transf,client,payoff,total
train_month_sac_gen_J_q_227,2043.0969117126426,4306.918592,422.3108412815719,1841.5108390057858
