name,transf,client,payoff,total
train_month_sac_gen_J_e_158,2046.9496580951952,4306.918592,422.3108412815719,1837.6580926232327
