name,transf,client,payoff,total
test_month_sac_gen_I_g_0,955.2208507962955,1468.334912,149.17516390639216,363.93889729731234
