name,transf,client,payoff,total
val_month_sac_gen_I_x_319,707.4327386515578,1488.30912,159.56135988924024,621.315021459202
