name,transf,client,payoff,total
val_month_sac_gen_J_e_238,652.1415834435804,1488.30912,159.56135988924024,676.6061766671792
