name,transf,client,payoff,total,sessions
test_6month_sac_gen_4l_9,3484.6828207269336,9929.387430399998,886.8210602299855,5557.883549443079,df_elaad_preproc_l6months.csv
