name,transf,client,payoff,total
val_month_sac_gen_I_k_485,654.6858276159505,1488.30912,159.56135988924024,674.0619324948091
