name,transf,client,payoff,total,sessions
test_6month_sac_gen_1o_89,3009.662332538428,9929.387430399998,886.8210602299855,6032.904037631584,df_elaad_preproc_l6months.csv
