name,transf,client,payoff,total
train_month_sac_gen_J_e_393,2011.867785114039,4306.918592,422.3108412815719,1872.739965604389
