name,transf,client,payoff,total
test_month_sac_gen_I_s_492,669.2801929700304,1468.334912,149.17516390639216,649.8795551235775
