name,transf,client,payoff,total
test_month_sac_gen_I_e_466,635.1627949338337,1468.334912,148.50825484764397,684.6638622185224
