name,transf,client,payoff,total
train_month_sac_gen_I_t_464,2026.3746195340645,4306.918592,414.5094332228307,1866.0345392431047
