name,transf,client,payoff,total,sessions
test_6month_sac_gen_4m_160,3018.185250431167,9929.387430399998,886.8210602299855,6024.381119738846,df_elaad_preproc_l6months.csv
