name,transf,client,payoff,total
train_month_sac_gen_G_b_22,673.0651875942295,1349.0472576000002,119.25393781646864,556.728132189302
