name,transf,client,payoff,total,sessions
test_6month_sac_pred_noise_2b_70,3121.9307089262193,9929.387430399998,897.4875555656347,5909.9691659081445,df_elaad_preproc_l6months.csv
