name,transf,client,payoff,total
train_month_sac_gen_I_p_387,2174.147967828768,4306.918592,422.3108412815719,1710.4597828896603
