name,transf,client,payoff,total
test_month_sac_gen_I_j_106,752.6622496201787,1468.334912,149.17516390639216,566.4974984734291
