name,transf,client,payoff,total
val_month_sac_gen_I_z_458,704.8216827328982,1488.30912,159.56135988924024,623.9260773778615
