name,transf,client,payoff,total
test_month_sac_gen_J_r_13,766.8305761790152,1468.334912,149.17516390639216,552.3291719145926
