name,transf,client,payoff,total
train_month_sac_gen_I_j_229,2036.037551551744,4306.918592,422.3108412815719,1848.5701991666842
