name,transf,client,payoff,total,sessions
test_6month_sac_pred_noise_1a_130,2964.4424490563724,9929.387430399998,893.2217503396156,6071.72323100401,df_elaad_preproc_l6months.csv
