name,transf,client,payoff,total
val_month_sac_gen_J_w_183,565.9061495718978,1488.30912,155.96206259448996,766.4409078336121
