name,transf,client,payoff,total
val_month_sac_gen_J_c_450,651.6488142899531,1488.30912,159.56135988924024,677.0989458208066
