name,transf,client,payoff,total,sessions
test_6month_sac_pred_noise_5e_160,5318.752324327872,9929.387430399998,881.6875054342313,3728.947600637895,df_elaad_preproc_l6months.csv
