name,transf,client,payoff,total
train_month_sac_gen_I_q_225,2263.6922991267256,4306.918592,422.3108412815719,1620.9154515917025
