name,transf,client,payoff,total
val_month_sac_gen_I_e_357,606.9866301024323,1488.30912,155.96206259448996,725.3604273030776
