name,transf,client,payoff,total
test_month_sac_gen_I_y_404,678.8422514148847,1468.334912,149.17516390639216,640.3174966787232
