name,transf,client,payoff,total
test_month_sac_gen_I_b_373,694.1829362796433,1468.334912,149.17516390639216,624.9768118139646
