name,transf,client,payoff,total
test_month_sac_gen_I_y_410,675.1694441034647,1468.334912,149.17516390639216,643.9903039901432
