name,transf,client,payoff,total
train_month_sac_gen_J_m_413,1788.5200378759566,4306.918592,422.3108412815719,2096.087712842472
