name,transf,client,payoff,total,sessions
test_6month_sac_pred_noise_4a_133,2919.196966600364,9929.387430399998,891.2211003728393,6118.969363426795,df_elaad_preproc_l6months.csv
