name,transf,client,payoff,total
test_month_sac_gen_J_l_368,648.4484053361986,1468.334912,149.17516390639216,670.7113427574093
