name,transf,client,payoff,total
val_month_sac_gen_I_y_123,680.2197099546282,1488.30912,159.56135988924024,648.5280501561315
