name,transf,client,payoff,total
train_month_sac_gen_d_92,1245.8294562972392,1469.5622144,139.0276675047212,84.70509059803953
