name,transf,client,payoff,total
test_month_sac_gen_I_p_121,759.986663646488,1468.334912,149.17516390639216,559.1730844471199
