name,transf,client,payoff,total
val_month_sac_gen_I_a_333,648.1536790243306,1488.30912,159.56135988924024,680.594081086429
