name,transf,client,payoff,total
val_month_sac_gen_J_f_351,634.1814889400645,1488.30912,159.56135988924024,694.5662711706952
