name,transf,client,payoff,total
val_month_sac_c_621,1812.8285670621874,2277.450960542104,145.3079860330326,319.314407446884
