name,transf,client,payoff,total
train_month_sac_gen_J_z_170,622.8309824854088,1488.30912,157.42829495893622,708.0498425556549
