name,transf,client,payoff,total
test_month_sac_gen_J_s_61,628.7947093935063,1468.334912,148.50825484764397,691.0319477588498
