name,transf,client,payoff,total
train_month_sac_gen_J_w_132,1935.8106991360874,4306.918592,425.3109362725734,1945.7969565913393
