name,transf,client,payoff,total
test_month_sac_gen_I_p_25,785.7137701759636,1468.334912,149.17516390639216,533.4459779176442
