name,transf,client,payoff,total
val_month_sac_gen_I_p_233,712.7412819080956,1488.30912,159.56135988924024,616.0064782026641
