name,transf,client,payoff,total
test_month_sac_gen_I_e_94,657.1010023772328,1468.334912,148.50825484764397,662.7256547751233
