name,transf,client,payoff,total
test_month_sac_c_531,1017.6966957138515,1469.5622144,135.21440678133106,316.6511119048174
