name,transf,client,payoff,total,sessions
test_6month_sac_pred_noise_2a_265,2931.2308089456783,9929.387430399998,897.4875555656347,6100.6690658886855,df_elaad_preproc_l6months.csv
