name,transf,client,payoff,total,sessions
test_6month_sac_pred_noise_1e_66,5104.7331333760185,9929.387430399998,893.2217503396156,3931.4325466843643,df_elaad_preproc_l6months.csv
