name,transf,client,payoff,total
val_month_sac_gen_J_q_379,642.2654526786828,1488.30912,159.56135988924024,686.4823074320768
