name,transf,client,payoff,total
test_month_sac_gen_I_h_250,716.3579183683498,1468.334912,149.17516390639216,602.801829725258
