name,transf,client,payoff,total,sessions
test_6month_sac_pred_noise_4e_39,5171.760676351329,9929.387430399998,891.2211003728393,3866.4056536758303,df_elaad_preproc_l6months.csv
