name,transf,client,payoff,total
train_month_sac_gen_J_h_477,2041.6583525861079,4306.918592,422.3108412815719,1842.9493981323203
