name,transf,client,payoff,total,sessions
test_6month_sac_gen_5m_145,2920.4324119158227,9929.387430399998,886.8210602299855,6122.13395825419,df_elaad_preproc_l6months.csv
