name,transf,client,payoff,total,sessions
test_6month_sac_gen_4l_72,3001.2290445880167,9929.387430399998,886.8210602299855,6041.337325581995,df_elaad_preproc_l6months.csv
