name,transf,client,payoff,total
test_month_sac_gen_J_f_408,655.3479582468059,1468.334912,149.17516390639216,663.811789846802
