name,transf,client,payoff,total
val_month_sac_c_413,1831.755776390556,2277.450960542104,145.3079860330326,300.3871981185153
