name,transf,client,payoff,total
test_month_sac_gen_a_12,786.7084155570546,1488.30912,159.56135988924024,542.039344553705
