name,transf,client,payoff,total,sessions
test_6month_sac_gen_2m_83,3114.6804370873488,9929.387430399998,886.8210602299855,5927.8859330826635,df_elaad_preproc_l6months.csv
