name,transf,client,payoff,total
val_month_sac_gen_I_d_391,628.3804719549142,1488.30912,159.56135988924024,700.3672881558455
