name,transf,client,payoff,total
test_month_sac_gen_J_m_7,877.7050389476227,1468.334912,149.17516390639216,441.45470914598513
