name,transf,client,payoff,total
train_month_sac_gen_I_g_28,2326.3296081694575,4306.918592,422.3108412815719,1558.2781425489707
