name,transf,client,payoff,total
train_month_sac_gen_J_g_9,2314.9133704961496,4306.918592,422.3108412815719,1569.6943802222786
