name,transf,client,payoff,total,sessions
6month_sac_disagg_4e_PF,2972.5429187809586,9929.387430399998,886.8210602299855,6070.023451389054,df_elaad_preproc_l6months.csv
