name,transf,client,payoff,total,sessions
test_6month_sac_pred_noise_4a_57,3112.4547487094364,9929.387430399998,891.2211003728393,5925.711581317722,df_elaad_preproc_l6months.csv
