name,transf,client,payoff,total
month_sac_IX_h,1214.059724589219,1469.5622144,135.88106923495306,119.62142057582778
