name,transf,client,payoff,total
val_month_sac_gen_c_19,710.1274154706324,1349.0472576000002,118.32161810264896,520.5982240267189
