name,transf,client,payoff,total
val_month_sac_gen_J_c_158,702.2631319921895,1488.30912,159.56135988924024,626.4846281185701
