name,transf,client,payoff,total
val_month_sac_gen_J_b_64,683.1117627367427,1488.30912,159.56135988924024,645.635997374017
