name,transf,client,payoff,total
train_month_sac_gen_I_j_412,2015.2194575034875,4306.918592,422.3108412815719,1869.3882932149409
