name,transf,client,payoff,total
val_month_sac_gen_J_q_458,632.6253951525847,1488.30912,159.56135988924024,696.122364958175
