name,transf,client,payoff,total
train_month_sac_gen_I_i_100,2098.616461379084,4306.918592,422.3108412815719,1785.9912893393443
