name,transf,client,payoff,total
val_month_sac_gen_I_w_272,664.6046254300745,1488.30912,159.56135988924024,664.1431346806851
