name,transf,client,payoff,total
val_month_sac_gen_I_w_60,701.6117010058231,1488.30912,159.56135988924024,627.1360591049365
