name,transf,client,payoff,total
val_month_sac_gen_J_q_265,651.7487995638262,1488.30912,159.56135988924024,676.9989605469334
