name,transf,client,payoff,total
test_month_sac_gen_I_i_289,710.0465475441631,1468.334912,149.17516390639216,609.1132005494447
