name,transf,client,payoff,total,sessions
test_6month_sac_gen_5m_109,2930.1984977900383,9929.387430399998,886.8210602299855,6112.367872379975,df_elaad_preproc_l6months.csv
