name,transf,client,payoff,total,sessions
test_6month_sac_gen_4m_64,2999.8966766067615,9929.387430399998,886.8210602299855,6042.669693563252,df_elaad_preproc_l6months.csv
