name,transf,client,payoff,total
train_month_sac_gen_I_x_62,-7037.221976438947,4306.918592,417.5107208496297,10926.629847589316
