name,transf,client,payoff,total
val_month_sac_gen_I_m_238,637.3789647158893,1488.30912,159.56135988924024,691.3687953948704
