name,transf,client,payoff,total
test_month_sac_gen_I_d_393,665.3099534598637,1468.334912,149.17516390639216,653.8497946337442
