name,transf,client,payoff,total
val_month_sac_gen_I_i_244,658.8597412652159,1488.30912,159.56135988924024,669.8880188455437
