name,transf,client,payoff,total
train_month_sac_gen_J_d_10,2250.0111902188696,4306.918592,422.3108412815719,1634.5965604995586
