name,transf,client,payoff,total
val_month_sac_gen_J_n_291,599.0623378710077,1488.30912,159.56135988924024,729.6854222397519
