name,transf,client,payoff,total
val_month_sac_gen_I_x_147,700.5963907086968,1488.30912,159.56135988924024,628.1513694020628
