name,transf,client,payoff,total,sessions
test_6month_sac_gen_f_36,3211.470481371455,9929.387430399998,886.8210602299855,5831.095888798558,df_elaad_preproc_l6months.csv
