name,transf,client,payoff,total,sessions
test_6month_sac_pred_noise_5a_206,2854.1680156177454,9929.387430399998,881.6875054342313,6193.531909348021,df_elaad_preproc_l6months.csv
