name,transf,client,payoff,total
test_month_sac_gen_J_k_474,614.3071356488838,1468.334912,149.17516390639216,704.8526124447241
