name,transf,client,payoff,total
test_month_sac_gen_J_f_44,698.6892703987513,1468.334912,149.17516390639216,620.4704776948565
