name,transf,client,payoff,total
val_month_sac_gen_I_w_488,664.0778583449564,1488.30912,159.56135988924024,664.6699017658032
