name,transf,client,payoff,total
train_month_sac_gen_I_f_331,2083.3584979764255,4306.918592,421.11038371791597,1802.4497103056585
