name,transf,client,payoff,total
test_sac_gen_a_34,8716.85221038362,18301.238246399997,1736.5228628156017,7847.863173200774
