name,transf,client,payoff,total
month_sac_IX_i,864.7105944631828,1469.5622144,138.94788746945426,465.90373246736283
