name,transf,client,payoff,total
train_month_sac_gen_I_k_285,2013.4470977467004,4306.918592,422.3108412815719,1871.1606529717278
