name,transf,client,payoff,total,sessions
test_6month_sac_gen_a_24,3221.04350789359,9929.387430399998,886.8210602299855,5821.5228622764225,df_elaad_preproc_l6months.csv
