name,transf,client,payoff,total
train_month_sac_gen_J_b_327,2008.2448197240724,4306.918592,422.3108412815719,1876.3629309943558
