name,transf,client,payoff,total
val_month_sac_gen_I_b_30,716.3429400032933,1488.30912,159.56135988924024,612.4048201074663
