name,transf,client,payoff,total
test_month_sac_gen_I_w_276,662.371294022148,1468.334912,149.17516390639216,656.7884540714598
