name,transf,client,payoff,total
test_month_sac_gen_I_u_85,703.5166133975256,1468.334912,149.17516390639216,615.6431346960823
