name,transf,client,payoff,total
test_month_sac_gen_I_u_317,673.4625175106199,1468.334912,149.17516390639216,645.6972305829879
