name,transf,client,payoff,total
val_month_sac_gen_J_u_317,543.846886219774,1488.30912,155.96206259448996,788.500171185736
