name,transf,client,payoff,total,sessions
test_6month_sac_pred_noise_3a_146,2890.7560613690284,9929.387430399998,889.2877424740021,6149.343626556968,df_elaad_preproc_l6months.csv
