name,transf,client,payoff,total
test_month_sac_gen_I_g_69,792.3919500191241,1468.334912,149.17516390639216,526.7677980744837
