name,transf,client,payoff,total
train_month_sac_gen_J_r_439,1990.5908311823246,4306.918592,422.3108412815719,1894.0169195361036
