name,transf,client,payoff,total
val_month_sac_gen_J_a_323,644.7051500147164,1488.30912,159.56135988924024,684.0426100960433
