name,transf,client,payoff,total
train_month_sac_gen_I_y_216,217.4150290093587,4306.918592,422.5773063992423,3666.926256591399
