name,transf,client,payoff,total
val_month_sac_gen_I_n_318,600.952062433437,1488.30912,159.56135988924024,727.7956976773226
