name,transf,client,payoff,total
val_month_sac_gen_I_h_273,637.7416739762064,1488.30912,159.56135988924024,691.0060861345532
