name,transf,client,payoff,total
val_month_sac_gen_I_g_37,737.3985155338172,1488.30912,159.56135988924024,591.3492445769425
