name,transf,client,payoff,total
train_month_sac_gen_I_j_342,2022.8190195331936,4306.918592,422.3108412815719,1861.7887311852346
