name,transf,client,payoff,total
test_month_sac_gen_J_u_338,597.1356150419311,1468.334912,148.50825484764397,722.6910421104249
