name,transf,client,payoff,total
val_month_sac_gen_I_p_169,707.9014766807969,1488.30912,159.56135988924024,620.8462834299628
