name,transf,client,payoff,total
train_month_sac_gen_I_x_372,-7362.974253015324,4306.918592,418.6438576469184,11251.248987368406
