name,transf,client,payoff,total,sessions
test_6month_sac_gen_1l_34,3247.001451268943,9929.387430399998,886.8210602299855,5795.564918901069,df_elaad_preproc_l6months.csv
