name,transf,client,payoff,total
train_month_sac_gen_I_i_387,2051.0392140663907,4306.918592,422.3108412815719,1833.5685366520374
