name,transf,client,payoff,total,sessions
test_6month_sac_gen_2n_171,2883.29802019977,9929.387430399998,886.8210602299855,6159.268349970243,df_elaad_preproc_l6months.csv
