name,transf,client,payoff,total
train_month_sac_gen_I_p_46,2320.8071737838745,4306.918592,422.3108412815719,1563.8005769345536
