name,transf,client,payoff,total,sessions
test_6month_sac_pred_noise_5b_241,3079.040382601408,9929.387430399998,881.6875054342313,5968.659542364359,df_elaad_preproc_l6months.csv
