name,transf,client,payoff,total,sessions
test_6month_sac_pred_noise_3e_107,5203.003063508689,9929.387430399998,889.2877424740021,3837.0966244173073,df_elaad_preproc_l6months.csv
