name,transf,client,payoff,total
val_month_sac_gen_I_l_86,672.9392410243684,1488.30912,159.56135988924024,655.8085190863912
