name,transf,client,payoff,total
train_month_sac_gen_f_11,1412.4258121019366,2818.609472,262.41527182132364,1143.76838807674
