name,transf,client,payoff,total
val_month_sac_gen_J_e_317,653.5384102267489,1488.30912,159.56135988924024,675.2093498840109
