name,transf,client,payoff,total
train_month_sac_gen_J_k_259,1799.8315949581427,4306.918592,422.3108412815719,2084.7761557602853
