name,transf,client,payoff,total
test_month_sac_gen_I_v_476,688.3264249561912,1468.334912,149.17516390639216,630.8333231374166
