name,transf,client,payoff,total
train_month_sac_gen_J_f_390,1986.5865411255259,4306.918592,422.3108412815719,1898.0212095929023
