name,transf,client,payoff,total
train_month_sac_gen_I_p_395,2173.122745607692,4306.918592,422.3108412815719,1711.485005110736
