name,transf,client,payoff,total
test_month_sac_gen_I_u_102,706.8983273388985,1468.334912,149.17516390639216,612.2614207547093
