name,transf,client,payoff,total
test_month_sac_gen_I_x_476,744.1930346620086,1468.334912,149.17516390639216,574.9667134315993
