name,transf,client,payoff,total
val_month_sac_gen_J_k_495,559.7040724488888,1488.30912,159.56135988924024,769.0436876618708
