name,transf,client,payoff,total
train_month_sac_gen_I_z_369,-19.856304015153796,4306.918592,426.9106693943604,3899.8642266207935
