name,transf,client,payoff,total
test_month_sac_gen_I_y_358,679.3879495846497,1468.334912,149.17516390639216,639.7717985089581
