name,transf,client,payoff,total
train_month_sac_gen_J_q_272,2037.7644582042772,4306.918592,422.3108412815719,1846.843292514151
