name,transf,client,payoff,total
test_month_sac_gen_I_c_402,672.1468731436921,1468.334912,149.17516390639216,647.0128749499157
