name,transf,client,payoff,total
test_month_sac_gen_J_s_282,577.5130712677685,1468.334912,148.50825484764397,742.3135858845876
