name,transf,client,payoff,total,sessions
test_6month_sac_gen_4m_61,2947.9963517208807,9929.387430399998,891.2211003728393,6090.169978306279,df_elaad_preproc_l6months.csv
