name,transf,client,payoff,total
test_month_sac_gen_J_k_296,617.403730813593,1468.334912,149.17516390639216,701.7560172800148
