name,transf,client,payoff,total,sessions
test_6month_sac_gen_a_28,3204.933279155339,9929.387430399998,886.8210602299855,5837.6330910146735,df_elaad_preproc_l6months.csv
