name,transf,client,payoff,total
val_month_sac_c_3,2149.1692053946135,2277.450960542104,145.3079860330326,-17.026230885542134
