name,transf,client,payoff,total,sessions
test_6month_sac_pred_noise_3e_43,5231.883234203958,9929.387430399998,889.2877424740021,3808.2164537220383,df_elaad_preproc_l6months.csv
