name,transf,client,payoff,total,sessions
test_6month_sac_gen_1n_61,3066.1723115917307,9929.387430399998,886.8210602299855,5976.394058578282,df_elaad_preproc_l6months.csv
