name,transf,client,payoff,total
test_month_sac_gen_I_s_283,672.1212333015349,1468.334912,149.17516390639216,647.038514792073
