name,transf,client,payoff,total
val_month_sac_gen_J_t_40,662.9730332907659,1488.30912,155.96206259448996,669.3740241147441
