name,transf,client,payoff,total,sessions
test_6month_sac_pred_noise_3d_228,4439.075509101633,9929.387430399998,889.2877424740021,4601.024178824364,df_elaad_preproc_l6months.csv
