name,transf,client,payoff,total
val_month_sac_gen_I_q_203,744.3059728123419,1488.30912,159.56135988924024,584.4417872984177
