name,transf,client,payoff,total
train_month_sac_gen_J_m_323,1803.1665216026695,4306.918592,422.3108412815719,2081.4412291157587
