name,transf,client,payoff,total,sessions
test_6month_sac_pred_noise_1c_35,3665.3460782507154,9929.387430399998,893.2217503396156,5370.819601809667,df_elaad_preproc_l6months.csv
