name,transf,client,payoff,total
val_month_sac_gen_I_q_319,736.3298280224419,1488.30912,159.56135988924024,592.4179320883177
