name,transf,client,payoff,total
train_month_sac_gen_J_j_476,1834.5742135367027,4306.918592,422.3108412815719,2050.0335371817255
