name,transf,client,payoff,total
val_month_sac_gen_J_j_185,622.4836740479751,1488.30912,159.56135988924024,706.2640860627846
