name,transf,client,payoff,total,sessions
test_6month_sac_pred_noise_4a_30,3146.945721043967,9929.387430399998,891.2211003728393,5891.2206089831925,df_elaad_preproc_l6months.csv
