name,transf,client,payoff,total,sessions
test_6month_sac_pred_noise_4c_87,3656.8327692916014,9929.387430399998,891.2211003728393,5381.333560735558,df_elaad_preproc_l6months.csv
