name,transf,client,payoff,total,sessions
test_6month_sac_gen_j_66,3134.768184218049,9929.387430399998,886.8210602299855,5907.798185951964,df_elaad_preproc_l6months.csv
