name,transf,client,payoff,total
val_month_sac_gen_I_c_44,702.899103049934,1488.30912,159.56135988924024,625.8486570608256
