name,transf,client,payoff,total
test_month_sac_gen_c_87,715.7297437196418,1488.30912,159.56135988924024,613.018016391118
