name,transf,client,payoff,total
train_month_sac_gen_I_t_291,1928.5915291565798,4306.918592,417.9111059660337,1960.4159568773866
