name,transf,client,payoff,total
test_month_sac_gen_I_z_270,723.9788042919597,1468.334912,149.17516390639216,595.1809438016481
