name,transf,client,payoff,total
val_month_sac_gen_d_36,910.059812012219,1349.0472576000002,118.32161810264896,320.66582748513224
