name,transf,client,payoff,total
train_month_sac_gen_I_u_408,-131.0438593517264,4306.918592,422.3108412815719,4015.6516100701547
