name,transf,client,payoff,total
test_month_sac_gen_G_b_44,702.2684892347231,1468.334912,148.64140204911905,617.4250207161579
