name,transf,client,payoff,total
val_month_sac_gen_I_s_471,645.8601165185344,1488.30912,159.56135988924024,682.8876435922252
