name,transf,client,payoff,total
test_month_sac_gen_J_i_421,729.0990509320014,1468.334912,149.17516390639216,590.0606971616064
