name,transf,client,payoff,total,sessions
test_6month_sac_pred_noise_5e_249,5201.059389631432,9929.387430399998,881.6875054342313,3846.640535334335,df_elaad_preproc_l6months.csv
