name,transf,client,payoff,total,sessions
test_6month_sac_gen_h_9,3620.883379621326,9929.387430399998,886.8210602299855,5421.682990548687,df_elaad_preproc_l6months.csv
