name,transf,client,payoff,total
test_month_sac_gen_I_k_395,684.495626712228,1468.334912,149.17516390639216,634.6641213813798
