name,transf,client,payoff,total
test_month_sac_gen_J_i_447,723.9085349677665,1468.334912,149.17516390639216,595.2512131258413
