name,transf,client,payoff,total
test_month_sac_gen_J_t_67,700.7381657697754,1468.334912,148.50825484764397,619.0884913825807
