name,transf,client,payoff,total
val_month_sac_gen_I_x_210,704.1165564146997,1488.30912,159.56135988924024,624.6312036960599
