name,transf,client,payoff,total
test_month_sac_gen_J_r_57,703.869666053256,1468.334912,149.17516390639216,615.2900820403519
