name,transf,client,payoff,total
test_month_sac_gen_J_b_349,698.1113163140258,1468.334912,149.17516390639216,621.0484317795821
