name,transf,client,payoff,total
val_month_sac_gen_I_v_28,703.9291085665424,1488.30912,159.56135988924024,624.8186515442173
