name,transf,client,payoff,total,sessions
test_6month_sac_gen_e_132,2847.6867489773995,9929.387430399998,886.8210602299855,6194.879621192613,df_elaad_preproc_l6months.csv
