name,transf,client,payoff,total
train_month_sac_gen_J_v_98,2169.26230002401,4306.918592,417.9096673275943,1719.7466246483955
