name,transf,client,payoff,total
test_month_sac_gen_J_a_145,697.3188137443973,1468.334912,149.17516390639216,621.8409343492106
