name,transf,client,payoff,total
val_month_sac_gen_I_m_402,626.4449942307692,1488.30912,159.56135988924024,702.3027658799904
