name,transf,client,payoff,total
train_month_sac_gen_I_e_369,2041.4881140532168,4306.918592,417.9096673275943,1847.5208106191885
