name,transf,client,payoff,total
test_month_sac_gen_J_u_84,607.5749907537675,1468.334912,148.50825484764397,712.2516663985887
