name,transf,client,payoff,total
val_month_sac_gen_J_x_299,679.8609561815744,1488.30912,159.56135988924024,648.8868039291854
