name,transf,client,payoff,total
train_month_sac_gen_I_o_376,2127.9658898144644,4306.918592,422.3108412815719,1756.6418609039638
