name,transf,client,payoff,total
train_month_sac_gen_J_p_228,2012.4306696362457,4306.918592,422.3108412815719,1872.1770810821827
