name,transf,client,payoff,total
train_month_sac_gen_J_u_263,1915.4152626047035,4306.918592,423.3108346063852,1968.1924947889113
