name,transf,client,payoff,total,sessions
test_6month_sac_pred_noise_1e_25,5160.282769467456,9929.387430399998,893.2217503396156,3875.8829105929267,df_elaad_preproc_l6months.csv
