name,transf,client,payoff,total,sessions
test_6month_sac_gen_5l_206,2769.379946924479,9929.387430399998,886.8210602299855,6273.186423245534,df_elaad_preproc_l6months.csv
