name,transf,client,payoff,total
test_month_sac_gen_I_a_31,752.6797146347806,1468.334912,149.17516390639216,566.4800334588273
