name,transf,client,payoff,total
train_month_sac_gen_I_r_383,1936.5968945982224,4306.918592,422.97713745041835,1947.3445599513593
