name,transf,client,payoff,total
val_month_sac_gen_I_l_12,733.3610151529022,1488.30912,159.56135988924024,595.3867449578574
