name,transf,client,payoff,total
test_month_sac_c_1,1356.0961831411055,1469.5622144,135.21440678133106,-21.748375522436646
