name,transf,client,payoff,total
test_month_sac_gen_J_m_487,660.0666642152828,1468.334912,149.17516390639216,659.093083878325
