name,transf,client,payoff,total
val_month_sac_gen_I_k_0,841.8663600709428,1488.30912,159.56135988924024,486.8814000398168
