name,transf,client,payoff,total
train_month_sac_gen_J_m_214,1845.7403759666158,4306.918592,422.3108412815719,2038.8673747518123
