name,transf,client,payoff,total
val_month_sac_c_567,1825.740164974711,2277.450960542104,145.3079860330326,306.4028095343604
