name,transf,client,payoff,total
val_month_sac_gen_J_j_288,607.165423397098,1488.30912,159.56135988924024,721.5823367136616
