name,transf,client,payoff,total,sessions
test_6month_sac_gen_4l_42,3004.69009143368,9929.387430399998,886.8210602299855,6037.876278736332,df_elaad_preproc_l6months.csv
