name,transf,client,payoff,total
test_month_sac_gen_I_w_447,645.9709642119863,1468.334912,149.17516390639216,673.1887838816216
