name,transf,client,payoff,total
train_month_sac_gen_G_b_138,553.9142666975288,1349.0472576000002,120.12091816115736,675.0120727413141
