name,transf,client,payoff,total
val_month_sac_gen_J_m_306,600.1546429837813,1488.30912,159.56135988924024,728.5931171269783
