name,transf,client,payoff,total,sessions
test_6month_sac_pred_noise_3e_69,5159.482200409862,9929.387430399998,889.2877424740021,3880.6174875161337,df_elaad_preproc_l6months.csv
