name,transf,client,payoff,total
test_month_sac_gen_J_a_169,704.494332853691,1468.334912,149.17516390639216,614.6654152399168
