name,transf,client,payoff,total
val_month_sac_gen_J_g_417,641.7582662080054,1488.30912,159.56135988924024,686.9894939027542
