name,transf,client,payoff,total
test_month_sac_gen_I_i_182,714.2128002825687,1468.334912,149.17516390639216,604.9469478110392
