name,transf,client,payoff,total
test_month_sac_gen_I_t_470,719.1046654173623,1468.334912,149.17516390639216,600.0550826762455
