name,transf,client,payoff,total,sessions
test_6month_sac_gen_2o_84,3010.9263000960677,9929.387430399998,886.8210602299855,6031.640070073945,df_elaad_preproc_l6months.csv
