name,transf,client,payoff,total
train_month_sac_gen_J_b_177,2054.2918084228254,4306.918592,422.3108412815719,1830.3159422956028
