name,transf,client,payoff,total,sessions
test_6month_sac_gen_1l_112,2898.923283972831,9929.387430399998,886.8210602299855,6143.643086197182,df_elaad_preproc_l6months.csv
