name,transf,client,payoff,total
train_month_sac_gen_J_l_13,2296.5644447690565,4306.918592,422.3108412815719,1588.0433059493716
