name,transf,client,payoff,total
train_month_sac_gen_I_b_489,1980.79760362822,4306.918592,422.3108412815719,1903.8101470902084
