name,transf,client,payoff,total
train_month_sac_c_13,1404.183564514603,2289.492687923877,157.2012507240518,728.1078726852222
