name,transf,client,payoff,total,sessions
test_6month_sac_gen_3l_61,2956.704390899488,9929.387430399998,886.8210602299855,6085.861979270525,df_elaad_preproc_l6months.csv
