name,transf,client,payoff,total,sessions
test_6month_sac_pred_noise_4d_229,4504.8549021755425,9929.387430399998,891.2211003728393,4533.311427851617,df_elaad_preproc_l6months.csv
