name,transf,client,payoff,total
train_month_sac_gen_J_w_412,1837.2422938545274,4306.918592,419.4438143663691,2050.2324837791034
