name,transf,client,payoff,total,sessions
train_6month_sac_gen_3m_141,3266.2538886808484,8371.850816,844.7013188834208,4260.8956084357305,df_elaad_preproc_f6months.csv
