name,transf,client,payoff,total
val_month_sac_gen_J_g_21,712.6458989776177,1488.30912,159.56135988924024,616.1018611331419
