name,transf,client,payoff,total,sessions
test_6month_sac_pred_noise_3b_246,3162.2562048814084,9929.387430399998,889.2877424740021,5877.843483044588,df_elaad_preproc_l6months.csv
