name,transf,client,payoff,total
test_month_sac_gen_J_s_275,578.5214818187313,1468.334912,148.50825484764397,741.3051753336247
