name,transf,client,payoff,total
train_month_sac_gen_J_w_324,1847.8780528494356,4306.918592,418.6443682491681,2040.3961709013965
