name,transf,client,payoff,total
train_month_sac_gen_I_y_335,-7.928521977384946,4306.918592,419.37702845510245,3895.4700855222823
