name,transf,client,payoff,total
test_month_sac_gen_I_c_340,673.8914586904351,1468.334912,149.17516390639216,645.2682894031727
