name,transf,client,payoff,total
train_month_sac_gen_J_l_319,1837.3140506358163,4306.918592,422.3108412815719,2047.2937000826118
