name,transf,client,payoff,total
test_month_sac_gen_J_o_474,684.687523399595,1468.334912,149.17516390639216,634.4722246940129
