name,transf,client,payoff,total
test_month_sac_gen_J_b_348,694.8846267185436,1468.334912,149.17516390639216,624.2751213750643
