name,transf,client,payoff,total
train_month_sac_gen_J_w_302,1887.4575936544472,4306.918592,418.4439391846329,2001.01705916092
