name,transf,client,payoff,total
val_month_sac_gen_G_a_245,619.2370023803198,1488.30912,155.96206259448996,713.1100550251901
