name,transf,client,payoff,total,sessions
test_6month_sac_gen_1m_185,2917.967186898556,9929.387430399998,893.2217503396156,6118.198493161826,df_elaad_preproc_l6months.csv
