name,transf,client,payoff,total,sessions
test_6month_sac_gen_1o_77,3007.4588031976737,9929.387430399998,886.8210602299855,6035.10756697234,df_elaad_preproc_l6months.csv
