name,transf,client,payoff,total
val_month_sac_gen_J_q_166,657.5227879683831,1488.30912,159.56135988924024,671.2249721423766
