name,transf,client,payoff,total
train_month_sac_gen_J_p_455,1995.4380224978745,4306.918592,422.3108412815719,1889.1697282205537
