name,transf,client,payoff,total
test_month_sac_gen_J_k_186,638.4707041874583,1468.334912,149.17516390639216,680.6890439061495
