name,transf,client,payoff,total
val_month_sac_gen_I_t_456,680.8760791765438,1488.30912,159.56135988924024,647.8716809342159
