name,transf,client,payoff,total
train_month_sac_d_1,1290.6956816435484,1469.5622144,135.21440678133106,43.65212597512047
