name,transf,client,payoff,total
test_month_sac_gen_J_g_482,694.6835828717933,1468.334912,149.17516390639216,624.4761652218145
