name,transf,client,payoff,total
val_month_sac_gen_I_c_137,661.2485551539362,1488.30912,159.56135988924024,667.4992049568234
