name,transf,client,payoff,total
val_month_sac_gen_I_n_96,628.365510792901,1488.30912,159.56135988924024,700.3822493178586
