name,transf,client,payoff,total
train_month_sac_c_953,1028.117137396916,2289.492687923877,157.2012507240518,1104.1742998029092
