name,transf,client,payoff,total,sessions
test_6month_sac_gen_j_75,2961.6257746950787,9929.387430399998,886.8210602299855,6080.9405954749345,df_elaad_preproc_l6months.csv
