name,transf,client,payoff,total
val_month_sac_gen_I_o_246,694.7011852432603,1488.30912,159.56135988924024,634.0465748674994
