name,transf,client,payoff,total
test_month_sac_gen_J_i_298,738.5827113497562,1468.334912,149.17516390639216,580.5770367438516
