name,transf,client,payoff,total
train_month_sac_gen_I_j_462,2027.2470303874763,4306.918592,422.3108412815719,1857.360720330952
