name,transf,client,payoff,total,sessions
test_6month_sac_pred_noise_2b_192,3013.8847383116818,9929.387430399998,897.4875555656347,6018.015136522682,df_elaad_preproc_l6months.csv
