name,transf,client,payoff,total
val_month_sac_gen_I_x_11,755.51765853909,1488.30912,159.56135988924024,573.2301015716696
