name,transf,client,payoff,total
test_month_sac_gen_J_v_231,648.6754784661528,1468.334912,148.50825484764397,671.1511786862034
