name,transf,client,payoff,total
val_month_sac_gen_G_a_262,609.2060949016354,1488.30912,155.96206259448996,723.1409625038746
