name,transf,client,payoff,total
test_month_sac_gen_J_l_295,655.9362089817969,1468.334912,149.17516390639216,663.223539111811
