name,transf,client,payoff,total,sessions
test_6month_sac_gen_2n_4,5575.865323522061,9929.387430399998,886.8210602299855,3466.701046647952,df_elaad_preproc_l6months.csv
