name,transf,client,payoff,total
train_month_sac_gen_J_a_90,2104.1508396575146,4306.918592,422.3108412815719,1780.4569110609136
