name,transf,client,payoff,total
test_month_sac_gen_I_c_134,713.6129060087649,1468.334912,149.17516390639216,605.546842084843
