name,transf,client,payoff,total
test_month_sac_gen_J_b_106,718.5526566341459,1468.334912,149.17516390639216,600.6070914594619
