name,transf,client,payoff,total
test_month_sac_gen_J_g_267,681.7650796294148,1468.334912,149.17516390639216,637.394668464193
