name,transf,client,payoff,total,sessions
test_6month_sac_pred_noise_1e_280,5141.038896325537,9929.387430399998,893.2217503396156,3895.1267837348455,df_elaad_preproc_l6months.csv
