name,transf,client,payoff,total
val_month_sac_gen_I_s_31,716.6377760847279,1488.30912,159.56135988924024,612.1099840260317
