name,transf,client,payoff,total,sessions
test_6month_sac_pred_noise_1b_191,3059.4659562195648,9929.387430399998,893.2217503396156,5976.699723840818,df_elaad_preproc_l6months.csv
