name,transf,client,payoff,total
val_month_sac_gen_J_d_128,667.3217761821493,1488.30912,159.56135988924024,661.4259839286103
