name,transf,client,payoff,total
train_month_sac_gen_J_j_384,1835.828800898199,4306.918592,422.3108412815719,2048.778949820229
