name,transf,client,payoff,total,sessions
test_6month_sac_pred_noise_4a_29,3280.7062449056016,9929.387430399998,891.2211003728393,5757.460085121558,df_elaad_preproc_l6months.csv
