name,transf,client,payoff,total
test_month_sac_gen_J_g_463,685.4039252536545,1468.334912,149.17516390639216,633.7558228399533
