name,transf,client,payoff,total
train_month_sac_gen_J_s_250,1881.40280273288,4306.918592,420.64312154689844,2004.8726677202217
