name,transf,client,payoff,total
train_month_sac_gen_I_g_474,2571.9831478354513,4306.918592,422.3108412815719,1312.624602882977
