name,transf,client,payoff,total,sessions
test_6month_sac_pred_noise_4d_102,4477.047398404856,9929.387430399998,891.2211003728393,4561.1189316223035,df_elaad_preproc_l6months.csv
