name,transf,client,payoff,total
val_month_sac_gen_J_s_209,552.8580719870973,1488.30912,155.96206259448996,779.4889854184125
