name,transf,client,payoff,total
val_month_sac_gen_J_p_29,709.4676060819684,1488.30912,159.56135988924024,619.2801540287912
