name,transf,client,payoff,total
test_month_sac_gen_J_w_213,599.0029730289139,1468.334912,148.50825484764397,720.8236841234423
