name,transf,client,payoff,total
test_month_sac_gen_J_w_242,589.9964725036075,1468.334912,148.50825484764397,729.8301846487486
