name,transf,client,payoff,total
val_month_sac_gen_I_r_484,592.1875200230218,1488.30912,159.56135988924024,736.5602400877378
