name,transf,client,payoff,total
val_month_sac_gen_I_v_473,651.9760910117964,1488.30912,159.56135988924024,676.7716690989632
