name,transf,client,payoff,total
test_month_sac_gen_J_m_298,686.1608341897636,1468.334912,149.17516390639216,632.9989139038443
