name,transf,client,payoff,total,sessions
test_6month_sac_pred_noise_2a_193,2741.818272763076,9929.387430399998,897.4875555656347,6290.081602071288,df_elaad_preproc_l6months.csv
