name,transf,client,payoff,total
test_month_sac_gen_J_n_134,714.7534781200059,1468.334912,149.17516390639216,604.406269973602
