name,transf,client,payoff,total,sessions
test_6month_sac_gen_3l_54,2952.416925289436,9929.387430399998,886.8210602299855,6090.149444880577,df_elaad_preproc_l6months.csv
