name,transf,client,payoff,total
val_month_sac_gen_I_r_246,600.6299233249082,1488.30912,159.56135988924024,728.1178367858515
