name,transf,client,payoff,total
month_sac_IX_i,870.0575871682163,1469.5622144,133.88109350678315,465.62353372500047
