name,transf,client,payoff,total
test_month_sac_gen_I_z_219,732.8058686667582,1468.334912,149.17516390639216,586.3538794268496
