name,transf,client,payoff,total
train_month_sac_gen_J_h_258,2064.95120655982,4306.918592,422.3108412815719,1819.656544158608
