name,transf,client,payoff,total
month_sac_IX_a,1163.3424770369757,1469.5622144,137.14765816978746,169.0720791932368
