name,transf,client,payoff,total
test_sac_b_c_9,7413.924355267875,18301.238246399997,1736.5228628156017,9150.79102831652
