name,transf,client,payoff,total
test_month_sac_gen_J_e_469,685.6754944909121,1468.334912,149.17516390639216,633.4842536026957
