name,transf,client,payoff,total
test_month_sac_gen_I_d_394,664.0452646578068,1468.334912,149.17516390639216,655.114483435801
