name,transf,client,payoff,total,sessions
test_6month_sac_pred_noise_5b_182,2998.613154872514,9929.387430399998,881.6875054342313,6049.086770093254,df_elaad_preproc_l6months.csv
