name,transf,client,payoff,total,sessions
test_6month_sac_pred_noise_5a_25,3447.9355124229014,9929.387430399998,881.6875054342313,5599.764412542865,df_elaad_preproc_l6months.csv
