name,transf,client,payoff,total
test_month_sac_gen_J_s_140,593.5855740792729,1468.334912,148.50825484764397,726.2410830730832
