name,transf,client,payoff,total,sessions
test_6month_sac_pred_noise_3e_187,5085.169134207075,9929.387430399998,889.2877424740021,3954.9305537189207,df_elaad_preproc_l6months.csv
