name,transf,client,payoff,total,sessions
6month_sac_disagg_5b_MD,3258.388338059704,9929.387430399998,881.6875054342313,5789.311586906064,df_elaad_preproc_l6months.csv
