name,transf,client,payoff,total
val_month_sac_gen_I_c_159,658.2104562347162,1488.30912,159.56135988924024,670.5373038760436
