name,transf,client,payoff,total
val_month_sac_gen_J_l_444,589.9918042905041,1488.30912,159.56135988924024,738.7559558202556
