name,transf,client,payoff,total
train_month_sac_gen_I_f_441,2069.128005877644,4306.918592,421.11038371791597,1816.6802024044403
