name,transf,client,payoff,total
test_month_sac_gen_G_a_209,664.9956798009845,1468.334912,148.50825484764397,654.8309773513715
