name,transf,client,payoff,total
train_month_sac_gen_I_w_406,-7683.605652616376,4306.918592,422.3108412815719,11568.213403334803
