name,transf,client,payoff,total
test_month_sac_gen_I_p_463,761.4658979962946,1468.334912,149.17516390639216,557.6938500973132
