name,transf,client,payoff,total,sessions
test_6month_sac_pred_noise_4b_234,3108.9734233817335,9929.387430399998,891.2211003728393,5929.192906645426,df_elaad_preproc_l6months.csv
