name,transf,client,payoff,total
test_month_sac_gen_I_a_449,697.0651639014128,1468.334912,149.17516390639216,622.094584192195
