name,transf,client,payoff,total,sessions
test_6month_sac_gen_2m_75,3128.6297436143836,9929.387430399998,886.8210602299855,5913.936626555629,df_elaad_preproc_l6months.csv
