name,transf,client,payoff,total,sessions
test_6month_sac_gen_1n_6,3956.506174597052,9929.387430399998,886.8210602299855,5086.06019557296,df_elaad_preproc_l6months.csv
