name,transf,client,payoff,total
val_month_sac_gen_I_v_416,650.9055222849097,1488.30912,159.56135988924024,677.8422378258499
