name,transf,client,payoff,total
train_month_sac_gen_I_o_233,2146.159059615151,4306.918592,422.3108412815719,1738.4486911032773
