name,transf,client,payoff,total
test_month_sac_gen_J_r_227,689.812548738095,1468.334912,149.17516390639216,629.3471993555129
