name,transf,client,payoff,total
test_month_sac_gen_J_j_183,646.9115281751763,1468.334912,149.17516390639216,672.2482199184316
