name,transf,client,payoff,total
test_month_sac_gen_I_x_88,759.8126525496807,1468.334912,149.17516390639216,559.3470955439271
