name,transf,client,payoff,total
val_month_sac_gen_I_v_386,648.8913120118461,1488.30912,159.56135988924024,679.8564480989135
