name,transf,client,payoff,total
train_month_sac_gen_J_t_231,2039.6082283048736,4306.918592,417.9096673275943,1849.400696367532
