name,transf,client,payoff,total
train_month_sac_gen_J_d_359,2024.166987680083,4306.918592,422.3108412815719,1860.4407630383453
