name,transf,client,payoff,total
test_month_sac_c_429,1019.0633483794726,1469.5622144,135.21440678133106,315.2844592391963
