name,transf,client,payoff,total
test_month_sac_gen_J_a_498,697.9656675031105,1468.334912,149.17516390639216,621.1940805904974
