name,transf,client,payoff,total
test_month_sac_gen_G_b_25,795.5326525886601,1468.334912,148.64140204911905,524.1608573622209
