name,transf,client,payoff,total
val_month_sac_gen_J_n_371,596.1972917344406,1488.30912,159.56135988924024,732.550468376319
