name,transf,client,payoff,total
test_month_sac_gen_J_t_101,696.0583503203857,1468.334912,148.50825484764397,623.7683068319704
