name,transf,client,payoff,total
test_month_sac_gen_J_i_284,740.4269852537195,1468.334912,149.17516390639216,578.7327628398883
