name,transf,client,payoff,total,sessions
test_6month_sac_gen_h_35,3146.791860851652,9929.387430399998,886.8210602299855,5895.77450931836,df_elaad_preproc_l6months.csv
