name,transf,client,payoff,total
val_month_sac_gen_J_w_81,602.2496497191858,1488.30912,155.96206259448996,730.0974076863242
