name,transf,client,payoff,total
train_month_sac_gen_J_z_283,883.7890489302927,1469.5622144,141.16147186542952,444.6116936042777
