name,transf,client,payoff,total
val_month_sac_gen_J_s_173,558.7822982405401,1488.30912,155.96206259448996,773.5647591649699
