name,transf,client,payoff,total
val_month_sac_gen_J_b_197,657.1098608855951,1488.30912,159.56135988924024,671.6378992251646
