name,transf,client,payoff,total
test_month_sac_gen_I_n_252,649.7093768134655,1468.334912,149.17516390639216,669.4503712801423
