name,transf,client,payoff,total
train_month_sac_gen_J_b_483,1997.4216172911763,4306.918592,422.3108412815719,1887.1861334272517
