name,transf,client,payoff,total
test_month_sac_gen_J_d_312,706.354626973101,1468.334912,149.17516390639216,612.8051211205069
