name,transf,client,payoff,total
val_month_sac_gen_J_s_70,613.7504487556978,1488.30912,155.96206259448996,718.5966086498122
