name,transf,client,payoff,total
train_month_sac_gen_J_l_377,1819.1248425078936,4306.918592,422.3108412815719,2065.4829082105343
