name,transf,client,payoff,total
train_month_sac_gen_I_x_428,-8205.138905164868,4306.918592,414.24357654948454,12097.813920615383
