name,transf,client,payoff,total,sessions
test_6month_sac_pred_noise_2a_141,2871.2685646210457,9929.387430399998,897.4875555656347,6160.631310213318,df_elaad_preproc_l6months.csv
