name,transf,client,payoff,total
train_month_sac_gen_I_n_193,1910.9076066836521,4306.918592,422.3108412815719,1973.7001440347758
