name,transf,client,payoff,total
val_month_sac_gen_J_g_9,744.7927942326921,1488.30912,159.56135988924024,583.9549658780675
