name,transf,client,payoff,total
train_month_sac_gen_J_x_3,1296.9427212496878,1469.5622144,142.094741946743,30.52475120356911
