name,transf,client,payoff,total
val_month_sac_gen_J_g_368,636.2311325362484,1488.30912,159.56135988924024,692.5166275745112
