name,transf,client,payoff,total
month_sac_IX_g,1106.748854625368,1469.5622144,138.4142360744102,224.39912370022165
