name,transf,client,payoff,total
test_month_sac_gen_I_m_205,688.2415592733885,1468.334912,149.17516390639216,630.9181888202194
