name,transf,client,payoff,total
train_month_sac_gen_I_b_499,1988.593200389412,4306.918592,422.3108412815719,1896.014550329016
