name,transf,client,payoff,total
val_month_sac_gen_I_v_210,655.0052710207323,1488.30912,159.56135988924024,673.7424890900274
