name,transf,client,payoff,total
test_month_sac_gen_J_l_26,784.8033684345908,1468.334912,149.17516390639216,534.3563796590171
