name,transf,client,payoff,total
val_month_sac_c_456,1832.0430692738187,2277.450960542104,145.3079860330326,300.0999052352527
