name,transf,client,payoff,total
test_month_sac_gen_J_k_83,662.8078923609926,1468.334912,149.17516390639216,656.3518557326153
