name,transf,client,payoff,total
test_month_sac_gen_J_d_96,722.5602297973861,1468.334912,149.17516390639216,596.5995182962217
