name,transf,client,payoff,total
val_month_sac_gen_I_y_83,692.7258058638968,1488.30912,159.56135988924024,636.0219542468628
