name,transf,client,payoff,total,sessions
test_6month_sac_pred_noise_5a_131,2920.372428067606,9929.387430399998,881.6875054342313,6127.3274968981605,df_elaad_preproc_l6months.csv
