name,transf,client,payoff,total
train_month_sac_gen_J_e_50,2205.188816679152,4306.918592,422.3108412815719,1679.4189340392763
