name,transf,client,payoff,total
train_month_sac_gen_I_k_407,2004.3860104871046,4306.918592,422.3108412815719,1880.2217402313236
