name,transf,client,payoff,total,sessions
test_6month_sac_gen_1m_19,3428.2306233816303,9929.387430399998,893.2217503396156,5607.935056678752,df_elaad_preproc_l6months.csv
