name,transf,client,payoff,total
val_month_sac_gen_I_o_12,757.1041578690318,1488.30912,159.56135988924024,571.6436022417279
