name,transf,client,payoff,total
val_month_sac_gen_I_k_185,661.5502068153157,1488.30912,159.56135988924024,667.1975532954439
