name,transf,client,payoff,total
val_month_sac_gen_I_t_457,679.3219768190579,1488.30912,159.56135988924024,649.4257832917017
