name,transf,client,payoff,total
val_month_sac_gen_J_v_164,619.1582056976022,1488.30912,155.96206259448996,713.1888517079078
