name,transf,client,payoff,total,sessions
test_6month_sac_gen_1o_66,3123.39330310479,9929.387430399998,886.8210602299855,5919.173067065223,df_elaad_preproc_l6months.csv
