name,transf,client,payoff,total
test_month_sac_gen_J_w_167,606.6639499833591,1468.334912,148.50825484764397,713.162707168997
