name,transf,client,payoff,total
test_month_sac_gen_J_e_484,691.775070148489,1468.334912,149.17516390639216,627.3846779451188
