name,transf,client,payoff,total,sessions
test_6month_sac_pred_noise_2b_220,3019.0280279393746,9929.387430399998,897.4875555656347,6012.871846894989,df_elaad_preproc_l6months.csv
