name,transf,client,payoff,total
test_month_sac_gen_J_u_196,618.1227321609364,1468.334912,148.50825484764397,701.7039249914196
