name,transf,client,payoff,total,sessions
train_6month_sac_gen_3l_272,3154.0487060000232,8371.850816,849.4350828503682,4368.3670271496085,df_elaad_preproc_f6months.csv
