name,transf,client,payoff,total
train_month_sac_gen_J_y_69,669.2075482145161,1488.30912,156.49512837024338,662.6064434152404
