name,transf,client,payoff,total
val_month_sac_gen_J_j_465,595.6981879936772,1488.30912,159.56135988924024,733.0495721170826
