name,transf,client,payoff,total
train_month_sac_gen_I_x_423,-7147.336723482457,4306.918592,415.11134099252445,11039.143974489933
