name,transf,client,payoff,total
val_month_sac_gen_J_h_346,662.8258273851334,1488.30912,159.56135988924024,665.9219327256262
