name,transf,client,payoff,total
test_month_sac_gen_I_o_313,729.5960855984254,1468.334912,149.17516390639216,589.5636624951825
