name,transf,client,payoff,total,sessions
test_6month_sac_pred_noise_1c_97,3580.2125595440193,9929.387430399998,893.2217503396156,5455.953120516363,df_elaad_preproc_l6months.csv
