name,transf,client,payoff,total,sessions
test_6month_sac_pred_noise_4b_126,3162.753457344541,9929.387430399998,891.2211003728393,5875.412872682618,df_elaad_preproc_l6months.csv
