name,transf,client,payoff,total
train_month_sac_gen_I_l_5,2482.4853465993124,4306.918592,422.3108412815719,1402.1224041191158
