name,transf,client,payoff,total
test_month_sac_gen_J_g_273,681.6798533842795,1468.334912,149.17516390639216,637.4798947093284
