name,transf,client,payoff,total
train_month_sac_gen_J_c_393,2035.118727924655,4306.918592,422.3108412815719,1849.489022793773
