name,transf,client,payoff,total
test_month_sac_gen_J_b_156,704.2745944636506,1468.334912,149.17516390639216,614.8851536299572
