name,transf,client,payoff,total
val_month_sac_gen_c_27,682.1682871612178,1349.0472576000002,118.32161810264896,548.5573523361335
