name,transf,client,payoff,total
train_month_sac_gen_J_c_294,2066.1761882421533,4306.918592,422.3108412815719,1818.4315624762748
