name,transf,client,payoff,total
train_month_sac_gen_J_h_387,2036.22163133017,4306.918592,422.3108412815719,1848.386119388258
