name,transf,client,payoff,total,sessions
test_6month_sac_gen_1l_127,2916.6866485736264,9929.387430399998,886.8210602299855,6125.879721596386,df_elaad_preproc_l6months.csv
