name,transf,client,payoff,total
test_month_sac_gen_G_a_189,665.3242397527798,1468.334912,148.50825484764397,654.5024173995762
