name,transf,client,payoff,total
train_month_sac_gen_I_o_185,2148.790432466984,4306.918592,422.3108412815719,1735.8173182514442
