name,transf,client,payoff,total,sessions
test_6month_sac_pred_noise_2d_130,4525.416998973882,9929.387430399998,897.4875555656347,4506.482875860482,df_elaad_preproc_l6months.csv
