name,transf,client,payoff,total,sessions
test_6month_sac_gen_1l_151,2893.757234520515,9929.387430399998,886.8210602299855,6148.809135649497,df_elaad_preproc_l6months.csv
