name,transf,client,payoff,total
val_month_sac_gen_J_u_223,558.1207243446506,1488.30912,155.96206259448996,774.2263330608594
