name,transf,client,payoff,total
test_month_sac_gen_J_u_285,604.5353157969219,1468.334912,148.50825484764397,715.2913413554343
