name,transf,client,payoff,total
val_month_sac_gen_I_b_475,623.1036081596008,1488.30912,159.56135988924024,705.6441519511588
