name,transf,client,payoff,total
train_month_sac_gen_G_a_115,954.7736967491085,1469.5622144,140.2275472440278,374.56097040686365
