name,transf,client,payoff,total,sessions
test_6month_sac_gen_4l_183,2928.332885991727,9929.387430399998,886.8210602299855,6114.233484178285,df_elaad_preproc_l6months.csv
