name,transf,client,payoff,total
val_month_sac_gen_I_g_95,784.8754949661298,1488.30912,159.56135988924024,543.8722651446299
