name,transf,client,payoff,total
val_month_sac_gen_I_x_214,712.1951437544295,1488.30912,159.56135988924024,616.5526163563302
