name,transf,client,payoff,total
test_month_sac_gen_I_j_101,756.2217814590726,1468.334912,149.17516390639216,562.9379666345352
