name,transf,client,payoff,total
train_month_sac_gen_J_v_207,2082.870546182172,4306.918592,417.9096673275943,1806.1383784902337
