name,transf,client,payoff,total
val_month_sac_gen_J_s_148,568.4744069876656,1488.30912,155.96206259448996,763.8726504178444
