name,transf,client,payoff,total
test_month_sac_gen_J_g_283,682.6194505703132,1468.334912,149.17516390639216,636.5402975232946
