name,transf,client,payoff,total
test_month_sac_gen_J_q_100,704.8681736575836,1468.334912,149.17516390639216,614.2915744360242
