name,transf,client,payoff,total
train_month_sac_gen_I_y_80,164.89177891792195,4306.918592,416.9773603426844,3725.0494527393935
