name,transf,client,payoff,total,sessions
test_6month_sac_pred_noise_4e_171,5054.766952719367,9929.387430399998,891.2211003728393,3983.3993773077923,df_elaad_preproc_l6months.csv
