name,transf,client,payoff,total,sessions
test_6month_sac_gen_2o_60,3035.9321926143707,9929.387430399998,886.8210602299855,6006.634177555641,df_elaad_preproc_l6months.csv
