name,transf,client,payoff,total,sessions
test_6month_sac_gen_h_26,3248.1629199573035,9929.387430399998,886.8210602299855,5794.403450212709,df_elaad_preproc_l6months.csv
