name,transf,client,payoff,total
train_month_sac_gen_J_y_148,655.2009918575282,1488.30912,161.56216196843218,671.5459661740396
