name,transf,client,payoff,total
test_month_sac_gen_I_l_52,723.4094885448708,1468.334912,149.17516390639216,595.7502595487371
