name,transf,client,payoff,total
val_month_sac_gen_c_10,623.2728078296846,1349.0472576000002,118.32161810264896,607.4528316676667
