name,transf,client,payoff,total
val_month_sac_gen_J_a_270,643.291860567757,1488.30912,159.56135988924024,685.4558995430027
