name,transf,client,payoff,total
val_month_sac_gen_J_v_404,596.9986814059205,1488.30912,155.96206259448996,735.3483759995895
