name,transf,client,payoff,total
val_month_sac_gen_J_c_231,678.42914926816,1488.30912,159.56135988924024,650.3186108425996
