name,transf,client,payoff,total
val_month_sac_gen_I_v_187,654.053433685467,1488.30912,159.56135988924024,674.6943264252927
