name,transf,client,payoff,total
train_month_sac_gen_I_m_316,1999.0606449755319,4306.918592,422.3108412815719,1885.5471057428963
