name,transf,client,payoff,total
train_month_sac_gen_J_p_267,2001.8277751159908,4306.918592,422.3108412815719,1882.7799756024374
