name,transf,client,payoff,total
test_month_sac_gen_I_m_103,691.5898288977934,1468.334912,149.17516390639216,627.5699191958145
