name,transf,client,payoff,total
val_month_sac_gen_I_b_368,619.7589108805364,1488.30912,159.56135988924024,708.9888492302232
