name,transf,client,payoff,total
train_month_sac_gen_I_m_141,2044.9073987944937,4306.918592,422.3108412815719,1839.7003519239342
