name,transf,client,payoff,total,sessions
test_6month_sac_gen_2m_61,3048.916623291617,9929.387430399998,897.4875555656347,5982.983251542747,df_elaad_preproc_l6months.csv
