name,transf,client,payoff,total
test_month_sac_gen_I_f_456,725.426714514521,1468.334912,147.8419170286109,595.0662804568681
