name,transf,client,payoff,total
train_month_sac_gen_I_u_222,-76.06663374390666,4306.918592,422.3108412815719,3960.674384462335
