name,transf,client,payoff,total
val_month_sac_c_40,2019.6406442681075,2277.450960542104,145.3079860330326,112.50233024096389
