name,transf,client,payoff,total
train_month_sac_c_125,1111.889264884347,2289.492687923877,157.2012507240518,1020.4021723154781
