name,transf,client,payoff,total
month_sac_IX_h,1248.090023059439,1469.5622144,140.68112639664395,80.79106494391687
