name,transf,client,payoff,total,sessions
test_6month_sac_pred_noise_1a_180,2805.334076044277,9929.387430399998,893.2217503396156,6230.831604016105,df_elaad_preproc_l6months.csv
