name,transf,client,payoff,total,sessions
test_6month_sac_gen_5m_10,4135.625877957984,9929.387430399998,886.8210602299855,4906.940492212028,df_elaad_preproc_l6months.csv
