name,transf,client,payoff,total
test_month_sac_gen_I_x_59,758.478746315926,1468.334912,149.17516390639216,560.6810017776819
