name,transf,client,payoff,total,sessions
test_6month_sac_gen_b_229,2912.044974946597,9929.387430399998,886.8210602299855,6130.521395223415,df_elaad_preproc_l6months.csv
