name,transf,client,payoff,total
train_month_sac_gen_I_m_305,2000.5307745781606,4306.918592,422.3108412815719,1884.0769761402676
