name,transf,client,payoff,total,sessions
test_6month_sac_gen_e_1,4993.956111726966,9929.387430399998,886.8210602299855,4048.610258443047,df_elaad_preproc_l6months.csv
