name,transf,client,payoff,total
test_month_sac_gen_f_24,724.1338456837949,1488.30912,159.56135988924024,604.6139144269648
