name,transf,client,payoff,total
train_month_sac_gen_I_a_86,2134.534167114357,4306.918592,422.3108412815719,1750.0735836040712
