name,transf,client,payoff,total
test_month_sac_gen_J_v_30,718.5536881933596,1468.334912,148.50825484764397,601.2729689589964
