name,transf,client,payoff,total
train_month_sac_gen_J_z_151,909.3367031661949,1469.5622144,144.29439254983242,415.9311186839726
