name,transf,client,payoff,total
train_month_sac_c_909,1023.838552292667,2289.492687923877,157.2012507240518,1108.4528849071582
