name,transf,client,payoff,total
train_month_sac_gen_I_y_31,170.9667193600697,4306.918592,422.57604544513146,3713.3758271947986
