name,transf,client,payoff,total
val_month_sac_gen_J_c_2,848.9167858968553,1488.30912,159.56135988924024,479.8309742139043
