name,transf,client,payoff,total,sessions
test_6month_sac_pred_noise_5c_76,3703.9997638529353,9929.387430399998,881.6875054342313,5343.700161112833,df_elaad_preproc_l6months.csv
