name,transf,client,payoff,total
val_month_sac_gen_I_w_104,694.7778060221185,1488.30912,159.56135988924024,633.9699540886411
