name,transf,client,payoff,total
val_month_sac_gen_J_l_425,585.5899742753357,1488.30912,159.56135988924024,743.157785835424
