name,transf,client,payoff,total
train_month_sac_gen_J_i_96,2060.67551014937,4306.918592,422.3108412815719,1823.9322405690582
