name,transf,client,payoff,total
train_month_sac_gen_J_c_320,2056.1715083801137,4306.918592,422.3108412815719,1828.4362423383145
