name,transf,client,payoff,total
train_month_sac_gen_J_w_455,1833.8103613707372,4306.918592,420.4442639143359,2052.663966714927
