name,transf,client,payoff,total
test_month_sac_gen_J_u_432,579.3434309923714,1468.334912,148.50825484764397,740.4832261599847
