name,transf,client,payoff,total
train_month_sac_gen_J_e_53,2194.5061137307152,4306.918592,422.3108412815719,1690.101636987713
