name,transf,client,payoff,total
test_month_sac_gen_J_g_26,726.0749517670773,1468.334912,149.17516390639216,593.0847963265305
