name,transf,client,payoff,total
train_month_sac_gen_I_l_96,2094.4715595569633,4306.918592,422.3108412815719,1790.136191161465
