name,transf,client,payoff,total
train_month_sac_gen_I_l_239,2032.331909721428,4306.918592,422.3108412815719,1852.2758409970002
