name,transf,client,payoff,total
train_month_sac_gen_J_t_300,2017.9690138130857,4306.918592,417.9096673275943,1871.0399108593201
