name,transf,client,payoff,total
test_month_sac_gen_G_a_202,668.2050470769433,1468.334912,148.50825484764397,651.6216100754127
