name,transf,client,payoff,total
val_month_sac_gen_I_q_92,767.1963550453645,1488.30912,159.56135988924024,561.5514050653951
