name,transf,client,payoff,total,sessions
test_6month_sac_gen_3l_139,2813.081196636728,9929.387430399998,886.8210602299855,6229.485173533285,df_elaad_preproc_l6months.csv
