name,transf,client,payoff,total
val_month_sac_gen_J_p_341,639.4451465555283,1488.30912,159.56135988924024,689.3026135552313
