name,transf,client,payoff,total
train_month_sac_gen_I_m_341,1985.2983302446166,4306.918592,422.3108412815719,1899.3094204738118
