name,transf,client,payoff,total
val_month_sac_gen_I_v_45,691.3796257680311,1488.30912,159.56135988924024,637.3681343427286
