name,transf,client,payoff,total
test_month_sac_gen_I_q_190,773.4490549718391,1468.334912,149.17516390639216,545.7106931217687
