name,transf,client,payoff,total
train_month_sac_gen_J_h_443,2034.3508474848882,4306.918592,422.3108412815719,1850.25690323354
