name,transf,client,payoff,total
val_month_sac_gen_G_a_235,609.4443773490057,1488.30912,155.96206259448996,722.9026800565043
