name,transf,client,payoff,total,sessions
test_6month_sac_pred_noise_2d_186,4331.316800193432,9929.387430399998,897.4875555656347,4700.583074640932,df_elaad_preproc_l6months.csv
