name,transf,client,payoff,total
val_month_sac_gen_I_m_454,625.433782098435,1488.30912,159.56135988924024,703.3139780123247
