name,transf,client,payoff,total
test_month_sac_gen_I_p_448,749.3806307249649,1468.334912,149.17516390639216,569.7791173686429
