name,transf,client,payoff,total
test_month_sac_gen_J_k_358,617.3766089336182,1468.334912,149.17516390639216,701.7831391599897
