name,transf,client,payoff,total
val_month_sac_gen_I_y_378,659.380951563373,1488.30912,159.56135988924024,669.3668085473867
