name,transf,client,payoff,total,sessions
test_6month_sac_gen_1m_4,4897.7227212990565,9929.387430399998,893.2217503396156,4138.442958761326,df_elaad_preproc_l6months.csv
