name,transf,client,payoff,total,sessions
test_6month_sac_pred_noise_2a_48,3152.1094914758264,9929.387430399998,897.4875555656347,5879.790383358537,df_elaad_preproc_l6months.csv
