name,transf,client,payoff,total
test_month_sac_gen_I_z_1,796.1793071419638,1468.334912,149.17516390639216,522.980440951644
