name,transf,client,payoff,total
val_month_sac_gen_I_i_478,657.4932329905156,1488.30912,159.56135988924024,671.2545271202441
