name,transf,client,payoff,total
val_month_sac_gen_J_b_118,667.6174316813774,1488.30912,159.56135988924024,661.1303284293822
