name,transf,client,payoff,total
train_month_sac_gen_I_e_449,2036.0713527362552,4306.918592,417.9096673275943,1852.9375719361506
