name,transf,client,payoff,total
test_month_sac_gen_I_i_442,711.4615174581622,1468.334912,149.17516390639216,607.6982306354456
