name,transf,client,payoff,total
val_month_sac_gen_I_i_172,663.4622138028801,1488.30912,159.56135988924024,665.2855463078795
