name,transf,client,payoff,total,sessions
test_6month_sac_gen_1n_191,2772.9408375550192,9929.387430399998,886.8210602299855,6269.625532614993,df_elaad_preproc_l6months.csv
