name,transf,client,payoff,total
test_month_sac_gen_J_d_32,740.6562984691652,1468.334912,149.17516390639216,578.5034496244426
