name,transf,client,payoff,total
test_month_sac_gen_I_b_274,695.2912627617052,1468.334912,149.17516390639216,623.8684853319027
