name,transf,client,payoff,total
test_month_sac_gen_I_t_148,705.9479439856814,1468.334912,149.17516390639216,613.2118041079265
