name,transf,client,payoff,total,sessions
test_6month_sac_pred_noise_3e_229,5129.912032910041,9929.387430399998,889.2877424740021,3910.1876550159554,df_elaad_preproc_l6months.csv
