name,transf,client,payoff,total,sessions
test_6month_sac_gen_c_84,3066.6430394965755,9929.387430399998,886.8210602299855,5975.923330673437,df_elaad_preproc_l6months.csv
