name,transf,client,payoff,total
val_month_sac_gen_J_l_475,584.0615107520782,1488.30912,159.56135988924024,744.6862493586814
