name,transf,client,payoff,total
val_month_sac_gen_J_m_368,595.4300929772511,1488.30912,159.56135988924024,733.3176671335086
