name,transf,client,payoff,total
train_month_sac_gen_J_u_211,1920.508347926171,4306.918592,422.97654821088315,1963.4336958629456
