name,transf,client,payoff,total
test_month_sac_gen_J_y_18,863.0810578716248,1468.334912,148.50825484764397,456.74559928073126
