name,transf,client,payoff,total
val_month_sac_gen_J_d_95,673.2045673609265,1488.30912,159.56135988924024,655.5431927498332
