name,transf,client,payoff,total
val_month_sac_gen_J_q_180,659.1144479635633,1488.30912,159.56135988924024,669.6333121471964
