name,transf,client,payoff,total
val_month_sac_gen_I_g_409,802.0964254700746,1488.30912,159.56135988924024,526.651334640685
