name,transf,client,payoff,total
val_month_sac_gen_J_t_388,587.582251807149,1488.30912,155.96206259448996,744.7648055983609
