name,transf,client,payoff,total
train_month_sac_gen_I_t_372,1911.1399802085907,4306.918592,421.9105238809967,1973.8680879104127
