name,transf,client,payoff,total
val_month_sac_gen_I_o_0,836.3099085855101,1488.30912,159.56135988924024,492.4378515252495
