name,transf,client,payoff,total
train_month_sac_gen_I_f_476,2081.423370096448,4306.918592,421.11038371791597,1804.3848381856362
