name,transf,client,payoff,total
val_month_sac_gen_J_r_303,630.6222690407553,1488.30912,159.56135988924024,698.1254910700043
