name,transf,client,payoff,total
train_month_sac_gen_I_e_38,2208.095106102225,4306.918592,417.9096673275943,1680.9138185701804
