name,transf,client,payoff,total
val_month_sac_gen_J_s_303,544.9167986310301,1488.30912,155.96206259448996,787.4302587744799
