name,transf,client,payoff,total
test_month_sac_gen_J_y_195,672.8664101913901,1468.334912,148.50825484764397,646.9602469609661
