name,transf,client,payoff,total,sessions
test_6month_sac_pred_noise_2b_104,3107.0070138443307,9929.387430399998,897.4875555656347,5924.892860990033,df_elaad_preproc_l6months.csv
