name,transf,client,payoff,total,sessions
train_month_sac_gen_G_e_112,534.9248409194415,1349.0472576000002,122.52078376517724,691.6016329153814,df_elaad_preproc_feb.csv
