name,transf,client,payoff,total,sessions
test_6month_sac_gen_3l_112,2841.7567693057745,9929.387430399998,886.8210602299855,6200.809600864239,df_elaad_preproc_l6months.csv
