name,transf,client,payoff,total
val_month_sac_gen_I_w_260,663.445428262317,1488.30912,159.56135988924024,665.3023318484427
