name,transf,client,payoff,total
train_month_sac_gen_J_u_83,2101.4859053203218,4306.918592,421.77763096549575,1783.6550557141825
