name,transf,client,payoff,total
test_month_sac_gen_I_e_420,627.7751265376178,1468.334912,148.50825484764397,692.0515306147383
