name,transf,client,payoff,total
val_month_sac_gen_I_y_403,660.3569275800642,1488.30912,159.56135988924024,668.3908325306954
