name,transf,client,payoff,total
val_month_sac_gen_J_q_329,647.0013485131334,1488.30912,159.56135988924024,681.7464115976263
