name,transf,client,payoff,total
test_month_sac_gen_I_j_379,710.6793512199613,1468.334912,149.17516390639216,608.4803968736466
