name,transf,client,payoff,total
val_month_sac_gen_J_i_134,651.7429378645459,1488.30912,159.56135988924024,677.0048222462137
