name,transf,client,payoff,total
test_month_sac_gen_G_b_203,652.3073719587438,1468.334912,148.64140204911905,667.3861379921372
