name,transf,client,payoff,total
train_month_sac_gen_I_h_262,2021.85938686485,4306.918592,422.3108412815719,1862.7483638535782
