name,transf,client,payoff,total
test_month_sac_gen_I_e_373,632.8355389363777,1468.334912,148.50825484764397,686.9911182159783
