name,transf,client,payoff,total
train_month_sac_gen_J_e_131,2062.9422422125213,4306.918592,422.3108412815719,1821.665508505907
