name,transf,client,payoff,total
test_month_sac_gen_J_d_52,738.6825326590631,1468.334912,149.17516390639216,580.4772154345447
