name,transf,client,payoff,total
train_month_sac_gen_I_p_375,2180.2440636648344,4306.918592,422.3108412815719,1704.3636870535938
