name,transf,client,payoff,total,sessions
train_month_sac_gen_G_c_100,692.7419721714316,1349.0472576000002,121.12121439173971,535.1840710368289,df_elaad_preproc_feb.csv
