name,transf,client,payoff,total
train_month_sac_gen_J_k_84,1908.9947603486426,4306.918592,422.3108412815719,1975.6129903697856
