name,transf,client,payoff,total
test_month_sac_gen_J_b_189,701.9194049880878,1468.334912,149.17516390639216,617.2403431055201
