name,transf,client,payoff,total
test_month_sac_gen_I_y_443,676.8691262336627,1468.334912,149.17516390639216,642.2906218599452
