name,transf,client,payoff,total,sessions
test_6month_sac_pred_noise_4a_105,2981.5488166211408,9929.387430399998,891.2211003728393,6056.617513406019,df_elaad_preproc_l6months.csv
