name,transf,client,payoff,total
val_month_sac_gen_J_v_75,651.1528351474274,1488.30912,155.96206259448996,681.1942222580826
