name,transf,client,payoff,total
train_month_sac_gen_I_e_431,2033.2205416992097,4306.918592,417.9096673275943,1855.788382973196
