name,transf,client,payoff,total,sessions
test_6month_sac_pred_noise_4c_158,3606.7969475862255,9929.387430399998,891.2211003728393,5431.369382440934,df_elaad_preproc_l6months.csv
