name,transf,client,payoff,total
test_month_sac_gen_J_o_207,690.6460789348648,1468.334912,149.17516390639216,628.513669158743
