name,transf,client,payoff,total
test_month_sac_gen_J_s_225,575.8064367085594,1468.334912,148.50825484764397,744.0202204437967
