name,transf,client,payoff,total
val_month_sac_gen_J_z_244,593.3701292036355,1488.30912,155.96206259448996,738.9769282018744
