name,transf,client,payoff,total,sessions
test_6month_sac_gen_4l_3,4547.9191349753855,9929.387430399998,886.8210602299855,4494.647235194627,df_elaad_preproc_l6months.csv
