name,transf,client,payoff,total
train_month_sac_gen_I_g_196,2609.482211666573,4306.918592,422.3108412815719,1275.125539051855
