name,transf,client,payoff,total
train_month_sac_gen_I_g_167,2537.675526260502,4306.918592,422.3108412815719,1346.9322244579262
