name,transf,client,payoff,total
val_month_sac_gen_J_c_5,800.4554155735248,1488.30912,159.56135988924024,528.2923445372348
