name,transf,client,payoff,total
val_month_sac_gen_J_y_70,684.6760459741724,1488.30912,155.96206259448996,647.6710114313375
