name,transf,client,payoff,total
test_month_sac_gen_I_j_479,719.8158992386506,1468.334912,149.17516390639216,599.3438488549573
