name,transf,client,payoff,total,sessions
test_6month_sac_pred_noise_4b_108,3189.0420351750117,9929.387430399998,891.2211003728393,5849.124294852148,df_elaad_preproc_l6months.csv
