name,transf,client,payoff,total,sessions
test_6month_sac_gen_1o_141,2911.874014505106,9929.387430399998,886.8210602299855,6130.692355664907,df_elaad_preproc_l6months.csv
