name,transf,client,payoff,total,sessions
test_6month_sac_pred_noise_2e_59,5311.789873435249,9929.387430399998,897.4875555656347,3720.1100013991145,df_elaad_preproc_l6months.csv
