name,transf,client,payoff,total,sessions
test_6month_sac_pred_noise_2b_198,2981.2178459394745,9929.387430399998,897.4875555656347,6050.682028894889,df_elaad_preproc_l6months.csv
