name,transf,client,payoff,total
test_month_sac_gen_G_a_48,716.1733564221853,1468.334912,148.50825484764397,603.6533007301707
