name,transf,client,payoff,total
test_month_sac_gen_J_d_361,701.6590657675176,1468.334912,149.17516390639216,617.5006823260902
