name,transf,client,payoff,total
train_month_sac_gen_I_q_369,2249.136709220499,4306.918592,422.3108412815719,1635.471041497929
