name,transf,client,payoff,total
val_month_sac_gen_J_o_103,669.6702670734995,1488.30912,159.56135988924024,659.0774930372602
