name,transf,client,payoff,total
train_month_sac_gen_G_b_24,666.5427052011628,1349.0472576000002,119.98754394431924,562.5170084545182
