name,transf,client,payoff,total
val_month_sac_gen_J_f_145,652.5689636821809,1488.30912,159.56135988924024,676.1787964285788
