name,transf,client,payoff,total
test_month_sac_gen_c_43,754.3464793135337,1488.30912,159.56135988924024,574.401280797226
