name,transf,client,payoff,total
train_month_sac_gen_c_25,753.0030330682731,1469.5622144,142.094741946743,574.4644393849837
