name,transf,client,payoff,total
test_month_sac_gen_J_c_170,702.9378054747393,1468.334912,149.17516390639216,616.2219426188685
