name,transf,client,payoff,total
test_month_sac_gen_J_p_115,663.9101125191073,1468.334912,149.17516390639216,655.2496355745005
