name,transf,client,payoff,total
train_month_sac_gen_I_g_18,2332.000745323191,4306.918592,422.3108412815719,1552.6070053952371
