name,transf,client,payoff,total
val_month_sac_gen_I_i_444,651.6156876449562,1488.30912,159.56135988924024,677.1320724658035
