name,transf,client,payoff,total
train_month_sac_gen_G_a_229,622.1134916794779,1488.30912,158.96175480734632,707.2338735131757
