name,transf,client,payoff,total
val_month_sac_gen_I_l_71,685.0414757487486,1488.30912,159.56135988924024,643.706284362011
