name,transf,client,payoff,total
test_month_sac_gen_I_b_74,726.9123979236489,1468.334912,149.17516390639216,592.247350169959
