name,transf,client,payoff,total,sessions
test_6month_sac_pred_noise_3b_179,3053.9589915805177,9929.387430399998,889.2877424740021,5986.140696345479,df_elaad_preproc_l6months.csv
