name,transf,client,payoff,total
train_month_sac_gen_I_s_138,1689.5981949404786,4306.918592,422.3108412815719,2195.0095557779496
