name,transf,client,payoff,total
val_month_sac_gen_I_a_341,647.564998836342,1488.30912,159.56135988924024,681.1827612744175
