name,transf,client,payoff,total
train_month_sac_gen_J_o_365,2013.942317073916,4306.918592,422.3108412815719,1870.6654336445122
