name,transf,client,payoff,total
val_month_sac_gen_I_q_29,779.7500453414466,1488.30912,159.56135988924024,548.997714769313
