name,transf,client,payoff,total
test_month_sac_gen_I_r_35,708.9005002053107,1468.334912,149.17516390639216,610.2592478882972
