name,transf,client,payoff,total
val_month_sac_gen_J_m_8,763.619437478191,1488.30912,159.56135988924024,565.1283226325686
