name,transf,client,payoff,total
test_month_sac_gen_J_b_391,695.6029823013965,1468.334912,149.17516390639216,623.5567657922113
