name,transf,client,payoff,total
test_month_sac_gen_J_u_490,583.2718362032664,1468.334912,148.50825484764397,736.5548209490896
