name,transf,client,payoff,total,sessions
test_6month_sac_pred_noise_4c_232,3597.2894134118146,9929.387430399998,891.2211003728393,5440.876916615345,df_elaad_preproc_l6months.csv
