name,transf,client,payoff,total
test_month_sac_gen_I_i_465,714.641797315866,1468.334912,149.17516390639216,604.5179507777418
