name,transf,client,payoff,total
test_month_sac_gen_J_i_262,738.0290986963423,1468.334912,149.17516390639216,581.1306493972655
