name,transf,client,payoff,total
train_month_sac_gen_I_m_251,2019.574210236706,4306.918592,422.3108412815719,1865.0335404817224
