name,transf,client,payoff,total
train_month_sac_gen_J_r_245,2013.255480213305,4306.918592,422.3108412815719,1871.3522705051232
