name,transf,client,payoff,total
val_month_sac_gen_J_u_195,569.2492041167403,1488.30912,155.96206259448996,763.0978532887696
