name,transf,client,payoff,total
train_month_sac_gen_I_k_371,2000.1608911755604,4306.918592,422.3108412815719,1884.446859542868
