name,transf,client,payoff,total
val_month_sac_gen_J_v_158,615.7386560754,1488.30912,155.96206259448996,716.6084013301099
