name,transf,client,payoff,total
val_month_sac_gen_J_n_490,581.4691411751927,1488.30912,159.56135988924024,747.278618935567
