name,transf,client,payoff,total,sessions
test_6month_sac_pred_noise_4c_137,3507.0076346711166,9929.387430399998,891.2211003728393,5531.158695356043,df_elaad_preproc_l6months.csv
