name,transf,client,payoff,total,sessions
test_6month_sac_pred_noise_5e_190,5490.386984714811,9929.387430399998,881.6875054342313,3557.312940250956,df_elaad_preproc_l6months.csv
