name,transf,client,payoff,total
val_month_sac_gen_J_f_384,634.100401305876,1488.30912,159.56135988924024,694.6473588048837
