name,transf,client,payoff,total
val_month_sac_gen_J_g_342,638.8862678428485,1488.30912,159.56135988924024,689.8614922679112
