name,transf,client,payoff,total
train_month_sac_gen_J_f_89,2080.7412744407557,4306.918592,422.3108412815719,1803.8664762776725
