name,transf,client,payoff,total
train_month_sac_gen_c_4,998.6929240211255,1469.5622144,142.094741946743,328.77454843213144
