name,transf,client,payoff,total
val_month_sac_gen_I_a_405,641.9436237120531,1488.30912,159.56135988924024,686.8041363987065
