name,transf,client,payoff,total,sessions
test_6month_sac_pred_noise_1e_52,5235.204510811247,9929.387430399998,893.2217503396156,3800.9611692491358,df_elaad_preproc_l6months.csv
