name,transf,client,payoff,total
val_month_sac_gen_J_m_351,599.8695819720523,1488.30912,159.56135988924024,728.8781781387074
