name,transf,client,payoff,total
test_month_sac_gen_I_y_111,706.7646022558748,1468.334912,149.17516390639216,612.395145837733
