name,transf,client,payoff,total
test_month_sac_gen_I_n_92,673.6180094698939,1468.334912,149.17516390639216,645.541738623714
