name,transf,client,payoff,total
train_month_sac_gen_I_v_229,64.60900037666727,4306.918592,421.2431073465141,3821.0664842768183
