name,transf,client,payoff,total,sessions
test_6month_sac_pred_noise_2a_146,2867.6438793015723,9929.387430399998,897.4875555656347,6164.2559955327915,df_elaad_preproc_l6months.csv
