name,transf,client,payoff,total
train_month_sac_gen_J_h_351,2049.289983027005,4306.918592,422.3108412815719,1835.3177676914233
