name,transf,client,payoff,total,sessions
test_6month_sac_gen_1m_106,2948.026771559651,9929.387430399998,886.8210602299855,6094.539598610361,df_elaad_preproc_l6months.csv
