name,transf,client,payoff,total
val_month_sac_gen_J_e_39,722.3354613791639,1488.30912,159.56135988924024,606.4122987315957
