name,transf,client,payoff,total
test_month_sac_gen_I_r_246,636.2375239018215,1468.334912,149.17516390639216,682.9222241917863
