name,transf,client,payoff,total,sessions
test_6month_sac_pred_noise_1d_288,4601.400175900595,9929.387430399998,893.2217503396156,4434.765504159787,df_elaad_preproc_l6months.csv
