name,transf,client,payoff,total
test_month_sac_c_906,1017.8656147802375,1469.5622144,135.21440678133106,316.4821928384314
