name,transf,client,payoff,total,sessions
test_6month_sac_pred_noise_3e_148,5193.041979891683,9929.387430399998,889.2877424740021,3847.0577080343132,df_elaad_preproc_l6months.csv
