name,transf,client,payoff,total
val_month_sac_gen_J_u_339,542.9660757188838,1488.30912,155.96206259448996,789.3809816866262
