name,transf,client,payoff,total,sessions
test_6month_sac_pred_noise_5b_108,3085.840965057302,9929.387430399998,881.6875054342313,5961.858959908464,df_elaad_preproc_l6months.csv
