name,transf,client,payoff,total
month_sac_IX_i,882.8896957283207,1469.5622144,139.08074833716316,447.591770334516
