name,transf,client,payoff,total,sessions
test_6month_sac_gen_2m_131,2959.852119556329,9929.387430399998,897.4875555656347,6072.047755278035,df_elaad_preproc_l6months.csv
