name,transf,client,payoff,total
val_month_sac_gen_I_f_81,683.189279351927,1488.30912,158.8282254603323,646.2916151877406
