name,transf,client,payoff,total
train_sac_c_49,66909.04550283984,149467.68812980913,8931.975524612415,73626.66710235688
