name,transf,client,payoff,total
val_month_sac_gen_J_l_94,639.9850966501942,1488.30912,159.56135988924024,688.7626634605654
