name,transf,client,payoff,total
train_month_sac_gen_I_j_40,2250.5853065172582,4306.918592,422.3108412815719,1634.02244420117
