name,transf,client,payoff,total
val_month_sac_gen_I_q_370,736.7282141383533,1488.30912,159.56135988924024,592.0195459724064
