name,transf,client,payoff,total
train_month_sac_gen_I_c_82,2138.7623240686753,4306.918592,422.3108412815719,1745.8454266497529
