name,transf,client,payoff,total
test_month_sac_gen_J_y_52,704.2165783859732,1468.334912,148.50825484764397,615.6100787663829
