name,transf,client,payoff,total
train_month_sac_gen_I_n_436,1878.2354736488537,4306.918592,422.3108412815719,2006.3722770695745
