name,transf,client,payoff,total
val_month_sac_gen_J_y_260,612.6524085719402,1488.30912,155.96206259448996,719.6946488335698
