name,transf,client,payoff,total,sessions
test_6month_sac_gen_5l_213,2768.945748575398,9929.387430399998,886.8210602299855,6273.620621594615,df_elaad_preproc_l6months.csv
