name,transf,client,payoff,total
month_sac_c,972.5330299035047,1469.5622144,135.48115510625226,361.54802939024296
