name,transf,client,payoff,total,sessions
test_6month_sac_gen_1m_28,3258.3989853675794,9929.387430399998,886.8210602299855,5784.167384802433,df_elaad_preproc_l6months.csv
