name,transf,client,payoff,total
val_month_sac_gen_I_c_494,644.7033716227465,1488.30912,159.56135988924024,684.044388488013
