name,transf,client,payoff,total
train_month_sac_gen_I_y_222,43.328020617467985,4306.918592,416.31051252388596,3847.2800588586465
