name,transf,client,payoff,total,sessions
test_6month_sac_pred_noise_1c_150,3473.0682941747395,9929.387430399998,893.2217503396156,5563.097385885642,df_elaad_preproc_l6months.csv
