name,transf,client,payoff,total
train_month_sac_gen_I_p_285,2195.691502240168,4306.918592,422.3108412815719,1688.91624847826
