name,transf,client,payoff,total
test_month_sac_gen_I_q_492,790.4549170894643,1468.334912,149.17516390639216,528.7048310041436
