name,transf,client,payoff,total
month_sac_IX_f,1662.2672090135586,1469.5622144,136.88123387697084,-329.58622849052955
