name,transf,client,payoff,total
val_month_sac_gen_I_k_25,748.7507160038072,1488.30912,159.56135988924024,579.9970441069524
