name,transf,client,payoff,total
test_month_sac_gen_I_y_272,677.3241001016843,1468.334912,149.17516390639216,641.8356479919236
