name,transf,client,payoff,total
val_month_sac_gen_J_j_127,625.1611861040991,1488.30912,159.56135988924024,703.5865740066606
