name,transf,client,payoff,total
val_month_sac_gen_J_i_82,671.6747813191582,1488.30912,159.56135988924024,657.0729787916014
