name,transf,client,payoff,total
test_month_sac_gen_I_e_335,626.7952558668699,1468.334912,148.50825484764397,693.0314012854863
