name,transf,client,payoff,total
val_month_sac_gen_I_v_439,646.6924977491125,1488.30912,159.56135988924024,682.0552623616472
