name,transf,client,payoff,total
train_month_sac_gen_J_q_35,2177.066062593963,4306.918592,422.3108412815719,1707.541688124465
