name,transf,client,payoff,total
train_month_sac_gen_I_t_249,1942.936067544976,4306.918592,422.4446435168645,1941.5378809381593
