name,transf,client,payoff,total
val_month_sac_gen_I_l_113,673.5235610028299,1488.30912,159.56135988924024,655.2241991079297
