name,transf,client,payoff,total
train_month_sac_gen_J_d_14,2211.677906708745,4306.918592,422.3108412815719,1672.9298440096832
