name,transf,client,payoff,total
train_month_sac_gen_I_n_316,1898.8145263973547,4306.918592,422.3108412815719,1985.7932243210735
