name,transf,client,payoff,total
test_month_sac_gen_J_w_383,588.370871634738,1468.334912,148.50825484764397,731.4557855176181
