name,transf,client,payoff,total
val_month_sac_gen_J_g_142,661.6370186581842,1488.30912,159.56135988924024,667.1107414525754
