name,transf,client,payoff,total
train_month_sac_gen_I_g_207,2578.5964950184825,4306.918592,422.3108412815719,1306.0112556999457
