name,transf,client,payoff,total
val_month_sac_gen_J_c_301,665.855419252749,1488.30912,159.56135988924024,662.8923408580106
