name,transf,client,payoff,total
test_month_sac_gen_J_p_256,653.1341090460885,1468.334912,149.17516390639216,666.0256390475193
