name,transf,client,payoff,total,sessions
test_6month_sac_gen_c_126,2992.1206887610224,9929.387430399998,886.8210602299855,6050.44568140899,df_elaad_preproc_l6months.csv
