name,transf,client,payoff,total,sessions
test_6month_sac_pred_noise_5b_198,3084.4706055570623,9929.387430399998,881.6875054342313,5963.229319408705,df_elaad_preproc_l6months.csv
