name,transf,client,payoff,total
test_month_sac_gen_I_z_374,719.335138175737,1468.334912,149.17516390639216,599.8246099178708
