name,transf,client,payoff,total,sessions
test_6month_sac_pred_noise_1c_299,3674.3007247245887,9929.387430399998,893.2217503396156,5361.864955335794,df_elaad_preproc_l6months.csv
