name,transf,client,payoff,total
train_month_sac_gen_I_v_134,14.590883715949929,4306.918592,416.2431547704197,3876.084553513631
