name,transf,client,payoff,total
val_month_sac_gen_I_f_199,659.1289296418748,1488.30912,158.8282254603323,670.3519648977928
