name,transf,client,payoff,total
train_month_sac_gen_J_e_358,2012.7259578782068,4306.918592,422.3108412815719,1871.8817928402214
