name,transf,client,payoff,total
val_month_sac_gen_J_o_181,653.8081612285182,1488.30912,159.56135988924024,674.9395988822414
