name,transf,client,payoff,total
train_month_sac_gen_I_u_423,-130.4197713947817,4306.918592,422.3108412815719,4015.0275221132097
