name,transf,client,payoff,total,sessions
test_6month_sac_gen_j_149,2903.5401123961997,9929.387430399998,886.8210602299855,6139.026257773812,df_elaad_preproc_l6months.csv
