name,transf,client,payoff,total
val_month_sac_gen_I_l_407,641.43640874786,1488.30912,159.56135988924024,687.3113513628996
