name,transf,client,payoff,total
test_month_sac_c_811,1013.7145438298865,1469.5622144,135.21440678133106,320.6332637887824
