name,transf,client,payoff,total
test_month_sac_gen_I_g_388,854.6638476236562,1468.334912,149.17516390639216,464.4959004699516
