name,transf,client,payoff,total
train_month_sac_gen_J_z_101,945.0099168511067,1469.5622144,142.76105671789406,381.79124083099913
