name,transf,client,payoff,total,sessions
train_6month_sac_gen_1m_104,3315.5719047297403,8371.850816,845.1682631132387,4211.1106481570205,df_elaad_preproc_f6months.csv
