name,transf,client,payoff,total
test_month_sac_gen_J_u_442,580.4065345612694,1468.334912,148.50825484764397,739.4201225910867
