name,transf,client,payoff,total
val_month_sac_gen_J_b_145,661.983201078617,1488.30912,159.56135988924024,666.7645590321426
