name,transf,client,payoff,total
val_month_sac_gen_I_q_487,741.7692140463187,1488.30912,159.56135988924024,586.9785460644409
