name,transf,client,payoff,total
val_month_sac_gen_I_l_312,644.1113418781862,1488.30912,159.56135988924024,684.6364182325735
