name,transf,client,payoff,total
val_month_sac_gen_I_e_28,663.8381496528668,1488.30912,155.96206259448996,668.5089077526432
