name,transf,client,payoff,total,sessions
test_6month_sac_pred_noise_1b_171,3043.2606029654053,9929.387430399998,893.2217503396156,5992.905077094977,df_elaad_preproc_l6months.csv
