name,transf,client,payoff,total,sessions
test_6month_sac_gen_1m_38,3334.1153892567036,9929.387430399998,893.2217503396156,5702.050290803679,df_elaad_preproc_l6months.csv
