name,transf,client,payoff,total
test_month_sac_gen_J_s_108,604.0684100593328,1468.334912,148.50825484764397,715.7582470930233
