name,transf,client,payoff,total
train_month_sac_gen_J_t_10,2364.9928748922803,4306.918592,417.9096673275943,1524.0160497801253
