name,transf,client,payoff,total
val_month_sac_gen_I_j_450,650.5834010010972,1488.30912,159.56135988924024,678.1643591096624
