name,transf,client,payoff,total,sessions
test_6month_sac_gen_3l_13,3994.919656763755,9929.387430399998,886.8210602299855,5047.646713406257,df_elaad_preproc_l6months.csv
