name,transf,client,payoff,total
val_month_sac_gen_J_v_380,599.2742376406518,1488.30912,155.96206259448996,733.0728197648582
