name,transf,client,payoff,total
test_month_sac_gen_I_z_436,725.5790800075677,1468.334912,149.17516390639216,593.5806680860402
