name,transf,client,payoff,total
val_month_sac_gen_J_c_275,668.8431688492434,1488.30912,159.56135988924024,659.9045912615163
