name,transf,client,payoff,total
val_month_sac_gen_I_n_207,608.6180222830253,1488.30912,159.56135988924024,720.1297378277343
