name,transf,client,payoff,total
val_month_sac_gen_I_f_180,663.7673055486077,1488.30912,158.8282254603323,665.7135889910599
