name,transf,client,payoff,total,sessions
test_6month_sac_gen_5m_137,3063.8857771947423,9929.387430399998,881.6875054342313,5983.814147771025,df_elaad_preproc_l6months.csv
