name,transf,client,payoff,total,sessions
test_6month_sac_gen_2l_146,2858.1648847195556,9929.387430399998,886.8210602299855,6184.401485450457,df_elaad_preproc_l6months.csv
