name,transf,client,payoff,total
test_month_sac_gen_I_v_346,679.2941068855396,1468.334912,149.17516390639216,639.8656412080683
