name,transf,client,payoff,total
test_month_sac_gen_I_f_183,752.7159117095059,1468.334912,147.8419170286109,567.7770832618833
