name,transf,client,payoff,total
test_month_sac_gen_I_b_487,702.646816265954,1468.334912,149.17516390639216,616.5129318276538
