name,transf,client,payoff,total,sessions
test_6month_sac_gen_4m_26,3450.3124600084693,9929.387430399998,891.2211003728393,5587.85387001869,df_elaad_preproc_l6months.csv
