name,transf,client,payoff,total
train_month_sac_gen_I_w_121,-7512.537482816433,4306.918592,422.3108412815719,11397.14523353486
