name,transf,client,payoff,total
val_month_sac_gen_I_m_385,632.0405514423085,1488.30912,159.56135988924024,696.7072086684511
