name,transf,client,payoff,total
train_month_sac_gen_I_i_146,2083.5240662268375,4306.918592,422.3108412815719,1801.0836844915907
