name,transf,client,payoff,total
month_sac_IX_a,1240.5929332391695,1469.5622144,132.147595022709,96.82168613812141
