name,transf,client,payoff,total,sessions
6month_sac_disagg_1b_MD,3217.334823090927,9929.387430399998,893.2217503396156,5818.830856969455,df_elaad_preproc_l6months.csv
