name,transf,client,payoff,total
val_month_sac_gen_I_e_36,651.9815407520261,1488.30912,155.96206259448996,680.3655166534838
