name,transf,client,payoff,total
val_month_sac_gen_I_m_235,637.4292784642955,1488.30912,159.56135988924024,691.3184816464641
