name,transf,client,payoff,total,sessions
test_6month_sac_pred_noise_5c_248,3661.398674497127,9929.387430399998,881.6875054342313,5386.301250468639,df_elaad_preproc_l6months.csv
