name,transf,client,payoff,total
test_month_sac_gen_a_67,782.8705193470529,1488.30912,159.56135988924024,545.8772407637068
