name,transf,client,payoff,total
train_month_sac_gen_I_w_365,-7682.455344706013,4306.918592,422.3108412815719,11567.06309542444
