name,transf,client,payoff,total
test_month_sac_gen_I_b_258,690.1847092867404,1468.334912,149.17516390639216,628.9750388068675
