name,transf,client,payoff,total,sessions
test_6month_sac_pred_noise_3c_220,3607.895002720048,9929.387430399998,889.2877424740021,5432.204685205948,df_elaad_preproc_l6months.csv
