name,transf,client,payoff,total
val_month_sac_gen_J_v_456,596.4670051372316,1488.30912,155.96206259448996,735.8800522682784
