name,transf,client,payoff,total
train_month_sac_gen_I_n_260,1908.671066396773,4306.918592,422.3108412815719,1975.9366843216549
