name,transf,client,payoff,total
train_month_sac_gen_J_q_110,2081.7452257966115,4306.918592,422.3108412815719,1802.8625249218167
