name,transf,client,payoff,total,sessions
test_6month_sac_gen_5m_103,2974.2062324857266,9929.387430399998,881.6875054342313,6073.49369248004,df_elaad_preproc_l6months.csv
