name,transf,client,payoff,total
test_month_sac_gen_I_s_185,686.4238621434492,1468.334912,149.17516390639216,632.7358859501586
