name,transf,client,payoff,total
month_sac_IX_h,1235.8998927481412,1469.5622144,139.21496487454186,94.44735677731688
