name,transf,client,payoff,total
val_month_sac_gen_I_e_304,602.0121847534738,1488.30912,155.96206259448996,730.3348726520362
