name,transf,client,payoff,total
test_month_sac_gen_J_a_142,703.5042654808474,1468.334912,149.17516390639216,615.6554826127605
