name,transf,client,payoff,total
train_month_sac_gen_I_e_69,2137.847921568569,4306.918592,417.9096673275943,1751.1610031038367
