name,transf,client,payoff,total,sessions
test_6month_sac_gen_2o_84,2944.59648435093,9929.387430399998,886.8210602299855,6097.969885819082,df_elaad_preproc_l6months.csv
