name,transf,client,payoff,total,sessions
test_6month_sac_gen_1m_67,3071.271795731129,9929.387430399998,886.8210602299855,5971.2945744388835,df_elaad_preproc_l6months.csv
