name,transf,client,payoff,total
test_month_sac_gen_J_w_314,586.5176908267772,1468.334912,148.50825484764397,733.3089663255789
