name,transf,client,payoff,total
val_month_sac_gen_J_k_345,566.451913788699,1488.30912,159.56135988924024,762.2958463220607
