name,transf,client,payoff,total
test_month_sac_gen_I_v_311,688.5543113514833,1468.334912,149.17516390639216,630.6054367421245
