name,transf,client,payoff,total
test_month_sac_gen_I_e_287,628.3717808432075,1468.334912,148.50825484764397,691.4548763091486
