name,transf,client,payoff,total
val_month_sac_gen_I_u_484,651.0161369484073,1488.30912,159.56135988924024,677.7316231623524
