name,transf,client,payoff,total
test_month_sac_gen_J_a_138,701.9629358036833,1468.334912,149.17516390639216,617.1968122899245
