name,transf,client,payoff,total
val_month_sac_gen_J_v_461,597.3528882204629,1488.30912,155.96206259448996,734.994169185047
