name,transf,client,payoff,total
train_month_sac_gen_I_n_389,1884.4768822050776,4306.918592,422.3108412815719,2000.1308685133508
