name,transf,client,payoff,total,sessions
train_month_sac_gen_G_d_103,572.8042251566658,1349.0472576000002,119.3209589176756,656.9220735256588,df_elaad_preproc_feb.csv
