name,transf,client,payoff,total,sessions
test_6month_sac_pred_noise_5a_99,2928.3396370236915,9929.387430399998,881.6875054342313,6119.360287942076,df_elaad_preproc_l6months.csv
