name,transf,client,payoff,total
test_month_sac_gen_J_g_286,681.4725608440614,1468.334912,149.17516390639216,637.6871872495465
