name,transf,client,payoff,total,sessions
test_6month_sac_pred_noise_3e_102,5172.937239505591,9929.387430399998,889.2877424740021,3867.1624484204053,df_elaad_preproc_l6months.csv
