name,transf,client,payoff,total,sessions
test_6month_sac_gen_2m_144,2801.4526363184887,9929.387430399998,897.4875555656347,6230.447238515875,df_elaad_preproc_l6months.csv
