name,transf,client,payoff,total
val_month_sac_gen_I_k_231,647.8772492282643,1488.30912,159.56135988924024,680.8705108824954
