name,transf,client,payoff,total
test_month_sac_gen_J_q_151,695.6120612280915,1468.334912,149.17516390639216,623.5476868655163
