name,transf,client,payoff,total,sessions
test_6month_sac_gen_2m_34,3446.108508466328,9929.387430399998,886.8210602299855,5596.457861703684,df_elaad_preproc_l6months.csv
