name,transf,client,payoff,total,sessions
test_6month_sac_gen_d_140,2848.5413326802413,9929.387430399998,886.8210602299855,6194.025037489771,df_elaad_preproc_l6months.csv
