name,transf,client,payoff,total,sessions
test_6month_sac_gen_1l_147,2865.604140861986,9929.387430399998,886.8210602299855,6176.9622293080265,df_elaad_preproc_l6months.csv
