name,transf,client,payoff,total
test_month_sac_gen_J_q_123,696.5942612888623,1468.334912,149.17516390639216,622.5654868047455
