name,transf,client,payoff,total
train_month_sac_gen_I_u_295,-109.79246141864164,4306.918592,422.3108412815719,3994.4002121370695
