name,transf,client,payoff,total
val_month_sac_gen_I_l_321,639.9707303501762,1488.30912,159.56135988924024,688.7770297605834
