name,transf,client,payoff,total,sessions
test_6month_sac_gen_4m_106,2881.0767756273917,9929.387430399998,891.2211003728393,6157.089554399768,df_elaad_preproc_l6months.csv
