name,transf,client,payoff,total,sessions
test_6month_sac_pred_noise_1d_61,4521.460958628608,9929.387430399998,893.2217503396156,4514.7047214317745,df_elaad_preproc_l6months.csv
