name,transf,client,payoff,total,sessions
test_6month_sac_gen_a_236,2995.8009879966144,9929.387430399998,886.8210602299855,6046.765382173398,df_elaad_preproc_l6months.csv
