name,transf,client,payoff,total
val_month_sac_gen_J_s_235,549.3996105584738,1488.30912,155.96206259448996,782.9474468470362
