name,transf,client,payoff,total
train_month_sac_gen_I_w_48,-7248.5133283535415,4306.918592,422.3108412815719,11133.121079071969
