name,transf,client,payoff,total
val_month_sac_gen_J_c_89,710.5748870702029,1488.30912,159.56135988924024,618.1728730405569
