name,transf,client,payoff,total
val_month_sac_gen_c_37,645.5810196482666,1349.0472576000002,118.32161810264896,585.1446198490846
