name,transf,client,payoff,total
train_month_sac_gen_I_k_480,2027.7846570815627,4306.918592,422.3108412815719,1856.8230936368655
