name,transf,client,payoff,total,sessions
test_6month_sac_gen_5m_132,2905.9311053334773,9929.387430399998,886.8210602299855,6136.6352648365355,df_elaad_preproc_l6months.csv
