name,transf,client,payoff,total
val_month_sac_gen_I_c_41,706.1341189370726,1488.30912,159.56135988924024,622.613641173687
