name,transf,client,payoff,total
train_month_sac_gen_I_g_435,2556.20842398837,4306.918592,422.3108412815719,1328.399326730058
