name,transf,client,payoff,total,sessions
test_6month_sac_gen_2m_97,3035.2307357975146,9929.387430399998,886.8210602299855,6007.335634372497,df_elaad_preproc_l6months.csv
