name,transf,client,payoff,total
train_month_sac_gen_I_c_367,2058.1630438524903,4306.918592,422.3108412815719,1826.4447068659379
