name,transf,client,payoff,total
train_month_sac_gen_J_y_297,494.23488946607256,1349.0472576000002,122.52130013206676,732.2910680018608
