name,transf,client,payoff,total
test_month_sac_gen_I_c_312,675.6610449334914,1468.334912,149.17516390639216,643.4987031601164
