name,transf,client,payoff,total
test_month_sac_gen_J_t_390,635.6084453756368,1468.334912,148.50825484764397,684.2182117767193
