name,transf,client,payoff,total
val_month_sac_gen_J_m_375,601.6951518596138,1488.30912,159.56135988924024,727.0526082511458
