name,transf,client,payoff,total
val_month_sac_gen_I_w_80,702.4639716136817,1488.30912,159.56135988924024,626.2837884970779
