name,transf,client,payoff,total,sessions
test_6month_sac_gen_5l_40,3265.3830027551917,9929.387430399998,886.8210602299855,5777.18336741482,df_elaad_preproc_l6months.csv
