name,transf,client,payoff,total
val_month_sac_gen_I_z_174,704.1539374242335,1488.30912,159.56135988924024,624.5938226865262
