name,transf,client,payoff,total
val_month_sac_gen_I_n_279,602.8715677574594,1488.30912,159.56135988924024,725.8761923533002
