name,transf,client,payoff,total,sessions
train_month_sac_pred_noise_e_163,734.4759028223891,1349.0472576000002,122.12082293822803,492.4505318393831,df_elaad_preproc_feb.csv
