name,transf,client,payoff,total
train_month_sac_gen_J_g_14,2289.3416956864894,4306.918592,422.3108412815719,1595.2660550319388
