name,transf,client,payoff,total
train_month_sac_gen_J_e_230,2025.6070265196545,4306.918592,422.3108412815719,1859.0007241987737
