name,transf,client,payoff,total
train_month_sac_gen_I_v_10,233.7074082691716,4306.918592,422.377403412746,3650.8337803180825
