name,transf,client,payoff,total
train_month_sac_c_966,1024.8611557530967,2289.492687923877,157.2012507240518,1107.4302814467285
