name,transf,client,payoff,total,sessions
test_6month_sac_pred_noise_2c_112,3555.5746140845117,9929.387430399998,897.4875555656347,5476.3252607498525,df_elaad_preproc_l6months.csv
