name,transf,client,payoff,total
val_month_sac_c_896,1825.2483570839304,2277.450960542104,145.3079860330326,306.894617425141
