name,transf,client,payoff,total,sessions
test_6month_sac_pred_noise_4a_62,2976.2035724425605,9929.387430399998,891.2211003728393,6061.962757584599,df_elaad_preproc_l6months.csv
