name,transf,client,payoff,total
train_month_sac_gen_I_g_282,2502.600953688896,4306.918592,422.3108412815719,1382.0067970295322
