name,transf,client,payoff,total
val_month_sac_gen_J_g_144,663.8537525249225,1488.30912,159.56135988924024,664.8940075858372
