name,transf,client,payoff,total
test_month_sac_gen_I_j_278,721.7116085081932,1468.334912,149.17516390639216,597.4481395854147
