name,transf,client,payoff,total,sessions
train_month_sac_gen_G_e_179,503.1178022804227,1349.0472576000002,121.05446052826508,724.8749947913125,df_elaad_preproc_feb.csv
