name,transf,client,payoff,total
val_month_sac_gen_J_z_168,632.4925095492372,1488.30912,155.96206259448996,699.8545478562728
