name,transf,client,payoff,total
test_month_sac_gen_I_i_19,779.6905160457288,1468.334912,149.17516390639216,539.469232047879
