name,transf,client,payoff,total
train_month_sac_gen_G_a_244,949.309063030455,1469.5622144,142.1607479823876,378.0924033871573
