name,transf,client,payoff,total
val_month_sac_gen_I_l_466,643.7926375025322,1488.30912,159.56135988924024,684.9551226082274
