name,transf,client,payoff,total,sessions
test_6month_sac_pred_noise_5b_80,3135.8568665237617,9929.387430399998,881.6875054342313,5911.843058442006,df_elaad_preproc_l6months.csv
