name,transf,client,payoff,total
val_month_sac_gen_J_c_96,704.4525054227411,1488.30912,159.56135988924024,624.2952546880185
