name,transf,client,payoff,total,sessions
test_6month_sac_pred_noise_5b_218,3164.210174462467,9929.387430399998,881.6875054342313,5883.4897505033005,df_elaad_preproc_l6months.csv
