name,transf,client,payoff,total,sessions
test_6month_sac_gen_d_164,2745.66744429471,9929.387430399998,886.8210602299855,6296.898925875303,df_elaad_preproc_l6months.csv
