name,transf,client,payoff,total,sessions
test_6month_sac_pred_noise_3d_273,4433.102860664732,9929.387430399998,889.2877424740021,4606.996827261264,df_elaad_preproc_l6months.csv
