name,transf,client,payoff,total,sessions
test_6month_sac_pred_noise_5a_69,3050.6762295669732,9929.387430399998,881.6875054342313,5997.023695398793,df_elaad_preproc_l6months.csv
