name,transf,client,payoff,total
test_month_sac_gen_I_w_297,662.2971571061355,1468.334912,149.17516390639216,656.8625909874723
