name,transf,client,payoff,total
val_month_sac_gen_I_a_174,669.1559464141274,1488.30912,159.56135988924024,659.5918136966322
