name,transf,client,payoff,total
test_month_sac_gen_I_p_214,762.6285716029204,1468.334912,149.17516390639216,556.5311764906875
