name,transf,client,payoff,total
test_month_sac_gen_J_v_110,661.5033884782774,1468.334912,148.50825484764397,658.3232686740787
