name,transf,client,payoff,total
test_month_sac_gen_J_c_332,682.3791695482099,1468.334912,149.17516390639216,636.7805785453979
