name,transf,client,payoff,total
train_month_sac_gen_J_m_236,1838.770005519099,4306.918592,422.3108412815719,2045.8377451993292
