name,transf,client,payoff,total
test_month_sac_gen_J_q_212,688.5736791857171,1468.334912,149.17516390639216,630.5860689078908
