name,transf,client,payoff,total
val_month_sac_gen_I_d_194,641.6931016985147,1488.30912,159.56135988924024,687.0546584122449
