name,transf,client,payoff,total
test_month_sac_gen_I_j_327,717.0018335385904,1468.334912,149.17516390639216,602.1579145550174
