name,transf,client,payoff,total
train_month_sac_gen_J_u_46,2170.797145468209,4306.918592,415.4443766387945,1720.6770698929968
