name,transf,client,payoff,total
train_month_sac_gen_J_h_331,2054.4437677362193,4306.918592,422.3108412815719,1830.1639829822088
