name,transf,client,payoff,total
test_month_sac_gen_J_m_179,692.3604594120256,1468.334912,149.17516390639216,626.7992886815822
