name,transf,client,payoff,total
test_month_sac_gen_J_a_86,703.153970230323,1468.334912,149.17516390639216,616.0057778632848
