name,transf,client,payoff,total
val_month_sac_gen_I_c_13,730.0481852359208,1488.30912,159.56135988924024,598.6995748748388
