name,transf,client,payoff,total
test_month_sac_gen_J_a_174,696.1014180660476,1468.334912,149.17516390639216,623.0583300275603
