name,transf,client,payoff,total
val_month_sac_gen_J_m_139,627.4064411061786,1488.30912,159.56135988924024,701.341319004581
