name,transf,client,payoff,total
val_month_sac_gen_J_u_460,538.7698679145044,1488.30912,155.96206259448996,793.5771894910056
