name,transf,client,payoff,total
test_month_sac_gen_J_b_146,707.1774828112373,1468.334912,149.17516390639216,611.9822652823706
