name,transf,client,payoff,total
train_month_sac_gen_J_m_311,1805.632750034525,4306.918592,422.3108412815719,2078.975000683903
