name,transf,client,payoff,total
test_month_sac_gen_J_r_105,699.9295773589837,1468.334912,149.17516390639216,619.2301707346242
