name,transf,client,payoff,total,sessions
test_6month_sac_gen_3l_276,2781.2717468801798,9929.387430399998,886.8210602299855,6261.294623289832,df_elaad_preproc_l6months.csv
