name,transf,client,payoff,total
test_month_sac_gen_G_b_239,634.051900847145,1468.334912,148.64140204911905,685.641609103736
