name,transf,client,payoff,total
train_month_sac_gen_I_e_87,2119.575807941883,4306.918592,417.9096673275943,1769.4331167305227
