name,transf,client,payoff,total
val_month_sac_gen_G_b_81,632.0951018350622,1488.30912,159.09496226131247,697.1190559036252
