name,transf,client,payoff,total
val_month_sac_gen_J_j_258,611.3810044892383,1488.30912,159.56135988924024,717.3667556215214
