name,transf,client,payoff,total
val_month_sac_gen_J_w_480,546.3925153491411,1488.30912,155.96206259448996,785.9545420563688
