name,transf,client,payoff,total
test_month_sac_c_124,1117.9341154893355,1469.5622144,135.21440678133106,216.41369212933338
