name,transf,client,payoff,total
train_month_sac_gen_J_f_382,1991.4117983569545,4306.918592,422.3108412815719,1893.1959523614737
