name,transf,client,payoff,total
val_month_sac_gen_I_z_208,702.677488113638,1488.30912,159.56135988924024,626.0702719971216
