name,transf,client,payoff,total
train_month_sac_gen_I_b_330,1964.8538239843713,4306.918592,422.3108412815719,1919.7539267340571
