name,transf,client,payoff,total
test_month_sac_gen_J_x_49,815.969255683431,1468.334912,149.17516390639216,503.19049241017683
