name,transf,client,payoff,total
test_month_sac_gen_J_a_462,688.8005967107895,1468.334912,149.17516390639216,630.3591513828184
