name,transf,client,payoff,total
train_month_sac_gen_I_u_478,-110.62051586095703,4306.918592,422.3108412815719,3995.2282665793855
