name,transf,client,payoff,total
val_month_sac_gen_I_q_341,735.3932558392023,1488.30912,159.56135988924024,593.3545042715573
