name,transf,client,payoff,total
test_month_sac_gen_J_h_475,733.2580790328941,1468.334912,149.17516390639216,585.9016690607137
