name,transf,client,payoff,total
val_month_sac_gen_I_k_60,715.5409238351483,1488.30912,159.56135988924024,613.2068362756113
