name,transf,client,payoff,total,sessions
test_6month_sac_pred_noise_2d_156,4333.4955422005105,9929.387430399998,897.4875555656347,4698.404332633853,df_elaad_preproc_l6months.csv
