name,transf,client,payoff,total
val_month_sac_gen_J_k_450,557.924367495895,1488.30912,159.56135988924024,770.8233926148646
