name,transf,client,payoff,total
val_month_sac_gen_J_q_49,688.211561940794,1488.30912,159.56135988924024,640.5361981699657
