name,transf,client,payoff,total
test_month_sac_gen_I_n_70,667.426514341025,1468.334912,149.17516390639216,651.7332337525828
