name,transf,client,payoff,total
train_month_sac_gen_J_f_437,1980.4903745697475,4306.918592,422.3108412815719,1904.1173761486807
