name,transf,client,payoff,total
test_month_sac_gen_J_e_60,714.2244435148402,1468.334912,149.17516390639216,604.9353045787676
