name,transf,client,payoff,total,sessions
test_6month_sac_pred_noise_4a_217,2853.478052535231,9929.387430399998,891.2211003728393,6184.688277491929,df_elaad_preproc_l6months.csv
