name,transf,client,payoff,total
val_month_sac_gen_J_i_467,638.4373264089802,1488.30912,159.56135988924024,690.3104337017794
