name,transf,client,payoff,total
test_month_sac_gen_d_17,777.4908849072673,1488.30912,159.56135988924024,551.2568752034924
