name,transf,client,payoff,total
test_month_sac_gen_J_m_337,674.0622875163305,1468.334912,149.17516390639216,645.0974605772774
