name,transf,client,payoff,total
test_month_sac_gen_J_g_281,684.321820850302,1468.334912,149.17516390639216,634.8379272433059
