name,transf,client,payoff,total
test_month_sac_c_703,1017.8044790483742,1469.5622144,135.21440678133106,316.54332857029465
