name,transf,client,payoff,total
test_month_sac_gen_I_d_433,667.4701969698808,1468.334912,149.17516390639216,651.689551123727
