name,transf,client,payoff,total
train_month_sac_gen_J_v_215,2081.2417117660275,4306.918592,417.9096673275943,1807.767212906378
