name,transf,client,payoff,total
val_month_sac_gen_J_p_438,634.7916277700522,1488.30912,159.56135988924024,693.9561323407074
