name,transf,client,payoff,total
test_month_sac_gen_I_d_196,667.8456386826488,1468.334912,149.17516390639216,651.3141094109591
