name,transf,client,payoff,total
test_month_sac_gen_I_k_377,678.4446531517883,1468.334912,149.17516390639216,640.7150949418195
