name,transf,client,payoff,total
val_month_sac_gen_J_j_369,598.9546869925351,1488.30912,159.56135988924024,729.7930731182246
