name,transf,client,payoff,total
train_month_sac_gen_I_o_68,2247.8760843005207,4306.918592,422.3108412815719,1636.7316664179075
