name,transf,client,payoff,total
test_month_sac_gen_I_d_243,675.4247884756896,1468.334912,149.17516390639216,643.7349596179182
