name,transf,client,payoff,total
val_month_sac_gen_I_o_185,694.7388041522324,1488.30912,159.56135988924024,634.0089559585272
