name,transf,client,payoff,total
val_month_sac_gen_I_b_355,620.8905455309555,1488.30912,159.56135988924024,707.8572145798041
