name,transf,client,payoff,total
train_month_sac_gen_J_d_211,2052.0832678716233,4306.918592,422.3108412815719,1832.5244828468049
