name,transf,client,payoff,total
train_month_sac_gen_I_i_408,2048.3820115091744,4306.918592,422.3108412815719,1836.2257392092538
