name,transf,client,payoff,total,sessions
test_6month_sac_pred_noise_2c_58,3688.3672219214163,9929.387430399998,897.4875555656347,5343.532652912947,df_elaad_preproc_l6months.csv
