name,transf,client,payoff,total
val_month_sac_gen_I_g_430,808.1177944348563,1488.30912,159.56135988924024,520.6299656759033
