name,transf,client,payoff,total,sessions
test_6month_sac_pred_noise_3c_146,3486.7118606774475,9929.387430399998,889.2877424740021,5553.387827248549,df_elaad_preproc_l6months.csv
