name,transf,client,payoff,total
train_month_sac_gen_J_a_72,2128.4160295943157,4306.918592,422.3108412815719,1756.1917211241125
