name,transf,client,payoff,total,sessions
test_6month_sac_gen_d_86,2880.4408246823423,9929.387430399998,886.8210602299855,6162.12554548767,df_elaad_preproc_l6months.csv
