name,transf,client,payoff,total
test_month_sac_gen_I_j_89,771.0726126749748,1468.334912,149.17516390639216,548.087135418633
