name,transf,client,payoff,total
test_month_sac_gen_d_77,822.9236173931222,1488.30912,159.56135988924024,505.82414271763747
