name,transf,client,payoff,total
train_month_sac_gen_I_p_390,2181.698915148519,4306.918592,422.3108412815719,1702.9088355699091
