name,transf,client,payoff,total
val_month_sac_gen_G_b_122,625.97895631799,1488.30912,159.09496226131247,703.2352014206974
