name,transf,client,payoff,total
val_month_sac_gen_I_z_467,703.9753553519361,1488.30912,159.56135988924024,624.7724047588235
