name,transf,client,payoff,total
train_month_sac_gen_I_c_213,2104.734685845525,4306.918592,422.3108412815719,1779.8730648729033
