name,transf,client,payoff,total
train_month_sac_gen_I_p_160,2215.7865930720354,4306.918592,422.3108412815719,1668.8211576463927
