name,transf,client,payoff,total
train_month_sac_gen_J_q_92,2106.503181534452,4306.918592,422.3108412815719,1778.1045691839763
