name,transf,client,payoff,total
val_month_sac_gen_d_15,666.7454650370289,1349.0472576000002,118.32161810264896,563.9801744603224
