name,transf,client,payoff,total
train_month_sac_c_133,1104.808439826578,2289.492687923877,157.2012507240518,1027.4829973732471
