name,transf,client,payoff,total,sessions
test_6month_sac_gen_5m_159,2898.741660129561,9929.387430399998,886.8210602299855,6143.8247100404515,df_elaad_preproc_l6months.csv
