name,transf,client,payoff,total
train_month_sac_gen_J_c_313,2061.8480610791203,4306.918592,422.3108412815719,1822.759689639308
