name,transf,client,payoff,total,sessions
test_6month_sac_pred_noise_4c_20,4032.8181153438036,9929.387430399998,891.2211003728393,5005.348214683356,df_elaad_preproc_l6months.csv
