name,transf,client,payoff,total
train_month_sac_gen_J_f_366,1995.058152694121,4306.918592,422.3108412815719,1889.5495980243072
