name,transf,client,payoff,total
train_month_sac_gen_J_f_160,2027.0401294504693,4306.918592,422.3108412815719,1857.567621267959
