name,transf,client,payoff,total
val_month_sac_gen_I_y_373,660.6333217812974,1488.30912,159.56135988924024,668.1144383294622
