name,transf,client,payoff,total,sessions
test_6month_sac_gen_c_192,2927.618167229181,9929.387430399998,886.8210602299855,6114.948202940832,df_elaad_preproc_l6months.csv
