name,transf,client,payoff,total
test_month_sac_gen_I_a_55,732.4914735885751,1468.334912,149.17516390639216,586.6682745050327
