name,transf,client,payoff,total
val_month_sac_gen_J_l_390,587.093065657609,1488.30912,159.56135988924024,741.6546944531506
