name,transf,client,payoff,total
test_month_sac_gen_I_j_458,709.4953167767851,1468.334912,149.17516390639216,609.6644313168227
