name,transf,client,payoff,total
test_month_sac_gen_I_m_393,666.3793586459811,1468.334912,149.17516390639216,652.7803894476267
