name,transf,client,payoff,total
train_month_sac_gen_I_a_346,2021.0583660429788,4306.918592,422.3108412815719,1863.5493846754493
