name,transf,client,payoff,total,sessions
test_6month_sac_gen_3l_32,3440.2211266303366,9929.387430399998,886.8210602299855,5602.345243539676,df_elaad_preproc_l6months.csv
