name,transf,client,payoff,total
train_month_sac_gen_J_l_220,1859.049520368506,4306.918592,422.3108412815719,2025.5582303499223
