name,transf,client,payoff,total
val_month_sac_gen_J_q_70,686.8047957309681,1488.30912,159.56135988924024,641.9429643797916
