name,transf,client,payoff,total
test_month_sac_gen_J_a_184,694.7198229145134,1468.334912,149.17516390639216,624.4399251790944
