name,transf,client,payoff,total
val_month_sac_gen_J_f_73,671.4398974351257,1488.30912,159.56135988924024,657.3078626756339
