name,transf,client,payoff,total
test_month_sac_gen_J_a_466,689.8019467938448,1468.334912,149.17516390639216,629.3578012997631
