name,transf,client,payoff,total
train_month_sac_c_732,1027.0511738259454,2289.492687923877,157.2012507240518,1105.2402633738798
