name,transf,client,payoff,total
test_month_sac_gen_I_h_341,700.8798463571088,1468.334912,149.17516390639216,618.279901736499
