name,transf,client,payoff,total
test_month_sac_gen_I_v_153,688.9017071245414,1468.334912,149.17516390639216,630.2580409690664
