name,transf,client,payoff,total
test_month_sac_gen_I_k_46,731.4542760177293,1468.334912,149.17516390639216,587.7054720758786
