name,transf,client,payoff,total
train_month_sac_gen_J_o_400,2012.62165939017,4306.918592,422.3108412815719,1871.9860913282582
