name,transf,client,payoff,total,sessions
test_6month_sac_gen_1l_281,2856.068126657222,9929.387430399998,886.8210602299855,6186.498243512791,df_elaad_preproc_l6months.csv
