name,transf,client,payoff,total
train_month_sac_gen_J_y_76,573.348204863003,1349.0472576000002,119.65465212179417,656.044400615203
