name,transf,client,payoff,total,sessions
test_6month_sac_gen_3l_34,3370.8017223757206,9929.387430399998,886.8210602299855,5671.764647794293,df_elaad_preproc_l6months.csv
