name,transf,client,payoff,total,sessions
test_6month_sac_pred_noise_3e_94,5237.201296377438,9929.387430399998,889.2877424740021,3802.8983915485583,df_elaad_preproc_l6months.csv
