name,transf,client,payoff,total,sessions
train_month_sac_pred_noise_d_142,712.4096614004787,1349.0472576000002,119.78771887853063,516.8498773209908,df_elaad_preproc_feb.csv
