name,transf,client,payoff,total,sessions
test_6month_sac_gen_1o_51,3338.7298751751932,9929.387430399998,886.8210602299855,5703.836494994819,df_elaad_preproc_l6months.csv
