name,transf,client,payoff,total
val_month_sac_gen_I_r_400,593.1343293432524,1488.30912,159.56135988924024,735.6134307675072
