name,transf,client,payoff,total,sessions
test_6month_sac_pred_noise_5a_166,2889.248642845307,9929.387430399998,881.6875054342313,6158.451282120461,df_elaad_preproc_l6months.csv
