name,transf,client,payoff,total
month_sac_IX_i,884.781334308673,1469.5622144,139.14793872527304,445.6329413660539
