name,transf,client,payoff,total
train_month_sac_gen_I_y_95,185.59323426285425,4306.918592,422.4446435168645,3698.8807142202813
