name,transf,client,payoff,total
train_month_sac_gen_I_w_87,-7414.243016037428,4306.918592,422.3108412815719,11298.850766755855
