name,transf,client,payoff,total,sessions
train_6month_sac_gen_2m_113,3268.7616494181952,8371.850816,838.5019179358382,4264.5872486459675,df_elaad_preproc_f6months.csv
