name,transf,client,payoff,total
val_month_sac_gen_J_i_103,661.1887591648642,1488.30912,159.56135988924024,667.5590009458954
