name,transf,client,payoff,total
val_month_sac_gen_J_z_133,658.8027529995727,1488.30912,155.96206259448996,673.5443044059373
