name,transf,client,payoff,total
test_month_sac_gen_I_c_480,684.1096938362107,1468.334912,149.17516390639216,635.0500542573972
