name,transf,client,payoff,total,sessions
test_6month_sac_gen_k_130,2902.6602470539474,9929.387430399998,886.8210602299855,6139.906123116065,df_elaad_preproc_l6months.csv
