name,transf,client,payoff,total
test_month_sac_gen_J_w_166,610.7041941218035,1468.334912,148.50825484764397,709.1224630305526
