name,transf,client,payoff,total
test_month_sac_gen_J_c_452,667.9062522017113,1468.334912,149.17516390639216,651.2534958918966
