name,transf,client,payoff,total
test_month_sac_gen_J_l_204,655.5648513621984,1468.334912,149.17516390639216,663.5948967314094
