name,transf,client,payoff,total
test_month_sac_gen_I_g_175,862.1638519615801,1468.334912,149.17516390639216,456.9958961320277
