name,transf,client,payoff,total
train_month_sac_gen_I_i_422,2048.0736786563175,4306.918592,422.3108412815719,1836.5340720621107
