name,transf,client,payoff,total
train_month_sac_gen_G_b_82,623.7753728531044,1488.30912,158.36216843651198,706.1715787103835
