name,transf,client,payoff,total
val_month_sac_gen_I_s_492,646.5233795753408,1488.30912,159.56135988924024,682.224380535419
