name,transf,client,payoff,total
val_month_sac_gen_I_t_271,678.1164414701586,1488.30912,159.56135988924024,650.631318640601
