name,transf,client,payoff,total,sessions
test_6month_sac_gen_d_42,3133.912538983894,9929.387430399998,886.8210602299855,5908.653831186119,df_elaad_preproc_l6months.csv
