name,transf,client,payoff,total
test_month_sac_gen_J_n_202,699.2667207694377,1468.334912,149.17516390639216,619.8930273241701
