name,transf,client,payoff,total,sessions
test_6month_sac_pred_noise_4e_285,5310.885087910157,9929.387430399998,891.2211003728393,3727.2812421170015,df_elaad_preproc_l6months.csv
