name,transf,client,payoff,total
test_month_sac_gen_J_c_189,701.0871127585534,1468.334912,149.17516390639216,618.0726353350544
