name,transf,client,payoff,total
train_month_sac_gen_I_f_412,2067.8268455865978,4306.918592,421.11038371791597,1817.9813626954863
