name,transf,client,payoff,total
val_month_sac_gen_I_c_218,646.1660220172305,1488.30912,159.56135988924024,682.5817380935291
