name,transf,client,payoff,total
test_month_sac_gen_I_o_1,915.606500147903,1468.334912,149.17516390639216,403.5532479457048
