name,transf,client,payoff,total
val_month_sac_gen_a_35,720.5940151003201,1349.0472576000002,118.32161810264896,510.13162439703115
