name,transf,client,payoff,total
train_month_sac_gen_I_t_388,1974.1748149072237,4306.918592,419.5104613878593,1913.233315704917
