name,transf,client,payoff,total,sessions
test_6month_sac_gen_d_185,2742.79922011118,9929.387430399998,886.8210602299855,6299.767150058833,df_elaad_preproc_l6months.csv
