name,transf,client,payoff,total,sessions
test_6month_sac_gen_5m_85,2995.1079411794362,9929.387430399998,886.8210602299855,6047.458428990576,df_elaad_preproc_l6months.csv
