name,transf,client,payoff,total,sessions
test_month_sac_gen_G_c_135,1126.5548955208253,1468.334912,148.50825484764397,193.27176163153075,df_elaad_preproc_apr.csv
