name,transf,client,payoff,total
val_month_sac_gen_I_r_229,600.9199871505905,1488.30912,159.56135988924024,727.8277729601691
