name,transf,client,payoff,total
test_month_sac_gen_I_u_250,677.4263584338704,1468.334912,149.17516390639216,641.7333896597374
