name,transf,client,payoff,total
test_month_sac_gen_I_c_401,669.0032627408787,1468.334912,149.17516390639216,650.1564853527292
