name,transf,client,payoff,total,sessions
test_6month_sac_gen_4m_45,3048.9168093309945,9929.387430399998,891.2211003728393,5989.249520696165,df_elaad_preproc_l6months.csv
