name,transf,client,payoff,total
val_month_sac_gen_J_z_153,653.8031571037786,1488.30912,155.96206259448996,678.5439003017314
