name,transf,client,payoff,total
train_month_sac_gen_J_g_319,2024.0304456098747,4306.918592,422.3108412815719,1860.5773051085534
