name,transf,client,payoff,total
train_month_sac_gen_J_f_194,2014.868740842474,4306.918592,422.3108412815719,1869.7390098759543
