name,transf,client,payoff,total,sessions
6month_sac_disagg_3e_MD,5304.744307601042,9929.387430399998,889.2877424740021,3735.355380324954,df_elaad_preproc_l6months.csv
