name,transf,client,payoff,total
train_month_sac_gen_I_v_432,137.7965062513048,4306.918592,415.11134099252445,3754.0107447561704
