name,transf,client,payoff,total
train_month_sac_gen_I_g_279,2508.8556899855885,4306.918592,422.3108412815719,1375.7520607328397
