name,transf,client,payoff,total
test_month_sac_gen_I_b_50,731.8001047885075,1468.334912,149.17516390639216,587.3596433051003
