name,transf,client,payoff,total
train_month_sac_gen_J_m_397,1791.492505439679,4306.918592,422.3108412815719,2093.115245278749
