name,transf,client,payoff,total
val_month_sac_gen_I_c_297,639.3563965770488,1488.30912,159.56135988924024,689.3913635337108
