name,transf,client,payoff,total
test_month_sac_gen_I_k_195,709.8615403273282,1468.334912,149.17516390639216,609.2982077662797
