name,transf,client,payoff,total,sessions
test_6month_sac_gen_2l_87,3076.758398910834,9929.387430399998,886.8210602299855,5965.807971259179,df_elaad_preproc_l6months.csv
