name,transf,client,payoff,total,sessions
test_6month_sac_gen_5m_62,2913.56234392391,9929.387430399998,881.6875054342313,6134.137581041858,df_elaad_preproc_l6months.csv
