name,transf,client,payoff,total
val_month_sac_gen_I_k_154,671.9358774577273,1488.30912,159.56135988924024,656.8118826530324
