name,transf,client,payoff,total
val_month_sac_gen_J_e_67,673.7622544313076,1488.30912,159.56135988924024,654.985505679452
