name,transf,client,payoff,total
val_month_sac_gen_I_u_225,651.621093061802,1488.30912,159.56135988924024,677.1266670489576
