name,transf,client,payoff,total
val_month_sac_gen_I_v_297,651.7586816195922,1488.30912,159.56135988924024,676.9890784911674
