name,transf,client,payoff,total,sessions
test_month_sac_gen_G_c_182,1276.2825532566944,1468.334912,148.50825484764397,43.544103895661635,df_elaad_preproc_apr.csv
