name,transf,client,payoff,total
train_month_sac_gen_I_o_69,2244.2236013126485,4306.918592,422.3108412815719,1640.3841494057797
