name,transf,client,payoff,total
val_month_sac_gen_G_a_42,652.8397430594838,1488.30912,155.96206259448996,679.5073143460261
