name,transf,client,payoff,total
test_month_sac_gen_J_e_43,719.5394420261266,1468.334912,149.17516390639216,599.6203060674812
