name,transf,client,payoff,total
train_month_sac_gen_I_z_462,690.3306647429654,4306.918592,430.5772676482046,3186.01065960883
