name,transf,client,payoff,total,sessions
test_6month_sac_pred_noise_1e_194,5151.145007855288,9929.387430399998,893.2217503396156,3885.020672205095,df_elaad_preproc_l6months.csv
