name,transf,client,payoff,total
val_month_sac_gen_I_q_410,736.5171970481033,1488.30912,159.56135988924024,592.2305630626563
