name,transf,client,payoff,total
test_month_sac_gen_I_f_498,744.0134284448061,1468.334912,147.8419170286109,576.4795665265831
