name,transf,client,payoff,total
val_month_sac_gen_J_t_243,598.4998201670444,1488.30912,155.96206259448996,733.8472372384656
