name,transf,client,payoff,total
test_month_sac_gen_G_a_40,720.9328602622163,1468.334912,148.50825484764397,598.8937968901398
