name,transf,client,payoff,total
train_month_sac_b_0,1872.115556431856,2289.492687923877,157.2012507240518,260.17588076796915
