name,transf,client,payoff,total,sessions
test_6month_sac_pred_noise_4b_61,3309.7022841116227,9929.387430399998,891.2211003728393,5728.464045915536,df_elaad_preproc_l6months.csv
