name,transf,client,payoff,total,sessions
test_6month_sac_pred_noise_3e_128,5504.025578912853,9929.387430399998,889.2877424740021,3536.074109013143,df_elaad_preproc_l6months.csv
