name,transf,client,payoff,total,sessions
test_6month_sac_pred_noise_1a_136,2911.8662995333107,9929.387430399998,893.2217503396156,6124.299380527072,df_elaad_preproc_l6months.csv
