name,transf,client,payoff,total
test_month_sac_gen_I_m_17,738.6449860574687,1468.334912,149.17516390639216,580.5147620361391
