name,transf,client,payoff,total
train_sac_c_47,66871.66478804343,149467.68812980913,8931.975524612415,73664.04781715329
