name,transf,client,payoff,total
test_month_sac_gen_I_y_498,677.3299464489822,1468.334912,149.17516390639216,641.8298016446256
