name,transf,client,payoff,total
train_month_sac_gen_J_r_464,2000.594950916135,4306.918592,422.3108412815719,1884.012799802293
