name,transf,client,payoff,total
val_month_sac_gen_I_v_10,729.7771996936419,1488.30912,159.56135988924024,598.9705604171177
