name,transf,client,payoff,total
val_month_sac_gen_I_k_291,641.0653439258974,1488.30912,159.56135988924024,687.6824161848622
