name,transf,client,payoff,total
test_month_sac_gen_I_a_455,694.4988423917121,1468.334912,149.17516390639216,624.6609057018958
