name,transf,client,payoff,total
train_month_sac_c_895,1022.2425864520922,2289.492687923877,157.2012507240518,1110.048850747733
