name,transf,client,payoff,total
train_month_sac_c_530,1039.0146410617995,2289.492687923877,157.2012507240518,1093.2767961380257
