name,transf,client,payoff,total,sessions
test_6month_sac_pred_noise_2b_156,3043.3868112551163,9929.387430399998,897.4875555656347,5988.5130635792475,df_elaad_preproc_l6months.csv
