name,transf,client,payoff,total
val_month_sac_gen_I_r_369,598.2426109278323,1488.30912,159.56135988924024,730.5051491829274
