name,transf,client,payoff,total,sessions
test_6month_sac_gen_j_292,3088.6254812857815,9929.387430399998,886.8210602299855,5953.940888884232,df_elaad_preproc_l6months.csv
