name,transf,client,payoff,total,sessions
test_6month_sac_pred_noise_2d_133,4442.768874349178,9929.387430399998,897.4875555656347,4589.131000485186,df_elaad_preproc_l6months.csv
