name,transf,client,payoff,total,sessions
test_6month_sac_gen_5m_12,3724.3537769199575,9929.387430399998,881.6875054342313,5323.34614804581,df_elaad_preproc_l6months.csv
