name,transf,client,payoff,total
val_month_sac_gen_J_h_97,681.7469101638762,1488.30912,159.56135988924024,647.0008499468834
