name,transf,client,payoff,total
test_month_sac_c_696,1016.7453469987947,1469.5622144,135.21440678133106,317.60246061987414
