name,transf,client,payoff,total
train_month_sac_gen_I_q_485,2275.8995626998276,4306.918592,422.3108412815719,1608.7081880186006
