name,transf,client,payoff,total
val_month_sac_gen_I_m_482,631.6882374907623,1488.30912,159.56135988924024,697.0595226199973
