name,transf,client,payoff,total
test_month_sac_gen_J_e_357,678.2696432684356,1468.334912,149.17516390639216,640.8901048251722
