name,transf,client,payoff,total
val_month_sac_gen_I_u_233,653.1080765134659,1488.30912,159.56135988924024,675.6396835972937
