name,transf,client,payoff,total
train_month_sac_gen_I_k_178,2040.8559355529026,4306.918592,422.3108412815719,1843.7518151655258
