name,transf,client,payoff,total
val_month_sac_c_298,1841.661005274739,2277.450960542104,145.3079860330326,290.48196923433244
