name,transf,client,payoff,total
val_month_sac_gen_J_v_205,610.3387146406083,1488.30912,155.96206259448996,722.0083427649017
