name,transf,client,payoff,total
val_month_sac_gen_J_n_254,599.8848479510154,1488.30912,159.56135988924024,728.8629121597442
