name,transf,client,payoff,total,sessions
test_6month_sac_gen_3m_85,2877.1057275174617,9929.387430399998,889.2877424740021,6162.993960408535,df_elaad_preproc_l6months.csv
