name,transf,client,payoff,total
val_month_sac_gen_J_s_411,534.9838831339306,1488.30912,155.96206259448996,797.3631742715793
