name,transf,client,payoff,total
test_month_sac_gen_J_f_127,671.162075116898,1468.334912,149.17516390639216,647.9976729767099
