name,transf,client,payoff,total,sessions
test_6month_sac_gen_3m_189,2803.9568199272467,9929.387430399998,889.2877424740021,6236.142867998749,df_elaad_preproc_l6months.csv
