name,transf,client,payoff,total
train_month_sac_gen_J_r_298,2007.3660778414087,4306.918592,422.3108412815719,1877.2416728770195
