name,transf,client,payoff,total,sessions
test_6month_sac_gen_4l_193,2862.0621005600547,9929.387430399998,886.8210602299855,6180.504269609957,df_elaad_preproc_l6months.csv
