name,transf,client,payoff,total
train_month_sac_gen_I_u_196,-69.04568980344777,4306.918592,422.3108412815719,3953.6534405218763
