name,transf,client,payoff,total,sessions
test_6month_sac_pred_noise_4a_190,2879.9136144857393,9929.387430399998,891.2211003728393,6158.25271554142,df_elaad_preproc_l6months.csv
