name,transf,client,payoff,total
train_month_sac_gen_I_r_286,1940.3731095962353,4306.918592,422.4446435168645,1944.1008388869002
