name,transf,client,payoff,total
val_month_sac_gen_I_r_285,596.2105619942216,1488.30912,159.56135988924024,732.5371981165381
