name,transf,client,payoff,total
test_month_sac_gen_J_p_95,661.217741484937,1468.334912,149.17516390639216,657.9420066086708
