name,transf,client,payoff,total
val_month_sac_gen_J_j_341,598.9579427416023,1488.30912,159.56135988924024,729.7898173691574
