name,transf,client,payoff,total
test_month_sac_gen_I_m_34,693.8161810224684,1468.334912,149.17516390639216,625.3435670711394
