name,transf,client,payoff,total
test_month_sac_gen_I_e_59,664.596196438795,1468.334912,148.50825484764397,655.2304607135611
