name,transf,client,payoff,total
val_month_sac_gen_I_a_328,653.2811901995801,1488.30912,159.56135988924024,675.4665699111795
