name,transf,client,payoff,total
train_month_sac_gen_J_d_255,2043.8544476481259,4306.918592,422.3108412815719,1840.7533030703025
