name,transf,client,payoff,total
val_month_sac_gen_I_f_287,659.1154530932168,1488.30912,158.8282254603323,670.3654414464507
