name,transf,client,payoff,total
train_month_sac_gen_G_a_245,516.2943574980484,1349.0472576000002,119.05413772010863,713.6987623818432
