name,transf,client,payoff,total
val_month_sac_gen_I_x_484,688.3008919973358,1488.30912,159.56135988924024,640.4468681134238
