name,transf,client,payoff,total,sessions
test_6month_sac_pred_noise_3a_60,3090.1547134164657,9929.387430399998,889.2877424740021,5949.944974509531,df_elaad_preproc_l6months.csv
