name,transf,client,payoff,total
test_month_sac_gen_J_b_112,714.5484388685564,1468.334912,149.17516390639216,604.6113092250514
