name,transf,client,payoff,total
val_month_sac_gen_J_z_131,654.6620514866654,1488.30912,155.96206259448996,677.6850059188446
