name,transf,client,payoff,total
val_month_sac_gen_I_w_295,662.3640231501203,1488.30912,159.56135988924024,666.3837369606395
