name,transf,client,payoff,total
test_month_sac_gen_I_e_188,640.8861368197331,1468.334912,148.50825484764397,678.940520332623
