name,transf,client,payoff,total
train_month_sac_gen_J_y_198,652.1233333562759,1488.30912,160.4952147645115,675.6905718792125
