name,transf,client,payoff,total
test_month_sac_gen_I_r_238,635.0628997494091,1468.334912,149.17516390639216,684.0968483441987
