name,transf,client,payoff,total
month_sac_IX_g,1112.053302898755,1469.5622144,138.8146550460595,218.69425645518544
