name,transf,client,payoff,total
val_month_sac_gen_J_g_63,684.5370681305465,1488.30912,159.56135988924024,644.2106919802131
