name,transf,client,payoff,total
val_month_sac_gen_I_h_189,650.1000392214701,1488.30912,159.56135988924024,678.6477208892895
