name,transf,client,payoff,total
test_month_sac_gen_I_n_210,660.6933427340731,1468.334912,149.17516390639216,658.4664053595347
