name,transf,client,payoff,total,sessions
test_6month_sac_gen_3l_106,2920.021096667854,9929.387430399998,886.8210602299855,6122.545273502159,df_elaad_preproc_l6months.csv
