name,transf,client,payoff,total
val_month_sac_gen_J_q_339,643.0251342234623,1488.30912,159.56135988924024,685.7226258872975
