name,transf,client,payoff,total
test_month_sac_gen_I_s_377,665.713393429456,1468.334912,149.17516390639216,653.4463546641518
