name,transf,client,payoff,total
train_month_sac_gen_I_g_404,2576.2075684216015,4306.918592,422.3108412815719,1308.4001822968266
