name,transf,client,payoff,total
test_month_sac_c_846,1029.0572296847981,1469.5622144,135.21440678133106,305.29057793387074
