name,transf,client,payoff,total
test_month_sac_gen_I_s_454,661.8133842940169,1468.334912,149.17516390639216,657.3463637995909
