name,transf,client,payoff,total
val_month_sac_gen_J_n_140,633.2119978283968,1488.30912,159.56135988924024,695.5357622823628
