name,transf,client,payoff,total
test_month_sac_gen_J_w_18,734.8784493223748,1468.334912,148.50825484764397,584.9482078299814
