name,transf,client,payoff,total
val_month_sac_gen_I_f_494,653.7201921749538,1488.30912,158.8282254603323,675.7607023647138
