name,transf,client,payoff,total
train_month_sac_gen_I_v_323,-144.138762541971,4306.918592,420.9772441972888,4030.0801103446825
