name,transf,client,payoff,total
test_month_sac_gen_J_x_214,734.875778472312,1468.334912,149.17516390639216,584.2839696212958
