name,transf,client,payoff,total
train_month_sac_gen_J_g_389,2007.822057495018,4306.918592,422.3108412815719,1876.78569322341
