name,transf,client,payoff,total
train_month_sac_gen_J_s_185,1885.1063725587392,4306.918592,423.4438284904759,1998.368390950785
