name,transf,client,payoff,total
test_month_sac_gen_I_m_343,668.9622325813691,1468.334912,149.17516390639216,650.1975155122387
