name,transf,client,payoff,total
test_month_sac_gen_J_n_433,628.8710861117322,1468.334912,149.17516390639216,690.2886619818756
