name,transf,client,payoff,total
val_month_sac_gen_J_z_106,661.0273098552684,1488.30912,155.96206259448996,671.3197475502416
