name,transf,client,payoff,total
val_month_sac_gen_I_p_248,704.9064945767578,1488.30912,159.56135988924024,623.8412655340019
