name,transf,client,payoff,total
test_month_sac_gen_a_63,906.017600458273,1488.30912,159.56135988924024,422.73015965248663
