name,transf,client,payoff,total
test_month_sac_gen_I_m_169,684.0226206085767,1468.334912,149.17516390639216,635.1371274850311
