name,transf,client,payoff,total
val_month_sac_gen_d_22,739.8129897248721,1349.0472576000002,118.32161810264896,490.9126497724792
