name,transf,client,payoff,total,sessions
test_6month_sac_gen_1l_248,2854.3388103228717,9929.387430399998,886.8210602299855,6188.227559847141,df_elaad_preproc_l6months.csv
