name,transf,client,payoff,total
train_month_sac_gen_J_d_498,2064.597520657724,4306.918592,422.3108412815719,1820.010230060704
