name,transf,client,payoff,total
test_month_sac_c_416,1035.6606928690371,1469.5622144,135.21440678133106,298.68711474963175
