name,transf,client,payoff,total
val_month_sac_gen_J_u_410,535.603664050014,1488.30912,155.96206259448996,796.743393355496
