name,transf,client,payoff,total
val_month_sac_gen_I_i_33,685.0556135049067,1488.30912,159.56135988924024,643.6921466058529
