name,transf,client,payoff,total,sessions
test_6month_sac_pred_noise_5b_234,3181.3978956333667,9929.387430399998,881.6875054342313,5866.302029332401,df_elaad_preproc_l6months.csv
