name,transf,client,payoff,total
train_month_sac_c_145,1105.563412677196,2289.492687923877,157.2012507240518,1026.728024522629
