name,transf,client,payoff,total
test_month_sac_gen_J_w_262,596.2835838824591,1468.334912,148.50825484764397,723.5430732698969
