name,transf,client,payoff,total
test_month_sac_gen_J_a_66,719.4374169369714,1468.334912,149.17516390639216,599.7223311566364
