name,transf,client,payoff,total
val_month_sac_gen_J_m_268,603.6124099406335,1488.30912,159.56135988924024,725.1353501701262
