name,transf,client,payoff,total
test_month_sac_gen_J_t_103,692.7127596217764,1468.334912,148.50825484764397,627.1138975305796
