name,transf,client,payoff,total
train_month_sac_gen_J_c_101,2186.154611606369,4306.918592,422.3108412815719,1698.453139112059
