name,transf,client,payoff,total,sessions
test_6month_sac_pred_noise_3b_197,3080.5831731107055,9929.387430399998,889.2877424740021,5959.516514815291,df_elaad_preproc_l6months.csv
