name,transf,client,payoff,total
val_month_sac_gen_J_b_154,660.9384031894739,1488.30912,159.56135988924024,667.8093569212858
