name,transf,client,payoff,total
test_month_sac_gen_J_i_488,737.8416171569213,1468.334912,149.17516390639216,581.3181309366865
