name,transf,client,payoff,total
test_month_sac_gen_I_b_82,711.1604925831571,1468.334912,149.17516390639216,607.9992555104508
