name,transf,client,payoff,total
test_month_sac_gen_J_q_66,720.4806611814804,1468.334912,149.17516390639216,598.6790869121274
