name,transf,client,payoff,total
val_month_sac_gen_J_w_496,549.5444008149256,1488.30912,155.96206259448996,782.8026565905843
