name,transf,client,payoff,total
val_month_sac_gen_I_t_174,703.2741705241875,1488.30912,159.56135988924024,625.4735895865722
