name,transf,client,payoff,total
train_month_sac_gen_I_m_310,1995.435220234837,4306.918592,422.3108412815719,1889.172530483591
