name,transf,client,payoff,total
test_month_sac_gen_I_v_202,683.8599679463396,1468.334912,149.17516390639216,635.2997801472683
