name,transf,client,payoff,total
val_month_sac_gen_J_t_284,596.3910955252301,1488.30912,155.96206259448996,735.9559618802798
