name,transf,client,payoff,total,sessions
test_6month_sac_gen_4m_70,2978.0100907272017,9929.387430399998,886.8210602299855,6064.5562794428115,df_elaad_preproc_l6months.csv
