name,transf,client,payoff,total,sessions
test_6month_sac_gen_k_101,2954.924143422102,9929.387430399998,886.8210602299855,6087.64222674791,df_elaad_preproc_l6months.csv
