name,transf,client,payoff,total,sessions
test_6month_sac_gen_1m_64,3086.8625322299526,9929.387430399998,893.2217503396156,5949.30314783043,df_elaad_preproc_l6months.csv
