name,transf,client,payoff,total
val_month_sac_gen_J_a_262,644.1053792224434,1488.30912,159.56135988924024,684.6423808883162
