name,transf,client,payoff,total
test_month_sac_gen_I_s_384,664.7589611295624,1468.334912,149.17516390639216,654.4007869640454
