name,transf,client,payoff,total
val_month_sac_gen_J_n_322,613.1707481254817,1488.30912,159.56135988924024,715.577011985278
