name,transf,client,payoff,total
test_month_sac_gen_I_j_325,714.4778616525475,1468.334912,149.17516390639216,604.6818864410603
