name,transf,client,payoff,total
test_month_sac_gen_J_w_432,578.9547893332633,1468.334912,148.50825484764397,740.8718678190928
