name,transf,client,payoff,total,sessions
test_6month_sac_pred_noise_2e_198,5190.870283140126,9929.387430399998,897.4875555656347,3841.0295916942378,df_elaad_preproc_l6months.csv
