name,transf,client,payoff,total
train_month_sac_c_704,1027.0508030909587,2289.492687923877,157.2012507240518,1105.2406341088665
