name,transf,client,payoff,total
test_month_sac_gen_J_d_429,691.8690938564903,1468.334912,149.17516390639216,627.2906542371176
