name,transf,client,payoff,total
test_month_sac_gen_I_k_434,680.2275953838433,1468.334912,149.17516390639216,638.9321527097645
