name,transf,client,payoff,total,sessions
test_6month_sac_pred_noise_3e_246,5245.393167687973,9929.387430399998,889.2877424740021,3794.706520238023,df_elaad_preproc_l6months.csv
