name,transf,client,payoff,total
val_month_sac_gen_J_b_379,638.9503220740103,1488.30912,159.56135988924024,689.7974380367493
