name,transf,client,payoff,total,sessions
test_6month_sac_pred_noise_5e_106,5314.020247670796,9929.387430399998,881.6875054342313,3733.6796772949706,df_elaad_preproc_l6months.csv
