name,transf,client,payoff,total
val_month_sac_gen_G_b_180,625.4760006794352,1488.30912,159.09496226131247,703.7381570592522
