name,transf,client,payoff,total
val_month_sac_gen_J_x_237,678.9651536146872,1488.30912,159.56135988924024,649.7826064960725
