name,transf,client,payoff,total
test_month_sac_gen_I_r_34,710.8665080946746,1468.334912,149.17516390639216,608.2932399989332
