name,transf,client,payoff,total
test_month_sac_gen_J_f_498,675.8676524002187,1468.334912,149.17516390639216,643.2920956933891
