name,transf,client,payoff,total,sessions
test_6month_sac_pred_noise_3a_129,2909.3348819812236,9929.387430399998,889.2877424740021,6130.764805944773,df_elaad_preproc_l6months.csv
