name,transf,client,payoff,total
train_month_sac_gen_I_f_118,2145.7823694892577,4306.918592,421.11038371791597,1740.0258387928263
