name,transf,client,payoff,total
test_month_sac_gen_I_p_182,764.7803251721305,1468.334912,149.17516390639216,554.3794229214774
