name,transf,client,payoff,total
train_month_sac_gen_I_w_262,-7611.522897087033,4306.918592,422.3108412815719,11496.13064780546
