name,transf,client,payoff,total
train_month_sac_gen_J_s_358,1836.2579954196658,4306.918592,419.97714090397574,2050.6834556763583
