name,transf,client,payoff,total
test_month_sac_gen_b_85,729.0926127179632,1488.30912,159.56135988924024,599.6551473927964
