name,transf,client,payoff,total
test_month_sac_gen_G_b_112,677.4129600382464,1468.334912,148.64140204911905,642.2805499126346
