name,transf,client,payoff,total
test_month_sac_gen_J_r_370,688.1333704874542,1468.334912,149.17516390639216,631.0263776061537
