name,transf,client,payoff,total
val_month_sac_gen_I_v_200,652.5370231736546,1488.30912,159.56135988924024,676.2107369371051
