name,transf,client,payoff,total,sessions
test_6month_sac_pred_noise_5b_32,3352.3093374033488,9929.387430399998,881.6875054342313,5695.390587562419,df_elaad_preproc_l6months.csv
