name,transf,client,payoff,total
val_month_sac_gen_J_j_193,618.6297514648878,1488.30912,159.56135988924024,710.1180086458719
