name,transf,client,payoff,total
val_month_sac_gen_J_n_249,604.0747424857018,1488.30912,159.56135988924024,724.6730176250578
