name,transf,client,payoff,total
val_month_sac_gen_J_z_134,655.1442274263002,1488.30912,155.96206259448996,677.2028299792098
