name,transf,client,payoff,total
test_month_sac_gen_I_i_20,772.4847778411039,1468.334912,149.17516390639216,546.674970252504
