name,transf,client,payoff,total
test_month_sac_gen_J_i_215,749.4598746491774,1468.334912,149.17516390639216,569.6998734444304
