name,transf,client,payoff,total,sessions
test_6month_sac_gen_5m_138,2884.5608406040296,9929.387430399998,886.8210602299855,6158.005529565982,df_elaad_preproc_l6months.csv
