name,transf,client,payoff,total
test_month_sac_gen_I_t_215,693.599762418871,1468.334912,149.17516390639216,625.5599856747368
