name,transf,client,payoff,total,sessions
test_6month_sac_pred_noise_4b_35,3348.0165918938965,9929.387430399998,891.2211003728393,5690.149738133263,df_elaad_preproc_l6months.csv
