name,transf,client,payoff,total
train_month_sac_gen_I_o_115,2172.1830539262573,4306.918592,422.3108412815719,1712.4246967921708
