name,transf,client,payoff,total,sessions
test_6month_sac_gen_e_202,2755.6480399662137,9929.387430399998,886.8210602299855,6286.918330203798,df_elaad_preproc_l6months.csv
