name,transf,client,payoff,total
val_month_sac_gen_I_n_406,597.1464936706307,1488.30912,159.56135988924024,731.6012664401289
