name,transf,client,payoff,total
train_month_sac_gen_J_z_56,960.1169731052665,1469.5622144,143.02809197906583,366.41714931566753
