name,transf,client,payoff,total
val_month_sac_gen_I_i_418,654.0289521900179,1488.30912,159.56135988924024,674.7188079207417
