name,transf,client,payoff,total,sessions
test_6month_sac_gen_4m_112,2988.9233710377393,9929.387430399998,891.2211003728393,6049.24295898942,df_elaad_preproc_l6months.csv
