name,transf,client,payoff,total
train_month_sac_gen_J_v_492,2033.8675580016043,4306.918592,417.9096673275943,1855.1413666708013
