name,transf,client,payoff,total
month_sac_IX_g,1159.2702204752218,1469.5622144,138.41495640878077,171.87703751599736
