name,transf,client,payoff,total
val_month_sac_gen_J_z_255,591.7581397061024,1488.30912,155.96206259448996,740.5889176994076
