name,transf,client,payoff,total
val_month_sac_gen_I_i_454,652.1359178060607,1488.30912,159.56135988924024,676.6118423046989
