name,transf,client,payoff,total
train_month_sac_gen_I_u_152,-44.913624849740586,4306.918592,422.3108412815719,3929.521375568169
