name,transf,client,payoff,total
train_month_sac_gen_I_k_209,2028.5534074970053,4306.918592,422.3108412815719,1856.0543432214226
