name,transf,client,payoff,total
val_month_sac_c_344,1848.651984920648,2277.450960542104,145.3079860330326,283.4909895884235
