name,transf,client,payoff,total
train_month_sac_gen_J_k_330,1778.6238669550985,4306.918592,422.3108412815719,2105.9838837633297
