name,transf,client,payoff,total,sessions
test_6month_sac_gen_2n_112,3033.0493602868632,9929.387430399998,886.8210602299855,6009.5170098831495,df_elaad_preproc_l6months.csv
