name,transf,client,payoff,total
train_month_sac_gen_J_d_319,2036.3853976002683,4306.918592,422.3108412815719,1848.2223531181598
