name,transf,client,payoff,total
test_month_sac_gen_I_d_1,889.8830635136627,1468.334912,149.17516390639216,429.27668457994514
