name,transf,client,payoff,total
val_month_sac_gen_J_w_372,545.8015132385394,1488.30912,155.96206259448996,786.5455441669706
