name,transf,client,payoff,total
train_month_sac_gen_I_b_279,1974.6284814136204,4306.918592,422.3108412815719,1909.9792693048075
