name,transf,client,payoff,total
train_month_sac_gen_J_d_116,2098.4711156072226,4306.918592,422.3108412815719,1786.1366351112056
