name,transf,client,payoff,total
test_month_sac_gen_J_f_330,660.5189863776217,1468.334912,149.17516390639216,658.6407617159862
