name,transf,client,payoff,total,sessions
test_6month_sac_pred_noise_1a_161,2862.381693149435,9929.387430399998,893.2217503396156,6173.7839869109475,df_elaad_preproc_l6months.csv
