name,transf,client,payoff,total,sessions
test_6month_sac_gen_4m_42,3128.4884872616135,9929.387430399998,886.8210602299855,5914.077882908399,df_elaad_preproc_l6months.csv
