name,transf,client,payoff,total
train_month_sac_gen_J_s_159,1961.279049191702,4306.918592,420.7100964435863,1924.9294463647116
