name,transf,client,payoff,total
train_month_sac_gen_I_o_16,2343.0230081025547,4306.918592,422.3108412815719,1541.5847426158734
