name,transf,client,payoff,total
train_month_sac_gen_J_q_50,2141.2170810072294,4306.918592,422.3108412815719,1743.3906697111988
