name,transf,client,payoff,total
test_month_sac_gen_I_d_195,672.4708891082611,1468.334912,149.17516390639216,646.6888589853468
