name,transf,client,payoff,total
train_month_sac_gen_I_f_98,2171.3331778031925,4306.918592,421.11038371791597,1714.4750304788915
