name,transf,client,payoff,total,sessions
test_6month_sac_gen_b_180,2937.573056918437,9929.387430399998,886.8210602299855,6104.993313251576,df_elaad_preproc_l6months.csv
