name,transf,client,payoff,total
val_month_sac_gen_J_p_326,641.2077027444583,1488.30912,159.56135988924024,687.5400573663014
