name,transf,client,payoff,total
val_month_sac_gen_J_u_447,534.1946336593384,1488.30912,155.96206259448996,798.1524237461715
