name,transf,client,payoff,total
val_month_sac_gen_I_v_387,655.6435179519932,1488.30912,159.56135988924024,673.1042421587665
