name,transf,client,payoff,total
val_month_sac_gen_I_r_456,592.6840225578228,1488.30912,159.56135988924024,736.0637375529368
