name,transf,client,payoff,total,sessions
test_6month_sac_gen_g_77,3176.7876978721897,9929.387430399998,886.8210602299855,5865.7786722978235,df_elaad_preproc_l6months.csv
