name,transf,client,payoff,total
test_month_sac_gen_I_v_256,684.5269520861718,1468.334912,149.17516390639216,634.632796007436
