name,transf,client,payoff,total
val_month_sac_gen_I_h_280,637.8560189223433,1488.30912,159.56135988924024,690.8917411884163
