name,transf,client,payoff,total
val_month_sac_gen_J_z_90,665.5173659666954,1488.30912,155.96206259448996,666.8296914388145
