name,transf,client,payoff,total
val_month_sac_gen_J_o_274,654.2186200678303,1488.30912,159.56135988924024,674.5291400429294
