name,transf,client,payoff,total
test_month_sac_gen_J_g_343,675.0013487434915,1468.334912,149.17516390639216,644.1583993501164
