name,transf,client,payoff,total,sessions
test_6month_sac_gen_3l_215,2783.1036697179056,9929.387430399998,886.8210602299855,6259.462700452106,df_elaad_preproc_l6months.csv
