name,transf,client,payoff,total
test_month_sac_gen_I_w_384,653.5791765440418,1468.334912,149.17516390639216,665.580571549566
