name,transf,client,payoff,total
test_month_sac_gen_I_u_84,705.0725207608053,1468.334912,149.17516390639216,614.0872273328025
