name,transf,client,payoff,total
test_month_sac_gen_J_n_380,664.6901649018871,1468.334912,149.17516390639216,654.4695831917207
