name,transf,client,payoff,total,sessions
test_6month_sac_gen_k_262,2847.1016326571093,9929.387430399998,886.8210602299855,6195.4647375129025,df_elaad_preproc_l6months.csv
