name,transf,client,payoff,total,sessions
test_6month_sac_gen_1l_168,2848.485996310194,9929.387430399998,886.8210602299855,6194.080373859819,df_elaad_preproc_l6months.csv
