name,transf,client,payoff,total
val_month_sac_gen_I_m_358,626.6489624873118,1488.30912,159.56135988924024,702.0987976234478
