name,transf,client,payoff,total
test_month_sac_gen_I_e_48,673.461404498439,1468.334912,148.50825484764397,646.365252653917
