name,transf,client,payoff,total
test_month_sac_gen_I_t_123,713.5100680739372,1468.334912,149.17516390639216,605.6496800196707
