name,transf,client,payoff,total
val_month_sac_gen_I_p_428,707.4252855829807,1488.30912,159.56135988924024,621.3224745277789
