name,transf,client,payoff,total
test_month_sac_gen_I_s_65,698.9435773462196,1468.334912,149.17516390639216,620.2161707473882
