name,transf,client,payoff,total
month_sac_IX_g,1114.8039018833674,1469.5622144,136.48130114596552,218.27701137066697
