name,transf,client,payoff,total
train_month_sac_gen_J_d_44,2149.079569656441,4306.918592,422.3108412815719,1735.5281810619872
