name,transf,client,payoff,total
val_month_sac_gen_I_f_361,651.1814175588713,1488.30912,158.8282254603323,678.2994769807963
