name,transf,client,payoff,total
val_month_sac_gen_J_i_450,637.3944916183448,1488.30912,159.56135988924024,691.3532684924148
