name,transf,client,payoff,total
train_month_sac_gen_G_b_100,903.9242736053628,1469.5622144,143.6281692536317,422.00977154100536
