name,transf,client,payoff,total
val_month_sac_gen_J_y_133,667.7110915263524,1488.30912,155.96206259448996,664.6359658791575
