name,transf,client,payoff,total
val_month_sac_gen_J_c_166,700.6208562149553,1488.30912,159.56135988924024,628.1269038958044
