name,transf,client,payoff,total
test_month_sac_gen_J_m_229,676.227528416545,1468.334912,149.17516390639216,642.9322196770628
