name,transf,client,payoff,total,sessions
test_6month_sac_gen_5l_110,2918.7369373283927,9929.387430399998,886.8210602299855,6123.82943284162,df_elaad_preproc_l6months.csv
