name,transf,client,payoff,total
test_month_sac_gen_J_u_299,600.3207367122362,1468.334912,148.50825484764397,719.5059204401198
