name,transf,client,payoff,total
val_month_sac_gen_J_c_128,708.6080504787169,1488.30912,159.56135988924024,620.1397096320427
