name,transf,client,payoff,total
val_month_sac_gen_J_g_459,634.719544096329,1488.30912,159.56135988924024,694.0282160144307
