name,transf,client,payoff,total,sessions
test_6month_sac_gen_5m_159,2897.086801994694,9929.387430399998,886.8210602299855,6145.4795681753185,df_elaad_preproc_l6months.csv
