name,transf,client,payoff,total
train_month_sac_gen_G_a_209,516.5915089267577,1349.0472576000002,120.38794826551218,712.0678004077304
