name,transf,client,payoff,total
month_sac_IX_f,1674.676160679075,1469.5622144,136.48116955740096,-341.59511583647617
