name,transf,client,payoff,total
train_month_sac_gen_I_d_339,1978.3700428006746,4306.918592,422.3108412815719,1906.2377079177536
