name,transf,client,payoff,total
test_month_sac_gen_I_e_328,634.417528170668,1468.334912,148.50825484764397,685.4091289816881
