name,transf,client,payoff,total
test_month_sac_gen_I_h_413,697.8129395085023,1468.334912,149.17516390639216,621.3468085851056
