name,transf,client,payoff,total
train_month_sac_gen_J_i_16,2321.6900378165346,4306.918592,422.3108412815719,1562.9177129018935
