name,transf,client,payoff,total
val_month_sac_gen_G_a_125,654.1881665945895,1488.30912,155.96206259448996,678.1588908109204
