name,transf,client,payoff,total
val_month_sac_gen_J_f_451,632.2395252909389,1488.30912,159.56135988924024,696.5082348198207
