name,transf,client,payoff,total
train_month_sac_gen_J_c_491,2034.988036647269,4306.918592,422.3108412815719,1849.6197140711593
