name,transf,client,payoff,total
train_month_sac_gen_J_r_288,2004.9926864268564,4306.918592,422.3108412815719,1879.6150642915718
