name,transf,client,payoff,total
val_sac_c_9,14502.934669852923,30125.305835959498,1762.9897063291792,13859.381459777396
