name,transf,client,payoff,total
test_month_sac_c_353,1051.2259009872873,1469.5622144,135.21440678133106,283.12190663138153
