name,transf,client,payoff,total,sessions
test_6month_sac_pred_noise_1e_26,5117.635634878772,9929.387430399998,893.2217503396156,3918.5300451816106,df_elaad_preproc_l6months.csv
