name,transf,client,payoff,total
test_month_sac_gen_I_a_139,704.8834901218983,1468.334912,149.17516390639216,614.2762579717096
