name,transf,client,payoff,total
val_month_sac_gen_J_p_295,643.951881584615,1488.30912,159.56135988924024,684.7958785261446
