name,transf,client,payoff,total
test_month_sac_gen_I_r_312,638.5318100717091,1468.334912,149.17516390639216,680.6279380218988
