name,transf,client,payoff,total
val_month_sac_gen_I_b_361,619.586123760424,1488.30912,159.56135988924024,709.1616363503356
