name,transf,client,payoff,total
train_month_sac_gen_J_h_67,2187.088996318088,4306.918592,422.3108412815719,1697.5187544003402
