name,transf,client,payoff,total
train_month_sac_gen_G_a_134,526.898240346462,1349.0472576000002,119.85442544127247,702.2945918122657
