name,transf,client,payoff,total
test_month_sac_gen_I_k_293,681.5133735809072,1468.334912,149.17516390639216,637.6463745127006
