name,transf,client,payoff,total
train_month_sac_gen_J_a_238,2006.1655794093813,4306.918592,422.3108412815719,1878.442171309047
