name,transf,client,payoff,total
test_month_sac_gen_J_s_290,579.0907098224458,1468.334912,148.50825484764397,740.7359473299102
