name,transf,client,payoff,total
val_sac_c_85,14951.983708341599,30125.305835959498,1762.9897063291792,13410.33242128872
