name,transf,client,payoff,total
train_month_sac_gen_I_b_214,1984.8122963002302,4306.918592,422.3108412815719,1899.795454418198
