name,transf,client,payoff,total
month_sac_IX_h,1210.4166460086426,1469.5622144,136.94844336111456,122.19712503024274
