name,transf,client,payoff,total,sessions
train_month_sac_pred_noise_c_177,897.4067462705368,1349.0472576000002,122.85434730227783,328.7861640271856,df_elaad_preproc_feb.csv
