name,transf,client,payoff,total
train_month_sac_gen_J_u_226,1953.7407924647534,4306.918592,421.77763096549575,1931.400168569751
