name,transf,client,payoff,total
val_month_sac_gen_I_s_408,646.9351636300469,1488.30912,159.56135988924024,681.8125964807127
