name,transf,client,payoff,total
val_month_sac_gen_I_k_388,644.9863216237189,1488.30912,159.56135988924024,683.7614384870408
