name,transf,client,payoff,total
test_month_sac_gen_I_y_470,680.3797204352729,1468.334912,149.17516390639216,638.7800276583349
