name,transf,client,payoff,total
test_month_sac_gen_I_g_193,844.0598474889921,1468.334912,149.17516390639216,475.09990060461575
