name,transf,client,payoff,total
train_month_sac_gen_I_v_31,228.54823555101916,4306.918592,422.4446435168645,3655.925712932116
