name,transf,client,payoff,total,sessions
test_6month_sac_pred_noise_4c_118,3573.4530417255974,9929.387430399998,891.2211003728393,5464.713288301562,df_elaad_preproc_l6months.csv
