name,transf,client,payoff,total,sessions
test_6month_sac_gen_2o_129,2877.6350478045642,9929.387430399998,886.8210602299855,6164.931322365448,df_elaad_preproc_l6months.csv
