name,transf,client,payoff,total,sessions
test_6month_sac_gen_3m_50,3330.5434899011043,9929.387430399998,886.8210602299855,5712.022880268909,df_elaad_preproc_l6months.csv
