name,transf,client,payoff,total
test_month_sac_gen_I_r_397,640.5228197113692,1468.334912,149.17516390639216,678.6369283822387
