name,transf,client,payoff,total
train_month_sac_gen_I_e_260,2050.433820370262,4306.918592,417.9096673275943,1838.5751043021437
