name,transf,client,payoff,total
test_month_sac_gen_J_p_488,678.1550414848697,1468.334912,149.17516390639216,641.0047066087382
