name,transf,client,payoff,total
val_month_sac_gen_I_k_286,643.3121153172538,1488.30912,159.56135988924024,685.4356447935058
