name,transf,client,payoff,total
val_month_sac_gen_I_u_404,644.6850151181028,1488.30912,159.56135988924024,684.0627449926569
