name,transf,client,payoff,total
val_month_sac_gen_I_s_338,651.22690931034,1488.30912,159.56135988924024,677.5208508004196
