name,transf,client,payoff,total
test_month_sac_gen_J_f_201,669.3068011285875,1468.334912,149.17516390639216,649.8529469650204
