name,transf,client,payoff,total
test_month_sac_gen_J_v_482,621.7308137699555,1468.334912,148.50825484764397,698.0958433824005
