name,transf,client,payoff,total
val_month_sac_gen_J_q_397,642.5028875119749,1488.30912,159.56135988924024,686.2448725987847
