name,transf,client,payoff,total
train_month_sac_gen_I_h_243,2024.6099396734635,4306.918592,422.3108412815719,1859.9978110449647
