name,transf,client,payoff,total
val_month_sac_gen_I_t_207,686.7466356212686,1488.30912,159.56135988924024,642.0011244894911
