name,transf,client,payoff,total
train_month_sac_gen_J_g_62,2118.928700222831,4306.918592,422.3108412815719,1765.679050495597
