name,transf,client,payoff,total,sessions
test_6month_sac_pred_noise_2e_134,5250.204574343957,9929.387430399998,897.4875555656347,3781.695300490407,df_elaad_preproc_l6months.csv
