name,transf,client,payoff,total,sessions
test_6month_sac_gen_3l_60,3093.824878368428,9929.387430399998,886.8210602299855,5948.741491801584,df_elaad_preproc_l6months.csv
