name,transf,client,payoff,total
train_month_sac_gen_I_t_480,1931.6693366376808,4306.918592,418.7769702765704,1956.4722850857488
