name,transf,client,payoff,total
train_month_sac_gen_J_y_6,1099.3850868158986,1469.5622144,139.76136560125138,230.41576198284992
