name,transf,client,payoff,total
test_month_sac_gen_J_k_106,644.6444798824529,1468.334912,149.17516390639216,674.515268211155
