name,transf,client,payoff,total
val_month_sac_gen_J_b_74,677.4081907855982,1488.30912,159.56135988924024,651.3395693251614
