name,transf,client,payoff,total,sessions
test_6month_sac_pred_noise_3c_100,3574.8404494762685,9929.387430399998,889.2877424740021,5465.2592384497275,df_elaad_preproc_l6months.csv
