name,transf,client,payoff,total,sessions
test_6month_sac_gen_2m_182,2902.622137483017,9929.387430399998,897.4875555656347,6129.277737351347,df_elaad_preproc_l6months.csv
