name,transf,client,payoff,total
train_month_sac_gen_J_y_104,556.2264472652103,1349.0472576000002,122.0542659638709,670.7665443709191
