name,transf,client,payoff,total
test_month_sac_gen_J_t_135,671.8225566986691,1468.334912,148.50825484764397,648.004100453687
