name,transf,client,payoff,total,sessions
test_6month_sac_gen_2o_170,2934.784655302996,9929.387430399998,886.8210602299855,6107.7817148670165,df_elaad_preproc_l6months.csv
