name,transf,client,payoff,total,sessions
test_6month_sac_gen_4l_186,2896.255807360518,9929.387430399998,886.8210602299855,6146.3105628094945,df_elaad_preproc_l6months.csv
