name,transf,client,payoff,total,sessions
test_6month_sac_gen_g_295,3007.9690732841373,9929.387430399998,886.8210602299855,6034.597296885875,df_elaad_preproc_l6months.csv
