name,transf,client,payoff,total
val_month_sac_gen_J_k_31,653.2772018249422,1488.30912,159.56135988924024,675.4705582858176
