name,transf,client,payoff,total
test_month_sac_gen_I_p_160,761.323312661,1468.334912,149.17516390639216,557.8364354326078
