name,transf,client,payoff,total
test_month_sac_gen_I_x_248,753.1435397250414,1468.334912,149.17516390639216,566.0162083685665
