name,transf,client,payoff,total
val_month_sac_gen_I_f_394,651.1868277379047,1488.30912,158.8282254603323,678.2940668017629
