name,transf,client,payoff,total
val_month_sac_gen_I_c_295,641.0995205141313,1488.30912,159.56135988924024,687.6482395966284
