name,transf,client,payoff,total
test_month_sac_gen_I_r_419,638.9576212408308,1468.334912,149.17516390639216,680.202126852777
