name,transf,client,payoff,total
test_month_sac_gen_I_v_332,690.377443268946,1468.334912,149.17516390639216,628.7823048246619
