name,transf,client,payoff,total
test_month_sac_gen_J_c_229,699.4094015935154,1468.334912,149.17516390639216,619.7503465000924
