name,transf,client,payoff,total
test_month_sac_gen_J_d_426,692.8665653912686,1468.334912,149.17516390639216,626.2931827023392
