name,transf,client,payoff,total
val_month_sac_gen_J_u_480,540.2356339682904,1488.30912,155.96206259448996,792.1114234372196
