name,transf,client,payoff,total
train_month_sac_gen_I_j_192,2044.419199018755,4306.918592,422.3108412815719,1840.188551699673
