name,transf,client,payoff,total
train_month_sac_gen_I_k_318,2009.764835346506,4306.918592,422.3108412815719,1874.8429153719221
