name,transf,client,payoff,total
val_month_sac_gen_J_m_173,627.584377926859,1488.30912,159.56135988924024,701.1633821839007
