name,transf,client,payoff,total
test_month_sac_gen_I_x_452,730.5662255455452,1468.334912,149.17516390639216,588.5935225480627
