name,transf,client,payoff,total
val_month_sac_c_261,1839.2727687665176,2277.450960542104,145.3079860330326,292.87020574255376
