name,transf,client,payoff,total
val_month_sac_gen_I_i_24,693.7490793441781,1488.30912,159.56135988924024,634.9986807665816
