name,transf,client,payoff,total
train_month_sac_gen_J_k_64,1943.2194336701432,4306.918592,422.3108412815719,1941.388317048285
