name,transf,client,payoff,total
test_month_sac_gen_J_g_20,740.0535707625826,1468.334912,149.17516390639216,579.1061773310253
