name,transf,client,payoff,total,sessions
test_6month_sac_pred_noise_1b_233,3054.8716635392684,9929.387430399998,893.2217503396156,5981.294016521114,df_elaad_preproc_l6months.csv
