name,transf,client,payoff,total
train_month_sac_gen_J_m_298,1808.7727215021573,4306.918592,422.3108412815719,2075.835029216271
