name,transf,client,payoff,total
val_month_sac_gen_J_p_229,646.2993622192683,1488.30912,159.56135988924024,682.4483978914914
