name,transf,client,payoff,total
train_month_sac_gen_I_o_127,2166.273004062254,4306.918592,422.3108412815719,1718.334746656174
