name,transf,client,payoff,total
train_month_sac_c_525,1037.0238432371482,2289.492687923877,157.2012507240518,1095.267593962677
