name,transf,client,payoff,total,sessions
test_6month_sac_gen_4m_40,3185.672278714177,9929.387430399998,886.8210602299855,5856.894091455835,df_elaad_preproc_l6months.csv
