name,transf,client,payoff,total
val_month_sac_gen_J_s_6,709.3256433494585,1488.30912,155.96206259448996,623.0214140560515
