name,transf,client,payoff,total,sessions
test_6month_sac_pred_noise_5e_193,5122.776045809225,9929.387430399998,881.6875054342313,3924.9238791565417,df_elaad_preproc_l6months.csv
