name,transf,client,payoff,total
val_month_sac_gen_J_t_415,588.4137277679554,1488.30912,155.96206259448996,743.9333296375546
