name,transf,client,payoff,total
train_month_sac_gen_I_z_207,100.08893440988456,4306.918592,422.4446550408056,3784.3850025493102
