name,transf,client,payoff,total
train_month_sac_gen_J_b_401,1987.1448692477704,4306.918592,422.3108412815719,1897.4628814706575
