name,transf,client,payoff,total
train_month_sac_c_269,1062.352635842628,2289.492687923877,157.2012507240518,1069.9388013571972
