name,transf,client,payoff,total
test_month_sac_gen_I_y_74,717.4188732646146,1468.334912,149.17516390639216,601.7408748289932
