name,transf,client,payoff,total
test_month_sac_gen_I_n_230,655.3781007290834,1468.334912,149.17516390639216,663.7816473645245
