name,transf,client,payoff,total
val_month_sac_gen_J_i_77,678.9637407715928,1488.30912,159.56135988924024,649.7840193391669
