name,transf,client,payoff,total
month_sac_IX_j,1028.3740717037695,1469.5622144,139.8145046558828,301.3736380403476
