name,transf,client,payoff,total
val_month_sac_gen_I_k_478,651.16906978874,1488.30912,159.56135988924024,677.5786903220196
