name,transf,client,payoff,total
test_month_sac_gen_I_o_473,725.4848400611169,1468.334912,149.17516390639216,593.674908032491
