name,transf,client,payoff,total
val_month_sac_gen_J_w_429,543.8267198852833,1488.30912,155.96206259448996,788.5203375202266
