name,transf,client,payoff,total
month_sac_IX_f,1686.2039636934587,1469.5622144,138.54811057986427,-355.1898598733231
