name,transf,client,payoff,total,sessions
test_6month_sac_pred_noise_2b_41,3153.7449002044605,9929.387430399998,897.4875555656347,5878.154974629903,df_elaad_preproc_l6months.csv
