name,transf,client,payoff,total
test_month_sac_gen_I_r_296,640.0626063235372,1468.334912,149.17516390639216,679.0971417700706
