name,transf,client,payoff,total
val_month_sac_gen_J_b_164,661.664544070653,1488.30912,159.56135988924024,667.0832160401067
