name,transf,client,payoff,total
test_month_sac_gen_J_t_168,658.3014542080664,1468.334912,148.50825484764397,661.5252029442897
