name,transf,client,payoff,total
test_month_sac_gen_J_j_458,633.7154913185834,1468.334912,149.17516390639216,685.4442567750244
