name,transf,client,payoff,total
val_month_sac_gen_J_t_6,715.5453046886402,1488.30912,155.96206259448996,616.8017527168697
