name,transf,client,payoff,total,sessions
train_month_sac_pred_noise_e_172,697.8178627039396,1349.0472576000002,122.52106554461088,528.7083293514497,df_elaad_preproc_feb.csv
