name,transf,client,payoff,total
val_month_sac_c_196,1869.3198053844094,2277.450960542104,145.3079860330326,262.823169124662
