name,transf,client,payoff,total
val_month_sac_gen_J_t_169,614.7163689199647,1488.30912,155.96206259448996,717.6306884855453
