name,transf,client,payoff,total
train_month_sac_gen_I_h_497,2010.9298993371658,4306.918592,422.3108412815719,1873.6778513812624
