name,transf,client,payoff,total,sessions
test_6month_sac_pred_noise_3e_216,5227.743671104987,9929.387430399998,889.2877424740021,3812.3560168210092,df_elaad_preproc_l6months.csv
