name,transf,client,payoff,total
train_month_sac_gen_I_x_42,-7262.960807703487,4306.918592,416.84483755505204,11153.034562148436
