name,transf,client,payoff,total,sessions
test_6month_sac_pred_noise_4d_275,4601.9227527627445,9929.387430399998,891.2211003728393,4436.243577264415,df_elaad_preproc_l6months.csv
