name,transf,client,payoff,total
test_month_sac_gen_J_i_334,739.9076037571936,1468.334912,149.17516390639216,579.2521443364143
