name,transf,client,payoff,total
train_month_sac_gen_J_l_201,1865.1458314050183,4306.918592,422.3108412815719,2019.46191931341
