name,transf,client,payoff,total,sessions
6month_sac_disagg_1d_PF,4393.388312568175,9929.387430399998,893.2217503396156,4642.777367492207,df_elaad_preproc_l6months.csv
