name,transf,client,payoff,total
val_month_sac_c_813,1834.8044574694113,2277.450960542104,145.3079860330326,297.3385170396601
