name,transf,client,payoff,total
val_month_sac_gen_J_r_200,637.981386615611,1488.30912,159.56135988924024,690.7663734951486
