name,transf,client,payoff,total,sessions
test_6month_sac_gen_k_141,2887.7516546996267,9929.387430399998,886.8210602299855,6154.814715470386,df_elaad_preproc_l6months.csv
