name,transf,client,payoff,total
test_month_sac_c_43,1541.0319362765233,2289.492687923877,157.2012507240518,591.2595009233019
