name,transf,client,payoff,total
test_month_sac_gen_I_f_166,753.7908184743164,1468.334912,147.8419170286109,566.7021764970727
