name,transf,client,payoff,total
val_month_sac_c_42,2266.65211224867,2277.450960542104,145.3079860330326,-134.50913773959877
