name,transf,client,payoff,total,sessions
test_6month_sac_gen_3m_35,3460.7535399130875,9929.387430399998,886.8210602299855,5581.812830256926,df_elaad_preproc_l6months.csv
