name,transf,client,payoff,total
train_month_sac_gen_I_u_390,-124.11597581735833,4306.918592,422.3108412815719,4008.723726535786
