name,transf,client,payoff,total
val_month_sac_gen_I_b_242,625.6348524056857,1488.30912,159.56135988924024,703.1129077050739
