name,transf,client,payoff,total
val_month_sac_gen_I_u_443,649.0334216950628,1488.30912,159.56135988924024,679.7143384156968
