name,transf,client,payoff,total
train_month_sac_c_41,1401.8459720778526,1469.5622144,135.21440678133106,-67.49816445918376
