name,transf,client,payoff,total,sessions
test_6month_sac_gen_2o_130,2862.3012625910474,9929.387430399998,886.8210602299855,6180.265107578965,df_elaad_preproc_l6months.csv
