name,transf,client,payoff,total
val_month_sac_gen_I_j_285,656.0809345803341,1488.30912,159.56135988924024,672.6668255304255
