name,transf,client,payoff,total
val_month_sac_gen_I_j_336,655.4392527108857,1488.30912,159.56135988924024,673.3085073998739
