name,transf,client,payoff,total
test_month_sac_gen_J_q_157,688.2004605537513,1468.334912,149.17516390639216,630.9592875398565
