name,transf,client,payoff,total
train_month_sac_gen_I_b_22,2209.8171715874096,4306.918592,422.3108412815719,1674.7905791310186
