name,transf,client,payoff,total
val_month_sac_gen_I_a_95,684.4437159673698,1488.30912,159.56135988924024,644.3040441433898
