name,transf,client,payoff,total
test_month_sac_gen_J_q_315,685.2641665417154,1468.334912,149.17516390639216,633.8955815518924
