name,transf,client,payoff,total
train_month_sac_gen_J_c_151,2141.2936286388417,4306.918592,422.3108412815719,1743.3141220795865
