name,transf,client,payoff,total,sessions
test_6month_sac_pred_noise_5b_68,3176.9690002380444,9929.387430399998,881.6875054342313,5870.730924727723,df_elaad_preproc_l6months.csv
