name,transf,client,payoff,total
val_month_sac_gen_I_c_422,634.6300495764816,1488.30912,159.56135988924024,694.1177105342781
