name,transf,client,payoff,total
test_month_sac_gen_I_x_313,749.7338121947886,1468.334912,149.17516390639216,569.4259358988193
