name,transf,client,payoff,total
val_month_sac_gen_I_r_253,597.0725924613912,1488.30912,159.56135988924024,731.6751676493684
