name,transf,client,payoff,total,sessions
test_6month_sac_gen_3m_85,2940.3802911048924,9929.387430399998,889.2877424740021,6099.719396821104,df_elaad_preproc_l6months.csv
