name,transf,client,payoff,total,sessions
test_6month_sac_gen_1m_1,4321.163206214016,9929.387430399998,893.2217503396156,4715.002473846366,df_elaad_preproc_l6months.csv
