name,transf,client,payoff,total
val_month_sac_gen_J_i_314,639.6130471951495,1488.30912,159.56135988924024,689.1347129156102
