name,transf,client,payoff,total
test_month_sac_gen_I_y_81,717.8700775295229,1468.334912,149.17516390639216,601.289670564085
