name,transf,client,payoff,total,sessions
test_6month_sac_pred_noise_4d_78,4700.0776553033775,9929.387430399998,891.2211003728393,4338.088674723782,df_elaad_preproc_l6months.csv
