name,transf,client,payoff,total
val_month_sac_gen_J_o_17,743.1511960446084,1488.30912,159.56135988924024,585.5965640661514
