name,transf,client,payoff,total
train_month_sac_gen_J_a_413,1979.8431329503658,4306.918592,422.3108412815719,1904.7646177680626
