name,transf,client,payoff,total,sessions
test_6month_sac_gen_4m_176,2917.943094708838,9929.387430399998,891.2211003728393,6120.223235318321,df_elaad_preproc_l6months.csv
