name,transf,client,payoff,total,sessions
test_6month_sac_gen_4m_91,2965.901881762738,9929.387430399998,886.8210602299855,6076.664488407274,df_elaad_preproc_l6months.csv
