name,transf,client,payoff,total
test_month_sac_gen_J_g_408,674.0193588885586,1468.334912,149.17516390639216,645.1403892050492
