name,transf,client,payoff,total
val_month_sac_gen_J_h_238,668.8101448123266,1488.30912,159.56135988924024,659.937615298433
