name,transf,client,payoff,total
test_month_sac_gen_I_z_330,728.3880199516618,1468.334912,149.17516390639216,590.771728141946
