name,transf,client,payoff,total
test_month_sac_gen_J_c_138,711.4122052307803,1468.334912,149.17516390639216,607.7475428628276
