name,transf,client,payoff,total
test_month_sac_gen_I_q_469,780.4655101902393,1468.334912,149.17516390639216,538.6942379033685
