name,transf,client,payoff,total
test_month_sac_gen_J_m_98,690.9606089471569,1468.334912,149.17516390639216,628.199139146451
