name,transf,client,payoff,total,sessions
test_6month_sac_gen_2m_134,3021.4909861074575,9929.387430399998,886.8210602299855,6021.075384062555,df_elaad_preproc_l6months.csv
