name,transf,client,payoff,total
train_month_sac_gen_I_x_471,-7056.096509327803,4306.918592,426.64388589513175,10936.371215432671
