name,transf,client,payoff,total
test_month_sac_gen_J_q_375,676.8297864100061,1468.334912,149.17516390639216,642.3299616836017
