name,transf,client,payoff,total
val_month_sac_gen_J_y_293,589.1777754947021,1488.30912,155.96206259448996,743.1692819108077
