name,transf,client,payoff,total
month_sac_IX_j,1054.3802837207418,1469.5622144,137.68122566197403,277.5007050172841
