name,transf,client,payoff,total
val_month_sac_gen_I_r_378,594.8134370596072,1488.30912,159.56135988924024,733.9343230511524
