name,transf,client,payoff,total
month_sac_IX_g,1175.251301308984,1469.5622144,136.28126454060308,158.02964855041282
