name,transf,client,payoff,total
test_month_sac_gen_I_k_84,740.0325735451133,1468.334912,149.17516390639216,579.1271745484945
