name,transf,client,payoff,total
test_month_sac_gen_J_k_226,643.3831512077636,1468.334912,149.17516390639216,675.7765968858442
