name,transf,client,payoff,total,sessions
test_6month_sac_pred_noise_2c_61,3537.9242565130558,9929.387430399998,897.4875555656347,5493.9756183213085,df_elaad_preproc_l6months.csv
