name,transf,client,payoff,total
val_month_sac_gen_I_p_109,719.909298463623,1488.30912,159.56135988924024,608.8384616471367
