name,transf,client,payoff,total
train_month_sac_gen_G_b_210,608.7700845468361,1488.30912,160.2950560642239,719.2439793889399
