name,transf,client,payoff,total
val_month_sac_gen_I_s_214,661.3230879893187,1488.30912,159.56135988924024,667.4246721214411
