name,transf,client,payoff,total
test_month_sac_gen_I_q_459,776.7058980226464,1468.334912,149.17516390639216,542.4538500709615
