name,transf,client,payoff,total
train_month_sac_gen_I_y_195,30.512404677306165,4306.918592,419.2436818404789,3857.162505482215
