name,transf,client,payoff,total
val_month_sac_gen_I_n_200,605.7327982579461,1488.30912,159.56135988924024,723.0149618528135
