name,transf,client,payoff,total,sessions
test_6month_sac_pred_noise_1b_128,3051.1428402947886,9929.387430399998,893.2217503396156,5985.022839765594,df_elaad_preproc_l6months.csv
