name,transf,client,payoff,total
test_month_sac_gen_I_a_49,747.5191606538363,1468.334912,149.17516390639216,571.6405874397716
