name,transf,client,payoff,total
test_month_sac_gen_J_h_358,730.8234844087334,1468.334912,149.17516390639216,588.3362636848744
