name,transf,client,payoff,total,sessions
test_6month_sac_gen_3l_72,2990.331198377029,9929.387430399998,886.8210602299855,6052.235171792983,df_elaad_preproc_l6months.csv
