name,transf,client,payoff,total
val_month_sac_gen_J_t_9,709.0978508663154,1488.30912,155.96206259448996,623.2492065391946
