name,transf,client,payoff,total,sessions
test_6month_sac_pred_noise_4d_112,4512.260767238184,9929.387430399998,891.2211003728393,4525.905562788976,df_elaad_preproc_l6months.csv
