name,transf,client,payoff,total
val_month_sac_gen_J_a_42,718.7934442760425,1488.30912,159.56135988924024,609.9543158347171
