name,transf,client,payoff,total
train_month_sac_gen_I_u_193,-62.465496141702886,4306.918592,422.3108412815719,3947.073246860131
