name,transf,client,payoff,total
val_month_sac_gen_J_x_100,724.4186947435804,1488.30912,159.56135988924024,604.3290653671793
