name,transf,client,payoff,total
test_month_sac_gen_I_b_428,691.9334875811365,1468.334912,149.17516390639216,627.2262605124713
