name,transf,client,payoff,total
val_month_sac_gen_J_h_209,669.8013596064933,1488.30912,159.56135988924024,658.9464005042664
