name,transf,client,payoff,total
test_month_sac_gen_f_37,716.5760596638502,1488.30912,159.56135988924024,612.1717004469094
