name,transf,client,payoff,total
train_month_sac_gen_I_f_128,2136.4223828111344,4306.918592,421.11038371791597,1749.3858254709496
