name,transf,client,payoff,total,sessions
test_6month_sac_pred_noise_2e_152,5096.374284020437,9929.387430399998,897.4875555656347,3935.525590813927,df_elaad_preproc_l6months.csv
