name,transf,client,payoff,total
test_month_sac_gen_J_h_214,744.6601623760364,1468.334912,149.17516390639216,574.4995857175714
