name,transf,client,payoff,total,sessions
test_6month_sac_pred_noise_1c_119,3594.0926569552103,9929.387430399998,893.2217503396156,5442.073023105172,df_elaad_preproc_l6months.csv
