name,transf,client,payoff,total
train_month_sac_gen_J_j_199,1873.9213759373479,4306.918592,422.3108412815719,2010.6863747810803
