name,transf,client,payoff,total,sessions
test_6month_sac_pred_noise_3e_193,5275.693495907421,9929.387430399998,889.2877424740021,3764.4061920185754,df_elaad_preproc_l6months.csv
