name,transf,client,payoff,total
train_month_sac_gen_G_b_94,542.5313196553553,1349.0472576000002,119.9206137155782,686.5953242290667
