name,transf,client,payoff,total
train_month_sac_gen_J_f_429,1985.1741896258354,4306.918592,422.3108412815719,1899.4335610925928
