name,transf,client,payoff,total
val_month_sac_gen_J_k_19,662.6785978495486,1488.30912,159.56135988924024,666.069162261211
