name,transf,client,payoff,total,sessions
test_6month_sac_pred_noise_5e_165,5250.999451823844,9929.387430399998,881.6875054342313,3796.7004731419233,df_elaad_preproc_l6months.csv
