name,transf,client,payoff,total
test_month_sac_gen_I_u_345,668.689311196892,1468.334912,149.17516390639216,650.4704368967158
