name,transf,client,payoff,total
month_sac_IX_f,1701.1455665284875,1469.5622144,139.21488503228764,-370.7982371607752
