name,transf,client,payoff,total
train_month_sac_gen_I_i_479,2062.129650989191,4306.918592,422.3108412815719,1822.4780997292373
