name,transf,client,payoff,total
train_month_sac_gen_J_k_323,1776.9853166877028,4306.918592,422.3108412815719,2107.6224340307253
