name,transf,client,payoff,total
test_month_sac_gen_I_v_457,690.5533390387806,1468.334912,149.17516390639216,628.6064090548273
