name,transf,client,payoff,total
val_month_sac_gen_I_d_50,667.8265564992712,1488.30912,159.56135988924024,660.9212036114884
