name,transf,client,payoff,total,sessions
test_6month_sac_pred_noise_4c_156,3636.867988719304,9929.387430399998,891.2211003728393,5401.2983413078555,df_elaad_preproc_l6months.csv
