name,transf,client,payoff,total
train_month_sac_gen_J_r_419,1996.774200627869,4306.918592,422.3108412815719,1887.8335500905591
