name,transf,client,payoff,total
train_month_sac_gen_J_t_158,2069.5797986933076,4306.918592,417.9096673275943,1819.429125979098
