name,transf,client,payoff,total
val_month_sac_gen_I_k_298,645.9373342562267,1488.30912,159.56135988924024,682.8104258545329
