name,transf,client,payoff,total
train_month_sac_gen_I_x_366,-7445.072725033694,4306.918592,419.6437537321416,11332.347563301553
