name,transf,client,payoff,total
test_month_sac_gen_J_l_443,645.2422604730034,1468.334912,149.17516390639216,673.9174876206044
