name,transf,client,payoff,total
val_month_sac_gen_J_f_166,652.8889554345985,1488.30912,159.56135988924024,675.8588046761611
