name,transf,client,payoff,total
val_month_sac_gen_I_f_118,674.1207911752203,1488.30912,158.8282254603323,655.3601033644472
