name,transf,client,payoff,total
train_month_sac_gen_J_k_248,1808.365244347124,4306.918592,422.3108412815719,2076.2425063713044
