name,transf,client,payoff,total,sessions
test_6month_sac_gen_2m_171,2982.0192512065328,9929.387430399998,886.8210602299855,6060.547118963479,df_elaad_preproc_l6months.csv
