name,transf,client,payoff,total
train_month_sac_gen_I_d_442,1962.6614802045126,4306.918592,422.3108412815719,1921.9462705139158
