name,transf,client,payoff,total
test_month_sac_gen_J_m_462,651.5452249236746,1468.334912,149.17516390639216,667.6145231699332
