name,transf,client,payoff,total
val_month_sac_gen_J_o_410,645.674417575188,1488.30912,159.56135988924024,683.0733425355716
