name,transf,client,payoff,total
test_month_sac_gen_J_g_337,677.4394311494659,1468.334912,149.17516390639216,641.7203169441419
