name,transf,client,payoff,total,sessions
test_6month_sac_gen_g_287,2918.537022413162,9929.387430399998,886.8210602299855,6124.02934775685,df_elaad_preproc_l6months.csv
