name,transf,client,payoff,total,sessions
test_6month_sac_pred_noise_3e_38,5253.722877941533,9929.387430399998,889.2877424740021,3786.3768099844633,df_elaad_preproc_l6months.csv
