name,transf,client,payoff,total
train_month_sac_gen_I_q_47,2409.2966721154035,4306.918592,422.3108412815719,1475.3110786030247
