name,transf,client,payoff,total
val_month_sac_gen_I_h_61,668.9944983623355,1488.30912,159.56135988924024,659.7532617484242
