name,transf,client,payoff,total
train_month_sac_gen_J_f_45,2152.2815943192145,4306.918592,422.3108412815719,1732.3261563992137
