name,transf,client,payoff,total
test_month_sac_gen_a_16,786.0527800130466,1488.30912,159.56135988924024,542.6949800977131
