name,transf,client,payoff,total
test_month_sac_gen_I_m_138,687.4973705722138,1468.334912,149.17516390639216,631.6623775213941
