name,transf,client,payoff,total
test_month_sac_gen_J_l_71,735.8677540482433,1468.334912,149.17516390639216,583.2919940453645
