name,transf,client,payoff,total
val_month_sac_gen_G_b_185,630.146213358584,1488.30912,159.09496226131247,699.0679443801034
