name,transf,client,payoff,total
train_month_sac_gen_J_u_407,1845.2623537392408,4306.918592,421.37712002516685,2040.2791182355923
