name,transf,client,payoff,total
val_month_sac_gen_G_a_223,622.9230368023555,1488.30912,155.96206259448996,709.4240206031545
