name,transf,client,payoff,total
val_month_sac_gen_J_s_424,532.5810642513852,1488.30912,155.96206259448996,799.7659931541248
