name,transf,client,payoff,total
val_month_sac_gen_J_g_376,642.2203841401002,1488.30912,159.56135988924024,686.5273759706595
