name,transf,client,payoff,total
test_month_sac_gen_I_j_376,708.962821146858,1468.334912,149.17516390639216,610.1969269467498
