name,transf,client,payoff,total
val_month_sac_gen_J_l_28,702.4791180114511,1488.30912,159.56135988924024,626.2686420993086
