name,transf,client,payoff,total,sessions
test_6month_sac_pred_noise_5a_297,3005.682021963494,9929.387430399998,881.6875054342313,6042.017903002274,df_elaad_preproc_l6months.csv
