name,transf,client,payoff,total
test_month_sac_gen_b_24,743.0977113447125,1488.30912,159.56135988924024,585.6500487660471
