name,transf,client,payoff,total
train_month_sac_gen_J_x_141,627.9478370708669,1349.0472576000002,120.52077346518433,600.578647063949
