name,transf,client,payoff,total
test_month_sac_c_737,1021.5119519534715,1469.5622144,135.21440678133106,312.8358556651974
