name,transf,client,payoff,total,sessions
test_6month_sac_gen_3l_226,2771.0930575659418,9929.387430399998,886.8210602299855,6271.47331260407,df_elaad_preproc_l6months.csv
