name,transf,client,payoff,total
val_month_sac_gen_J_u_309,545.8743267989689,1488.30912,155.96206259448996,786.4727306065411
