name,transf,client,payoff,total
test_month_sac_gen_I_r_99,654.0305221670695,1468.334912,149.17516390639216,665.1292259265383
