name,transf,client,payoff,total
val_month_sac_gen_J_s_412,533.6094720607664,1488.30912,155.96206259448996,798.7375853447436
