name,transf,client,payoff,total,sessions
test_6month_sac_pred_noise_2a_107,2846.5050072282006,9929.387430399998,897.4875555656347,6185.394867606163,df_elaad_preproc_l6months.csv
