name,transf,client,payoff,total
test_month_sac_gen_G_a_273,620.4017053489478,1468.334912,148.50825484764397,699.4249518034082
