name,transf,client,payoff,total
test_month_sac_c_20,1161.6636996749544,1469.5622144,135.21440678133106,172.68410794371445
