name,transf,client,payoff,total
val_month_sac_gen_I_a_126,668.5118840224958,1488.30912,159.56135988924024,660.2358760882639
