name,transf,client,payoff,total
test_month_sac_gen_J_w_221,593.9514949969154,1468.334912,148.50825484764397,725.8751621554406
