name,transf,client,payoff,total
train_month_sac_gen_I_u_37,268.71291567183124,4306.918592,422.3108412815719,3615.894835046597
