name,transf,client,payoff,total
test_month_sac_gen_I_d_153,672.5330982428769,1468.334912,149.17516390639216,646.6266498507309
