name,transf,client,payoff,total
test_month_sac_gen_J_c_193,701.1530293639735,1468.334912,149.17516390639216,618.0067187296344
