name,transf,client,payoff,total
val_month_sac_gen_I_b_50,669.4352719385665,1488.30912,159.56135988924024,659.3124881721931
