name,transf,client,payoff,total,sessions
test_6month_sac_pred_noise_5d_162,4539.015147825061,9929.387430399998,881.6875054342313,4508.6847771407065,df_elaad_preproc_l6months.csv
