name,transf,client,payoff,total
test_month_sac_gen_I_u_260,675.7129380091831,1468.334912,149.17516390639216,643.4468100844248
