name,transf,client,payoff,total
train_month_sac_gen_J_w_416,1848.7990203034676,4306.918592,419.7767686338127,2038.3428030627194
