name,transf,client,payoff,total,sessions
test_6month_sac_pred_noise_2a_78,2941.6503801503695,9929.387430399998,897.4875555656347,6090.249494683994,df_elaad_preproc_l6months.csv
