name,transf,client,payoff,total
val_month_sac_c_208,1872.2722969265583,2277.450960542104,145.3079860330326,259.8706775825131
