name,transf,client,payoff,total
train_month_sac_gen_I_q_254,2276.2257354292087,4306.918592,422.3108412815719,1608.3820152892195
