name,transf,client,payoff,total
val_month_sac_gen_I_d_243,633.2997161065745,1488.30912,159.56135988924024,695.4480440041852
