name,transf,client,payoff,total,sessions
test_6month_sac_pred_noise_5c_163,3545.4755706239403,9929.387430399998,881.6875054342313,5502.224354341826,df_elaad_preproc_l6months.csv
