name,transf,client,payoff,total
val_month_sac_gen_J_p_212,648.5801464540943,1488.30912,159.56135988924024,680.1676136566653
