name,transf,client,payoff,total
test_month_sac_gen_I_w_325,660.5725843907119,1468.334912,149.17516390639216,658.587163702896
