name,transf,client,payoff,total
train_month_sac_gen_I_c_42,2185.636943592619,4306.918592,422.3108412815719,1698.9708071258092
