name,transf,client,payoff,total
val_month_sac_gen_J_f_152,649.646693485462,1488.30912,159.56135988924024,679.1010666252976
