name,transf,client,payoff,total
val_month_sac_gen_I_a_427,638.8441058933797,1488.30912,159.56135988924024,689.9036542173799
