name,transf,client,payoff,total
val_month_sac_gen_J_n_219,614.4585564286516,1488.30912,159.56135988924024,714.2892036821081
