name,transf,client,payoff,total,sessions
test_6month_sac_pred_noise_4c_234,3586.4132272197985,9929.387430399998,891.2211003728393,5451.753102807361,df_elaad_preproc_l6months.csv
