name,transf,client,payoff,total,sessions
test_6month_sac_pred_noise_1e_116,5514.332480175319,9929.387430399998,893.2217503396156,3521.833199885064,df_elaad_preproc_l6months.csv
