name,transf,client,payoff,total
train_month_sac_gen_J_x_78,700.8426480781604,1488.30912,158.62811850635504,628.8383534154844
