name,transf,client,payoff,total
train_month_sac_gen_I_v_166,62.35309019627192,4306.918592,421.9769838386123,3822.5885179651154
