name,transf,client,payoff,total
month_sac_IX_g,1140.6082812113211,1469.5622144,135.947849272825,193.00608391585376
