name,transf,client,payoff,total
test_month_sac_gen_I_j_228,722.8510988839846,1468.334912,149.17516390639216,596.3086492096232
