name,transf,client,payoff,total,sessions
test_6month_sac_pred_noise_5b_22,3372.0392339528858,9929.387430399998,881.6875054342313,5675.660691012881,df_elaad_preproc_l6months.csv
