name,transf,client,payoff,total
train_month_sac_gen_I_r_462,1916.5557486163189,4306.918592,422.377403412746,1967.9854399709352
