name,transf,client,payoff,total
train_month_sac_gen_J_x_138,1006.9653999293432,1469.5622144,142.094741946743,320.5020725239137
