name,transf,client,payoff,total,sessions
test_6month_sac_gen_1m_82,3159.901318138964,9929.387430399998,893.2217503396156,5876.264361921419,df_elaad_preproc_l6months.csv
