name,transf,client,payoff,total
test_month_sac_gen_I_q_399,772.972605197655,1468.334912,149.17516390639216,546.1871428959529
