name,transf,client,payoff,total
val_month_sac_gen_I_g_377,790.3433997692754,1488.30912,159.56135988924024,538.4043603414843
