name,transf,client,payoff,total
train_month_sac_gen_I_h_201,2029.0237104735513,4306.918592,422.3108412815719,1855.5840402448766
