name,transf,client,payoff,total
val_month_sac_gen_I_g_241,816.2594542807517,1488.30912,159.56135988924024,512.4883058300079
