name,transf,client,payoff,total
train_month_sac_gen_I_l_191,2031.8290976275662,4306.918592,422.3108412815719,1852.778653090862
