name,transf,client,payoff,total
val_month_sac_gen_J_m_31,695.6046795361257,1488.30912,159.56135988924024,633.143080574634
