name,transf,client,payoff,total
train_month_sac_gen_J_r_183,2041.0585759623168,4306.918592,422.3108412815719,1843.5491747561114
