name,transf,client,payoff,total,sessions
test_6month_sac_pred_noise_3d_180,4503.388984313854,9929.387430399998,889.2877424740021,4536.710703612142,df_elaad_preproc_l6months.csv
