name,transf,client,payoff,total
train_month_sac_gen_J_o_261,2029.4919879765857,4306.918592,422.3108412815719,1855.1157627418424
