name,transf,client,payoff,total
train_month_sac_gen_I_d_228,1993.2656537190219,4306.918592,422.3108412815719,1891.3420969994063
