name,transf,client,payoff,total
test_month_sac_gen_J_e_282,684.9887023808124,1468.334912,149.17516390639216,634.1710457127955
