name,transf,client,payoff,total
test_month_sac_gen_d_43,939.8761451576532,1488.30912,159.56135988924024,388.8716149531064
