name,transf,client,payoff,total
train_month_sac_gen_J_y_59,679.5452282183709,1488.30912,160.82828750663555,647.9356042749935
