name,transf,client,payoff,total
train_month_sac_gen_I_y_205,-12.575607410760142,4306.918592,419.37702845510245,3900.117170955658
