name,transf,client,payoff,total
val_month_sac_gen_J_p_79,670.413887476269,1488.30912,159.56135988924024,658.3338726344907
