name,transf,client,payoff,total
val_month_sac_gen_I_d_289,633.6990186703886,1488.30912,159.56135988924024,695.048741440371
