name,transf,client,payoff,total,sessions
test_6month_sac_gen_4m_174,3010.6396769795547,9929.387430399998,886.8210602299855,6031.9266931904585,df_elaad_preproc_l6months.csv
