name,transf,client,payoff,total
val_month_sac_gen_I_p_182,709.5119596853514,1488.30912,159.56135988924024,619.2358004254083
