name,transf,client,payoff,total,sessions
test_6month_sac_pred_noise_1e_74,5304.763348121557,9929.387430399998,893.2217503396156,3731.4023319388257,df_elaad_preproc_l6months.csv
