name,transf,client,payoff,total
train_month_sac_gen_J_d_172,2067.1100442238344,4306.918592,422.3108412815719,1817.4977064945938
