name,transf,client,payoff,total,sessions
test_6month_sac_gen_c_147,2963.745994691928,9929.387430399998,886.8210602299855,6078.820375478084,df_elaad_preproc_l6months.csv
