name,transf,client,payoff,total
train_month_sac_gen_J_w_337,1876.502010550421,4306.918592,418.4439391846329,2011.9726422649462
