name,transf,client,payoff,total,sessions
test_6month_sac_gen_e_41,3174.6261145844464,9929.387430399998,886.8210602299855,5867.940255585567,df_elaad_preproc_l6months.csv
