name,transf,client,payoff,total
test_month_sac_gen_J_d_259,711.2753041891357,1468.334912,149.17516390639216,607.8844439044722
