name,transf,client,payoff,total
train_month_sac_gen_I_z_474,271.11297482628197,4306.918592,419.2436818404789,3616.561935333239
