name,transf,client,payoff,total
test_month_sac_gen_c_36,704.1356157578776,1488.30912,159.56135988924024,624.6121443528821
