name,transf,client,payoff,total
train_month_sac_gen_J_y_26,717.9408876435019,1488.30912,158.96205974341703,611.4061726130809
