name,transf,client,payoff,total
train_month_sac_gen_I_x_148,-7158.544994476369,4306.918592,426.1107377530932,11039.352848723276
