name,transf,client,payoff,total
test_month_sac_gen_I_n_216,657.5510323713231,1468.334912,149.17516390639216,661.6087157222847
