name,transf,client,payoff,total
train_month_sac_gen_I_m_473,1981.371874651123,4306.918592,422.3108412815719,1903.235876067305
