name,transf,client,payoff,total
val_month_sac_gen_I_a_380,643.2362358761277,1488.30912,159.56135988924024,685.5115242346319
