name,transf,client,payoff,total
test_month_sac_gen_J_v_448,614.9639680884601,1468.334912,148.50825484764397,704.8626890638959
