name,transf,client,payoff,total
test_month_sac_gen_I_f_52,774.378526549023,1468.334912,147.8419170286109,546.1144684223661
