name,transf,client,payoff,total,sessions
test_6month_sac_gen_g_244,2894.6057831452363,9929.387430399998,886.8210602299855,6147.960587024776,df_elaad_preproc_l6months.csv
