name,transf,client,payoff,total
train_month_sac_gen_J_t_19,2296.9441645520055,4306.918592,417.9096673275943,1592.0647601204
