name,transf,client,payoff,total
val_month_sac_gen_I_g_129,770.4688763183611,1488.30912,159.56135988924024,558.2788837923986
