name,transf,client,payoff,total
val_month_sac_gen_I_q_274,737.9470326841415,1488.30912,159.56135988924024,590.8007274266181
