name,transf,client,payoff,total
val_month_sac_gen_I_l_304,643.2801251365507,1488.30912,159.56135988924024,685.467634974209
