name,transf,client,payoff,total
val_month_sac_c_421,1832.9090851336605,2277.450960542104,145.3079860330326,299.2338893754109
