name,transf,client,payoff,total
val_month_sac_gen_I_c_183,655.0338363614455,1488.30912,159.56135988924024,673.7139237493141
