name,transf,client,payoff,total
train_month_sac_gen_J_r_470,2007.7626870465167,4306.918592,422.3108412815719,1876.8450636719117
