name,transf,client,payoff,total
test_month_sac_gen_J_a_150,700.5214575280805,1468.334912,149.17516390639216,618.6382905655273
