name,transf,client,payoff,total
test_month_sac_gen_J_s_111,591.1337838725871,1468.334912,148.50825484764397,728.692873279769
