name,transf,client,payoff,total,sessions
test_6month_sac_pred_noise_3e_264,5343.102993571783,9929.387430399998,889.2877424740021,3696.9966943542127,df_elaad_preproc_l6months.csv
