name,transf,client,payoff,total
test_month_sac_gen_J_i_18,856.8274008891876,1468.334912,149.17516390639216,462.3323472044202
