name,transf,client,payoff,total
train_month_sac_gen_I_d_170,2002.7382250635094,4306.918592,422.3108412815719,1881.869525654919
