name,transf,client,payoff,total
val_month_sac_gen_I_c_450,631.4111843548478,1488.30912,159.56135988924024,697.3365757559118
