name,transf,client,payoff,total
test_month_sac_gen_J_k_406,613.1496291701169,1468.334912,149.17516390639216,706.010118923491
