name,transf,client,payoff,total
val_month_sac_gen_a_55,732.8022443670593,1349.0472576000002,118.32161810264896,497.92339513029196
