name,transf,client,payoff,total
val_month_sac_gen_J_k_285,569.9411317848147,1488.30912,159.56135988924024,758.806628325945
