name,transf,client,payoff,total,sessions
test_6month_sac_pred_noise_4c_94,3580.7812799922576,9929.387430399998,891.2211003728393,5457.385050034902,df_elaad_preproc_l6months.csv
