name,transf,client,payoff,total
month_sac_IX_c,931.8283301861346,1469.5622144,135.68094763051943,402.05293658334585
