name,transf,client,payoff,total
train_month_sac_gen_J_c_431,2031.2075056061788,4306.918592,422.3108412815719,1853.4002451122496
