name,transf,client,payoff,total
test_month_sac_gen_I_e_78,655.7424986011246,1468.334912,148.50825484764397,664.0841585512314
