name,transf,client,payoff,total
val_month_sac_gen_I_o_11,762.2079826444966,1488.30912,159.56135988924024,566.5397774662631
