name,transf,client,payoff,total
month_sac_IX_b,1042.9116352564693,1469.5622144,141.34775104317254,285.3028281003581
