name,transf,client,payoff,total
test_month_sac_gen_I_g_329,816.6945352459577,1468.334912,149.17516390639216,502.46521284765015
