name,transf,client,payoff,total
test_sac_c_51,7681.244006093106,18301.238246399997,1736.5228628156017,8883.471377491289
