name,transf,client,payoff,total,sessions
test_6month_sac_gen_3m_107,2974.9322369204265,9929.387430399998,889.2877424740021,6065.16745100557,df_elaad_preproc_l6months.csv
