name,transf,client,payoff,total
test_month_sac_gen_I_i_462,714.9952344806845,1468.334912,149.17516390639216,604.1645136129233
