name,transf,client,payoff,total,sessions
test_6month_sac_gen_4m_171,2813.7398365541408,9929.387430399998,891.2211003728393,6224.426493473018,df_elaad_preproc_l6months.csv
