name,transf,client,payoff,total
test_month_sac_gen_J_n_462,638.7022090414109,1468.334912,149.17516390639216,680.4575390521969
