name,transf,client,payoff,total
train_month_sac_gen_I_b_178,1994.017664111414,4306.918592,422.3108412815719,1890.5900866070142
