name,transf,client,payoff,total,sessions
6month_sac_disagg_2c_PF,3636.617258102358,9929.387430399998,897.4875555656347,5395.282616732005,df_elaad_preproc_l6months.csv
