name,transf,client,payoff,total,sessions
test_6month_sac_gen_1m_38,3505.376257854627,9929.387430399998,886.8210602299855,5537.190112315386,df_elaad_preproc_l6months.csv
