name,transf,client,payoff,total,sessions
test_6month_sac_pred_noise_5b_245,3168.106578268861,9929.387430399998,881.6875054342313,5879.593346696905,df_elaad_preproc_l6months.csv
