name,transf,client,payoff,total
train_month_sac_gen_J_t_441,2005.3789751680235,4306.918592,417.9096673275943,1883.6299495043822
