name,transf,client,payoff,total
train_month_sac_gen_I_n_495,1912.3465513149827,4306.918592,422.3108412815719,1972.2611994034455
