name,transf,client,payoff,total
test_month_sac_gen_I_u_58,715.9679639147606,1468.334912,149.17516390639216,603.1917841788472
