name,transf,client,payoff,total
train_month_sac_gen_J_o_49,2192.700123614867,4306.918592,422.3108412815719,1691.907627103561
