name,transf,client,payoff,total
val_month_sac_gen_J_i_436,637.0550038185095,1488.30912,159.56135988924024,691.6927562922501
