name,transf,client,payoff,total
test_month_sac_gen_I_q_462,777.144275962915,1468.334912,149.17516390639216,542.0154721306928
