name,transf,client,payoff,total,sessions
test_6month_sac_gen_k_251,2880.983087871102,9929.387430399998,886.8210602299855,6161.5832822989105,df_elaad_preproc_l6months.csv
