name,transf,client,payoff,total
train_month_sac_gen_I_l_380,2015.9026769162147,4306.918592,422.3108412815719,1868.7050738022135
