name,transf,client,payoff,total,sessions
test_6month_sac_gen_1l_184,2796.589758174403,9929.387430399998,886.8210602299855,6245.976611995609,df_elaad_preproc_l6months.csv
