name,transf,client,payoff,total
test_month_sac_gen_J_u_289,602.0498134056677,1468.334912,148.50825484764397,717.7768437466884
