name,transf,client,payoff,total
train_month_sac_gen_I_n_445,1877.8540491812237,4306.918592,422.3108412815719,2006.7537015372045
