name,transf,client,payoff,total
train_month_sac_gen_J_c_359,2045.7367681999306,4306.918592,422.3108412815719,1838.8709825184978
