name,transf,client,payoff,total
test_month_sac_gen_J_t_402,634.4889315339935,1468.334912,148.50825484764397,685.3377256183626
