name,transf,client,payoff,total
val_month_sac_gen_J_o_114,666.5476282436045,1488.30912,159.56135988924024,662.200131867155
