name,transf,client,payoff,total
test_month_sac_gen_J_s_396,565.7368044082036,1468.334912,148.50825484764397,754.0898527441525
