name,transf,client,payoff,total
train_month_sac_gen_I_b_155,2008.6972885511302,4306.918592,422.3108412815719,1875.9104621672977
