name,transf,client,payoff,total
test_month_sac_gen_I_i_178,725.2571281177107,1468.334912,149.17516390639216,593.9026199758971
