name,transf,client,payoff,total
val_month_sac_gen_I_t_158,705.4770192183556,1488.30912,159.56135988924024,623.2707408924041
