name,transf,client,payoff,total
val_month_sac_gen_J_f_63,675.2387029023959,1488.30912,159.56135988924024,653.5090572083639
