name,transf,client,payoff,total
val_month_sac_gen_I_c_106,668.8105356768845,1488.30912,159.56135988924024,659.9372244338751
