name,transf,client,payoff,total
train_month_sac_gen_I_u_392,-128.57264044576297,4306.918592,422.3108412815719,4013.180391164191
