name,transf,client,payoff,total,sessions
test_6month_sac_gen_1n_49,3137.7331585057473,9929.387430399998,886.8210602299855,5904.833211664265,df_elaad_preproc_l6months.csv
