name,transf,client,payoff,total,sessions
test_6month_sac_gen_3l_56,2936.7643112087835,9929.387430399998,886.8210602299855,6105.80205896123,df_elaad_preproc_l6months.csv
