name,transf,client,payoff,total
test_month_sac_gen_J_i_185,757.358344802015,1468.334912,149.17516390639216,561.8014032915928
