name,transf,client,payoff,total
val_month_sac_gen_G_a_73,649.7685242165643,1488.30912,155.96206259448996,682.5785331889456
