name,transf,client,payoff,total
test_month_sac_gen_J_e_174,684.2291387613504,1468.334912,149.17516390639216,634.9306093322574
