name,transf,client,payoff,total
test_month_sac_c_6,1858.933139337783,2289.492687923877,157.2012507240518,273.35829786204226
