name,transf,client,payoff,total
train_month_sac_gen_I_c_316,2058.556155716588,4306.918592,422.3108412815719,1826.0515950018403
