name,transf,client,payoff,total
val_month_sac_gen_I_n_195,606.7034777052394,1488.30912,159.56135988924024,722.0442824055203
