name,transf,client,payoff,total,sessions
test_6month_sac_gen_j_133,2949.1998672084273,9929.387430399998,886.8210602299855,6093.366502961586,df_elaad_preproc_l6months.csv
