name,transf,client,payoff,total,sessions
test_6month_sac_gen_1m_40,3173.482501885464,9929.387430399998,886.8210602299855,5869.083868284548,df_elaad_preproc_l6months.csv
