name,transf,client,payoff,total
train_month_sac_gen_J_m_253,1832.3903891800926,4306.918592,422.3108412815719,2052.2173615383354
