name,transf,client,payoff,total
val_month_sac_gen_I_s_353,650.2101098785122,1488.30912,159.56135988924024,678.5376502322474
