name,transf,client,payoff,total,sessions
test_6month_sac_pred_noise_4c_267,3556.5384709950436,9929.387430399998,891.2211003728393,5481.627859032116,df_elaad_preproc_l6months.csv
