name,transf,client,payoff,total
train_month_sac_gen_J_q_323,2018.0213418131486,4306.918592,422.3108412815719,1866.5864089052793
