name,transf,client,payoff,total,sessions
test_6month_sac_pred_noise_5c_179,3520.4654398359485,9929.387430399998,881.6875054342313,5527.2344851298185,df_elaad_preproc_l6months.csv
