name,transf,client,payoff,total
train_month_sac_gen_J_b_368,1999.8396935539768,4306.918592,422.3108412815719,1884.7680571644514
