name,transf,client,payoff,total
val_month_sac_gen_J_f_211,644.5012435156051,1488.30912,159.56135988924024,684.2465165951546
