name,transf,client,payoff,total
test_month_sac_gen_J_s_209,582.9101370011139,1468.334912,148.50825484764397,736.9165201512421
