name,transf,client,payoff,total
val_month_sac_gen_I_s_433,644.7466223179516,1488.30912,159.56135988924024,684.0011377928081
