name,transf,client,payoff,total
month_sac_IX_b,1095.40944250871,1469.5622144,132.147595022709,242.00517686858083
