name,transf,client,payoff,total
test_month_sac_gen_I_n_12,729.5853276597459,1468.334912,149.17516390639216,589.574420433862
