name,transf,client,payoff,total
train_sac_c_17,64959.022232759366,149467.68812980913,8931.975524612415,75576.69037243736
