name,transf,client,payoff,total
val_month_sac_gen_I_u_367,649.3815960731534,1488.30912,159.56135988924024,679.3661640376063
