name,transf,client,payoff,total
val_sac_b_c_17,14474.941850128258,30125.305835959498,1762.9897063291792,13887.37427950206
