name,transf,client,payoff,total,sessions
test_6month_sac_pred_noise_5a_157,2886.128622763398,9929.387430399998,881.6875054342313,6161.571302202368,df_elaad_preproc_l6months.csv
