name,transf,client,payoff,total
test_month_sac_gen_I_k_269,691.0948178181873,1468.334912,149.17516390639216,628.0649302754206
