name,transf,client,payoff,total
val_month_sac_gen_I_y_349,652.3091518310654,1488.30912,159.56135988924024,676.4386082796943
