name,transf,client,payoff,total
val_month_sac_gen_I_j_300,654.8538559857371,1488.30912,159.56135988924024,673.8939041250226
