name,transf,client,payoff,total
val_month_sac_gen_J_e_228,654.0197186309799,1488.30912,159.56135988924024,674.7280414797797
