name,transf,client,payoff,total
train_month_sac_gen_J_z_152,932.0208883958952,1469.5622144,143.49474329048329,394.04658271362143
