name,transf,client,payoff,total
train_month_sac_gen_I_f_59,2221.3178492457023,4306.918592,421.11038371791597,1664.4903590363817
