name,transf,client,payoff,total
test_month_sac_gen_J_o_281,693.3250227504186,1468.334912,149.17516390639216,625.8347253431892
