name,transf,client,payoff,total
test_month_sac_gen_I_n_2,882.707454165894,1468.334912,149.17516390639216,436.45229392771387
