name,transf,client,payoff,total,sessions
6month_sac_disagg_4b_ML,3386.238592181614,9929.387430399998,891.2211003728393,5651.927737845545,df_elaad_preproc_l6months.csv
