name,transf,client,payoff,total
test_month_sac_gen_I_h_388,695.9161785915023,1468.334912,149.17516390639216,623.2435695021055
