name,transf,client,payoff,total,sessions
test_6month_sac_pred_noise_1c_178,3485.7806715416305,9929.387430399998,893.2217503396156,5550.385008518752,df_elaad_preproc_l6months.csv
