name,transf,client,payoff,total
train_month_sac_gen_I_v_84,72.10353270914123,4306.918592,416.2431547704197,3818.571904520439
