name,transf,client,payoff,total
val_month_sac_gen_I_d_108,653.3337515103062,1488.30912,159.56135988924024,675.4140086004534
