name,transf,client,payoff,total
test_month_sac_gen_J_p_77,674.6718532971845,1468.334912,149.17516390639216,644.4878947964233
