name,transf,client,payoff,total,sessions
test_6month_sac_pred_noise_1d_298,4602.505396679378,9929.387430399998,893.2217503396156,4433.660283381005,df_elaad_preproc_l6months.csv
