name,transf,client,payoff,total
train_month_sac_gen_I_n_468,1893.4441914543008,4306.918592,422.3108412815719,1991.1635592641273
