name,transf,client,payoff,total
train_month_sac_gen_J_i_100,2064.923498744396,4306.918592,422.3108412815719,1819.6842519740321
