name,transf,client,payoff,total,sessions
test_6month_sac_gen_d_29,3352.8289340518713,9929.387430399998,886.8210602299855,5689.737436118141,df_elaad_preproc_l6months.csv
