name,transf,client,payoff,total
test_month_sac_gen_J_j_252,640.7777324327568,1468.334912,149.17516390639216,678.382015660851
