name,transf,client,payoff,total
test_month_sac_gen_I_z_467,718.0121301979955,1468.334912,149.17516390639216,601.1476178956124
