name,transf,client,payoff,total,sessions
test_6month_sac_gen_1m_17,3371.6453965458886,9929.387430399998,886.8210602299855,5670.920973624125,df_elaad_preproc_l6months.csv
