name,transf,client,payoff,total
train_month_sac_c_374,1052.5246311013875,2289.492687923877,157.2012507240518,1079.7668060984377
