name,transf,client,payoff,total,sessions
test_6month_sac_pred_noise_1a_215,2958.9021919815486,9929.387430399998,893.2217503396156,6077.263488078834,df_elaad_preproc_l6months.csv
