name,transf,client,payoff,total
val_month_sac_gen_J_q_1,788.7573115414843,1488.30912,159.56135988924024,539.9904485692753
