name,transf,client,payoff,total,sessions
test_6month_sac_pred_noise_4b_291,3141.8449497572865,9929.387430399998,891.2211003728393,5896.321380269873,df_elaad_preproc_l6months.csv
