name,transf,client,payoff,total
train_month_sac_gen_J_a_35,2202.697773900808,4306.918592,422.3108412815719,1681.9099768176202
