name,transf,client,payoff,total
val_month_sac_gen_J_b_264,644.2548914902494,1488.30912,159.56135988924024,684.4928686205103
