name,transf,client,payoff,total
val_month_sac_gen_J_a_14,747.3236743848167,1488.30912,159.56135988924024,581.4240857259429
