name,transf,client,payoff,total
val_month_sac_gen_f_19,681.3251774038442,1349.0472576000002,118.32161810264896,549.400462093507
