name,transf,client,payoff,total
val_month_sac_gen_I_u_249,654.3793644223252,1488.30912,159.56135988924024,674.3683956884345
