name,transf,client,payoff,total
val_month_sac_gen_J_r_108,652.1283524294236,1488.30912,159.56135988924024,676.619407681336
