name,transf,client,payoff,total,sessions
test_6month_sac_pred_noise_3d_168,4544.635639696639,9929.387430399998,889.2877424740021,4495.464048229357,df_elaad_preproc_l6months.csv
