name,transf,client,payoff,total
test_month_sac_gen_J_f_202,670.8589556316216,1468.334912,149.17516390639216,648.3007924619862
