name,transf,client,payoff,total
test_month_sac_gen_J_k_393,616.5622794076138,1468.334912,149.17516390639216,702.597468685994
