name,transf,client,payoff,total
train_month_sac_gen_J_a_114,2065.352454754471,4306.918592,422.3108412815719,1819.255295963957
