name,transf,client,payoff,total
test_month_sac_gen_G_b_158,651.6992121090802,1468.334912,148.64140204911905,667.9942978418007
