name,transf,client,payoff,total,sessions
test_6month_sac_gen_2l_170,2895.272443032069,9929.387430399998,886.8210602299855,6147.293927137944,df_elaad_preproc_l6months.csv
