name,transf,client,payoff,total
train_month_sac_gen_d_32,1318.504361905654,1469.5622144,139.62799089068398,11.429861603662005
