name,transf,client,payoff,total
test_month_sac_gen_J_d_75,731.7514672990862,1468.334912,149.17516390639216,587.4082807945216
