name,transf,client,payoff,total,sessions
test_6month_sac_pred_noise_1a_225,2876.4418962803966,9929.387430399998,893.2217503396156,6159.723783779986,df_elaad_preproc_l6months.csv
