name,transf,client,payoff,total,sessions
test_6month_sac_gen_5m_5,5339.671978239857,9929.387430399998,886.8210602299855,3702.894391930156,df_elaad_preproc_l6months.csv
