name,transf,client,payoff,total,sessions
test_6month_sac_gen_k_67,3141.79828229684,9929.387430399998,886.8210602299855,5900.768087873172,df_elaad_preproc_l6months.csv
