name,transf,client,payoff,total
test_month_sac_gen_J_o_75,705.0509472199215,1468.334912,149.17516390639216,614.1088008736864
