name,transf,client,payoff,total,sessions
test_6month_sac_gen_1m_47,3109.26492255241,9929.387430399998,893.2217503396156,5926.900757507972,df_elaad_preproc_l6months.csv
