name,transf,client,payoff,total
test_month_sac_gen_J_r_139,692.8585602237229,1468.334912,149.17516390639216,626.301187869885
