name,transf,client,payoff,total
train_month_sac_gen_I_l_283,2026.0836037258186,4306.918592,422.3108412815719,1858.5241469926095
