name,transf,client,payoff,total
val_month_sac_gen_J_f_392,636.6663207330503,1488.30912,159.56135988924024,692.0814393777093
