name,transf,client,payoff,total
test_month_sac_gen_I_j_25,838.0305783451872,1468.334912,149.17516390639216,481.1291697484206
