name,transf,client,payoff,total,sessions
test_6month_sac_gen_e_173,2801.7836032725045,9929.387430399998,886.8210602299855,6240.782766897508,df_elaad_preproc_l6months.csv
