name,transf,client,payoff,total
train_month_sac_gen_J_j_250,1852.2598159375143,4306.918592,422.3108412815719,2032.3479347809139
