name,transf,client,payoff,total
train_month_sac_gen_I_c_435,2048.7676763115865,4306.918592,422.3108412815719,1835.8400744068417
