name,transf,client,payoff,total
test_month_sac_gen_J_m_254,681.6360018905846,1468.334912,149.17516390639216,637.5237462030233
