name,transf,client,payoff,total
train_month_sac_gen_J_l_425,1804.7983295145777,4306.918592,422.3108412815719,2079.8094212038504
