name,transf,client,payoff,total
test_month_sac_gen_I_m_321,666.8974454707767,1468.334912,149.17516390639216,652.2623026228312
