name,transf,client,payoff,total,sessions
test_6month_sac_pred_noise_1a_180,2939.676356256265,9929.387430399998,893.2217503396156,6096.489323804118,df_elaad_preproc_l6months.csv
