name,transf,client,payoff,total,sessions
test_6month_sac_gen_4l_188,2826.4265046798905,9929.387430399998,886.8210602299855,6216.139865490122,df_elaad_preproc_l6months.csv
