name,transf,client,payoff,total,sessions
test_6month_sac_gen_j_17,3546.629730057395,9929.387430399998,886.8210602299855,5495.936640112617,df_elaad_preproc_l6months.csv
