name,transf,client,payoff,total
test_month_sac_gen_J_c_200,703.5920085287748,1468.334912,149.17516390639216,615.567739564833
