name,transf,client,payoff,total
train_month_sac_gen_I_y_52,194.35477695649232,4306.918592,421.2431073465141,3691.320707696994
