name,transf,client,payoff,total
test_month_sac_gen_I_k_122,720.6193879838011,1468.334912,149.17516390639216,598.5403601098068
