name,transf,client,payoff,total,sessions
test_6month_sac_pred_noise_4c_52,3676.5982570942233,9929.387430399998,891.2211003728393,5361.568072932936,df_elaad_preproc_l6months.csv
