name,transf,client,payoff,total
train_month_sac_gen_I_u_82,45.86504652524246,4306.918592,422.3108412815719,3838.742704193186
