name,transf,client,payoff,total,sessions
test_6month_sac_pred_noise_4b_112,3242.2858032964928,9929.387430399998,891.2211003728393,5795.880526730667,df_elaad_preproc_l6months.csv
