name,transf,client,payoff,total
train_month_sac_gen_I_b_242,1987.9819782689815,4306.918592,422.3108412815719,1896.6257724494467
