name,transf,client,payoff,total
test_month_sac_gen_I_m_212,684.4005525360453,1468.334912,149.17516390639216,634.7591955575625
