name,transf,client,payoff,total
val_month_sac_gen_I_d_46,672.363084463946,1488.30912,159.56135988924024,656.3846756468135
