name,transf,client,payoff,total,sessions
test_6month_sac_pred_noise_3c_281,3692.1394999634445,9929.387430399998,889.2877424740021,5347.960187962552,df_elaad_preproc_l6months.csv
