name,transf,client,payoff,total
val_month_sac_gen_I_g_39,745.0824173773559,1488.30912,159.56135988924024,583.6653427334038
