name,transf,client,payoff,total,sessions
test_6month_sac_pred_noise_4a_267,2997.7845435351887,9929.387430399998,891.2211003728393,6040.381786491971,df_elaad_preproc_l6months.csv
