name,transf,client,payoff,total
train_month_sac_gen_J_m_450,1778.6601531049096,4306.918592,422.3108412815719,2105.9475976135186
