name,transf,client,payoff,total
val_month_sac_gen_J_a_382,643.153167077196,1488.30912,159.56135988924024,685.5945930335636
