name,transf,client,payoff,total
train_month_sac_gen_J_n_405,1796.6319072230094,4306.918592,422.3108412815719,2087.9758434954188
