name,transf,client,payoff,total,sessions
test_6month_sac_gen_2m_157,2820.7897432372956,9929.387430399998,897.4875555656347,6211.110131597068,df_elaad_preproc_l6months.csv
