name,transf,client,payoff,total
train_month_sac_gen_J_q_109,2075.099867276805,4306.918592,422.3108412815719,1809.507883441623
