name,transf,client,payoff,total,sessions
test_6month_sac_gen_1m_130,3071.5961252613397,9929.387430399998,886.8210602299855,5970.970244908673,df_elaad_preproc_l6months.csv
