name,transf,client,payoff,total
month_sac_IX_h,1207.1992335780128,1469.5622144,137.54784447552746,124.81513634645964
