name,transf,client,payoff,total
train_month_sac_gen_J_j_67,2022.3458899500383,4306.918592,422.3108412815719,1862.2618607683899
