name,transf,client,payoff,total
val_month_sac_gen_I_l_267,643.3943103765863,1488.30912,159.56135988924024,685.3534497341734
