name,transf,client,payoff,total
val_month_sac_gen_I_k_275,644.1535632892574,1488.30912,159.56135988924024,684.5941968215022
