name,transf,client,payoff,total
train_month_sac_gen_I_k_294,2015.565928203011,4306.918592,422.3108412815719,1869.0418225154172
