name,transf,client,payoff,total
val_month_sac_gen_I_r_75,638.2980020959411,1488.30912,159.56135988924024,690.4497580148186
