name,transf,client,payoff,total
test_month_sac_gen_J_d_386,701.7017406438581,1468.334912,149.17516390639216,617.4580074497497
