name,transf,client,payoff,total,sessions
test_6month_sac_gen_2n_77,3168.597005019345,9929.387430399998,886.8210602299855,5873.969365150668,df_elaad_preproc_l6months.csv
