name,transf,client,payoff,total
test_month_sac_gen_I_j_58,783.4506918742741,1468.334912,149.17516390639216,535.7090562193338
