name,transf,client,payoff,total
test_month_sac_gen_I_x_67,760.0851237910473,1468.334912,149.17516390639216,559.0746243025606
