name,transf,client,payoff,total
test_month_sac_gen_J_o_334,687.69883086948,1468.334912,149.17516390639216,631.4609172241278
