name,transf,client,payoff,total
test_month_sac_gen_J_r_234,692.7520748467938,1468.334912,149.17516390639216,626.407673246814
