name,transf,client,payoff,total
val_month_sac_gen_J_o_294,654.7976688033729,1488.30912,159.56135988924024,673.9500913073869
