name,transf,client,payoff,total,sessions
test_6month_sac_pred_noise_3c_238,3592.4102259043816,9929.387430399998,889.2877424740021,5447.689462021615,df_elaad_preproc_l6months.csv
