name,transf,client,payoff,total
test_month_sac_gen_I_r_305,635.2360911569658,1468.334912,149.17516390639216,683.923656936642
