name,transf,client,payoff,total
train_month_sac_gen_I_g_244,2528.92448634462,4306.918592,422.3108412815719,1355.683264373808
