name,transf,client,payoff,total,sessions
test_6month_sac_pred_noise_4d_165,4589.671086780084,9929.387430399998,891.2211003728393,4448.495243247075,df_elaad_preproc_l6months.csv
