name,transf,client,payoff,total,sessions
test_6month_sac_gen_1l_16,3594.14403619683,9929.387430399998,886.8210602299855,5448.422333973183,df_elaad_preproc_l6months.csv
