name,transf,client,payoff,total
test_month_sac_gen_I_d_318,662.7844902884411,1468.334912,149.17516390639216,656.3752578051667
