name,transf,client,payoff,total
test_month_sac_gen_J_s_475,568.8188112405879,1468.334912,148.50825484764397,751.0078459117681
