name,transf,client,payoff,total
val_month_sac_gen_I_o_283,694.2594233870125,1488.30912,159.56135988924024,634.4883367237471
