name,transf,client,payoff,total
test_month_sac_gen_I_w_419,649.4046861905504,1468.334912,149.17516390639216,669.7550619030575
