name,transf,client,payoff,total
train_month_sac_gen_I_f_236,2094.270950748277,4306.918592,421.11038371791597,1791.5372575338072
