name,transf,client,payoff,total
train_month_sac_gen_I_n_172,1921.026574178393,4306.918592,422.3108412815719,1963.581176540035
