name,transf,client,payoff,total
val_month_sac_gen_J_v_163,615.1221790016582,1488.30912,155.96206259448996,717.2248784038518
