name,transf,client,payoff,total
train_month_sac_gen_I_a_368,2014.314062254874,4306.918592,422.3108412815719,1870.2936884635542
