name,transf,client,payoff,total,sessions
test_6month_sac_pred_noise_3b_12,3746.1270010163835,9929.387430399998,889.2877424740021,5293.972686909613,df_elaad_preproc_l6months.csv
