name,transf,client,payoff,total,sessions
test_6month_sac_gen_b_127,2946.4550863485497,9929.387430399998,886.8210602299855,6096.111283821463,df_elaad_preproc_l6months.csv
