name,transf,client,payoff,total
train_month_sac_gen_J_a_108,2080.8829389447333,4306.918592,422.3108412815719,1803.724811773695
