name,transf,client,payoff,total
val_month_sac_gen_I_c_74,686.5608026790941,1488.30912,159.56135988924024,642.1869574316656
