name,transf,client,payoff,total
test_month_sac_gen_I_a_382,698.3330380992825,1468.334912,149.17516390639216,620.8267099943254
