name,transf,client,payoff,total
train_month_sac_gen_J_v_236,2069.9303025858335,4306.918592,417.9096673275943,1819.078622086572
