name,transf,client,payoff,total,sessions
test_6month_sac_gen_1m_19,3610.432377004564,9929.387430399998,893.2217503396156,5425.733303055818,df_elaad_preproc_l6months.csv
