name,transf,client,payoff,total
train_month_sac_c_724,1028.4885953476542,2289.492687923877,157.2012507240518,1103.802841852171
