name,transf,client,payoff,total,sessions
test_6month_sac_pred_noise_5b_244,3214.8165846770544,9929.387430399998,881.6875054342313,5832.883340288712,df_elaad_preproc_l6months.csv
