name,transf,client,payoff,total,sessions
test_6month_sac_gen_1m_83,2927.803026505733,9929.387430399998,893.2217503396156,6108.362653554649,df_elaad_preproc_l6months.csv
