name,transf,client,payoff,total
train_month_sac_gen_J_n_281,1839.2735066396021,4306.918592,422.3108412815719,2045.334244078826
