name,transf,client,payoff,total
test_month_sac_gen_I_c_199,691.4326212698936,1468.334912,149.17516390639216,627.7271268237142
