name,transf,client,payoff,total
train_month_sac_c_793,1022.3082057752795,2289.492687923877,157.2012507240518,1109.9832314245457
