name,transf,client,payoff,total,sessions
test_6month_sac_gen_5l_207,2793.053728284677,9929.387430399998,886.8210602299855,6249.512641885336,df_elaad_preproc_l6months.csv
