name,transf,client,payoff,total
train_month_sac_gen_J_g_234,2036.9025888666981,4306.918592,422.3108412815719,1847.7051618517298
