name,transf,client,payoff,total
train_month_sac_gen_J_o_316,2020.542811438191,4306.918592,422.3108412815719,1864.064939280237
