name,transf,client,payoff,total,sessions
test_6month_sac_gen_2m_134,2839.5468495195055,9929.387430399998,897.4875555656347,6192.353025314858,df_elaad_preproc_l6months.csv
