name,transf,client,payoff,total
val_month_sac_gen_J_e_363,653.5332178295442,1488.30912,159.56135988924024,675.2145422812155
