name,transf,client,payoff,total
train_month_sac_gen_I_c_234,2094.6193830823586,4306.918592,422.3108412815719,1789.9883676360696
