name,transf,client,payoff,total,sessions
test_6month_sac_pred_noise_3b_191,3075.1497675219907,9929.387430399998,889.2877424740021,5964.949920404006,df_elaad_preproc_l6months.csv
