name,transf,client,payoff,total
train_month_sac_gen_I_c_141,2119.348560851562,4306.918592,422.3108412815719,1765.259189866866
