name,transf,client,payoff,total,sessions
test_6month_sac_gen_1n_162,2805.62262065342,9929.387430399998,886.8210602299855,6236.943749516593,df_elaad_preproc_l6months.csv
