name,transf,client,payoff,total
test_month_sac_c_545,1015.6508328090764,1469.5622144,135.21440678133106,318.69697480959246
