name,transf,client,payoff,total
test_month_sac_gen_I_v_338,684.0428238652535,1468.334912,149.17516390639216,635.1169242283544
