name,transf,client,payoff,total
test_month_sac_gen_I_b_429,691.0351994042559,1468.334912,149.17516390639216,628.124548689352
