name,transf,client,payoff,total
test_month_sac_gen_I_d_313,664.8980287679522,1468.334912,149.17516390639216,654.2617193256557
