name,transf,client,payoff,total,sessions
test_6month_sac_pred_noise_5e_174,5235.846928825707,9929.387430399998,881.6875054342313,3811.8529961400595,df_elaad_preproc_l6months.csv
