name,transf,client,payoff,total
test_month_sac_gen_I_l_349,691.458076583685,1468.334912,149.17516390639216,627.7016715099228
