name,transf,client,payoff,total
train_month_sac_gen_I_f_364,2080.3745965235585,4306.918592,421.11038371791597,1805.4336117585256
