name,transf,client,payoff,total,sessions
test_6month_sac_pred_noise_5a_174,2834.8559204423436,9929.387430399998,881.6875054342313,6212.844004523424,df_elaad_preproc_l6months.csv
