name,transf,client,payoff,total
train_month_sac_gen_I_g_381,2512.420768320045,4306.918592,422.3108412815719,1372.186982398383
