name,transf,client,payoff,total
test_month_sac_gen_I_u_350,672.072307543702,1468.334912,149.17516390639216,647.0874405499059
