name,transf,client,payoff,total
val_month_sac_gen_I_j_335,653.4329193129225,1488.30912,159.56135988924024,675.3148407978372
