name,transf,client,payoff,total,sessions
test_6month_sac_pred_noise_2c_125,3466.7215778327054,9929.387430399998,897.4875555656347,5565.178297001658,df_elaad_preproc_l6months.csv
