name,transf,client,payoff,total,sessions
test_6month_sac_pred_noise_4e_253,5082.710598965259,9929.387430399998,891.2211003728393,3955.4557310618998,df_elaad_preproc_l6months.csv
