name,transf,client,payoff,total
train_month_sac_b_30,1540.0062289621992,2289.492687923877,157.2012507240518,592.285208237626
