name,transf,client,payoff,total,sessions
test_6month_sac_pred_noise_1b_62,3193.6777711328086,9929.387430399998,893.2217503396156,5842.487908927574,df_elaad_preproc_l6months.csv
