name,transf,client,payoff,total,sessions
test_6month_sac_pred_noise_3a_85,2983.0664932621185,9929.387430399998,889.2877424740021,6057.033194663878,df_elaad_preproc_l6months.csv
