name,transf,client,payoff,total
test_month_sac_gen_J_e_315,683.2758944273287,1468.334912,149.17516390639216,635.8838536662792
