name,transf,client,payoff,total
train_month_sac_gen_J_b_17,2295.428967062334,4306.918592,422.3108412815719,1589.1787836560943
