name,transf,client,payoff,total
val_month_sac_c_707,1828.4659530699519,2277.450960542104,145.3079860330326,303.6770214391195
