name,transf,client,payoff,total,sessions
test_6month_sac_pred_noise_3d_157,4489.293841924014,9929.387430399998,889.2877424740021,4550.805846001983,df_elaad_preproc_l6months.csv
