name,transf,client,payoff,total
val_month_sac_gen_J_a_308,641.8277799856231,1488.30912,159.56135988924024,686.9199801251366
