name,transf,client,payoff,total
val_month_sac_gen_a_13,849.0496317052132,1349.0472576000002,118.32161810264896,381.6760077921381
