name,transf,client,payoff,total
test_month_sac_gen_J_h_268,743.7258244421126,1468.334912,149.17516390639216,575.4339236514952
