name,transf,client,payoff,total
test_month_sac_gen_d_72,805.1400088538198,1488.30912,159.56135988924024,523.6077512569398
