name,transf,client,payoff,total,sessions
test_6month_sac_gen_4l_25,3176.8712181183982,9929.387430399998,886.8210602299855,5865.695152051614,df_elaad_preproc_l6months.csv
