name,transf,client,payoff,total
test_month_sac_gen_I_z_35,726.2021580514836,1468.334912,149.17516390639216,592.9575900421243
