name,transf,client,payoff,total
test_month_sac_gen_J_p_68,679.1852590337221,1468.334912,149.17516390639216,639.9744890598857
