name,transf,client,payoff,total
test_month_sac_gen_I_a_363,700.4224848673874,1468.334912,149.17516390639216,618.7372632262204
