name,transf,client,payoff,total
train_month_sac_c_375,1052.1829875519643,2289.492687923877,157.2012507240518,1080.1084496478609
