name,transf,client,payoff,total,sessions
test_6month_sac_pred_noise_2d_113,4593.141638281938,9929.387430399998,897.4875555656347,4438.758236552426,df_elaad_preproc_l6months.csv
