name,transf,client,payoff,total,sessions
test_6month_sac_gen_2n_7,5175.237959832166,9929.387430399998,886.8210602299855,3867.328410337847,df_elaad_preproc_l6months.csv
