name,transf,client,payoff,total
val_month_sac_gen_I_i_309,655.5849355690925,1488.30912,159.56135988924024,673.1628245416671
