name,transf,client,payoff,total
val_month_sac_gen_I_f_209,663.2908190886324,1488.30912,158.8282254603323,666.1900754510352
