name,transf,client,payoff,total,sessions
test_6month_sac_gen_4m_20,3519.131350052779,9929.387430399998,886.8210602299855,5523.435020117233,df_elaad_preproc_l6months.csv
