name,transf,client,payoff,total
val_month_sac_gen_J_q_481,641.7614234114716,1488.30912,159.56135988924024,686.9863366992881
