name,transf,client,payoff,total
val_month_sac_gen_I_m_468,627.965525759185,1488.30912,159.56135988924024,700.7822343515747
