name,transf,client,payoff,total
train_month_sac_gen_I_y_126,167.5710427687146,4306.918592,422.8436808672951,3716.5038683639905
