name,transf,client,payoff,total,sessions
test_6month_sac_pred_noise_1b_183,3070.8551095484777,9929.387430399998,893.2217503396156,5965.310570511904,df_elaad_preproc_l6months.csv
