name,transf,client,payoff,total,sessions
test_6month_sac_gen_1o_41,3354.433033285142,9929.387430399998,886.8210602299855,5688.13333688487,df_elaad_preproc_l6months.csv
