name,transf,client,payoff,total
val_month_sac_gen_I_v_233,651.6207726466425,1488.30912,159.56135988924024,677.1269874641171
