name,transf,client,payoff,total,sessions
test_6month_sac_gen_1o_169,2885.387573902593,9929.387430399998,886.8210602299855,6157.178796267419,df_elaad_preproc_l6months.csv
