name,transf,client,payoff,total,sessions
test_6month_sac_pred_noise_3e_61,5365.449448896095,9929.387430399998,889.2877424740021,3674.6502390299006,df_elaad_preproc_l6months.csv
