name,transf,client,payoff,total,sessions
test_6month_sac_gen_3m_141,2919.7280579885123,9929.387430399998,886.8210602299855,6122.8383121815,df_elaad_preproc_l6months.csv
