name,transf,client,payoff,total
train_month_sac_gen_d_16,1050.625628714051,1469.5622144,141.8947973100602,277.0417883758888
