name,transf,client,payoff,total,sessions
test_6month_sac_pred_noise_1a_157,2961.8771873620844,9929.387430399998,893.2217503396156,6074.288492698298,df_elaad_preproc_l6months.csv
