name,transf,client,payoff,total
val_month_sac_gen_J_p_482,643.6303798756292,1488.30912,159.56135988924024,685.1173802351304
