name,transf,client,payoff,total
train_month_sac_gen_I_h_226,2023.2602410813754,4306.918592,422.3108412815719,1861.347509637053
