name,transf,client,payoff,total
train_month_sac_gen_I_a_274,2035.8676876368227,4306.918592,422.3108412815719,1848.7400630816055
