name,transf,client,payoff,total
test_month_sac_gen_J_m_403,665.3443825298731,1468.334912,149.17516390639216,653.8153655637348
