name,transf,client,payoff,total
train_month_sac_gen_I_o_98,2190.209515726344,4306.918592,422.3108412815719,1694.3982349920843
