name,transf,client,payoff,total
val_month_sac_gen_I_t_263,681.4420487875799,1488.30912,159.56135988924024,647.3057113231798
