name,transf,client,payoff,total,sessions
test_6month_sac_gen_4m_88,2941.387529997901,9929.387430399998,886.8210602299855,6101.178840172111,df_elaad_preproc_l6months.csv
