name,transf,client,payoff,total
val_month_sac_gen_I_x_182,703.8297070667074,1488.30912,159.56135988924024,624.9180530440522
