name,transf,client,payoff,total,sessions
test_6month_sac_pred_noise_5d_185,4565.521827065063,9929.387430399998,881.6875054342313,4482.1780979007035,df_elaad_preproc_l6months.csv
