name,transf,client,payoff,total
train_month_sac_gen_I_c_211,2097.046626719044,4306.918592,422.3108412815719,1787.561123999384
