name,transf,client,payoff,total
val_month_sac_gen_I_x_64,717.953134438165,1488.30912,159.56135988924024,610.7946256725947
