name,transf,client,payoff,total
val_sac_b_c_5,14344.399721806267,30125.305835959498,1762.9897063291792,14017.916407824052
