name,transf,client,payoff,total,sessions
test_6month_sac_pred_noise_1c_111,3529.8543285003784,9929.387430399998,893.2217503396156,5506.311351560004,df_elaad_preproc_l6months.csv
