name,transf,client,payoff,total
month_sac_IX_j,1038.4443045511468,1469.5622144,134.34765850006727,296.7702513487858
