name,transf,client,payoff,total,sessions
test_6month_sac_pred_noise_3d_108,4352.354499328878,9929.387430399998,889.2877424740021,4687.745188597119,df_elaad_preproc_l6months.csv
