name,transf,client,payoff,total
train_month_sac_gen_I_e_279,2044.6369022017072,4306.918592,417.9096673275943,1844.3720224706985
