name,transf,client,payoff,total
train_month_sac_gen_I_d_22,2212.0598050296767,4306.918592,422.3108412815719,1672.5479456887515
