name,transf,client,payoff,total
test_month_sac_gen_G_a_204,665.9406011016473,1468.334912,148.50825484764397,653.8860560507087
