name,transf,client,payoff,total
val_month_sac_gen_c_25,655.9826768099451,1349.0472576000002,118.32161810264896,574.7429626874061
