name,transf,client,payoff,total
test_month_sac_gen_I_h_149,724.1401667453754,1468.334912,149.17516390639216,595.0195813482325
