name,transf,client,payoff,total
val_month_sac_gen_J_k_256,573.5133485645365,1488.30912,159.56135988924024,755.2344115462231
