name,transf,client,payoff,total
train_month_sac_c_15,1400.3094323678504,2289.492687923877,157.2012507240518,731.9820048319748
