name,transf,client,payoff,total
test_month_sac_gen_J_c_329,680.8107363903287,1468.334912,149.17516390639216,638.3490117032792
