name,transf,client,payoff,total
test_month_sac_gen_J_q_393,678.1338914762739,1468.334912,149.17516390639216,641.025856617334
