name,transf,client,payoff,total
val_month_sac_gen_I_t_409,679.3083302343889,1488.30912,159.56135988924024,649.4394298763707
