name,transf,client,payoff,total,sessions
test_6month_sac_pred_noise_4e_201,5319.5554707429965,9929.387430399998,891.2211003728393,3718.6108592841624,df_elaad_preproc_l6months.csv
