name,transf,client,payoff,total
test_month_sac_gen_I_c_91,712.8633796449262,1468.334912,149.17516390639216,606.2963684486816
