name,transf,client,payoff,total
train_month_sac_gen_J_s_49,2089.2800999867186,4306.918592,424.7768593831057,1792.8616326301758
