name,transf,client,payoff,total
train_month_sac_gen_I_l_57,2119.4541130020652,4306.918592,422.3108412815719,1765.153637716363
