name,transf,client,payoff,total
train_month_sac_gen_I_k_473,2018.2787023433777,4306.918592,422.3108412815719,1866.3290483750507
