name,transf,client,payoff,total,sessions
test_6month_sac_pred_noise_5c_81,3706.8671161415778,9929.387430399998,881.6875054342313,5340.832808824189,df_elaad_preproc_l6months.csv
