name,transf,client,payoff,total
val_month_sac_gen_I_y_6,749.7792489144892,1488.30912,159.56135988924024,578.9685111962704
