name,transf,client,payoff,total
test_month_sac_gen_J_a_74,707.8334762846142,1468.334912,149.17516390639216,611.3262718089936
