name,transf,client,payoff,total,sessions
test_6month_sac_gen_2m_110,2999.9595948838232,9929.387430399998,886.8210602299855,6042.606775286189,df_elaad_preproc_l6months.csv
