name,transf,client,payoff,total
test_month_sac_gen_J_a_411,682.110930863434,1468.334912,149.17516390639216,637.0488172301739
