name,transf,client,payoff,total
val_month_sac_gen_I_y_382,661.5075195668709,1488.30912,159.56135988924024,667.2402405438888
