name,transf,client,payoff,total,sessions
test_6month_sac_pred_noise_3a_39,3194.5876712885092,9929.387430399998,889.2877424740021,5845.512016637487,df_elaad_preproc_l6months.csv
