name,transf,client,payoff,total
val_month_sac_gen_J_h_483,656.5110937694656,1488.30912,159.56135988924024,672.236666341294
