name,transf,client,payoff,total,sessions
test_6month_sac_pred_noise_3a_234,2925.2532952469755,9929.387430399998,889.2877424740021,6114.846392679021,df_elaad_preproc_l6months.csv
