name,transf,client,payoff,total
val_month_sac_gen_I_q_298,736.1692352717828,1488.30912,159.56135988924024,592.5785248389768
