name,transf,client,payoff,total,sessions
test_6month_sac_pred_noise_1b_65,3237.2713917428687,9929.387430399998,893.2217503396156,5798.894288317514,df_elaad_preproc_l6months.csv
