name,transf,client,payoff,total,sessions
test_6month_sac_gen_1o_117,2935.5730595854475,9929.387430399998,886.8210602299855,6106.993310584565,df_elaad_preproc_l6months.csv
