name,transf,client,payoff,total
val_month_sac_gen_c_96,636.0686669107608,1349.0472576000002,118.32161810264896,594.6569725865904
