name,transf,client,payoff,total
val_month_sac_gen_J_l_39,689.5886928192152,1488.30912,159.56135988924024,639.1590672915445
