name,transf,client,payoff,total
val_month_sac_gen_I_u_356,645.5810472735873,1488.30912,159.56135988924024,683.1667128371723
