name,transf,client,payoff,total,sessions
test_6month_sac_pred_noise_5c_87,3737.4778479749557,9929.387430399998,881.6875054342313,5310.222076990811,df_elaad_preproc_l6months.csv
