name,transf,client,payoff,total
month_sac_IX_g,1112.6335368015723,1469.5622144,138.2152302812802,218.7134473171474
