name,transf,client,payoff,total,sessions
test_6month_sac_pred_noise_1e_196,5229.722182800126,9929.387430399998,893.2217503396156,3806.443497260257,df_elaad_preproc_l6months.csv
