name,transf,client,payoff,total
val_month_sac_gen_I_l_294,643.3290830655935,1488.30912,159.56135988924024,685.4186770451661
