name,transf,client,payoff,total,sessions
test_6month_sac_gen_j_56,3194.1159682693933,9929.387430399998,886.8210602299855,5848.45040190062,df_elaad_preproc_l6months.csv
