name,transf,client,payoff,total
train_month_sac_gen_I_h_65,2090.3978084447876,4306.918592,422.3108412815719,1794.2099422736405
