name,transf,client,payoff,total
val_month_sac_gen_I_e_225,606.9418565697581,1488.30912,155.96206259448996,725.4052008357519
