name,transf,client,payoff,total
train_month_sac_gen_I_o_439,2117.6155123393005,4306.918592,422.3108412815719,1766.9922383791277
