name,transf,client,payoff,total
val_month_sac_gen_J_a_342,642.5485748192987,1488.30912,159.56135988924024,686.1991852914609
