name,transf,client,payoff,total,sessions
test_6month_sac_pred_noise_2b_16,3724.4581085398786,9929.387430399998,897.4875555656347,5307.441766294485,df_elaad_preproc_l6months.csv
