name,transf,client,payoff,total
val_month_sac_gen_I_p_326,709.712166620708,1488.30912,159.56135988924024,619.0355934900517
