name,transf,client,payoff,total
val_month_sac_gen_I_q_303,736.6987577604441,1488.30912,159.56135988924024,592.0490023503155
