name,transf,client,payoff,total
train_month_sac_gen_J_d_70,2137.407580627314,4306.918592,422.3108412815719,1747.2001700911142
