name,transf,client,payoff,total
train_month_sac_gen_I_n_136,1935.2807769257925,4306.918592,422.3108412815719,1949.3269737926357
