name,transf,client,payoff,total
val_month_sac_gen_J_f_173,649.1664515250385,1488.30912,159.56135988924024,679.5813085857212
