name,transf,client,payoff,total
val_month_sac_gen_I_q_215,741.6799315967435,1488.30912,159.56135988924024,587.0678285140161
