name,transf,client,payoff,total
train_month_sac_c_109,1123.6314896715867,2289.492687923877,157.2012507240518,1008.6599475282385
