name,transf,client,payoff,total
val_month_sac_gen_J_k_199,580.4891984628043,1488.30912,159.56135988924024,748.2585616479553
