name,transf,client,payoff,total,sessions
test_6month_sac_pred_noise_5d_177,4569.682042299553,9929.387430399998,881.6875054342313,4478.017882666214,df_elaad_preproc_l6months.csv
