name,transf,client,payoff,total
test_month_sac_gen_I_y_456,678.1846109080086,1468.334912,149.17516390639216,640.9751371855992
