name,transf,client,payoff,total,sessions
test_6month_sac_pred_noise_2b_203,3045.6418148005787,9929.387430399998,897.4875555656347,5986.258060033785,df_elaad_preproc_l6months.csv
