name,transf,client,payoff,total,sessions
test_6month_sac_gen_4m_99,2962.6381372941887,9929.387430399998,886.8210602299855,6079.928232875824,df_elaad_preproc_l6months.csv
