name,transf,client,payoff,total
test_month_sac_gen_J_k_45,665.2685609905047,1468.334912,149.17516390639216,653.8911871031031
