name,transf,client,payoff,total
test_month_sac_gen_I_m_257,679.6711921003068,1468.334912,149.17516390639216,639.488555993301
