name,transf,client,payoff,total,sessions
test_6month_sac_pred_noise_4c_248,3626.4584803193734,9929.387430399998,891.2211003728393,5411.7078497077855,df_elaad_preproc_l6months.csv
