name,transf,client,payoff,total,sessions
test_6month_sac_gen_b_204,2956.0130456711563,9929.387430399998,886.8210602299855,6086.553324498856,df_elaad_preproc_l6months.csv
