name,transf,client,payoff,total
val_month_sac_gen_J_t_86,627.3728357972408,1488.30912,155.96206259448996,704.9742216082691
