name,transf,client,payoff,total
test_month_sac_gen_I_w_90,681.9935660079291,1468.334912,149.17516390639216,637.1661820856788
