name,transf,client,payoff,total,sessions
6month_sac_disagg_2c_LD,3658.9937191753033,9929.387430399998,897.4875555656347,5372.9061556590605,df_elaad_preproc_l6months.csv
