name,transf,client,payoff,total
test_month_sac_gen_J_a_406,683.3362018305208,1468.334912,149.17516390639216,635.823546263087
