name,transf,client,payoff,total
test_month_sac_gen_I_c_9,740.4834904283017,1468.334912,149.17516390639216,578.6762576653061
