name,transf,client,payoff,total
test_month_sac_gen_I_w_326,662.6796616833419,1468.334912,149.17516390639216,656.4800864102659
