name,transf,client,payoff,total
train_month_sac_gen_I_k_141,2058.3827249388078,4306.918592,422.3108412815719,1826.2250257796204
