name,transf,client,payoff,total
val_month_sac_gen_I_b_197,628.8042821787299,1488.30912,159.56135988924024,699.9434779320297
