name,transf,client,payoff,total
test_month_sac_gen_J_p_45,693.9988973781177,1468.334912,149.17516390639216,625.1608507154901
