name,transf,client,payoff,total
val_month_sac_gen_I_t_227,682.6600727110933,1488.30912,159.56135988924024,646.0876873996663
