name,transf,client,payoff,total,sessions
test_6month_sac_pred_noise_3b_223,3082.388021956971,9929.387430399998,889.2877424740021,5957.7116659690255,df_elaad_preproc_l6months.csv
