name,transf,client,payoff,total
val_month_sac_gen_J_s_203,553.2992152862736,1488.30912,155.96206259448996,779.0478421192363
