name,transf,client,payoff,total
val_month_sac_gen_I_b_470,621.4637828550505,1488.30912,159.56135988924024,707.2839772557093
