name,transf,client,payoff,total
val_month_sac_gen_J_i_21,721.9132869032496,1488.30912,159.56135988924024,606.83447320751
