name,transf,client,payoff,total
train_month_sac_gen_I_v_41,184.25736486422574,4306.918592,421.70971711650003,3700.9515100192743
