name,transf,client,payoff,total
val_month_sac_gen_J_t_37,665.4891357923728,1488.30912,155.96206259448996,666.857921613137
