name,transf,client,payoff,total
test_month_sac_gen_I_w_338,655.9271410109443,1468.334912,149.17516390639216,663.2326070826635
