name,transf,client,payoff,total
train_month_sac_gen_I_z_132,513.095914691767,4306.918592,418.97733031155303,3374.84534699668
