name,transf,client,payoff,total
test_month_sac_gen_I_o_362,728.7313746910556,1468.334912,149.17516390639216,590.4283734025522
