name,transf,client,payoff,total
test_month_sac_gen_I_f_236,745.0034698352626,1468.334912,147.8419170286109,575.4895251361265
