name,transf,client,payoff,total
val_month_sac_gen_J_u_385,538.6890076167626,1488.30912,155.96206259448996,793.6580497887473
