name,transf,client,payoff,total
val_month_sac_gen_I_e_190,610.902747046769,1488.30912,155.96206259448996,721.444310358741
