name,transf,client,payoff,total
val_month_sac_gen_J_m_111,627.7132688611912,1488.30912,159.56135988924024,701.0344912495684
