name,transf,client,payoff,total
val_month_sac_gen_I_o_296,695.169041435779,1488.30912,159.56135988924024,633.5787186749806
