name,transf,client,payoff,total
test_month_sac_gen_I_v_160,686.1118245409896,1468.334912,149.17516390639216,633.0479235526183
