name,transf,client,payoff,total
val_month_sac_gen_J_e_193,659.2980359498808,1488.30912,159.56135988924024,669.4497241608788
