name,transf,client,payoff,total
val_month_sac_gen_I_g_156,807.2734444889415,1488.30912,159.56135988924024,521.474315621818
