name,transf,client,payoff,total
val_month_sac_gen_J_o_4,733.7031530737897,1488.30912,159.56135988924024,595.0446070369699
