name,transf,client,payoff,total
val_month_sac_gen_I_i_25,690.5716290479257,1488.30912,159.56135988924024,638.176131062834
