name,transf,client,payoff,total
train_month_sac_gen_I_v_173,-157.67447321979267,4306.918592,421.5105726564419,4043.082492563351
