name,transf,client,payoff,total
val_month_sac_gen_I_d_19,695.6689292144924,1488.30912,159.56135988924024,633.0788308962672
