name,transf,client,payoff,total
val_month_sac_gen_I_k_343,643.3199149697919,1488.30912,159.56135988924024,685.4278451409677
