name,transf,client,payoff,total
val_month_sac_gen_J_o_96,670.9723334837574,1488.30912,159.56135988924024,657.7754266270022
