name,transf,client,payoff,total
train_month_sac_gen_J_f_58,2116.016118201017,4306.918592,422.3108412815719,1768.5916325174112
