name,transf,client,payoff,total,sessions
test_6month_sac_gen_4m_142,2956.705087098898,9929.387430399998,891.2211003728393,6081.4612429282615,df_elaad_preproc_l6months.csv
