name,transf,client,payoff,total
train_month_sac_gen_I_t_381,1918.8380554261798,4306.918592,423.777169566546,1964.3033670072741
