name,transf,client,payoff,total
val_month_sac_c_805,1820.0572168295462,2277.450960542104,145.3079860330326,312.0857576795252
