name,transf,client,payoff,total
train_month_sac_gen_J_w_308,1857.4191162098248,4306.918592,421.1110081317587,2028.3884676584162
