name,transf,client,payoff,total,sessions
test_6month_sac_pred_noise_3c_32,3860.7413473490387,9929.387430399998,889.2877424740021,5179.358340576958,df_elaad_preproc_l6months.csv
