name,transf,client,payoff,total,sessions
test_6month_sac_gen_1o_116,2956.1181507561287,9929.387430399998,886.8210602299855,6086.448219413884,df_elaad_preproc_l6months.csv
