name,transf,client,payoff,total
test_month_sac_gen_I_d_132,669.0680297063419,1468.334912,149.17516390639216,650.0917183872659
