name,transf,client,payoff,total,sessions
test_6month_sac_gen_1m_151,2859.321683256456,9929.387430399998,886.8210602299855,6183.2446869135565,df_elaad_preproc_l6months.csv
