name,transf,client,payoff,total
test_month_sac_gen_I_w_426,646.7821797125226,1468.334912,149.17516390639216,672.3775683810852
