name,transf,client,payoff,total,sessions
test_6month_sac_pred_noise_1b_149,3103.6740029756343,9929.387430399998,893.2217503396156,5932.491677084748,df_elaad_preproc_l6months.csv
