name,transf,client,payoff,total,sessions
test_6month_sac_gen_2l_79,2999.309319140538,9929.387430399998,886.8210602299855,6043.257051029475,df_elaad_preproc_l6months.csv
