name,transf,client,payoff,total,sessions
test_6month_sac_pred_noise_5c_22,3734.331319339679,9929.387430399998,881.6875054342313,5313.3686056260885,df_elaad_preproc_l6months.csv
