name,transf,client,payoff,total
month_sac_IX_j,1080.1081335171568,1469.5622144,139.14815026484686,250.3059306179962
