name,transf,client,payoff,total
test_month_sac_gen_J_g_495,699.49400256301,1468.334912,149.17516390639216,619.6657455305979
