name,transf,client,payoff,total
val_month_sac_gen_I_o_97,707.0400357588028,1488.30912,159.56135988924024,621.7077243519568
