name,transf,client,payoff,total
val_month_sac_gen_I_m_474,632.9813289892622,1488.30912,159.56135988924024,695.7664311214974
