name,transf,client,payoff,total
val_month_sac_gen_J_n_165,627.9700754873315,1488.30912,159.56135988924024,700.7776846234281
