name,transf,client,payoff,total
test_month_sac_gen_J_n_238,687.5951060578494,1468.334912,149.17516390639216,631.5646420357584
