name,transf,client,payoff,total
test_month_sac_gen_J_p_287,654.4762571821852,1468.334912,149.17516390639216,664.6834909114226
