name,transf,client,payoff,total
train_month_sac_gen_I_b_450,1953.726831699021,4306.918592,422.3108412815719,1930.880919019407
