name,transf,client,payoff,total
train_month_sac_gen_J_e_423,2003.3211068700277,4306.918592,422.3108412815719,1881.2866438484007
