name,transf,client,payoff,total,sessions
test_6month_sac_pred_noise_1a_159,2881.4925463421064,9929.387430399998,893.2217503396156,6154.673133718276,df_elaad_preproc_l6months.csv
