name,transf,client,payoff,total
train_month_sac_gen_J_u_126,2027.208984933155,4306.918592,417.57725164958947,1862.1323554172554
