name,transf,client,payoff,total
val_month_sac_gen_J_x_68,730.6833940289273,1488.30912,159.56135988924024,598.0643660818323
