name,transf,client,payoff,total,sessions
test_6month_sac_gen_2o_66,3052.7718588114994,9929.387430399998,886.8210602299855,5989.794511358514,df_elaad_preproc_l6months.csv
