name,transf,client,payoff,total,sessions
test_6month_sac_pred_noise_3e_195,5213.623361580243,9929.387430399998,889.2877424740021,3826.476326345753,df_elaad_preproc_l6months.csv
