name,transf,client,payoff,total
val_month_sac_gen_J_f_36,688.7727591605269,1488.30912,159.56135988924024,639.9750009502327
