name,transf,client,payoff,total
val_month_sac_gen_J_g_353,638.4034834874069,1488.30912,159.56135988924024,690.3442766233527
