name,transf,client,payoff,total,sessions
test_6month_sac_gen_5l_35,3262.5238483511694,9929.387430399998,886.8210602299855,5780.042521818843,df_elaad_preproc_l6months.csv
