name,transf,client,payoff,total,sessions
test_6month_sac_pred_noise_3a_148,2827.5389595631354,9929.387430399998,889.2877424740021,6212.5607283628615,df_elaad_preproc_l6months.csv
