name,transf,client,payoff,total
train_month_sac_gen_J_q_221,2040.3126246837746,4306.918592,422.3108412815719,1844.2951260346535
