name,transf,client,payoff,total,sessions
test_6month_sac_gen_5m_140,2895.404011093367,9929.387430399998,886.8210602299855,6147.162359076645,df_elaad_preproc_l6months.csv
