name,transf,client,payoff,total
test_month_sac_gen_J_r_12,786.1702495756954,1468.334912,149.17516390639216,532.9894985179125
