name,transf,client,payoff,total,sessions
test_6month_sac_pred_noise_1a_13,3500.9442561735286,9929.387430399998,893.2217503396156,5535.221423886854,df_elaad_preproc_l6months.csv
