name,transf,client,payoff,total
train_month_sac_gen_I_v_112,-93.87226200944639,4306.918592,421.4436866019184,3979.3471674075286
