name,transf,client,payoff,total
train_month_sac_gen_J_t_42,2198.1871546595394,4306.918592,417.9096673275943,1690.8217700128662
