name,transf,client,payoff,total
test_month_sac_gen_J_k_252,631.2361133896699,1468.334912,149.17516390639216,687.923634703938
