name,transf,client,payoff,total,sessions
test_6month_sac_gen_h_34,3165.9233240346703,9929.387430399998,886.8210602299855,5876.643046135343,df_elaad_preproc_l6months.csv
