name,transf,client,payoff,total
test_month_sac_gen_d_86,849.5982976556222,1488.30912,159.56135988924024,479.14946245513744
