name,transf,client,payoff,total,sessions
test_6month_sac_gen_1l_295,2903.786429444371,9929.387430399998,886.8210602299855,6138.779940725641,df_elaad_preproc_l6months.csv
