name,transf,client,payoff,total
test_month_sac_gen_J_j_360,628.7398616780528,1468.334912,149.17516390639216,690.4198864155551
