name,transf,client,payoff,total,sessions
test_6month_sac_gen_5l_135,2862.337210198996,9929.387430399998,886.8210602299855,6180.229159971017,df_elaad_preproc_l6months.csv
