name,transf,client,payoff,total
val_month_sac_gen_J_s_318,543.1430832874444,1488.30912,155.96206259448996,789.2039741180656
