name,transf,client,payoff,total
train_month_sac_gen_I_a_192,2050.195014007403,4306.918592,422.3108412815719,1834.412736711025
