name,transf,client,payoff,total
train_month_sac_gen_J_z_57,1002.7166096547271,1469.5622144,142.0949394383449,324.7506653069279
