name,transf,client,payoff,total
val_month_sac_gen_I_f_163,669.996351238144,1488.30912,158.8282254603323,659.4845433015236
