name,transf,client,payoff,total
train_month_sac_gen_I_d_123,2017.898831342021,4306.918592,422.3108412815719,1866.7089193764073
