name,transf,client,payoff,total
train_month_sac_gen_J_a_298,1999.5074008387837,4306.918592,422.3108412815719,1885.1003498796445
