name,transf,client,payoff,total,sessions
test_6month_sac_gen_j_2,4903.84174886562,9929.387430399998,886.8210602299855,4138.724621304393,df_elaad_preproc_l6months.csv
