name,transf,client,payoff,total,sessions
test_6month_sac_gen_2m_82,3125.168418779465,9929.387430399998,886.8210602299855,5917.397951390547,df_elaad_preproc_l6months.csv
