name,transf,client,payoff,total
train_month_sac_gen_I_b_252,1978.6865142096249,4306.918592,422.3108412815719,1905.9212365088033
