name,transf,client,payoff,total,sessions
test_6month_sac_pred_noise_1c_292,3660.555827855864,9929.387430399998,893.2217503396156,5375.609852204519,df_elaad_preproc_l6months.csv
