name,transf,client,payoff,total
month_sac_IX_i,1562.1848322925346,1469.5622144,135.21440678133106,-227.83702467386573
