name,transf,client,payoff,total
train_month_sac_gen_I_v_161,-125.07927633874937,4306.918592,419.84382946365963,4012.154038875089
