name,transf,client,payoff,total
train_month_sac_gen_I_h_254,2020.8899540682153,4306.918592,422.3108412815719,1863.7177966502131
