name,transf,client,payoff,total
train_month_sac_gen_I_k_467,2009.5263633139095,4306.918592,422.3108412815719,1875.0813874045189
