name,transf,client,payoff,total
test_month_sac_gen_I_i_477,719.6913436361851,1468.334912,149.17516390639216,599.4684044574227
