name,transf,client,payoff,total
test_month_sac_gen_J_j_219,647.2450671991503,1468.334912,149.17516390639216,671.9146808944575
