name,transf,client,payoff,total
test_month_sac_gen_J_h_238,746.2553316257931,1468.334912,149.17516390639216,572.9044164678147
