name,transf,client,payoff,total,sessions
6month_sac_disagg_3m_LL,2797.2834298256057,9929.387430399998,886.8210602299855,6245.282940344407,df_elaad_preproc_l6months.csv
