name,transf,client,payoff,total
train_month_sac_gen_I_v_449,-24.66839205618672,4306.918592,419.97719204780174,3911.609792008385
