name,transf,client,payoff,total
test_month_sac_gen_I_o_131,735.2438549947426,1468.334912,149.17516390639216,583.9158930988652
