name,transf,client,payoff,total
test_month_sac_gen_I_g_371,852.8134359871011,1468.334912,149.17516390639216,466.34631210650673
