name,transf,client,payoff,total
test_month_sac_gen_I_a_335,699.7684076735545,1468.334912,149.17516390639216,619.3913404200533
