name,transf,client,payoff,total
train_month_sac_gen_I_y_233,48.63915085589275,4306.918592,419.37754482199193,3838.901896322115
