name,transf,client,payoff,total
val_month_sac_gen_I_y_405,657.6120391835642,1488.30912,159.56135988924024,671.1357209271955
