name,transf,client,payoff,total
test_month_sac_gen_G_b_48,692.392034889958,1468.334912,148.64140204911905,627.3014750609229
