name,transf,client,payoff,total
val_month_sac_gen_J_t_398,587.3320281065569,1488.30912,155.96206259448996,745.0150292989531
