name,transf,client,payoff,total
train_month_sac_gen_I_y_223,177.19534299862994,4306.918592,419.2439987942199,3710.4792502071505
