name,transf,client,payoff,total
train_month_sac_gen_I_k_273,2017.760809507553,4306.918592,422.3108412815719,1866.8469412108752
