name,transf,client,payoff,total,sessions
test_6month_sac_gen_g_283,2925.41874326812,9929.387430399998,886.8210602299855,6117.147626901893,df_elaad_preproc_l6months.csv
