name,transf,client,payoff,total
month_sac_IX_a,1230.361683175312,1469.5622144,140.01431375215287,99.18621747253502
