name,transf,client,payoff,total
train_month_sac_gen_I_q_220,2267.6969400189932,4306.918592,422.3108412815719,1616.910810699435
