name,transf,client,payoff,total
test_month_sac_gen_I_c_239,691.5385861600564,1468.334912,149.17516390639216,627.6211619335514
