name,transf,client,payoff,total
train_month_sac_gen_I_b_238,1976.9075352777256,4306.918592,422.3108412815719,1907.7002154407028
