name,transf,client,payoff,total
train_month_sac_gen_I_w_264,-7623.103335464156,4306.918592,422.3108412815719,11507.711086182584
