name,transf,client,payoff,total,sessions
test_6month_sac_gen_i_229,2719.4880586219692,9929.387430399998,886.8210602299855,6323.078311548043,df_elaad_preproc_l6months.csv
