name,transf,client,payoff,total
val_month_sac_gen_I_t_219,685.3873013837028,1488.30912,159.56135988924024,643.3604587270568
