name,transf,client,payoff,total
test_month_sac_gen_J_x_125,772.7928387138793,1468.334912,149.17516390639216,546.3669093797286
