name,transf,client,payoff,total
val_month_sac_gen_I_b_65,665.2596695012425,1488.30912,159.56135988924024,663.4880906095173
