name,transf,client,payoff,total
train_month_sac_gen_I_z_235,428.80557256108074,4306.918592,419.2439987942199,3458.8690206446995
