name,transf,client,payoff,total
test_month_sac_gen_J_d_236,711.3856562784147,1468.334912,149.17516390639216,607.7740918151932
