name,transf,client,payoff,total
val_month_sac_gen_J_r_83,655.0200079665225,1488.30912,159.56135988924024,673.7277521442372
