name,transf,client,payoff,total
test_month_sac_gen_I_f_43,780.0229148526346,1468.334912,147.8419170286109,540.4700801187546
