name,transf,client,payoff,total
val_month_sac_gen_I_r_274,597.0182067206024,1488.30912,159.56135988924024,731.7295533901572
