name,transf,client,payoff,total
test_month_sac_gen_I_q_101,775.1405682682812,1468.334912,149.17516390639216,544.0191798253267
