name,transf,client,payoff,total
test_month_sac_gen_I_t_55,733.7757915835253,1468.334912,149.17516390639216,585.3839565100825
