name,transf,client,payoff,total,sessions
test_6month_sac_pred_noise_3c_175,3614.7727643492553,9929.387430399998,889.2877424740021,5425.326923576741,df_elaad_preproc_l6months.csv
