name,transf,client,payoff,total
train_month_sac_gen_J_l_1,2659.019651393245,4306.918592,422.3108412815719,1225.588099325183
