name,transf,client,payoff,total
train_month_sac_gen_I_j_249,2040.8458026072185,4306.918592,422.3108412815719,1843.7619481112097
