name,transf,client,payoff,total
train_month_sac_gen_J_u_303,1874.4066829372973,4306.918592,418.6443682491681,2013.8675408135346
