name,transf,client,payoff,total
val_month_sac_gen_c_28,642.6917418605707,1349.0472576000002,118.32161810264896,588.0338976367806
