name,transf,client,payoff,total
test_month_sac_gen_I_h_16,753.6987642169129,1468.334912,149.17516390639216,565.460983876695
