name,transf,client,payoff,total
test_month_sac_gen_I_b_80,721.3480110348924,1468.334912,149.17516390639216,597.8117370587155
