name,transf,client,payoff,total
train_month_sac_gen_I_k_124,2064.451469064513,4306.918592,422.3108412815719,1820.1562816539154
