name,transf,client,payoff,total
val_month_sac_c_154,1900.5202161865266,2277.450960542104,145.3079860330326,231.62275832254483
