name,transf,client,payoff,total,sessions
train_6month_sac_gen_2n_145,3256.5798657199502,8371.850816,848.5685371087682,4266.7024131712815,df_elaad_preproc_f6months.csv
