name,transf,client,payoff,total
train_month_sac_gen_G_a_167,515.3919948689083,1349.0472576000002,121.05446052826508,712.6008022028268
