name,transf,client,payoff,total
test_month_sac_gen_b_89,723.3839063193938,1488.30912,159.56135988924024,605.363853791366
