name,transf,client,payoff,total
train_month_sac_gen_I_b_126,2031.8135441910604,4306.918592,422.3108412815719,1852.7942065273678
