name,transf,client,payoff,total
test_month_sac_gen_J_p_343,651.4019909753601,1468.334912,149.17516390639216,667.7577571182477
