name,transf,client,payoff,total,sessions
test_6month_sac_gen_2n_42,3491.8497113421763,9929.387430399998,886.8210602299855,5550.716658827836,df_elaad_preproc_l6months.csv
