name,transf,client,payoff,total
val_month_sac_gen_I_l_17,710.5750693328541,1488.30912,159.56135988924024,618.1726907779055
