name,transf,client,payoff,total
test_month_sac_gen_I_x_473,736.9194802441218,1468.334912,149.17516390639216,582.240267849486
