name,transf,client,payoff,total
train_month_sac_gen_I_y_456,411.20882962043237,4306.918592,430.5772676482046,3465.132494731363
