name,transf,client,payoff,total
train_month_sac_gen_J_a_259,2007.5066855952666,4306.918592,422.3108412815719,1877.1010651231618
