name,transf,client,payoff,total
test_month_sac_gen_I_j_183,726.9195046495239,1468.334912,149.17516390639216,592.240243444084
