name,transf,client,payoff,total
train_month_sac_gen_J_y_214,554.3623910234465,1349.0472576000002,120.65415212759994,674.0307144489537
