name,transf,client,payoff,total
test_month_sac_gen_I_r_23,706.9063125276164,1468.334912,149.17516390639216,612.2534355659915
