name,transf,client,payoff,total
val_month_sac_gen_J_x_105,724.564427195314,1488.30912,159.56135988924024,604.1833329154456
