name,transf,client,payoff,total
train_month_sac_gen_I_q_100,2321.7496113810917,4306.918592,422.3108412815719,1562.8581393373365
