name,transf,client,payoff,total
val_month_sac_gen_J_v_120,625.2239258769155,1488.30912,155.96206259448996,707.1231315285945
