name,transf,client,payoff,total
val_month_sac_gen_J_x_64,726.5724591281216,1488.30912,159.56135988924024,602.175300982638
