name,transf,client,payoff,total,sessions
test_6month_sac_gen_1m_46,3392.401610651251,9929.387430399998,886.8210602299855,5650.164759518762,df_elaad_preproc_l6months.csv
