name,transf,client,payoff,total
val_month_sac_gen_I_w_140,682.4892939469779,1488.30912,159.56135988924024,646.2584661637818
