name,transf,client,payoff,total
val_month_sac_gen_I_j_400,651.2430473278223,1488.30912,159.56135988924024,677.5047127829373
