name,transf,client,payoff,total
val_month_sac_gen_J_j_402,595.2286328104562,1488.30912,159.56135988924024,733.5191273003034
