name,transf,client,payoff,total,sessions
test_6month_sac_gen_3m_30,3324.7517893934632,9929.387430399998,889.2877424740021,5715.347898532533,df_elaad_preproc_l6months.csv
