name,transf,client,payoff,total
val_month_sac_gen_I_n_468,604.9021299337322,1488.30912,159.56135988924024,723.8456301770275
