name,transf,client,payoff,total
val_month_sac_gen_J_q_27,708.6501883846762,1488.30912,159.56135988924024,620.0975717260835
