name,transf,client,payoff,total
val_month_sac_c_146,1914.7855356058005,2277.450960542104,145.3079860330326,217.35743890327086
