name,transf,client,payoff,total
test_month_sac_gen_I_d_421,666.9449319166528,1468.334912,149.17516390639216,652.2148161769551
