name,transf,client,payoff,total
test_month_sac_gen_a_59,907.2986036764047,1488.30912,159.56135988924024,421.44915643435496
