name,transf,client,payoff,total,sessions
test_6month_sac_pred_noise_3e_134,5291.888786593034,9929.387430399998,889.2877424740021,3748.2109013329623,df_elaad_preproc_l6months.csv
