name,transf,client,payoff,total
val_month_sac_gen_G_b_101,624.163603458261,1488.30912,159.09496226131247,705.0505542804264
