name,transf,client,payoff,total
val_month_sac_c_4,2217.250307268466,2277.450960542104,145.3079860330326,-85.10733275939441
