name,transf,client,payoff,total
test_month_sac_gen_J_k_266,625.7429644479895,1468.334912,149.17516390639216,693.4167836456184
