name,transf,client,payoff,total
test_month_sac_gen_J_h_376,729.71185305376,1468.334912,149.17516390639216,589.4478950398478
