name,transf,client,payoff,total
test_month_sac_gen_J_m_493,657.5471370113255,1468.334912,149.17516390639216,661.6126110822823
