name,transf,client,payoff,total
val_month_sac_gen_J_f_208,642.4409602388469,1488.30912,159.56135988924024,686.3067998719127
