name,transf,client,payoff,total
val_month_sac_gen_I_o_387,697.1690121077597,1488.30912,159.56135988924024,631.5787480029999
