name,transf,client,payoff,total
train_month_sac_gen_J_l_150,1908.0808242167861,4306.918592,422.3108412815719,1976.5269265016423
