name,transf,client,payoff,total
month_sac_IX_j,1040.2645749726146,1469.5622144,137.14765816978746,292.14998125759786
