name,transf,client,payoff,total
train_month_sac_gen_J_f_144,2034.5865604093174,4306.918592,422.3108412815719,1850.0211903091108
