name,transf,client,payoff,total,sessions
test_6month_sac_pred_noise_3b_289,3320.9561985166565,9929.387430399998,889.2877424740021,5719.14348940934,df_elaad_preproc_l6months.csv
