name,transf,client,payoff,total
val_month_sac_gen_I_b_233,622.2289298848805,1488.30912,159.56135988924024,706.5188302258791
