name,transf,client,payoff,total
test_month_sac_gen_J_x_59,817.5345348487253,1468.334912,149.17516390639216,501.6252132448825
