name,transf,client,payoff,total
train_month_sac_gen_a_23,1043.7667992910542,1469.5622144,138.5610864331635,287.2343286757822
