name,transf,client,payoff,total
train_month_sac_gen_J_g_243,2037.2635910386582,4306.918592,422.3108412815719,1847.3441596797702
