name,transf,client,payoff,total
test_month_sac_gen_I_p_367,755.5593601701003,1468.334912,149.17516390639216,563.6003879235076
