name,transf,client,payoff,total
train_month_sac_gen_I_z_232,347.45369618748595,4306.918592,421.5104455134549,3537.9544502990593
