name,transf,client,payoff,total
train_month_sac_gen_J_w_368,1840.0139888466974,4306.918592,418.7107468279572,2048.193856325345
