name,transf,client,payoff,total,sessions
test_6month_sac_pred_noise_5c_258,3592.3843626488137,9929.387430399998,881.6875054342313,5455.315562316953,df_elaad_preproc_l6months.csv
