name,transf,client,payoff,total
train_month_sac_gen_J_w_183,1897.0765375054327,4306.918592,415.1103912275149,1994.7316632670527
