name,transf,client,payoff,total
val_month_sac_gen_I_d_420,626.8098768168563,1488.30912,159.56135988924024,701.9378832939033
