name,transf,client,payoff,total
train_month_sac_gen_G_b_164,549.7529225693731,1349.0472576000002,119.25393781646864,680.0403972141585
