name,transf,client,payoff,total
test_month_sac_gen_I_q_95,779.840537933392,1468.334912,149.17516390639216,539.3192101602158
