name,transf,client,payoff,total
train_month_sac_gen_J_g_415,2005.5213081124039,4306.918592,422.3108412815719,1879.0864426060243
