name,transf,client,payoff,total
train_month_sac_gen_I_n_71,1979.2613517774512,4306.918592,422.3108412815719,1905.346398940977
