name,transf,client,payoff,total
train_month_sac_gen_I_i_212,2069.7183007914036,4306.918592,422.3108412815719,1814.8894499270245
