name,transf,client,payoff,total
test_sac_d_c_2,13693.199126079842,18301.238246399997,1736.5228628156017,2871.5162575045524
