name,transf,client,payoff,total
val_month_sac_gen_J_k_490,557.526315105519,1488.30912,159.56135988924024,771.2214450052406
