name,transf,client,payoff,total
val_month_sac_gen_J_a_362,638.0950239886361,1488.30912,159.56135988924024,690.6527361221235
