name,transf,client,payoff,total
val_month_sac_gen_I_m_18,692.7416195981225,1488.30912,159.56135988924024,636.0061405126371
