name,transf,client,payoff,total
val_month_sac_gen_I_y_410,660.2636154384513,1488.30912,159.56135988924024,668.4841446723083
