name,transf,client,payoff,total
train_month_sac_gen_J_m_146,1886.7604254563198,4306.918592,422.3108412815719,1997.8473252621084
