name,transf,client,payoff,total,sessions
test_6month_sac_gen_1m_187,2860.651891797422,9929.387430399998,893.2217503396156,6175.51378826296,df_elaad_preproc_l6months.csv
