name,transf,client,payoff,total
test_month_sac_gen_J_s_228,577.7403353119665,1468.334912,148.50825484764397,742.0863218403895
