name,transf,client,payoff,total,sessions
test_6month_sac_pred_noise_5e_89,5146.709717976554,9929.387430399998,881.6875054342313,3900.9902069892128,df_elaad_preproc_l6months.csv
