name,transf,client,payoff,total
test_month_sac_gen_J_o_261,690.3177261030754,1468.334912,149.17516390639216,628.8420219905324
