name,transf,client,payoff,total,sessions
test_6month_sac_gen_2m_94,2948.698925048943,9929.387430399998,897.4875555656347,6083.2009497854215,df_elaad_preproc_l6months.csv
