name,transf,client,payoff,total
train_month_sac_gen_I_i_287,2064.012702102594,4306.918592,422.3108412815719,1820.595048615834
