name,transf,client,payoff,total,sessions
test_6month_sac_gen_2l_30,3367.2563675351557,9929.387430399998,886.8210602299855,5675.310002634857,df_elaad_preproc_l6months.csv
