name,transf,client,payoff,total
test_month_sac_gen_I_d_280,672.1953597124839,1468.334912,149.17516390639216,646.964388381124
