name,transf,client,payoff,total
test_month_sac_gen_J_c_422,674.8489193163399,1468.334912,149.17516390639216,644.310828777268
