name,transf,client,payoff,total
train_month_sac_gen_I_u_239,-85.5815946962328,4306.918592,422.3108412815719,3970.189345414661
