name,transf,client,payoff,total
val_month_sac_gen_J_r_173,643.9556896817571,1488.30912,159.56135988924024,684.7920704290025
