name,transf,client,payoff,total
val_month_sac_gen_J_i_461,639.276730846015,1488.30912,159.56135988924024,689.4710292647446
