name,transf,client,payoff,total,sessions
test_6month_sac_pred_noise_3b_25,3520.1892878841018,9929.387430399998,889.2877424740021,5519.910400041895,df_elaad_preproc_l6months.csv
