name,transf,client,payoff,total
test_month_sac_gen_J_g_433,680.5468437279837,1468.334912,149.17516390639216,638.6129043656241
