name,transf,client,payoff,total
val_month_sac_gen_J_l_486,591.4263328985905,1488.30912,159.56135988924024,737.321427212169
