name,transf,client,payoff,total
test_month_sac_gen_I_l_6,866.1324843080979,1468.334912,149.17516390639216,453.02726378550994
