name,transf,client,payoff,total
val_month_sac_gen_I_l_293,642.683251321847,1488.30912,159.56135988924024,686.0645087889127
