name,transf,client,payoff,total,sessions
test_6month_sac_pred_noise_5a_95,2947.1444256484547,9929.387430399998,881.6875054342313,6100.555499317312,df_elaad_preproc_l6months.csv
