name,transf,client,payoff,total
val_month_sac_gen_J_g_59,681.2806121821912,1488.30912,159.56135988924024,647.4671479285685
