name,transf,client,payoff,total
test_month_sac_gen_I_m_32,694.4978379004065,1468.334912,149.17516390639216,624.6619101932014
