name,transf,client,payoff,total,sessions
test_6month_sac_pred_noise_1a_194,2821.374114911181,9929.387430399998,893.2217503396156,6214.791565149201,df_elaad_preproc_l6months.csv
