name,transf,client,payoff,total
train_month_sac_c_197,1089.2432196747027,2289.492687923877,157.2012507240518,1043.0482175251225
