name,transf,client,payoff,total
val_month_sac_gen_d_16,744.8367963940073,1349.0472576000002,118.32161810264896,485.888843103344
