name,transf,client,payoff,total
train_month_sac_gen_I_z_199,161.7027871123148,4306.918592,419.71118062925393,3725.5046242584312
