name,transf,client,payoff,total,sessions
test_6month_sac_gen_5l_89,3012.6309863197084,9929.387430399998,886.8210602299855,6029.935383850305,df_elaad_preproc_l6months.csv
