name,transf,client,payoff,total,sessions
test_6month_sac_gen_2l_163,2865.2138771603913,9929.387430399998,886.8210602299855,6177.352493009621,df_elaad_preproc_l6months.csv
