name,transf,client,payoff,total,sessions
test_6month_sac_gen_3m_92,2985.3116856788806,9929.387430399998,889.2877424740021,6054.788002247116,df_elaad_preproc_l6months.csv
