name,transf,client,payoff,total
test_month_sac_gen_J_s_356,573.4482518599212,1468.334912,148.50825484764397,746.3784052924348
