name,transf,client,payoff,total
val_month_sac_gen_I_m_4,730.096614116226,1488.30912,159.56135988924024,598.6511459945336
