name,transf,client,payoff,total
train_month_sac_gen_J_o_438,2010.3477889939475,4306.918592,422.3108412815719,1874.2599617244805
