name,transf,client,payoff,total,sessions
test_6month_sac_gen_4m_193,2915.6682654980154,9929.387430399998,891.2211003728393,6122.498064529143,df_elaad_preproc_l6months.csv
