name,transf,client,payoff,total
test_month_sac_gen_J_n_44,798.2889551122278,1468.334912,149.17516390639216,520.8707929813801
