name,transf,client,payoff,total
val_month_sac_gen_G_b_10,779.284012792874,1488.30912,159.09496226131247,549.9301449458134
