name,transf,client,payoff,total
test_month_sac_gen_I_e_312,629.1970665667196,1468.334912,148.50825484764397,690.6295905856364
