name,transf,client,payoff,total,sessions
test_6month_sac_pred_noise_5c_79,3654.8281658729675,9929.387430399998,881.6875054342313,5392.871759092799,df_elaad_preproc_l6months.csv
