name,transf,client,payoff,total
test_month_sac_gen_I_d_389,661.2158729679912,1468.334912,149.17516390639216,657.9438751256166
