name,transf,client,payoff,total
test_month_sac_gen_I_c_466,683.3730021378036,1468.334912,149.17516390639216,635.7867459558042
