name,transf,client,payoff,total
test_month_sac_gen_J_p_87,669.0408135810633,1468.334912,149.17516390639216,650.1189345125446
