name,transf,client,payoff,total
train_month_sac_gen_J_w_130,1936.073202719158,4306.918592,419.4432142053772,1951.4021750754648
