name,transf,client,payoff,total
test_month_sac_gen_J_i_485,738.2621587882118,1468.334912,149.17516390639216,580.8975893053961
