name,transf,client,payoff,total
train_month_sac_gen_I_t_21,2146.6448807430957,4306.918592,419.3769601367892,1740.8967511201151
