name,transf,client,payoff,total,sessions
test_6month_sac_gen_2n_144,2874.0178888435744,9929.387430399998,886.8210602299855,6168.5484813264375,df_elaad_preproc_l6months.csv
