name,transf,client,payoff,total
train_month_sac_gen_I_g_79,2496.00847598154,4306.918592,422.3108412815719,1388.5992747368882
