name,transf,client,payoff,total
val_month_sac_gen_J_k_91,599.7403576858131,1488.30912,159.56135988924024,729.0074024249466
