name,transf,client,payoff,total
test_month_sac_gen_I_a_392,699.92071387681,1468.334912,149.17516390639216,619.2390342167978
