name,transf,client,payoff,total
test_month_sac_gen_I_r_356,640.8645392456002,1468.334912,149.17516390639216,678.2952088480076
