name,transf,client,payoff,total
test_month_sac_gen_I_z_287,723.2280388389863,1468.334912,149.17516390639216,595.9317092546215
