name,transf,client,payoff,total
val_month_sac_gen_J_s_397,536.6766044788086,1488.30912,155.96206259448996,795.6704529267013
