name,transf,client,payoff,total,sessions
test_6month_sac_pred_noise_2b_249,3096.698356812736,9929.387430399998,897.4875555656347,5935.201518021628,df_elaad_preproc_l6months.csv
