name,transf,client,payoff,total
val_month_sac_gen_J_q_332,643.5293054478377,1488.30912,159.56135988924024,685.2184546629219
