name,transf,client,payoff,total
val_month_sac_gen_J_j_415,592.8913716666257,1488.30912,159.56135988924024,735.8563884441339
