name,transf,client,payoff,total,sessions
test_6month_sac_pred_noise_2c_111,3615.4453465508323,9929.387430399998,897.4875555656347,5416.4545282835315,df_elaad_preproc_l6months.csv
