name,transf,client,payoff,total
val_month_sac_gen_I_t_363,673.564641138828,1488.30912,159.56135988924024,655.1831189719317
