name,transf,client,payoff,total
test_month_sac_gen_I_h_269,710.8898659505419,1468.334912,149.17516390639216,608.269882143066
