name,transf,client,payoff,total
val_month_sac_gen_J_c_51,739.5479789668211,1488.30912,159.56135988924024,589.1997811439385
