name,transf,client,payoff,total
val_month_sac_gen_I_k_216,652.0845529150189,1488.30912,159.56135988924024,676.6632071957408
