name,transf,client,payoff,total
train_month_sac_gen_J_p_361,1996.6039570638404,4306.918592,422.3108412815719,1888.0037936545878
