name,transf,client,payoff,total
val_month_sac_gen_J_k_221,578.9374925521179,1488.30912,159.56135988924024,749.8102675586417
