name,transf,client,payoff,total
train_month_sac_gen_J_a_14,2319.32046944404,4306.918592,422.3108412815719,1565.287281274388
