name,transf,client,payoff,total
val_month_sac_gen_J_u_429,535.512755868476,1488.30912,155.96206259448996,796.834301537034
