name,transf,client,payoff,total
test_month_sac_gen_J_d_246,703.8467776438017,1468.334912,149.17516390639216,615.3129704498061
