name,transf,client,payoff,total
train_month_sac_gen_J_d_202,2057.1807131315522,4306.918592,422.3108412815719,1827.427037586876
