name,transf,client,payoff,total,sessions
test_6month_sac_gen_1o_81,3057.8088425365577,9929.387430399998,886.8210602299855,5984.7575276334555,df_elaad_preproc_l6months.csv
