name,transf,client,payoff,total
val_month_sac_gen_J_o_279,654.8191521360027,1488.30912,159.56135988924024,673.9286079747569
