name,transf,client,payoff,total
test_month_sac_gen_I_h_302,706.8746916977004,1468.334912,149.17516390639216,612.2850563959074
