name,transf,client,payoff,total
val_month_sac_gen_J_q_316,644.5598910876638,1488.30912,159.56135988924024,684.1878690230958
