name,transf,client,payoff,total
train_month_sac_gen_J_t_416,2008.7829119967155,4306.918592,417.9096673275943,1880.22601267569
