name,transf,client,payoff,total
val_month_sac_gen_J_f_51,690.2951766302009,1488.30912,159.56135988924024,638.4525834805588
