name,transf,client,payoff,total
test_month_sac_gen_I_g_368,869.0656428705804,1468.334912,149.17516390639216,450.09410522302744
