name,transf,client,payoff,total
val_month_sac_gen_I_t_85,723.7063996400309,1488.30912,159.56135988924024,605.0413604707287
