name,transf,client,payoff,total,sessions
test_6month_sac_gen_j_134,2922.499885269689,9929.387430399998,886.8210602299855,6120.066484900324,df_elaad_preproc_l6months.csv
