name,transf,client,payoff,total
val_month_sac_gen_I_e_90,633.1032980112421,1488.30912,155.96206259448996,699.2437593942677
