name,transf,client,payoff,total
train_month_sac_gen_J_p_333,1997.8205940501518,4306.918592,422.3108412815719,1886.787156668276
