name,transf,client,payoff,total
test_month_sac_gen_I_r_100,649.0664812487555,1468.334912,149.17516390639216,670.0932668448523
