name,transf,client,payoff,total,sessions
6month_sac_disagg_5e_LD,2857.9573684815336,9929.387430399998,886.8210602299855,6184.609001688479,df_elaad_preproc_l6months.csv
