name,transf,client,payoff,total
train_month_sac_gen_J_t_449,2009.5057547062179,4306.918592,417.9096673275943,1879.5031699661877
