name,transf,client,payoff,total
train_month_sac_gen_I_n_357,1895.2105476328106,4306.918592,422.3108412815719,1989.3972030856175
