name,transf,client,payoff,total
test_month_sac_gen_I_f_51,774.5407141443623,1468.334912,147.8419170286109,545.9522808270269
