name,transf,client,payoff,total
train_month_sac_c_575,1031.7502668744892,2289.492687923877,157.2012507240518,1100.541170325336
