name,transf,client,payoff,total
test_month_sac_gen_J_r_285,682.6994970148012,1468.334912,149.17516390639216,636.4602510788067
