name,transf,client,payoff,total
train_month_sac_gen_I_s_494,1625.9354155391134,4306.918592,422.3108412815719,2258.672335179315
