name,transf,client,payoff,total
train_month_sac_gen_J_g_1,2865.688043557281,4306.918592,422.3108412815719,1018.9197071611469
