name,transf,client,payoff,total,sessions
6month_sac_disagg_5c_P,2926.2491566771396,9929.387430399998,886.8210602299855,6116.317213492874,df_elaad_preproc_l6months.csv
