name,transf,client,payoff,total
test_month_sac_gen_I_v_116,694.1436956861352,1468.334912,149.17516390639216,625.0160524074727
