name,transf,client,payoff,total
val_month_sac_gen_J_u_128,593.5198786523539,1488.30912,155.96206259448996,738.827178753156
