name,transf,client,payoff,total
val_month_sac_gen_J_v_128,625.8673422456613,1488.30912,155.96206259448996,706.4797151598486
