name,transf,client,payoff,total
test_month_sac_gen_I_f_468,727.8072148358902,1468.334912,147.8419170286109,592.6857801354988
