name,transf,client,payoff,total
val_month_sac_c_370,1831.4932140673675,2277.450960542104,145.3079860330326,300.6497604417039
