name,transf,client,payoff,total
val_month_sac_gen_J_z_238,593.8806093318308,1488.30912,155.96206259448996,738.4664480736792
