name,transf,client,payoff,total
test_month_sac_gen_I_w_188,672.2856109622387,1468.334912,149.17516390639216,646.8741371313691
