name,transf,client,payoff,total,sessions
test_6month_sac_pred_noise_2e_256,5073.138886518105,9929.387430399998,897.4875555656347,3958.7609883162586,df_elaad_preproc_l6months.csv
