name,transf,client,payoff,total,sessions
test_6month_sac_gen_f_5,4051.490609842522,9929.387430399998,886.8210602299855,4991.075760327491,df_elaad_preproc_l6months.csv
