name,transf,client,payoff,total
train_month_sac_gen_I_r_405,1919.9784241247244,4306.918592,419.84382946365963,1967.096338411616
