name,transf,client,payoff,total
test_month_sac_gen_J_d_276,704.2995094380935,1468.334912,149.17516390639216,614.8602386555143
