name,transf,client,payoff,total
val_month_sac_gen_I_u_332,648.745759039846,1488.30912,159.56135988924024,680.0020010709136
