name,transf,client,payoff,total
train_month_sac_gen_J_n_321,1828.81322132028,4306.918592,422.3108412815719,2055.7945293981484
