name,transf,client,payoff,total
train_month_sac_gen_I_t_458,1959.9732238794968,4306.918592,422.5773063992423,1924.3680617212608
