name,transf,client,payoff,total,sessions
test_6month_sac_gen_3m_24,3240.153648430075,9929.387430399998,886.8210602299855,5802.412721739938,df_elaad_preproc_l6months.csv
