name,transf,client,payoff,total
test_month_sac_gen_I_b_115,697.9516825533791,1468.334912,149.17516390639216,621.2080655402287
