name,transf,client,payoff,total,sessions
test_6month_sac_gen_1o_85,3020.2076071123006,9929.387430399998,886.8210602299855,6022.358763057711,df_elaad_preproc_l6months.csv
