name,transf,client,payoff,total
val_month_sac_gen_J_u_121,601.5637825444203,1488.30912,155.96206259448996,730.7832748610897
