name,transf,client,payoff,total
test_month_sac_gen_G_b_221,644.361853661033,1468.334912,148.64140204911905,675.331656289848
