name,transf,client,payoff,total
train_month_sac_gen_I_h_113,2054.6275861373497,4306.918592,422.3108412815719,1829.9801645810785
