name,transf,client,payoff,total
val_month_sac_gen_I_x_65,716.7737035524661,1488.30912,159.56135988924024,611.9740565582936
