name,transf,client,payoff,total
val_month_sac_gen_I_q_33,777.9494686090372,1488.30912,159.56135988924024,550.7982915017224
