name,transf,client,payoff,total,sessions
train_month_sac_gen_G_e_188,525.6932643387016,1349.0472576000002,120.9208020079624,702.4331912533362,df_elaad_preproc_feb.csv
