name,transf,client,payoff,total
test_month_sac_gen_J_v_318,624.6511242543593,1468.334912,148.50825484764397,695.1755328979968
