name,transf,client,payoff,total
val_month_sac_gen_I_z_329,718.3898389135697,1488.30912,159.56135988924024,610.3579211971899
