name,transf,client,payoff,total
train_month_sac_c_910,1022.4915372789637,2289.492687923877,157.2012507240518,1109.7998999208614
