name,transf,client,payoff,total
test_month_sac_gen_I_a_418,693.8726056216007,1468.334912,149.17516390639216,625.2871424720072
