name,transf,client,payoff,total,sessions
test_6month_sac_gen_j_258,3044.820710648153,9929.387430399998,886.8210602299855,5997.745659521859,df_elaad_preproc_l6months.csv
