name,transf,client,payoff,total
test_month_sac_gen_I_i_40,753.7035550533569,1468.334912,149.17516390639216,565.4561930402509
