name,transf,client,payoff,total
test_month_sac_gen_J_z_228,593.6788459295425,1468.334912,148.50825484764397,726.1478112228135
