name,transf,client,payoff,total
test_month_sac_gen_I_c_197,689.3274898176535,1468.334912,149.17516390639216,629.8322582759544
