name,transf,client,payoff,total
test_month_sac_c_155,1086.0798297091465,1469.5622144,135.21440678133106,248.2679779095224
