name,transf,client,payoff,total
test_month_sac_gen_I_j_14,931.1822689921878,1468.334912,149.17516390639216,387.97747910142004
