name,transf,client,payoff,total
test_month_sac_gen_J_t_204,659.6123391362096,1468.334912,148.50825484764397,660.2143180161465
