name,transf,client,payoff,total,sessions
train_month_sac_pred_noise_c_134,754.3588702072013,1349.0472576000002,118.05422879188217,476.6341586009167,df_elaad_preproc_feb.csv
