name,transf,client,payoff,total,sessions
test_6month_sac_pred_noise_4e_210,5062.445228295758,9929.387430399998,891.2211003728393,3975.7211017314007,df_elaad_preproc_l6months.csv
