name,transf,client,payoff,total
test_month_sac_gen_J_c_475,682.7079711625051,1468.334912,149.17516390639216,636.4517769311027
