name,transf,client,payoff,total,sessions
test_6month_sac_gen_1l_101,2921.0610052471634,9929.387430399998,886.8210602299855,6121.5053649228485,df_elaad_preproc_l6months.csv
