name,transf,client,payoff,total
test_month_sac_gen_I_z_56,739.5380218364198,1468.334912,149.17516390639216,579.621726257188
