name,transf,client,payoff,total
train_month_sac_gen_b_7,1031.7136342988777,1469.5622144,142.094741946743,295.75383815437925
