name,transf,client,payoff,total,sessions
test_6month_sac_gen_2m_170,2931.5043830717573,9929.387430399998,897.4875555656347,6100.395491762607,df_elaad_preproc_l6months.csv
