name,transf,client,payoff,total
val_month_sac_gen_I_z_349,712.1081274604568,1488.30912,159.56135988924024,616.6396326503029
