name,transf,client,payoff,total,sessions
test_6month_sac_gen_4l_248,2975.6087748381588,9929.387430399998,886.8210602299855,6066.9575953318545,df_elaad_preproc_l6months.csv
