name,transf,client,payoff,total
test_month_sac_gen_I_d_378,662.1348742307548,1468.334912,149.17516390639216,657.024873862853
