name,transf,client,payoff,total
train_month_sac_gen_J_e_282,2018.389096798879,4306.918592,422.3108412815719,1866.218653919549
