name,transf,client,payoff,total,sessions
test_6month_sac_gen_2o_144,2886.8549176174465,9929.387430399998,886.8210602299855,6155.711452552567,df_elaad_preproc_l6months.csv
