name,transf,client,payoff,total
val_month_sac_gen_I_z_307,713.7794690965546,1488.30912,159.56135988924024,614.9682910142051
