name,transf,client,payoff,total
test_month_sac_gen_I_l_13,807.5666426683108,1468.334912,149.17516390639216,511.59310542529704
