name,transf,client,payoff,total
train_month_sac_gen_I_z_80,651.6776747752426,4306.918592,414.5094332228307,3240.731484001926
