name,transf,client,payoff,total,sessions
6month_sac_disagg_3d_LD,2938.2231853567287,9929.387430399998,886.8210602299855,6104.343184813284,df_elaad_preproc_l6months.csv
