name,transf,client,payoff,total
nov_Optim,472.0562581161288,2037.0915968,163.40270032085948,1401.6326383630117
