name,transf,client,payoff,total
train_month_sac_gen_J_u_140,1983.548141430419,4306.918592,426.37630364709565,1896.9941469224852
