name,transf,client,payoff,total
train_month_sac_gen_I_r_444,1884.718862016713,4306.918592,430.5772676482046,1991.6224623350822
