name,transf,client,payoff,total
val_month_sac_gen_J_f_123,657.5072430989562,1488.30912,159.56135988924024,671.2405170118034
