name,transf,client,payoff,total
train_month_sac_gen_I_y_191,315.126884089477,4306.918592,423.37737693028595,3568.4143309802366
