name,transf,client,payoff,total
test_month_sac_gen_I_w_455,646.7715187314885,1468.334912,149.17516390639216,672.3882293621193
