name,transf,client,payoff,total,sessions
test_6month_sac_gen_5l_165,2819.7553990096817,9929.387430399998,886.8210602299855,6222.81097116033,df_elaad_preproc_l6months.csv
