name,transf,client,payoff,total
val_month_sac_gen_J_g_295,647.7022461844904,1488.30912,159.56135988924024,681.0455139262692
