name,transf,client,payoff,total
test_month_sac_gen_I_b_346,691.6811363861327,1468.334912,149.17516390639216,627.4786117074751
