name,transf,client,payoff,total,sessions
test_6month_sac_pred_noise_2e_64,5160.084214687491,9929.387430399998,897.4875555656347,3871.8156601468727,df_elaad_preproc_l6months.csv
