name,transf,client,payoff,total
val_month_sac_gen_J_v_34,678.304498636223,1488.30912,155.96206259448996,654.0425587692869
