name,transf,client,payoff,total
test_month_sac_gen_I_w_476,644.1740279156384,1468.334912,149.17516390639216,674.9857201779695
