name,transf,client,payoff,total
val_month_sac_gen_J_j_16,736.7610421430861,1488.30912,159.56135988924024,591.9867179676735
