name,transf,client,payoff,total
test_month_sac_gen_I_m_452,663.1330738046344,1468.334912,149.17516390639216,656.0266742889735
