name,transf,client,payoff,total
train_month_sac_gen_I_v_445,-170.07654893063759,4306.918592,422.4446550408056,4054.550485889832
