name,transf,client,payoff,total,sessions
test_6month_sac_pred_noise_5a_56,3119.6823787562507,9929.387430399998,881.6875054342313,5928.017546209516,df_elaad_preproc_l6months.csv
