name,transf,client,payoff,total,sessions
test_6month_sac_pred_noise_1c_212,3555.847506110873,9929.387430399998,893.2217503396156,5480.318173949509,df_elaad_preproc_l6months.csv
