name,transf,client,payoff,total
train_month_sac_gen_I_k_417,2000.7731945781748,4306.918592,422.3108412815719,1883.8345561402534
