name,transf,client,payoff,total
test_month_sac_c_299,1041.330562823593,1469.5622144,135.21440678133106,293.01724479507584
