name,transf,client,payoff,total,sessions
test_6month_sac_gen_5m_158,2897.232319192683,9929.387430399998,886.8210602299855,6145.33405097733,df_elaad_preproc_l6months.csv
