name,transf,client,payoff,total
test_month_sac_gen_J_n_315,664.948569117555,1468.334912,149.17516390639216,654.2111789760528
