name,transf,client,payoff,total
test_month_sac_gen_I_p_452,752.4343169697217,1468.334912,149.17516390639216,566.7254311238861
