name,transf,client,payoff,total
val_month_sac_gen_J_a_288,645.2123912056288,1488.30912,159.56135988924024,683.5353689051308
