name,transf,client,payoff,total
val_month_sac_gen_I_z_235,706.2312417895675,1488.30912,159.56135988924024,622.516518321192
