name,transf,client,payoff,total
test_month_sac_gen_I_b_195,700.8388227419098,1468.334912,149.17516390639216,618.3209253516981
