name,transf,client,payoff,total
train_month_sac_gen_J_l_117,1922.9574699613686,4306.918592,422.3108412815719,1961.6502807570596
