name,transf,client,payoff,total
test_month_sac_gen_J_i_130,761.1465761787872,1468.334912,149.17516390639216,558.0131719148206
