name,transf,client,payoff,total
train_month_sac_gen_I_s_412,1587.2178311835135,4306.918592,422.3108412815719,2297.389919534915
