name,transf,client,payoff,total
test_month_sac_gen_J_n_404,648.5992068944959,1468.334912,149.17516390639216,670.560541199112
