name,transf,client,payoff,total
test_month_sac_gen_I_k_470,683.9151259369709,1468.334912,149.17516390639216,635.244622156637
