name,transf,client,payoff,total
val_month_sac_gen_J_s_141,570.0323857906363,1488.30912,155.96206259448996,762.3146716148735
