name,transf,client,payoff,total,sessions
test_6month_sac_pred_noise_3b_257,3138.359591588044,9929.387430399998,889.2877424740021,5901.740096337952,df_elaad_preproc_l6months.csv
