name,transf,client,payoff,total,sessions
test_6month_sac_pred_noise_5a_77,3031.5380067487918,9929.387430399998,881.6875054342313,6016.161918216976,df_elaad_preproc_l6months.csv
