name,transf,client,payoff,total,sessions
test_6month_sac_gen_j_268,3078.196678019741,9929.387430399998,886.8210602299855,5964.369692150272,df_elaad_preproc_l6months.csv
