name,transf,client,payoff,total
train_month_sac_gen_b_36,883.7815531692493,1469.5622144,142.094741946743,443.68591928400764
