name,transf,client,payoff,total
test_month_sac_gen_J_q_496,702.6061242747875,1468.334912,149.17516390639216,616.5536238188204
