name,transf,client,payoff,total,sessions
test_6month_sac_gen_5l_123,2840.5963207645864,9929.387430399998,886.8210602299855,6201.970049405427,df_elaad_preproc_l6months.csv
