name,transf,client,payoff,total
val_month_sac_gen_e_22,628.3230476483127,1349.0472576000002,118.32161810264896,602.4025918490386
