name,transf,client,payoff,total
val_month_sac_gen_I_v_67,682.8009217847741,1488.30912,159.56135988924024,645.9468383259855
