name,transf,client,payoff,total
test_month_sac_gen_J_r_310,681.7730482201594,1468.334912,149.17516390639216,637.3866998734485
