name,transf,client,payoff,total,sessions
test_6month_sac_gen_5m_52,3114.813127268145,9929.387430399998,886.8210602299855,5927.753242901868,df_elaad_preproc_l6months.csv
