name,transf,client,payoff,total
test_month_sac_gen_I_m_458,671.9688018463871,1468.334912,149.17516390639216,647.1909462472207
