name,transf,client,payoff,total
test_month_sac_gen_G_b_101,667.5750979063849,1468.334912,148.64140204911905,652.118412044496
