name,transf,client,payoff,total
test_month_sac_gen_I_j_268,718.6938969512619,1468.334912,149.17516390639216,600.465851142346
