name,transf,client,payoff,total
test_month_sac_gen_I_y_21,727.5674844450616,1468.334912,149.17516390639216,591.5922636485462
