name,transf,client,payoff,total
test_month_sac_gen_I_t_169,705.7427433183227,1468.334912,149.17516390639216,613.4170047752851
