name,transf,client,payoff,total
train_month_sac_gen_J_d_412,2021.915629697813,4306.918592,422.3108412815719,1862.692121020615
