name,transf,client,payoff,total
test_month_sac_gen_J_m_67,718.6517029693155,1468.334912,149.17516390639216,600.5080451242924
