name,transf,client,payoff,total,sessions
test_6month_sac_pred_noise_1e_115,5263.4653556036255,9929.387430399998,893.2217503396156,3772.7003244567572,df_elaad_preproc_l6months.csv
