name,transf,client,payoff,total,sessions
test_6month_sac_gen_a_92,2985.712163043828,9929.387430399998,886.8210602299855,6056.854207126185,df_elaad_preproc_l6months.csv
