name,transf,client,payoff,total,sessions
test_6month_sac_pred_noise_4b_150,3189.9522296038476,9929.387430399998,891.2211003728393,5848.214100423312,df_elaad_preproc_l6months.csv
