name,transf,client,payoff,total
test_month_sac_gen_I_n_85,674.1125071378888,1468.334912,149.17516390639216,645.0472409557191
