name,transf,client,payoff,total,sessions
test_6month_sac_pred_noise_5c_131,3641.6617809832783,9929.387430399998,881.6875054342313,5406.038143982489,df_elaad_preproc_l6months.csv
