name,transf,client,payoff,total
train_month_sac_gen_J_q_157,2061.162029160283,4306.918592,422.3108412815719,1823.4457215581451
