name,transf,client,payoff,total
val_month_sac_gen_J_l_144,621.868629624978,1488.30912,159.56135988924024,706.8791304857816
