name,transf,client,payoff,total
test_month_sac_gen_I_d_446,661.2191446642995,1468.334912,149.17516390639216,657.9406034293083
