name,transf,client,payoff,total
test_month_sac_gen_I_a_156,710.3347636783808,1468.334912,149.17516390639216,608.824984415227
