name,transf,client,payoff,total,sessions
test_6month_sac_pred_noise_4e_69,5264.613305757102,9929.387430399998,891.2211003728393,3773.5530242700565,df_elaad_preproc_l6months.csv
