name,transf,client,payoff,total,sessions
test_6month_sac_gen_3m_1,5750.3462576040465,9929.387430399998,886.8210602299855,3292.2201125659662,df_elaad_preproc_l6months.csv
