name,transf,client,payoff,total
train_sac_c_56,66945.14228105237,149467.68812980913,8931.975524612415,73590.57032414436
