name,transf,client,payoff,total
test_month_sac_gen_b_22,743.6028491991362,1488.30912,159.56135988924024,585.1449109116234
