name,transf,client,payoff,total,sessions
test_6month_sac_pred_noise_1e_165,5273.952846878186,9929.387430399998,893.2217503396156,3762.2128331821964,df_elaad_preproc_l6months.csv
