name,transf,client,payoff,total
val_month_sac_gen_I_m_128,653.4290023730907,1488.30912,159.56135988924024,675.3187577376689
