name,transf,client,payoff,total
test_month_sac_gen_J_x_234,744.2680523548407,1468.334912,149.17516390639216,574.8916957387671
