name,transf,client,payoff,total
test_month_sac_gen_J_d_398,697.0548840265922,1468.334912,149.17516390639216,622.1048640670157
