name,transf,client,payoff,total
val_month_sac_gen_J_s_418,535.993545903219,1488.30912,155.96206259448996,796.353511502291
