name,transf,client,payoff,total,sessions
test_6month_sac_pred_noise_1e_88,5160.581919246391,9929.387430399998,893.2217503396156,3875.5837608139914,df_elaad_preproc_l6months.csv
