name,transf,client,payoff,total,sessions
test_6month_sac_pred_noise_5c_60,3635.8153949474354,9929.387430399998,881.6875054342313,5411.884530018331,df_elaad_preproc_l6months.csv
