name,transf,client,payoff,total
val_month_sac_gen_J_d_111,669.5621994678936,1488.30912,159.56135988924024,659.185560642866
