name,transf,client,payoff,total
test_month_sac_gen_I_e_197,634.9218930201,1468.334912,148.50825484764397,684.9047641322561
