name,transf,client,payoff,total
val_month_sac_gen_I_k_269,644.1127673867659,1488.30912,159.56135988924024,684.6349927239937
