name,transf,client,payoff,total
train_month_sac_gen_c_35,715.6253311614303,1469.5622144,142.094741946743,611.8421412918267
