name,transf,client,payoff,total
test_month_sac_gen_I_l_458,690.76518073429,1468.334912,149.17516390639216,628.3945673593179
