name,transf,client,payoff,total
train_month_sac_gen_J_h_191,2083.8993608387764,4306.918592,422.3108412815719,1800.7083898796518
