name,transf,client,payoff,total
test_month_sac_gen_I_f_324,735.0870923634602,1468.334912,147.8419170286109,585.405902607929
