name,transf,client,payoff,total
train_month_sac_gen_J_w_22,2256.8389422029018,4306.918592,420.24305075144946,1629.8365990456487
