name,transf,client,payoff,total
train_month_sac_gen_I_p_201,2198.969640303423,4306.918592,422.3108412815719,1685.638110415005
