name,transf,client,payoff,total,sessions
test_6month_sac_gen_c_113,3023.618635966529,9929.387430399998,886.8210602299855,6018.947734203484,df_elaad_preproc_l6months.csv
