name,transf,client,payoff,total
train_month_sac_gen_J_p_346,1994.9513282988858,4306.918592,422.3108412815719,1889.6564224195427
