name,transf,client,payoff,total
test_month_sac_gen_J_f_484,672.6382265099053,1468.334912,149.17516390639216,646.5215215837026
