name,transf,client,payoff,total,sessions
test_6month_sac_gen_1m_153,3019.9044509853857,9929.387430399998,886.8210602299855,6022.661919184628,df_elaad_preproc_l6months.csv
