name,transf,client,payoff,total,sessions
test_6month_sac_pred_noise_1b_168,3078.4226937696076,9929.387430399998,893.2217503396156,5957.742986290775,df_elaad_preproc_l6months.csv
