name,transf,client,payoff,total,sessions
test_6month_sac_pred_noise_3d_138,4414.277282462754,9929.387430399998,889.2877424740021,4625.822405463243,df_elaad_preproc_l6months.csv
