name,transf,client,payoff,total
test_month_sac_gen_I_r_66,676.5028143951165,1468.334912,149.17516390639216,642.6569336984913
