name,transf,client,payoff,total
month_sac_IX_b,1097.0832138433398,1469.5622144,139.28139278436538,233.19760777229476
