name,transf,client,payoff,total
train_month_sac_gen_I_b_222,1978.8518456963257,4306.918592,422.3108412815719,1905.7559050221025
