name,transf,client,payoff,total
test_month_sac_gen_I_k_64,743.2678830092566,1468.334912,149.17516390639216,575.8918650843513
