name,transf,client,payoff,total
val_month_sac_gen_J_f_326,636.964163519991,1488.30912,159.56135988924024,691.7835965907686
