name,transf,client,payoff,total
test_month_sac_gen_J_r_264,687.8364465609112,1468.334912,149.17516390639216,631.3233015326966
