name,transf,client,payoff,total,sessions
test_6month_sac_gen_2o_131,2880.693633308824,9929.387430399998,886.8210602299855,6161.872736861189,df_elaad_preproc_l6months.csv
