name,transf,client,payoff,total
val_month_sac_gen_I_f_439,650.0376813086058,1488.30912,158.8282254603323,679.4432132310618
