name,transf,client,payoff,total
train_month_sac_gen_J_c_301,2067.972964372217,4306.918592,422.3108412815719,1816.634786346211
