name,transf,client,payoff,total
val_month_sac_gen_J_q_346,644.4091625120533,1488.30912,159.56135988924024,684.3385975987064
