name,transf,client,payoff,total
val_month_sac_gen_I_b_385,614.5799906550756,1488.30912,159.56135988924024,714.167769455684
