name,transf,client,payoff,total
test_month_sac_gen_J_s_461,565.7017705385572,1468.334912,148.50825484764397,754.1248866137989
