name,transf,client,payoff,total
val_month_sac_gen_J_f_217,645.6099212930224,1488.30912,159.56135988924024,683.1378388177372
