name,transf,client,payoff,total
test_month_sac_gen_I_s_163,694.1148413372257,1468.334912,149.17516390639216,625.0449067563821
