name,transf,client,payoff,total
test_month_sac_gen_I_t_207,705.2930725341249,1468.334912,149.17516390639216,613.8666755594829
