name,transf,client,payoff,total
test_month_sac_gen_I_s_36,696.2315835309838,1468.334912,149.17516390639216,622.928164562624
