name,transf,client,payoff,total
train_month_sac_gen_J_m_55,2047.570699839881,4306.918592,422.3108412815719,1837.0370508785472
