name,transf,client,payoff,total,sessions
test_6month_sac_gen_1n_53,3115.410355583361,9929.387430399998,886.8210602299855,5927.1560145866515,df_elaad_preproc_l6months.csv
