name,transf,client,payoff,total
train_month_sac_gen_J_n_279,1836.7483720118212,4306.918592,422.3108412815719,2047.859378706607
