name,transf,client,payoff,total
val_month_sac_gen_J_f_272,638.2944157704563,1488.30912,159.56135988924024,690.4533443403034
