name,transf,client,payoff,total
train_month_sac_gen_I_n_198,1909.7150943236331,4306.918592,422.3108412815719,1974.8926563947953
