name,transf,client,payoff,total,sessions
test_6month_sac_pred_noise_4e_186,5035.179341939242,9929.387430399998,891.2211003728393,4002.9869880879173,df_elaad_preproc_l6months.csv
