name,transf,client,payoff,total
test_month_sac_gen_I_k_174,709.7534169788989,1468.334912,149.17516390639216,609.4063311147089
