name,transf,client,payoff,total
train_month_sac_gen_I_v_334,-156.41092909397287,4306.918592,422.4446550408056,4040.8848660531676
