name,transf,client,payoff,total
test_month_sac_gen_I_f_145,757.6215645212494,1468.334912,147.8419170286109,562.8714304501398
