name,transf,client,payoff,total
val_month_sac_gen_J_u_258,554.9094541055049,1488.30912,155.96206259448996,777.4376033000051
