name,transf,client,payoff,total
train_month_sac_gen_I_k_43,2174.1635898037052,4306.918592,422.3108412815719,1710.444160914723
