name,transf,client,payoff,total
val_month_sac_gen_J_k_186,585.5284033473581,1488.30912,159.56135988924024,743.2193567634015
