name,transf,client,payoff,total
test_month_sac_gen_e_49,702.1713619149915,1488.30912,159.56135988924024,626.5763981957682
