name,transf,client,payoff,total
val_month_sac_gen_I_g_261,800.4233491575519,1488.30912,159.56135988924024,528.3244109532077
