name,transf,client,payoff,total
test_month_sac_gen_J_v_467,621.5705682788264,1468.334912,148.50825484764397,698.2560888735297
