name,transf,client,payoff,total,sessions
test_6month_sac_gen_2m_82,2938.3654006063844,9929.387430399998,897.4875555656347,6093.534474227979,df_elaad_preproc_l6months.csv
