name,transf,client,payoff,total
test_month_sac_gen_I_q_287,770.9696003281507,1468.334912,149.17516390639216,548.1901477654571
