name,transf,client,payoff,total
train_month_sac_gen_I_a_377,2013.5543483388078,4306.918592,422.3108412815719,1871.0534023796204
