name,transf,client,payoff,total
test_month_sac_gen_J_n_188,692.9461694388643,1468.334912,149.17516390639216,626.2135786547435
