name,transf,client,payoff,total,sessions
test_6month_sac_pred_noise_1c_194,3454.9934308527913,9929.387430399998,893.2217503396156,5581.1722492075905,df_elaad_preproc_l6months.csv
