name,transf,client,payoff,total
val_month_sac_gen_I_y_437,661.8219092605513,1488.30912,159.56135988924024,666.9258508502085
