name,transf,client,payoff,total
val_month_sac_gen_J_z_102,662.332468173369,1488.30912,155.96206259448996,670.0145892321409
