name,transf,client,payoff,total
test_month_sac_gen_J_q_251,693.5169721017578,1468.334912,149.17516390639216,625.64277599185
