name,transf,client,payoff,total
val_month_sac_gen_I_g_192,811.2980285043693,1488.30912,159.56135988924024,517.4497316063903
