name,transf,client,payoff,total,sessions
test_6month_sac_gen_g_94,3095.6173788249625,9929.387430399998,886.8210602299855,5946.948991345051,df_elaad_preproc_l6months.csv
