name,transf,client,payoff,total
test_month_sac_gen_J_l_257,661.4254711401686,1468.334912,149.17516390639216,657.7342769534392
