name,transf,client,payoff,total
test_month_sac_c_107,1134.958294666747,1469.5622144,135.21440678133106,199.3895129519219
