name,transf,client,payoff,total
test_month_sac_gen_J_v_183,660.0299891735181,1468.334912,148.50825484764397,659.7966679788381
