name,transf,client,payoff,total
train_month_sac_gen_J_s_212,1888.795457606935,4306.918592,426.37630364709565,1991.7468307459692
