name,transf,client,payoff,total,sessions
test_6month_sac_pred_noise_4c_202,3555.7533160119124,9929.387430399998,891.2211003728393,5482.4130140152465,df_elaad_preproc_l6months.csv
