name,transf,client,payoff,total,sessions
test_6month_sac_pred_noise_5c_224,3483.3044877948323,9929.387430399998,881.6875054342313,5564.395437170935,df_elaad_preproc_l6months.csv
