name,transf,client,payoff,total
val_month_sac_gen_J_a_114,660.428659533471,1488.30912,159.56135988924024,668.3191005772887
