name,transf,client,payoff,total
train_month_sac_gen_J_s_367,1826.8316683391827,4306.918592,418.7107468279572,2061.37617683286
