name,transf,client,payoff,total
test_month_sac_gen_I_q_116,777.7565123648528,1468.334912,149.17516390639216,541.403235728755
