name,transf,client,payoff,total
test_month_sac_gen_I_z_196,734.3228734381175,1468.334912,149.17516390639216,584.8368746554903
