name,transf,client,payoff,total,sessions
train_month_sac_pred_noise_a_38,614.2112727721025,1349.0472576000002,120.92130685091087,613.9146779769869,df_elaad_preproc_feb.csv
