name,transf,client,payoff,total
test_month_sac_gen_J_v_480,624.2943287597302,1468.334912,148.50825484764397,695.5323283926259
