name,transf,client,payoff,total,sessions
test_6month_sac_gen_1o_147,2907.226161547691,9929.387430399998,886.8210602299855,6135.340208622321,df_elaad_preproc_l6months.csv
