name,transf,client,payoff,total
train_month_sac_gen_J_m_337,1804.518133663944,4306.918592,422.3108412815719,2080.0896170544843
