name,transf,client,payoff,total
train_month_sac_gen_J_p_264,2005.0068279784953,4306.918592,422.3108412815719,1879.6009227399327
