name,transf,client,payoff,total
test_month_sac_gen_G_a_85,668.4658329712033,1468.334912,148.50825484764397,651.3608241811528
