name,transf,client,payoff,total,sessions
test_6month_sac_gen_5l_168,2854.7109382736517,9929.387430399998,886.8210602299855,6187.855431896362,df_elaad_preproc_l6months.csv
