name,transf,client,payoff,total,sessions
test_6month_sac_pred_noise_5d_154,4488.470366911498,9929.387430399998,881.6875054342313,4559.229558054269,df_elaad_preproc_l6months.csv
