name,transf,client,payoff,total
train_month_sac_gen_I_y_289,127.42543388389726,4306.918592,420.4438324377625,3759.04932567834
