name,transf,client,payoff,total
train_month_sac_gen_J_s_329,1855.9465682257223,4306.918592,417.57725164958947,2033.3947721246882
