name,transf,client,payoff,total
train_month_sac_gen_J_t_200,2051.46536817344,4306.918592,417.9096673275943,1837.5435564989657
