name,transf,client,payoff,total,sessions
test_6month_sac_gen_j_254,2993.1527707819914,9929.387430399998,886.8210602299855,6049.413599388021,df_elaad_preproc_l6months.csv
