name,transf,client,payoff,total
val_month_sac_gen_J_o_124,664.9082036229486,1488.30912,159.56135988924024,663.839556487811
