name,transf,client,payoff,total
train_month_sac_gen_J_d_5,2350.443648607502,4306.918592,422.3108412815719,1534.1641021109263
