name,transf,client,payoff,total
test_month_sac_gen_I_p_66,786.2431751335882,1468.334912,149.17516390639216,532.9165729600196
