name,transf,client,payoff,total
test_month_sac_gen_c_40,761.4412989815647,1488.30912,159.56135988924024,567.306461129195
