name,transf,client,payoff,total
test_month_sac_gen_I_e_491,646.1314833761172,1468.334912,148.50825484764397,673.6951737762388
