name,transf,client,payoff,total
month_sac_IX_c,961.7876113372547,1469.5622144,137.54759836413058,370.2270046986146
