name,transf,client,payoff,total
test_month_sac_gen_J_e_479,687.0474997557426,1468.334912,149.17516390639216,632.1122483378653
