name,transf,client,payoff,total,sessions
test_6month_sac_pred_noise_3a_23,3368.030358678604,9929.387430399998,889.2877424740021,5672.0693292473925,df_elaad_preproc_l6months.csv
