name,transf,client,payoff,total
test_month_sac_gen_J_h_87,774.0265859890709,1468.334912,149.17516390639216,545.133162104537
