name,transf,client,payoff,total
month_sac_IX_g,1143.4671326362145,1469.5622144,136.28165184295898,189.81342992082642
