name,transf,client,payoff,total,sessions
test_6month_sac_pred_noise_1a_187,2914.7032079176947,9929.387430399998,893.2217503396156,6121.462472142687,df_elaad_preproc_l6months.csv
