name,transf,client,payoff,total,sessions
test_6month_sac_gen_a_99,2949.7123567002463,9929.387430399998,886.8210602299855,6092.854013469767,df_elaad_preproc_l6months.csv
