name,transf,client,payoff,total,sessions
test_6month_sac_gen_a_186,2975.0350373440306,9929.387430399998,886.8210602299855,6067.531332825982,df_elaad_preproc_l6months.csv
