name,transf,client,payoff,total
val_month_sac_gen_J_q_302,650.2733406975485,1488.30912,159.56135988924024,678.4744194132111
