name,transf,client,payoff,total
train_month_sac_gen_J_k_456,1754.9215357900973,4306.918592,422.3108412815719,2129.6862149283306
