name,transf,client,payoff,total
test_month_sac_gen_e_20,715.023897398557,1488.30912,159.56135988924024,613.7238627122026
