name,transf,client,payoff,total
val_month_sac_gen_I_p_86,727.4487500919613,1488.30912,159.56135988924024,601.2990100187983
