name,transf,client,payoff,total
month_sac_IX_g,1138.1683848881707,1469.5622144,138.61466958452303,192.77915992730613
