name,transf,client,payoff,total,sessions
test_6month_sac_gen_f_237,2844.582598177366,9929.387430399998,886.8210602299855,6197.983771992647,df_elaad_preproc_l6months.csv
