name,transf,client,payoff,total
val_month_sac_gen_I_p_498,721.3495198537986,1488.30912,159.56135988924024,607.3982402569611
