name,transf,client,payoff,total
val_month_sac_gen_J_j_60,665.9132248444064,1488.30912,159.56135988924024,662.8345352663532
