name,transf,client,payoff,total
val_month_sac_gen_G_b_151,640.1288718071048,1488.30912,159.09496226131247,689.0852859315826
