name,transf,client,payoff,total,sessions
test_6month_sac_pred_noise_2e_299,5262.156251091312,9929.387430399998,897.4875555656347,3769.743623743052,df_elaad_preproc_l6months.csv
