name,transf,client,payoff,total
test_month_sac_gen_I_s_19,731.7891645061594,1468.334912,149.17516390639216,587.3705835874484
