name,transf,client,payoff,total
test_month_sac_gen_I_n_200,658.5255782480248,1468.334912,149.17516390639216,660.6341698455831
