name,transf,client,payoff,total
val_month_sac_gen_J_f_278,640.9554156669328,1488.30912,159.56135988924024,687.7923444438268
