name,transf,client,payoff,total
test_month_sac_c_884,1019.8436036595431,1469.5622144,135.21440678133106,314.5042039591258
