name,transf,client,payoff,total
train_month_sac_gen_J_d_59,2153.357535003671,4306.918592,422.3108412815719,1731.2502157147574
