name,transf,client,payoff,total
train_month_sac_gen_I_m_238,2024.5292847963108,4306.918592,422.3108412815719,1860.0784659221172
