name,transf,client,payoff,total
train_month_sac_gen_J_c_4,2561.6130840719998,4306.918592,422.3108412815719,1322.9946666464284
