name,transf,client,payoff,total
train_month_sac_gen_I_q_363,2258.1972120355413,4306.918592,422.3108412815719,1626.410538682887
