name,transf,client,payoff,total
test_month_sac_gen_I_y_465,679.4059421992176,1468.334912,149.17516390639216,639.7538058943902
