name,transf,client,payoff,total
val_month_sac_gen_I_r_469,593.5255215260846,1488.30912,159.56135988924024,735.2222385846751
