name,transf,client,payoff,total
val_month_sac_gen_J_i_39,710.5796939166083,1488.30912,159.56135988924024,618.1680661941514
