name,transf,client,payoff,total,sessions
test_6month_sac_pred_noise_2e_215,5282.795822045867,9929.387430399998,897.4875555656347,3749.104052788497,df_elaad_preproc_l6months.csv
