name,transf,client,payoff,total
train_month_sac_gen_J_n_221,1868.476763981985,4306.918592,422.3108412815719,2016.1309867364434
