name,transf,client,payoff,total,sessions
test_6month_sac_gen_4l_181,2833.2041259928574,9929.387430399998,886.8210602299855,6209.362244177155,df_elaad_preproc_l6months.csv
