name,transf,client,payoff,total
train_month_sac_gen_I_u_372,-128.86007840056342,4306.918592,422.3108412815719,4013.467829118991
