name,transf,client,payoff,total
val_month_sac_gen_I_a_430,642.8404017940915,1488.30912,159.56135988924024,685.9073583166683
