name,transf,client,payoff,total
test_month_sac_gen_J_u_86,607.9007873261628,1468.334912,148.50825484764397,711.9258698261933
