name,transf,client,payoff,total
test_month_sac_gen_J_h_158,746.9641350490568,1468.334912,149.17516390639216,572.195613044551
