name,transf,client,payoff,total
val_month_sac_gen_I_e_11,702.4754954926863,1488.30912,155.96206259448996,629.8715619128236
