name,transf,client,payoff,total
train_month_sac_gen_I_g_307,2507.083932167847,4306.918592,422.3108412815719,1377.5238185505814
