name,transf,client,payoff,total
train_month_sac_gen_J_u_268,1899.0772145250626,4306.918592,424.7768593831057,1983.0645180918318
