name,transf,client,payoff,total
val_month_sac_gen_I_z_273,713.1567563795517,1488.30912,159.56135988924024,615.591003731208
