name,transf,client,payoff,total
test_month_sac_gen_I_j_411,706.9595084166539,1468.334912,149.17516390639216,612.200239676954
