name,transf,client,payoff,total
test_month_sac_gen_J_h_84,774.0427150330768,1468.334912,149.17516390639216,545.1170330605311
