name,transf,client,payoff,total
val_month_sac_gen_J_d_273,652.2859813996035,1488.30912,159.56135988924024,676.4617787111561
