name,transf,client,payoff,total,sessions
test_6month_sac_pred_noise_4c_169,3537.4574120614325,9929.387430399998,891.2211003728393,5500.708917965727,df_elaad_preproc_l6months.csv
