name,transf,client,payoff,total
train_month_sac_gen_I_v_158,-9.406166285943357,4306.918592,419.64414295604405,3896.680615329899
