name,transf,client,payoff,total,sessions
test_6month_sac_gen_4l_144,2900.3369821226343,9929.387430399998,886.8210602299855,6142.229388047379,df_elaad_preproc_l6months.csv
