name,transf,client,payoff,total,sessions
test_6month_sac_gen_i_266,2725.4448218690623,9929.387430399998,886.8210602299855,6317.121548300951,df_elaad_preproc_l6months.csv
