name,transf,client,payoff,total
val_month_sac_gen_J_o_50,699.480799027267,1488.30912,159.56135988924024,629.2669610834926
