name,transf,client,payoff,total
test_month_sac_gen_J_a_270,694.6087469606549,1468.334912,149.17516390639216,624.5510011329529
