name,transf,client,payoff,total
train_month_sac_gen_J_k_30,2048.7576830731778,4306.918592,422.3108412815719,1835.8500676452504
