name,transf,client,payoff,total
val_month_sac_gen_I_p_121,716.8577364928918,1488.30912,159.56135988924024,611.8900236178679
