name,transf,client,payoff,total
val_month_sac_gen_I_y_281,661.2443671532653,1488.30912,159.56135988924024,667.5033929574943
