name,transf,client,payoff,total
val_month_sac_gen_J_t_62,644.8146348997307,1488.30912,155.96206259448996,687.5324225057793
