name,transf,client,payoff,total
test_month_sac_gen_J_x_263,733.9552400964761,1468.334912,149.17516390639216,585.2045079971317
