name,transf,client,payoff,total
val_month_sac_c_966,1823.9847235542,2277.450960542104,145.3079860330326,308.15825095487145
