name,transf,client,payoff,total
test_month_sac_gen_I_k_179,705.3413836156906,1468.334912,149.17516390639216,613.8183644779173
