name,transf,client,payoff,total
val_month_sac_gen_f_45,622.7671963913679,1349.0472576000002,118.32161810264896,607.9584431059834
