name,transf,client,payoff,total,sessions
test_6month_sac_pred_noise_5e_253,5129.667130979751,9929.387430399998,881.6875054342313,3918.032793986016,df_elaad_preproc_l6months.csv
