name,transf,client,payoff,total,sessions
test_6month_sac_pred_noise_2b_158,3053.2313554398884,9929.387430399998,897.4875555656347,5978.668519394476,df_elaad_preproc_l6months.csv
