name,transf,client,payoff,total
test_month_sac_gen_I_w_405,652.8630523896279,1468.334912,149.17516390639216,666.2966957039799
