name,transf,client,payoff,total,sessions
test_6month_sac_gen_5l_109,2895.7050120388703,9929.387430399998,886.8210602299855,6146.861358131142,df_elaad_preproc_l6months.csv
