name,transf,client,payoff,total
val_month_sac_gen_J_r_353,629.7465018291255,1488.30912,159.56135988924024,699.0012582816341
