name,transf,client,payoff,total
train_month_sac_gen_I_z_281,437.75161903554874,4306.918592,419.9103984556871,3449.256574508764
