name,transf,client,payoff,total,sessions
test_6month_sac_gen_5l_276,2815.287397464511,9929.387430399998,886.8210602299855,6227.278972705502,df_elaad_preproc_l6months.csv
