name,transf,client,payoff,total
train_month_sac_gen_J_t_308,2024.0709939664548,4306.918592,417.9096673275943,1864.9379307059507
