name,transf,client,payoff,total,sessions
test_6month_sac_gen_1o_100,3001.178054710905,9929.387430399998,886.8210602299855,6041.388315459108,df_elaad_preproc_l6months.csv
