name,transf,client,payoff,total
train_month_sac_gen_I_e_461,2040.1285692805745,4306.918592,417.9096673275943,1848.880355391831
