name,transf,client,payoff,total
test_month_sac_gen_J_n_7,940.28424559028,1468.334912,149.17516390639216,378.8755025033279
