name,transf,client,payoff,total
test_month_sac_gen_J_w_415,579.1962530257595,1468.334912,148.50825484764397,740.6304041265967
