name,transf,client,payoff,total
train_month_sac_gen_J_p_265,2003.5016567970856,4306.918592,422.3108412815719,1881.1060939213426
