name,transf,client,payoff,total
train_month_sac_gen_I_b_313,1969.3095783463884,4306.918592,422.3108412815719,1915.2981723720395
