name,transf,client,payoff,total
c_ASAP,14937.478644804076,18301.238246399997,0,3363.7596015959207
