name,transf,client,payoff,total
val_month_sac_gen_J_r_62,665.9063771441429,1488.30912,159.56135988924024,662.8413829666167
