name,transf,client,payoff,total,sessions
test_6month_sac_gen_3l_289,2851.0276456278975,9929.387430399998,886.8210602299855,6191.538724542115,df_elaad_preproc_l6months.csv
