name,transf,client,payoff,total
test_month_sac_gen_I_u_173,690.1139458855465,1468.334912,149.17516390639216,629.0458022080613
