name,transf,client,payoff,total
val_month_sac_gen_J_y_215,660.2312869114021,1488.30912,155.96206259448996,672.1157704941079
