name,transf,client,payoff,total
train_month_sac_gen_I_r_194,1963.473250532655,4306.918592,416.8441197447125,1926.6012217226328
