name,transf,client,payoff,total,sessions
test_6month_sac_gen_1l_130,2896.2269140286435,9929.387430399998,886.8210602299855,6146.33945614137,df_elaad_preproc_l6months.csv
