name,transf,client,payoff,total,sessions
test_6month_sac_gen_f_191,2869.731188920661,9929.387430399998,886.8210602299855,6172.835181249351,df_elaad_preproc_l6months.csv
