name,transf,client,payoff,total,sessions
test_6month_sac_pred_noise_2e_137,5248.559800196364,9929.387430399998,897.4875555656347,3783.3400746379994,df_elaad_preproc_l6months.csv
