name,transf,client,payoff,total
test_month_sac_gen_J_m_360,662.519363104809,1468.334912,149.17516390639216,656.6403849887988
