name,transf,client,payoff,total
train_month_sac_gen_J_f_77,2091.16276146449,4306.918592,422.3108412815719,1793.4449892539383
