name,transf,client,payoff,total
train_month_sac_gen_J_v_297,2052.9432673804345,4306.918592,417.9096673275943,1836.065657291971
