name,transf,client,payoff,total
test_month_sac_gen_I_z_383,736.3593123243475,1468.334912,149.17516390639216,582.8004357692604
