name,transf,client,payoff,total
val_month_sac_gen_I_w_365,661.9784741025052,1488.30912,159.56135988924024,666.7692860082545
