name,transf,client,payoff,total
val_month_sac_gen_I_x_287,706.2449277743245,1488.30912,159.56135988924024,622.5028323364352
