name,transf,client,payoff,total
test_month_sac_gen_I_c_31,712.1234188401986,1468.334912,149.17516390639216,607.0363292534092
