name,transf,client,payoff,total
test_month_sac_gen_I_m_73,683.9941933743239,1468.334912,149.17516390639216,635.1655547192839
