name,transf,client,payoff,total
val_month_sac_gen_J_v_144,617.2423230920784,1488.30912,155.96206259448996,715.1047343134314
