name,transf,client,payoff,total
test_month_sac_gen_J_d_367,706.4525486063274,1468.334912,149.17516390639216,612.7071994872805
