name,transf,client,payoff,total
test_month_sac_gen_I_x_85,756.5906840957248,1468.334912,149.17516390639216,562.5690639978831
