name,transf,client,payoff,total,sessions
test_6month_sac_gen_5m_164,2889.605542181765,9929.387430399998,886.8210602299855,6152.960827988247,df_elaad_preproc_l6months.csv
