name,transf,client,payoff,total
train_month_sac_gen_J_d_256,2043.6683538806883,4306.918592,422.3108412815719,1840.9393968377399
