name,transf,client,payoff,total,sessions
train_month_sac_pred_noise_b_209,540.7652550162798,1349.0472576000002,120.78779852147727,687.4942040622432,df_elaad_preproc_feb.csv
