name,transf,client,payoff,total,sessions
test_6month_sac_gen_2o_181,2915.5035881851827,9929.387430399998,886.8210602299855,6127.0627819848305,df_elaad_preproc_l6months.csv
