name,transf,client,payoff,total,sessions
test_6month_sac_gen_4l_175,2875.7164760228598,9929.387430399998,886.8210602299855,6166.8498941471535,df_elaad_preproc_l6months.csv
