name,transf,client,payoff,total
train_month_sac_gen_G_a_242,605.3937560743466,1488.30912,160.22823832801356,722.6871255976398
