name,transf,client,payoff,total
train_month_sac_gen_J_m_88,1951.632841008515,4306.918592,422.3108412815719,1932.974909709913
