name,transf,client,payoff,total
val_month_sac_gen_I_z_381,719.1798018629693,1488.30912,159.56135988924024,609.5679582477903
