name,transf,client,payoff,total
val_month_sac_gen_I_m_94,647.6475474281834,1488.30912,159.56135988924024,681.1002126825763
