name,transf,client,payoff,total
val_month_sac_gen_J_g_179,662.1059141078695,1488.30912,159.56135988924024,666.6418460028901
