name,transf,client,payoff,total
val_month_sac_gen_J_i_437,636.5203989271693,1488.30912,159.56135988924024,692.2273611835903
