name,transf,client,payoff,total
train_month_sac_c_329,1064.8859807785464,2289.492687923877,157.2012507240518,1067.4054564212788
