name,transf,client,payoff,total
test_month_sac_gen_I_c_409,675.9173480147417,1468.334912,149.17516390639216,643.2424000788661
