name,transf,client,payoff,total
train_month_sac_gen_I_r_227,1978.8209988463846,4306.918592,419.37702845510245,1908.720564698513
