name,transf,client,payoff,total,sessions
6month_sac_disagg_2d_LL,2863.8425130819387,9929.387430399998,886.8210602299855,6178.7238570880745,df_elaad_preproc_l6months.csv
