name,transf,client,payoff,total
val_month_sac_gen_I_k_274,643.7336430164652,1488.30912,159.56135988924024,685.0141170942945
