name,transf,client,payoff,total
test_month_sac_gen_I_x_339,746.5895364109333,1468.334912,149.17516390639216,572.5702116826745
