name,transf,client,payoff,total
train_month_sac_gen_J_p_366,1994.1293863127312,4306.918592,422.3108412815719,1890.478364405697
