name,transf,client,payoff,total
train_month_sac_gen_I_w_115,-7502.284344523546,4306.918592,422.3108412815719,11386.892095241974
