name,transf,client,payoff,total
val_month_sac_gen_I_h_394,637.1202052521662,1488.30912,159.56135988924024,691.6275548585934
