name,transf,client,payoff,total
test_month_sac_gen_I_o_256,736.4666013195747,1468.334912,149.17516390639216,582.6931467740332
