name,transf,client,payoff,total
train_month_sac_gen_I_o_251,2146.466609227518,4306.918592,422.3108412815719,1738.1411414909103
