name,transf,client,payoff,total
val_month_sac_gen_J_r_313,634.5802769729428,1488.30912,159.56135988924024,694.1674831378168
