name,transf,client,payoff,total
train_month_sac_gen_I_v_393,-65.53178590652874,4306.918592,423.44435901409236,3949.0060188924367
