name,transf,client,payoff,total
test_month_sac_gen_J_c_238,695.3876887494737,1468.334912,149.17516390639216,623.7720593441342
