name,transf,client,payoff,total,sessions
test_6month_sac_gen_2n_93,2972.667458519735,9929.387430399998,886.8210602299855,6069.898911650278,df_elaad_preproc_l6months.csv
