name,transf,client,payoff,total
val_month_sac_gen_J_p_358,638.8076995071731,1488.30912,159.56135988924024,689.9400606035865
