name,transf,client,payoff,total
train_month_sac_gen_I_d_259,1986.98271452823,4306.918592,422.3108412815719,1897.6250361901984
