name,transf,client,payoff,total
test_month_sac_gen_I_p_164,755.5997306860357,1468.334912,149.17516390639216,563.5600174075721
