name,transf,client,payoff,total
val_month_sac_c_270,1840.2751161182014,2277.450960542104,145.3079860330326,291.86785839087
