name,transf,client,payoff,total
val_month_sac_gen_J_m_281,607.498709736131,1488.30912,159.56135988924024,721.2490503746287
