name,transf,client,payoff,total
train_month_sac_gen_I_w_167,-7561.298291259347,4306.918592,422.3108412815719,11445.906041977774
