name,transf,client,payoff,total
train_month_sac_gen_J_g_268,2031.2298863373876,4306.918592,422.3108412815719,1853.3778643810406
