name,transf,client,payoff,total
test_month_sac_gen_J_j_178,656.385266753215,1468.334912,149.17516390639216,662.7744813403929
