name,transf,client,payoff,total
train_sac_c_c_9,115375.8187051228,149467.68812980913,8931.975524612415,25159.893900073916
