name,transf,client,payoff,total
test_month_sac_gen_I_m_89,682.5220460592557,1468.334912,149.17516390639216,636.6377020343522
