name,transf,client,payoff,total
train_month_sac_gen_J_w_222,1880.4301165515997,4306.918592,419.0438983161218,2007.4445771322783
