name,transf,client,payoff,total
train_month_sac_gen_J_r_251,2021.2017318387593,4306.918592,422.3108412815719,1863.4060188796689
