name,transf,client,payoff,total
test_month_sac_gen_J_c_306,686.3401516395519,1468.334912,149.17516390639216,632.819596454056
