name,transf,client,payoff,total,sessions
test_6month_sac_pred_noise_4c_65,3689.9556114864067,9929.387430399998,891.2211003728393,5348.210718540753,df_elaad_preproc_l6months.csv
