name,transf,client,payoff,total
test_month_sac_gen_I_p_95,768.6023777261103,1468.334912,149.17516390639216,550.5573703674976
