name,transf,client,payoff,total
val_month_sac_gen_I_b_226,629.1627735134371,1488.30912,159.56135988924024,699.5849865973225
