name,transf,client,payoff,total
test_month_sac_gen_J_s_59,624.8280107548453,1468.334912,148.50825484764397,694.9986463975108
