name,transf,client,payoff,total
train_month_sac_gen_I_k_335,2009.614604783707,4306.918592,422.3108412815719,1874.9931459347213
