name,transf,client,payoff,total
val_month_sac_gen_I_d_175,639.0779736471378,1488.30912,159.56135988924024,689.6697864636219
