name,transf,client,payoff,total
test_month_sac_gen_I_t_369,713.0883707539574,1468.334912,149.17516390639216,606.0713773396504
