name,transf,client,payoff,total
val_month_sac_gen_I_a_378,644.114861012498,1488.30912,159.56135988924024,684.6328990982618
