name,transf,client,payoff,total
train_month_sac_gen_I_k_474,2019.5434536726577,4306.918592,422.3108412815719,1865.0642970457702
