name,transf,client,payoff,total
val_month_sac_gen_J_i_128,653.2419622212194,1488.30912,159.56135988924024,675.5057978895402
