name,transf,client,payoff,total,sessions
test_6month_sac_gen_5l_58,3145.845026545089,9929.387430399998,886.8210602299855,5896.721343624924,df_elaad_preproc_l6months.csv
