name,transf,client,payoff,total
test_month_sac_b_4,1302.867389547624,1469.5622144,135.21440678133106,31.480418071044795
