name,transf,client,payoff,total
test_month_sac_gen_J_c_444,671.0987100736661,1468.334912,149.17516390639216,648.0610380199417
