name,transf,client,payoff,total
test_month_sac_gen_I_k_173,713.1990601881398,1468.334912,149.17516390639216,605.960687905468
