name,transf,client,payoff,total
test_month_sac_gen_I_t_162,705.0902765844753,1468.334912,149.17516390639216,614.0694715091325
