name,transf,client,payoff,total
val_month_sac_gen_I_r_52,658.1054335989428,1488.30912,159.56135988924024,670.6423265118169
