name,transf,client,payoff,total,sessions
test_6month_sac_pred_noise_1c_210,3607.196300910231,9929.387430399998,893.2217503396156,5428.969379150151,df_elaad_preproc_l6months.csv
