name,transf,client,payoff,total,sessions
test_6month_sac_gen_j_47,3236.838890827791,9929.387430399998,886.8210602299855,5805.727479342222,df_elaad_preproc_l6months.csv
