name,transf,client,payoff,total
val_month_sac_gen_I_e_169,612.8099379158748,1488.30912,155.96206259448996,719.5371194896352
