name,transf,client,payoff,total
val_month_sac_gen_I_x_428,694.5268373880975,1488.30912,159.56135988924024,634.2209227226622
