name,transf,client,payoff,total
train_month_sac_gen_I_q_183,2286.7428115777366,4306.918592,422.3108412815719,1597.8649391406916
