name,transf,client,payoff,total
train_month_sac_gen_J_h_393,2044.6012112508488,4306.918592,422.3108412815719,1840.0065394675794
