name,transf,client,payoff,total
val_month_sac_gen_I_n_245,602.4667372035947,1488.30912,159.56135988924024,726.2810229071649
