name,transf,client,payoff,total
train_month_sac_gen_I_u_208,-81.40102232532712,4306.918592,422.3108412815719,3966.0087730437554
