name,transf,client,payoff,total
val_month_sac_gen_G_b_71,640.9437612665652,1488.30912,159.09496226131247,688.2703964721222
