name,transf,client,payoff,total
val_month_sac_gen_J_p_68,666.9761023813489,1488.30912,159.56135988924024,661.7716577294107
