name,transf,client,payoff,total,sessions
test_6month_sac_pred_noise_1c_53,3669.3342094272157,9929.387430399998,893.2217503396156,5366.831470633167,df_elaad_preproc_l6months.csv
