name,transf,client,payoff,total
month_sac_IX_i,844.2274264587314,1469.5622144,138.61466958452303,486.72011835674544
