name,transf,client,payoff,total
test_month_sac_gen_I_j_414,713.8630444890102,1468.334912,149.17516390639216,605.2967036045976
