name,transf,client,payoff,total
val_month_sac_gen_J_w_203,569.075832136263,1488.30912,155.96206259448996,763.271225269247
