name,transf,client,payoff,total
train_month_sac_gen_I_m_427,1966.5028440384724,4306.918592,422.3108412815719,1918.104906679956
