name,transf,client,payoff,total
test_month_sac_gen_J_r_178,688.4168081581898,1468.334912,149.17516390639216,630.742939935418
