name,transf,client,payoff,total
train_month_sac_gen_I_v_414,10.88774936540517,4306.918592,416.84483755505204,3879.1860050795426
