name,transf,client,payoff,total
val_month_sac_gen_I_v_240,656.4672491020228,1488.30912,159.56135988924024,672.2805110087368
