name,transf,client,payoff,total
val_month_sac_gen_J_s_201,555.1789752070482,1488.30912,155.96206259448996,777.1680821984617
