name,transf,client,payoff,total
test_month_sac_gen_I_t_22,743.0451801636627,1468.334912,149.17516390639216,576.1145679299451
