name,transf,client,payoff,total,sessions
test_6month_sac_pred_noise_1e_17,5214.152998083713,9929.387430399998,893.2217503396156,3822.0126819766697,df_elaad_preproc_l6months.csv
