name,transf,client,payoff,total,sessions
test_6month_sac_gen_1n_146,2852.9316085213577,9929.387430399998,886.8210602299855,6189.634761648655,df_elaad_preproc_l6months.csv
