name,transf,client,payoff,total
val_month_sac_gen_J_w_438,545.0876085905827,1488.30912,155.96206259448996,787.2594488149273
