name,transf,client,payoff,total
val_month_sac_gen_J_x_227,676.0444111477516,1488.30912,159.56135988924024,652.703348963008
