name,transf,client,payoff,total,sessions
test_6month_sac_gen_3l_72,2990.627472238796,9929.387430399998,886.8210602299855,6051.938897931217,df_elaad_preproc_l6months.csv
