name,transf,client,payoff,total
train_month_sac_gen_I_q_452,2242.2692438405124,4306.918592,422.3108412815719,1642.3385068779157
