name,transf,client,payoff,total
train_month_sac_gen_I_n_321,1903.7076098134798,4306.918592,422.3108412815719,1980.9001409049483
