name,transf,client,payoff,total,sessions
test_6month_sac_pred_noise_5b_159,3012.735003789332,9929.387430399998,881.6875054342313,6034.964921176435,df_elaad_preproc_l6months.csv
