name,transf,client,payoff,total
test_month_sac_gen_J_d_202,712.129139216491,1468.334912,149.17516390639216,607.0306088771168
