name,transf,client,payoff,total
val_month_sac_gen_I_x_474,690.8472655893409,1488.30912,159.56135988924024,637.9004945214188
