name,transf,client,payoff,total
test_month_sac_gen_J_s_106,598.3437265337609,1468.334912,148.50825484764397,721.4829306185952
