name,transf,client,payoff,total,sessions
test_6month_sac_pred_noise_3b_188,3095.2853591628464,9929.387430399998,889.2877424740021,5944.81432876315,df_elaad_preproc_l6months.csv
