name,transf,client,payoff,total
train_month_sac_gen_I_i_336,2054.381101908747,4306.918592,422.3108412815719,1830.2266488096811
