name,transf,client,payoff,total
val_month_sac_gen_I_m_343,631.4244323667317,1488.30912,159.56135988924024,697.3233277440279
