name,transf,client,payoff,total
val_month_sac_gen_b_17,696.1407885306169,1349.0472576000002,118.32161810264896,534.5848509667344
