name,transf,client,payoff,total
val_month_sac_gen_J_g_207,656.6635286203168,1488.30912,159.56135988924024,672.0842314904428
