name,transf,client,payoff,total
val_month_sac_gen_J_o_227,652.5888634052733,1488.30912,159.56135988924024,676.1588967054863
