name,transf,client,payoff,total
train_month_sac_gen_G_b_166,624.7245295356824,1488.30912,157.56146016023143,706.023130304086
