name,transf,client,payoff,total
val_month_sac_gen_I_x_8,770.533384701708,1488.30912,159.56135988924024,558.2143754090516
