name,transf,client,payoff,total,sessions
test_6month_sac_pred_noise_2a_105,2836.2483878725934,9929.387430399998,897.4875555656347,6195.65148696177,df_elaad_preproc_l6months.csv
