name,transf,client,payoff,total,sessions
test_6month_sac_pred_noise_1c_159,3596.6454123237545,9929.387430399998,893.2217503396156,5439.520267736628,df_elaad_preproc_l6months.csv
