name,transf,client,payoff,total
test_month_sac_gen_J_a_431,681.4260120932861,1468.334912,149.17516390639216,637.7337360003218
