name,transf,client,payoff,total
test_month_sac_gen_J_q_452,668.6620041744003,1468.334912,149.17516390639216,650.4977439192076
