name,transf,client,payoff,total
train_month_sac_gen_I_a_160,2057.1125536218588,4306.918592,422.3108412815719,1827.4951970965694
