name,transf,client,payoff,total
val_month_sac_gen_J_s_380,537.0977911812877,1488.30912,155.96206259448996,795.2492662242223
