name,transf,client,payoff,total,sessions
test_6month_sac_gen_2m_143,2997.1709242848074,9929.387430399998,886.8210602299855,6045.395445885206,df_elaad_preproc_l6months.csv
