name,transf,client,payoff,total,sessions
test_6month_sac_gen_d_162,2759.729334972334,9929.387430399998,886.8210602299855,6282.837035197679,df_elaad_preproc_l6months.csv
