name,transf,client,payoff,total
val_month_sac_gen_I_g_133,769.408008471361,1488.30912,159.56135988924024,559.3397516393986
