name,transf,client,payoff,total,sessions
test_6month_sac_pred_noise_1a_128,2939.5351769196195,9929.387430399998,893.2217503396156,6096.630503140763,df_elaad_preproc_l6months.csv
