name,transf,client,payoff,total
train_month_sac_gen_J_l_382,1818.4681211590155,4306.918592,422.3108412815719,2066.1396295594127
