name,transf,client,payoff,total
train_month_sac_gen_J_h_123,2127.3862478106944,4306.918592,422.3108412815719,1757.2215029077338
