name,transf,client,payoff,total
val_month_sac_gen_J_q_207,656.7374911706008,1488.30912,159.56135988924024,672.0102689401588
