name,transf,client,payoff,total
val_month_sac_b_33,2189.6349392628936,2277.450960542104,145.3079860330326,-57.491964753822174
