name,transf,client,payoff,total,sessions
test_6month_sac_gen_f_189,2878.783235041156,9929.387430399998,886.8210602299855,6163.783135128857,df_elaad_preproc_l6months.csv
