name,transf,client,payoff,total
train_month_sac_gen_I_c_163,2110.78017453804,4306.918592,422.3108412815719,1773.8275761803884
