name,transf,client,payoff,total
val_month_sac_gen_I_l_154,658.4678393774675,1488.30912,159.56135988924024,670.2799207332921
