name,transf,client,payoff,total
val_month_sac_gen_J_t_125,616.6252754664627,1488.30912,155.96206259448996,715.7217819390473
