name,transf,client,payoff,total
test_month_sac_gen_J_j_64,703.0158092053173,1468.334912,149.17516390639216,616.1439388882906
