name,transf,client,payoff,total
val_month_sac_gen_I_d_281,633.6240959752189,1488.30912,159.56135988924024,695.1236641355408
