name,transf,client,payoff,total
train_month_sac_gen_I_j_489,2058.068531659369,4306.918592,422.3108412815719,1826.5392190590592
