name,transf,client,payoff,total
val_month_sac_gen_J_b_451,632.2976292167524,1488.30912,159.56135988924024,696.4501308940073
