name,transf,client,payoff,total
train_month_sac_gen_J_r_122,2066.399330094314,4306.918592,422.3108412815719,1818.2084206241143
