name,transf,client,payoff,total
train_month_sac_gen_I_q_466,2262.86353446285,4306.918592,422.3108412815719,1621.744216255578
