name,transf,client,payoff,total
test_month_sac_c_152,1095.7507235868438,1469.5622144,135.21440678133106,238.597084031825
