name,transf,client,payoff,total
test_month_sac_gen_J_c_67,721.3727835132227,1468.334912,149.17516390639216,597.7869645803852
