name,transf,client,payoff,total
train_month_sac_c_16,1388.8437770078722,2289.492687923877,157.2012507240518,743.447660191953
