name,transf,client,payoff,total
val_month_sac_gen_c_69,653.5775017844928,1349.0472576000002,118.32161810264896,577.1481377128584
