name,transf,client,payoff,total
train_month_sac_gen_J_n_78,2077.9607515979333,4306.918592,422.3108412815719,1806.646999120495
