name,transf,client,payoff,total
test_month_sac_gen_J_o_242,692.8498404542074,1468.334912,149.17516390639216,626.3099076394004
