name,transf,client,payoff,total
test_month_sac_gen_J_c_216,699.8563127514433,1468.334912,149.17516390639216,619.3034353421646
