name,transf,client,payoff,total,sessions
test_6month_sac_pred_noise_3b_93,3138.841054797068,9929.387430399998,889.2877424740021,5901.2586331289285,df_elaad_preproc_l6months.csv
