name,transf,client,payoff,total
val_month_sac_c_846,1826.4744094172886,2277.450960542104,145.3079860330326,305.6685650917828
