name,transf,client,payoff,total,sessions
test_6month_sac_pred_noise_4c_47,3798.0376325494317,9929.387430399998,891.2211003728393,5240.128697477728,df_elaad_preproc_l6months.csv
