name,transf,client,payoff,total
train_month_sac_gen_J_c_446,2026.3902633218745,4306.918592,422.3108412815719,1858.2174873965537
