name,transf,client,payoff,total,sessions
test_6month_sac_gen_e_104,2891.741259072052,9929.387430399998,886.8210602299855,6150.82511109796,df_elaad_preproc_l6months.csv
