name,transf,client,payoff,total
train_month_sac_gen_I_z_342,-23.184890090476415,4306.918592,420.44468831254574,3909.6587937779304
