name,transf,client,payoff,total
train_month_sac_gen_J_c_232,2087.2049831118893,4306.918592,422.3108412815719,1797.4027676065389
