name,transf,client,payoff,total
val_month_sac_gen_d_80,855.4257015970265,1349.0472576000002,118.32161810264896,375.2999379003247
