name,transf,client,payoff,total
val_month_sac_gen_J_b_46,691.0903517775885,1488.30912,159.56135988924024,637.6574083331711
