name,transf,client,payoff,total
val_month_sac_gen_J_y_56,685.10676337949,1488.30912,155.96206259448996,647.2402940260199
