name,transf,client,payoff,total
train_month_sac_gen_I_r_121,2018.5798054614456,4306.918592,421.71069508620843,1866.6280914523459
