name,transf,client,payoff,total
train_month_sac_gen_J_b_443,1981.4506382814886,4306.918592,422.3108412815719,1903.1571124369393
