name,transf,client,payoff,total,sessions
test_6month_sac_pred_noise_2c_33,3597.1320268411414,9929.387430399998,897.4875555656347,5434.767847993222,df_elaad_preproc_l6months.csv
