name,transf,client,payoff,total
val_month_sac_gen_J_m_104,622.201945614425,1488.30912,159.56135988924024,706.5458144963347
