name,transf,client,payoff,total
test_month_sac_gen_J_n_351,663.0077364473592,1468.334912,149.17516390639216,656.1520116462486
