name,transf,client,payoff,total
train_month_sac_gen_J_n_475,1786.261275856644,4306.918592,422.3108412815719,2098.3464748617844
