name,transf,client,payoff,total,sessions
test_6month_sac_gen_i_257,2696.833944896999,9929.387430399998,886.8210602299855,6345.732425273014,df_elaad_preproc_l6months.csv
