name,transf,client,payoff,total
val_month_sac_gen_I_i_245,657.4154421910728,1488.30912,159.56135988924024,671.3323179196868
