name,transf,client,payoff,total,sessions
test_6month_sac_pred_noise_1c_102,3561.6035036459866,9929.387430399998,893.2217503396156,5474.562176414395,df_elaad_preproc_l6months.csv
