name,transf,client,payoff,total
test_month_sac_gen_J_e_498,697.5776607309722,1468.334912,149.17516390639216,621.5820873626357
