name,transf,client,payoff,total
test_month_sac_gen_I_o_465,723.3873532307405,1468.334912,149.17516390639216,595.7723948628674
