name,transf,client,payoff,total
val_month_sac_gen_I_i_410,653.4377439106595,1488.30912,159.56135988924024,675.3100162001001
