name,transf,client,payoff,total
train_month_sac_gen_J_g_132,2065.91869571036,4306.918592,422.3108412815719,1818.689055008068
