name,transf,client,payoff,total,sessions
test_6month_sac_gen_3l_152,2798.72230652895,9929.387430399998,886.8210602299855,6243.844063641063,df_elaad_preproc_l6months.csv
