name,transf,client,payoff,total,sessions
train_month_sac_pred_noise_c_279,887.4001730743681,1349.0472576000002,120.58790058304287,341.0591839425892,df_elaad_preproc_feb.csv
