name,transf,client,payoff,total
train_month_sac_gen_I_o_416,2118.5056625133834,4306.918592,422.3108412815719,1766.1020882050448
