name,transf,client,payoff,total
test_month_sac_gen_G_b_166,657.7035522958969,1468.334912,148.64140204911905,661.9899576549841
