name,transf,client,payoff,total
val_month_sac_gen_J_p_469,644.3490425978187,1488.30912,159.56135988924024,684.398717512941
