name,transf,client,payoff,total
test_month_sac_gen_I_j_400,712.0121792865402,1468.334912,149.17516390639216,607.1475688070676
