name,transf,client,payoff,total
val_month_sac_gen_I_u_178,658.8009752649505,1488.30912,159.56135988924024,669.9467848458091
