name,transf,client,payoff,total
train_month_sac_gen_J_f_253,2008.5696093972456,4306.918592,422.3108412815719,1876.0381413211826
