name,transf,client,payoff,total
test_month_sac_gen_e_33,710.4984940503173,1488.30912,159.56135988924024,618.2492660604423
