name,transf,client,payoff,total,sessions
test_6month_sac_pred_noise_5a_167,2898.384980360309,9929.387430399998,881.6875054342313,6149.314944605458,df_elaad_preproc_l6months.csv
