name,transf,client,payoff,total
test_month_sac_gen_J_x_225,735.2983227726571,1468.334912,149.17516390639216,583.8614253209507
