name,transf,client,payoff,total
val_month_sac_gen_I_j_47,708.622818262804,1488.30912,159.56135988924024,620.1249418479556
