name,transf,client,payoff,total
val_month_sac_gen_I_u_369,647.8340292936343,1488.30912,159.56135988924024,680.9137308171253
