name,transf,client,payoff,total
test_month_sac_gen_I_o_38,741.1375816691411,1468.334912,149.17516390639216,578.0221664244667
