name,transf,client,payoff,total
test_month_sac_gen_J_m_446,656.6497744193289,1468.334912,149.17516390639216,662.509973674279
