name,transf,client,payoff,total
val_month_sac_gen_G_a_75,645.7341338937051,1488.30912,155.96206259448996,686.6129235118049
