name,transf,client,payoff,total
val_month_sac_gen_I_g_475,785.0202210819659,1488.30912,159.56135988924024,543.7275390287937
