name,transf,client,payoff,total,sessions
test_6month_sac_gen_3l_199,2820.956775424954,9929.387430399998,886.8210602299855,6221.609594745059,df_elaad_preproc_l6months.csv
