name,transf,client,payoff,total
test_month_sac_gen_I_w_125,683.5516290960602,1468.334912,149.17516390639216,635.6081189975476
