name,transf,client,payoff,total,sessions
test_6month_sac_pred_noise_2c_117,3467.078169872147,9929.387430399998,897.4875555656347,5564.821704962216,df_elaad_preproc_l6months.csv
