name,transf,client,payoff,total
train_month_sac_gen_J_b_450,1978.0894311068625,4306.918592,422.3108412815719,1906.5183196115659
