name,transf,client,payoff,total
val_month_sac_gen_I_e_38,654.6754554312333,1488.30912,155.96206259448996,677.6716019742767
