name,transf,client,payoff,total
test_month_sac_gen_I_g_8,795.6056070265615,1468.334912,149.17516390639216,523.5541410670463
