name,transf,client,payoff,total
test_month_sac_gen_I_q_302,771.5272495751067,1468.334912,149.17516390639216,547.6324985185012
