name,transf,client,payoff,total
test_month_sac_gen_J_r_361,683.531117614126,1468.334912,149.17516390639216,635.6286304794819
