name,transf,client,payoff,total
test_month_sac_c_197,1075.0680393170246,1469.5622144,135.21440678133106,259.27976830164425
