name,transf,client,payoff,total,sessions
test_6month_sac_pred_noise_2c_91,3638.2529338815166,9929.387430399998,897.4875555656347,5393.646940952847,df_elaad_preproc_l6months.csv
