name,transf,client,payoff,total
test_month_sac_gen_I_n_112,666.2576449711596,1468.334912,149.17516390639216,652.9021031224482
