name,transf,client,payoff,total
val_month_sac_gen_I_e_23,677.2230721351918,1488.30912,155.96206259448996,655.1239852703181
