name,transf,client,payoff,total
val_month_sac_gen_J_p_178,655.996964005726,1488.30912,159.56135988924024,672.7507961050337
