name,transf,client,payoff,total
train_month_sac_gen_I_b_445,1955.8142250546894,4306.918592,422.3108412815719,1928.7935256637388
