name,transf,client,payoff,total
test_month_sac_gen_I_q_251,772.2146801680775,1468.334912,149.17516390639216,546.9450679255303
