name,transf,client,payoff,total
val_month_sac_gen_J_a_76,680.0158912959816,1488.30912,159.56135988924024,648.731868814778
