name,transf,client,payoff,total
test_month_sac_gen_I_e_46,676.5028859640951,1468.334912,148.50825484764397,643.3237711882609
