name,transf,client,payoff,total
train_month_sac_gen_J_e_488,2022.8116382772628,4306.918592,422.3108412815719,1861.7961124411654
