name,transf,client,payoff,total
train_month_sac_gen_J_y_12,660.9605706768159,1349.0472576000002,121.12081304141188,566.9658738817724
