name,transf,client,payoff,total
test_month_sac_gen_J_l_41,748.1900487532582,1468.334912,149.17516390639216,570.9696993403496
