name,transf,client,payoff,total
train_month_sac_gen_J_i_124,2023.2537890628064,4306.918592,422.3108412815719,1861.3539616556218
