name,transf,client,payoff,total
val_month_sac_gen_I_g_104,773.0669768901504,1488.30912,159.56135988924024,555.6807832206093
