name,transf,client,payoff,total
val_month_sac_gen_J_k_405,559.7679416802744,1488.30912,159.56135988924024,768.9798184304852
