name,transf,client,payoff,total
train_month_sac_gen_I_t_389,1964.9742889713448,4306.918592,421.7766900916413,1920.167612937014
