name,transf,client,payoff,total
val_month_sac_gen_I_i_227,657.7683757047866,1488.30912,159.56135988924024,670.979384405973
