name,transf,client,payoff,total
val_month_sac_gen_J_o_385,647.6378612137578,1488.30912,159.56135988924024,681.1098988970018
