name,transf,client,payoff,total
test_month_sac_gen_I_w_31,706.8055571080328,1468.334912,149.17516390639216,612.3541909855751
