name,transf,client,payoff,total
test_month_sac_gen_J_l_330,655.3091536538413,1468.334912,149.17516390639216,663.8505944397665
