name,transf,client,payoff,total
train_month_sac_gen_I_n_405,1887.5107973286065,4306.918592,422.3108412815719,1997.0969533898215
