name,transf,client,payoff,total
test_month_sac_gen_I_u_101,704.4408302620872,1468.334912,149.17516390639216,614.7189178315207
