name,transf,client,payoff,total
month_sac_IX_d,894.3668354851113,1469.5622144,136.74809424758857,438.4472846673
