name,transf,client,payoff,total
train_month_sac_gen_J_a_222,2008.577722121695,4306.918592,422.3108412815719,1876.0300285967332
