name,transf,client,payoff,total,sessions
test_6month_sac_pred_noise_4c_20,3834.2160565695135,9929.387430399998,891.2211003728393,5203.950273457645,df_elaad_preproc_l6months.csv
