name,transf,client,payoff,total
train_month_sac_gen_I_l_213,2040.656077816432,4306.918592,422.3108412815719,1843.951672901996
