name,transf,client,payoff,total
train_month_sac_gen_J_k_23,2067.6406817491907,4306.918592,422.3108412815719,1816.9670689692375
