name,transf,client,payoff,total
val_month_sac_gen_J_l_259,597.1941405652078,1488.30912,159.56135988924024,731.5536195455518
