name,transf,client,payoff,total,sessions
test_6month_sac_pred_noise_4c_143,3555.4697294057705,9929.387430399998,891.2211003728393,5482.696600621389,df_elaad_preproc_l6months.csv
