name,transf,client,payoff,total
train_month_sac_gen_J_o_162,2045.956170400481,4306.918592,422.3108412815719,1838.6515803179473
