name,transf,client,payoff,total
test_month_sac_gen_J_k_242,633.9387206402404,1468.334912,149.17516390639216,685.2210274533675
