name,transf,client,payoff,total,sessions
test_6month_sac_gen_j_266,3038.3403116604404,9929.387430399998,886.8210602299855,6004.226058509572,df_elaad_preproc_l6months.csv
