name,transf,client,payoff,total
val_month_sac_gen_I_w_185,673.2668381973427,1488.30912,159.56135988924024,655.480921913417
