name,transf,client,payoff,total
train_month_sac_gen_J_o_441,2006.5021015376647,4306.918592,422.3108412815719,1878.1056491807635
