name,transf,client,payoff,total
train_month_sac_gen_J_c_130,2163.133445662184,4306.918592,422.3108412815719,1721.4743050562442
