name,transf,client,payoff,total
test_month_sac_gen_J_b_320,687.2506541563203,1468.334912,149.17516390639216,631.9090939372876
