name,transf,client,payoff,total,sessions
test_6month_sac_pred_noise_4b_274,3122.1047416536912,9929.387430399998,891.2211003728393,5916.061588373468,df_elaad_preproc_l6months.csv
