name,transf,client,payoff,total,sessions
test_6month_sac_pred_noise_3e_158,5198.708535055301,9929.387430399998,889.2877424740021,3841.3911528706954,df_elaad_preproc_l6months.csv
