name,transf,client,payoff,total
val_month_sac_gen_J_o_121,659.8244972908817,1488.30912,159.56135988924024,668.9232628198779
