name,transf,client,payoff,total
train_month_sac_c_111,1117.690311930565,2289.492687923877,157.2012507240518,1014.6011252692601
