name,transf,client,payoff,total
val_month_sac_gen_I_r_263,597.3274873515022,1488.30912,159.56135988924024,731.4202727592574
