name,transf,client,payoff,total
train_month_sac_gen_J_z_2,877.9621391144337,1488.30912,163.16148101098162,447.18549987458454
