name,transf,client,payoff,total,sessions
test_6month_sac_gen_b_86,2984.9625511715676,9929.387430399998,886.8210602299855,6057.603818998445,df_elaad_preproc_l6months.csv
