name,transf,client,payoff,total
val_month_sac_gen_I_z_263,703.8270605603384,1488.30912,159.56135988924024,624.9206995504212
