name,transf,client,payoff,total,sessions
test_6month_sac_pred_noise_4b_194,3085.024925509743,9929.387430399998,891.2211003728393,5953.141404517417,df_elaad_preproc_l6months.csv
