name,transf,client,payoff,total
train_month_sac_c_403,1047.1210761034654,2289.492687923877,157.2012507240518,1085.1703610963598
