name,transf,client,payoff,total
test_month_sac_gen_I_p_23,779.8679905034215,1468.334912,149.17516390639216,539.2917575901863
