name,transf,client,payoff,total
train_month_sac_gen_I_e_118,2099.118783970406,4306.918592,417.9096673275943,1789.8901407019994
