name,transf,client,payoff,total
val_month_sac_gen_a_56,734.6723002716345,1349.0472576000002,118.32161810264896,496.05333922571674
