name,transf,client,payoff,total,sessions
test_6month_sac_gen_1o_78,3005.698316543888,9929.387430399998,886.8210602299855,6036.868053626125,df_elaad_preproc_l6months.csv
