name,transf,client,payoff,total,sessions
test_6month_sac_pred_noise_5e_177,5220.8916500087125,9929.387430399998,881.6875054342313,3826.8082749570544,df_elaad_preproc_l6months.csv
