name,transf,client,payoff,total
train_month_sac_gen_J_p_182,2020.823330756601,4306.918592,422.3108412815719,1863.784419961827
