name,transf,client,payoff,total
val_month_sac_c_35,2013.891150467547,2277.450960542104,145.3079860330326,118.25182404152434
