name,transf,client,payoff,total,sessions
test_6month_sac_gen_5l_75,3077.1587339668845,9929.387430399998,886.8210602299855,5965.407636203128,df_elaad_preproc_l6months.csv
