name,transf,client,payoff,total
val_month_sac_gen_I_h_406,636.5281289245354,1488.30912,159.56135988924024,692.2196311862242
