name,transf,client,payoff,total,sessions
test_6month_sac_gen_c_240,2939.264619321997,9929.387430399998,886.8210602299855,6103.301750848015,df_elaad_preproc_l6months.csv
