name,transf,client,payoff,total
val_month_sac_gen_I_h_336,638.4355387790499,1488.30912,159.56135988924024,690.3122213317097
