name,transf,client,payoff,total
train_month_sac_gen_J_z_169,622.0834103765709,1488.30912,161.76173082670016,704.4639787967288
