name,transf,client,payoff,total
month_sac_IX_a,1140.6273701750429,1469.5622144,138.2808829839076,190.65396124104944
