name,transf,client,payoff,total,sessions
test_6month_sac_pred_noise_1e_177,5192.4085905466745,9929.387430399998,893.2217503396156,3843.7570895137083,df_elaad_preproc_l6months.csv
