name,transf,client,payoff,total
train_month_sac_gen_I_w_28,-7009.0204722751005,4306.918592,422.3108412815719,10893.628222993528
