name,transf,client,payoff,total
train_month_sac_gen_J_a_329,1996.1257899567042,4306.918592,422.3108412815719,1888.4819607617237
