name,transf,client,payoff,total
test_month_sac_gen_I_b_164,704.3719004814451,1468.334912,149.17516390639216,614.7878476121628
