name,transf,client,payoff,total
val_month_sac_gen_J_b_478,639.7695195754997,1488.30912,159.56135988924024,688.97824053526
