name,transf,client,payoff,total
val_month_sac_gen_I_d_286,632.4716948700154,1488.30912,159.56135988924024,696.2760652407442
