name,transf,client,payoff,total
train_month_sac_gen_I_z_434,464.9323985835405,4306.918592,419.9103984556871,3422.0757949607723
