name,transf,client,payoff,total
test_month_sac_gen_J_c_147,711.2402127487255,1468.334912,149.17516390639216,607.9195353448823
