name,transf,client,payoff,total
train_month_sac_gen_G_b_168,908.195812733518,1469.5622144,141.2948511303295,420.0715505361524
