name,transf,client,payoff,total,sessions
6month_sac_disagg_2a_P,2831.327219892364,9929.387430399998,886.8210602299855,6211.239150277648,df_elaad_preproc_l6months.csv
