name,transf,client,payoff,total
train_month_sac_gen_J_p_450,1992.4749281278935,4306.918592,422.3108412815719,1892.1328225905345
