name,transf,client,payoff,total,sessions
test_6month_sac_pred_noise_4b_12,4088.5019431393366,9929.387430399998,891.2211003728393,4949.664386887823,df_elaad_preproc_l6months.csv
