name,transf,client,payoff,total
val_month_sac_gen_I_s_315,655.0968452398841,1488.30912,159.56135988924024,673.6509148708756
