name,transf,client,payoff,total
train_month_sac_gen_J_i_243,1981.4530046271361,4306.918592,422.3108412815719,1903.154746091292
