name,transf,client,payoff,total,sessions
test_6month_sac_gen_1l_1,6369.476564506509,9929.387430399998,886.8210602299855,2673.0898056635037,df_elaad_preproc_l6months.csv
