name,transf,client,payoff,total
val_month_sac_c_792,1828.309577770698,2277.450960542104,145.3079860330326,303.8333967383733
