name,transf,client,payoff,total
train_month_sac_gen_I_b_135,2017.7083830645834,4306.918592,422.3108412815719,1866.8993676538448
