name,transf,client,payoff,total
month_sac_IX_g,1145.9721756899883,1469.5622144,135.88106923495306,187.70896947505858
