name,transf,client,payoff,total
test_month_sac_c_857,1019.9248397782155,1469.5622144,135.21440678133106,314.42296784045334
