name,transf,client,payoff,total
test_month_sac_gen_J_k_215,632.6969617637492,1468.334912,149.17516390639216,686.4627863298587
