name,transf,client,payoff,total
val_month_sac_gen_J_u_0,841.0111976610528,1488.30912,155.96206259448996,491.3358597444571
