name,transf,client,payoff,total
train_month_sac_gen_I_h_247,2024.2349578659855,4306.918592,422.3108412815719,1860.3727928524427
