name,transf,client,payoff,total
val_month_sac_gen_I_g_401,787.134644477265,1488.30912,159.56135988924024,541.6131156334945
