name,transf,client,payoff,total
train_month_sac_c_908,1025.0048481029537,2289.492687923877,157.2012507240518,1107.2865890968715
