name,transf,client,payoff,total
test_month_sac_gen_I_b_348,688.6176791176918,1468.334912,149.17516390639216,630.5420689759161
