name,transf,client,payoff,total
test_month_sac_gen_J_o_273,692.8892354538988,1468.334912,149.17516390639216,626.2705126397091
