name,transf,client,payoff,total
val_month_sac_gen_J_e_271,653.478905891595,1488.30912,159.56135988924024,675.2688542191647
