name,transf,client,payoff,total
train_month_sac_gen_J_c_229,2091.2854665089744,4306.918592,422.3108412815719,1793.3222842094538
