name,transf,client,payoff,total
test_month_sac_gen_J_q_18,729.7131663933721,1468.334912,149.17516390639216,589.4465817002357
