name,transf,client,payoff,total
train_month_sac_gen_J_a_93,2098.8595348890585,4306.918592,422.3108412815719,1785.7482158293697
