name,transf,client,payoff,total,sessions
test_6month_sac_gen_5m_75,3082.53435622485,9929.387430399998,886.8210602299855,5960.032013945163,df_elaad_preproc_l6months.csv
