name,transf,client,payoff,total
test_month_sac_gen_J_j_247,645.6233032385987,1468.334912,149.17516390639216,673.5364448550091
