name,transf,client,payoff,total
train_month_sac_gen_J_v_106,2164.663522007395,4306.918592,417.9096673275943,1724.3454026650106
