name,transf,client,payoff,total,sessions
train_month_sac_gen_G_c_217,876.3566465973041,1349.0472576000002,117.52076984037815,355.16984116231794,df_elaad_preproc_feb.csv
