name,transf,client,payoff,total
val_sac_c_31,14840.692379805456,30125.305835959498,1762.9897063291792,13521.623749824863
