name,transf,client,payoff,total,sessions
test_6month_sac_pred_noise_2a_113,2764.9009337779376,9929.387430399998,897.4875555656347,6266.998941056427,df_elaad_preproc_l6months.csv
