name,transf,client,payoff,total
train_month_sac_gen_I_s_325,1614.6428261536228,4306.918592,422.3108412815719,2269.964924564805
