name,transf,client,payoff,total,sessions
test_6month_sac_gen_2m_92,3055.855055195675,9929.387430399998,886.8210602299855,5986.711314974338,df_elaad_preproc_l6months.csv
