name,transf,client,payoff,total,sessions
test_6month_sac_gen_1l_38,3252.135832489441,9929.387430399998,886.8210602299855,5790.430537680571,df_elaad_preproc_l6months.csv
