name,transf,client,payoff,total
test_month_sac_gen_I_t_480,716.8419885386134,1468.334912,149.17516390639216,602.3177595549945
