name,transf,client,payoff,total
val_month_sac_c_810,1839.533415375647,2277.450960542104,145.3079860330326,292.6095591334243
