name,transf,client,payoff,total
val_month_sac_gen_J_d_213,658.1151553685993,1488.30912,159.56135988924024,670.6326047421603
