name,transf,client,payoff,total
test_month_sac_gen_I_v_211,692.009183780865,1468.334912,149.17516390639216,627.1505643127429
