name,transf,client,payoff,total,sessions
6month_sac_disagg_3b_LD,2887.971428682372,9929.387430399998,886.8210602299855,6154.594941487641,df_elaad_preproc_l6months.csv
