name,transf,client,payoff,total
train_month_sac_gen_I_v_403,93.85973823895944,4306.918592,420.4438324377625,3792.6150213232777
