name,transf,client,payoff,total
val_month_sac_gen_J_f_255,646.9340402335149,1488.30912,159.56135988924024,681.8137198772447
