name,transf,client,payoff,total
val_month_sac_gen_I_l_378,645.9514777079652,1488.30912,159.56135988924024,682.7962824027945
