name,transf,client,payoff,total
test_month_sac_gen_J_u_328,595.37598516859,1468.334912,148.50825484764397,724.4506719837661
