name,transf,client,payoff,total
train_month_sac_gen_J_e_390,2007.6699624721155,4306.918592,422.3108412815719,1876.9377882463127
