name,transf,client,payoff,total
test_month_sac_gen_I_l_138,709.4460621375027,1468.334912,149.17516390639216,609.7136859561051
