name,transf,client,payoff,total,sessions
test_6month_sac_gen_h_122,2911.939376535127,9929.387430399998,886.8210602299855,6130.626993634885,df_elaad_preproc_l6months.csv
