name,transf,client,payoff,total
test_month_sac_gen_I_k_354,676.5248066420685,1468.334912,149.17516390639216,642.6349414515394
