name,transf,client,payoff,total
val_month_sac_gen_J_q_292,651.5056567045674,1488.30912,159.56135988924024,677.2421034061922
