name,transf,client,payoff,total,sessions
test_6month_sac_gen_1l_291,2862.915976182032,9929.387430399998,886.8210602299855,6179.65039398798,df_elaad_preproc_l6months.csv
