name,transf,client,payoff,total
test_month_sac_c_69,1172.802200373448,1469.5622144,135.21440678133106,161.5456072452209
