name,transf,client,payoff,total
val_month_sac_gen_I_z_445,701.3027215717794,1488.30912,159.56135988924024,627.4450385389803
