name,transf,client,payoff,total
val_month_sac_gen_I_h_317,639.0633403595784,1488.30912,159.56135988924024,689.6844197511812
