name,transf,client,payoff,total
train_month_sac_gen_J_a_23,2250.621735940415,4306.918592,422.3108412815719,1633.9860147780132
