name,transf,client,payoff,total
test_month_sac_gen_J_h_213,745.0430121619456,1468.334912,149.17516390639216,574.1167359316622
