name,transf,client,payoff,total
test_month_sac_gen_J_o_220,694.0281825329866,1468.334912,149.17516390639216,625.1315655606212
