name,transf,client,payoff,total,sessions
test_6month_sac_pred_noise_1d_268,4461.269918394528,9929.387430399998,893.2217503396156,4574.8957616658545,df_elaad_preproc_l6months.csv
