name,transf,client,payoff,total,sessions
test_6month_sac_pred_noise_1c_213,3606.947306341607,9929.387430399998,893.2217503396156,5429.218373718775,df_elaad_preproc_l6months.csv
