name,transf,client,payoff,total
train_month_sac_c_194,1088.603226524301,2289.492687923877,157.2012507240518,1043.6882106755243
