name,transf,client,payoff,total,sessions
test_6month_sac_pred_noise_2c_92,3468.2726973458502,9929.387430399998,897.4875555656347,5563.627177488514,df_elaad_preproc_l6months.csv
