name,transf,client,payoff,total
val_month_sac_gen_I_v_6,732.6848322955238,1488.30912,159.56135988924024,596.0629278152358
