name,transf,client,payoff,total,sessions
test_6month_sac_pred_noise_1c_169,3674.355271898815,9929.387430399998,893.2217503396156,5361.8104081615675,df_elaad_preproc_l6months.csv
