name,transf,client,payoff,total
val_month_sac_gen_I_m_2,772.7999150598528,1488.30912,159.56135988924024,555.9478450509068
