name,transf,client,payoff,total,sessions
test_6month_sac_pred_noise_5b_240,3167.4000406587147,9929.387430399998,881.6875054342313,5880.299884307053,df_elaad_preproc_l6months.csv
