name,transf,client,payoff,total
test_month_sac_gen_J_f_180,666.444209827318,1468.334912,149.17516390639216,652.7155382662899
