name,transf,client,payoff,total
test_month_sac_gen_J_c_130,715.3586280903802,1468.334912,149.17516390639216,603.8011200032277
