name,transf,client,payoff,total,sessions
test_6month_sac_gen_4l_219,2962.6289828490912,9929.387430399998,886.8210602299855,6079.937387320921,df_elaad_preproc_l6months.csv
