name,transf,client,payoff,total
train_month_sac_gen_I_n_496,1910.4785894965635,4306.918592,422.3108412815719,1974.1291612218647
