name,transf,client,payoff,total
val_month_sac_gen_J_h_464,656.3873156186173,1488.30912,159.56135988924024,672.3604444921423
