name,transf,client,payoff,total,sessions
test_6month_sac_pred_noise_2b_199,3008.9482915926446,9929.387430399998,897.4875555656347,6022.951583241719,df_elaad_preproc_l6months.csv
