name,transf,client,payoff,total
test_month_sac_gen_I_a_309,703.7472037752241,1468.334912,149.17516390639216,615.4125443183838
