name,transf,client,payoff,total
test_month_sac_gen_I_k_188,708.8073272516331,1468.334912,149.17516390639216,610.3524208419748
