name,transf,client,payoff,total
train_month_sac_gen_I_l_126,2063.679442611667,4306.918592,422.3108412815719,1820.928308106761
