name,transf,client,payoff,total
test_month_sac_c_136,1101.8147092228494,1469.5622144,135.21440678133106,232.53309839581945
