name,transf,client,payoff,total
train_month_sac_gen_I_z_26,551.633570972399,4306.918592,421.9103615637023,3333.3746594638988
