name,transf,client,payoff,total
month_sac_IX_j,1050.4855160527181,1469.5622144,138.2813406348783,280.7953577124035
