name,transf,client,payoff,total
val_month_sac_gen_J_a_232,645.2411621040899,1488.30912,159.56135988924024,683.5065980066697
