name,transf,client,payoff,total
test_month_sac_gen_J_j_132,656.4550076914574,1468.334912,149.17516390639216,662.7047404021505
