name,transf,client,payoff,total,sessions
test_6month_sac_pred_noise_5e_104,5145.811124490175,9929.387430399998,881.6875054342313,3901.8888004755922,df_elaad_preproc_l6months.csv
