name,transf,client,payoff,total,sessions
test_6month_sac_pred_noise_4d_180,4330.112865527188,9929.387430399998,891.2211003728393,4708.053464499972,df_elaad_preproc_l6months.csv
