name,transf,client,payoff,total
train_month_sac_gen_I_e_1,2604.223858747714,4306.918592,417.9096673275943,1284.7850659246915
