name,transf,client,payoff,total
val_month_sac_gen_J_e_453,654.8386738641087,1488.30912,159.56135988924024,673.909086246651
