name,transf,client,payoff,total
test_month_sac_gen_J_t_70,705.848711447429,1468.334912,148.50825484764397,613.9779457049272
