name,transf,client,payoff,total,sessions
test_6month_sac_gen_b_170,2975.9383850973854,9929.387430399998,886.8210602299855,6066.627985072628,df_elaad_preproc_l6months.csv
