name,transf,client,payoff,total
train_month_sac_gen_I_q_205,2278.4487331907253,4306.918592,422.3108412815719,1606.1590175277029
