name,transf,client,payoff,total,sessions
test_6month_sac_pred_noise_3d_208,4700.781233522657,9929.387430399998,889.2877424740021,4339.318454403339,df_elaad_preproc_l6months.csv
