name,transf,client,payoff,total,sessions
test_6month_sac_gen_a_130,2980.8214304618978,9929.387430399998,886.8210602299855,6061.7449397081145,df_elaad_preproc_l6months.csv
