name,transf,client,payoff,total,sessions
test_6month_sac_gen_1m_14,3908.1711799963587,9929.387430399998,893.2217503396156,5127.994500064024,df_elaad_preproc_l6months.csv
