name,transf,client,payoff,total
val_month_sac_gen_J_l_12,726.5525895511815,1488.30912,159.56135988924024,602.1951705595782
