name,transf,client,payoff,total
train_month_sac_gen_I_q_92,2342.3596734494486,4306.918592,422.3108412815719,1542.2480772689796
