name,transf,client,payoff,total
train_month_sac_gen_I_t_224,1982.9995065486905,4306.918592,426.64388589513175,1897.2751995561778
