name,transf,client,payoff,total
val_month_sac_gen_J_g_42,690.9549539142627,1488.30912,159.56135988924024,637.7928061964969
