name,transf,client,payoff,total,sessions
test_6month_sac_pred_noise_5e_50,5085.9549603632395,9929.387430399998,881.6875054342313,3961.7449646025275,df_elaad_preproc_l6months.csv
