name,transf,client,payoff,total,sessions
test_6month_sac_pred_noise_2b_14,3513.1033225115325,9929.387430399998,897.4875555656347,5518.796552322831,df_elaad_preproc_l6months.csv
