name,transf,client,payoff,total
val_month_sac_gen_I_u_240,654.0958948612035,1488.30912,159.56135988924024,674.6518652495561
