name,transf,client,payoff,total
val_month_sac_gen_I_q_379,736.7963965578749,1488.30912,159.56135988924024,591.9513635528847
