name,transf,client,payoff,total
train_month_sac_gen_J_b_265,2009.8698767342037,4306.918592,422.3108412815719,1874.7378739842243
