name,transf,client,payoff,total
train_month_sac_gen_J_o_181,2044.6465286703817,4306.918592,422.3108412815719,1839.9612220480467
