name,transf,client,payoff,total,sessions
test_6month_sac_pred_noise_5b_167,3154.737877862385,9929.387430399998,881.6875054342313,5892.962047103381,df_elaad_preproc_l6months.csv
