name,transf,client,payoff,total
test_month_sac_gen_I_d_273,670.8705485891651,1468.334912,149.17516390639216,648.2891995044428
