name,transf,client,payoff,total
month_sac_IX_g,1069.4565907094798,1469.5622144,139.21432641272722,260.8912972777929
