name,transf,client,payoff,total
train_month_sac_gen_J_r_365,1996.7371749594463,4306.918592,422.3108412815719,1887.8705757589819
