name,transf,client,payoff,total
test_month_sac_gen_J_a_53,717.2895907264822,1468.334912,149.17516390639216,601.8701573671257
