name,transf,client,payoff,total
val_month_sac_gen_I_d_198,638.0136006385585,1488.30912,159.56135988924024,690.7341594722011
