name,transf,client,payoff,total
train_month_sac_gen_I_b_396,1956.8058785863373,4306.918592,422.3108412815719,1927.801872132091
