name,transf,client,payoff,total
val_month_sac_gen_I_q_207,743.7931899867742,1488.30912,159.56135988924024,584.9545701239854
