name,transf,client,payoff,total
test_month_sac_gen_J_h_494,736.1970108182927,1468.334912,149.17516390639216,582.9627372753151
