name,transf,client,payoff,total,sessions
test_6month_sac_gen_1n_195,2927.714218967371,9929.387430399998,886.8210602299855,6114.852151202642,df_elaad_preproc_l6months.csv
