name,transf,client,payoff,total,sessions
test_6month_sac_gen_3l_53,2946.245311700847,9929.387430399998,886.8210602299855,6096.321058469166,df_elaad_preproc_l6months.csv
