name,transf,client,payoff,total
month_sac_IX_i,860.6331038427716,1469.5622144,137.28179788267227,471.6473126745561
