name,transf,client,payoff,total
train_month_sac_gen_J_p_62,2134.1874912645203,4306.918592,422.3108412815719,1750.4202594539079
