name,transf,client,payoff,total
train_month_sac_gen_I_c_76,2147.7193051671024,4306.918592,422.3108412815719,1736.8884455513257
