name,transf,client,payoff,total,sessions
test_6month_sac_pred_noise_2a_19,3680.7163160497703,9929.387430399998,897.4875555656347,5351.1835587845935,df_elaad_preproc_l6months.csv
