name,transf,client,payoff,total,sessions
test_6month_sac_pred_noise_2a_52,3010.5571175487657,9929.387430399998,897.4875555656347,6021.342757285598,df_elaad_preproc_l6months.csv
