name,transf,client,payoff,total
test_month_sac_gen_I_b_435,686.3734995153368,1468.334912,149.17516390639216,632.786248578271
