name,transf,client,payoff,total
val_month_sac_gen_J_i_98,663.6137891137756,1488.30912,159.56135988924024,665.1339709969841
