name,transf,client,payoff,total
val_month_sac_c_478,1822.6656150256615,2277.450960542104,145.3079860330326,309.4773594834099
