name,transf,client,payoff,total,sessions
test_6month_sac_pred_noise_1a_71,3019.3880348795083,9929.387430399998,893.2217503396156,6016.777645180874,df_elaad_preproc_l6months.csv
