name,transf,client,payoff,total,sessions
test_6month_sac_gen_2n_145,2909.78134048047,9929.387430399998,886.8210602299855,6132.785029689543,df_elaad_preproc_l6months.csv
