name,transf,client,payoff,total
train_month_sac_gen_I_r_238,2009.78412565857,4306.918592,415.70985056411735,1881.4246157773127
