name,transf,client,payoff,total
test_month_sac_gen_I_p_39,791.8617107879525,1468.334912,149.17516390639216,527.2980373056554
