name,transf,client,payoff,total
train_month_sac_gen_J_m_334,1804.4309000864466,4306.918592,422.3108412815719,2080.1768506319813
