name,transf,client,payoff,total,sessions
test_6month_sac_pred_noise_2b_146,3032.8331393140907,9929.387430399998,897.4875555656347,5999.066735520273,df_elaad_preproc_l6months.csv
