name,transf,client,payoff,total
val_month_sac_gen_J_p_265,640.7388740504198,1488.30912,159.56135988924024,688.0088860603398
