name,transf,client,payoff,total
test_month_sac_gen_I_z_217,737.1602562014621,1468.334912,149.17516390639216,581.9994918921458
