name,transf,client,payoff,total
val_month_sac_gen_J_g_278,648.114763677223,1488.30912,159.56135988924024,680.6329964335366
