name,transf,client,payoff,total
test_month_sac_gen_J_h_352,735.7980038114813,1468.334912,149.17516390639216,583.3617442821266
