name,transf,client,payoff,total
train_month_sac_gen_I_y_17,364.4695760024535,4306.918592,420.4438324377625,3522.005183559784
