name,transf,client,payoff,total,sessions
test_6month_sac_gen_4m_1,5986.1289078483915,9929.387430399998,886.8210602299855,3056.4374623216213,df_elaad_preproc_l6months.csv
