name,transf,client,payoff,total,sessions
test_6month_sac_gen_3m_132,2803.9685089969375,9929.387430399998,889.2877424740021,6236.131178929059,df_elaad_preproc_l6months.csv
