name,transf,client,payoff,total
test_month_sac_gen_I_y_173,683.4326554793134,1468.334912,149.17516390639216,635.7270926142944
