name,transf,client,payoff,total,sessions
test_6month_sac_gen_j_79,3131.190072430303,9929.387430399998,886.8210602299855,5911.376297739709,df_elaad_preproc_l6months.csv
