name,transf,client,payoff,total
test_month_sac_gen_I_r_375,642.0583939990682,1468.334912,149.17516390639216,677.1013540945396
