name,transf,client,payoff,total
val_month_sac_gen_I_e_29,662.780665466933,1488.30912,155.96206259448996,669.566391938577
