name,transf,client,payoff,total,sessions
test_6month_sac_pred_noise_5c_175,3513.2080513590226,9929.387430399998,881.6875054342313,5534.491873606745,df_elaad_preproc_l6months.csv
