name,transf,client,payoff,total
val_month_sac_gen_J_a_183,649.1906326417339,1488.30912,159.56135988924024,679.5571274690258
