name,transf,client,payoff,total
val_month_sac_gen_J_q_226,650.2558728200337,1488.30912,159.56135988924024,678.491887290726
