name,transf,client,payoff,total
train_month_sac_gen_J_l_348,1829.1894638277302,4306.918592,422.3108412815719,2055.4182868906983
