name,transf,client,payoff,total
val_month_sac_gen_J_d_39,695.7306773240464,1488.30912,159.56135988924024,633.0170827867132
