name,transf,client,payoff,total
train_month_sac_gen_J_b_65,2144.4972735392716,4306.918592,422.3108412815719,1740.1104771791565
