name,transf,client,payoff,total
test_month_sac_gen_I_b_492,701.4603758656121,1468.334912,149.17516390639216,617.6993722279957
