name,transf,client,payoff,total
val_month_sac_gen_I_g_19,724.2969098762625,1488.30912,159.56135988924024,604.4508502344972
