name,transf,client,payoff,total
val_month_sac_gen_I_s_86,680.9624187191541,1488.30912,159.56135988924024,647.7853413916055
