name,transf,client,payoff,total
test_sac_c_64,7766.538205886138,18301.238246399997,1736.5228628156017,8798.177177698257
