name,transf,client,payoff,total,sessions
test_6month_sac_pred_noise_5c_44,3690.5162235293224,9929.387430399998,881.6875054342313,5357.183701436445,df_elaad_preproc_l6months.csv
