name,transf,client,payoff,total
test_month_sac_gen_J_r_426,682.2893609761081,1468.334912,149.17516390639216,636.8703871174997
