name,transf,client,payoff,total
val_month_sac_gen_I_g_231,821.3073777306497,1488.30912,159.56135988924024,507.44038238010995
