name,transf,client,payoff,total
train_month_sac_gen_J_l_393,1814.5529310289369,4306.918592,422.3108412815719,2070.0548196894915
