name,transf,client,payoff,total
val_month_sac_gen_I_y_1,773.8959174825852,1488.30912,159.56135988924024,554.8518426281744
