name,transf,client,payoff,total
train_month_sac_gen_I_f_281,2089.1069875429166,4306.918592,421.11038371791597,1796.7012207391674
