name,transf,client,payoff,total
train_month_sac_gen_J_b_445,1981.1797544918593,4306.918592,422.3108412815719,1903.4279962265691
