name,transf,client,payoff,total,sessions
test_6month_sac_gen_2n_85,3122.2461600739775,9929.387430399998,886.8210602299855,5920.320210096035,df_elaad_preproc_l6months.csv
