name,transf,client,payoff,total,sessions
test_6month_sac_gen_2m_185,2756.5249789205836,9929.387430399998,897.4875555656347,6275.37489591378,df_elaad_preproc_l6months.csv
