name,transf,client,payoff,total,sessions
test_6month_sac_pred_noise_5e_172,5406.610868457727,9929.387430399998,881.6875054342313,3641.0890565080404,df_elaad_preproc_l6months.csv
