name,transf,client,payoff,total
train_month_sac_gen_J_s_457,1826.9718954086252,4306.918592,421.4439874773858,2058.502709113989
