name,transf,client,payoff,total
train_month_sac_gen_J_u_122,2006.066274345715,4306.918592,422.91102144627405,1877.941296208011
