name,transf,client,payoff,total
test_month_sac_gen_I_c_27,727.7659831192121,1468.334912,149.17516390639216,591.3937649743957
