name,transf,client,payoff,total
val_month_sac_gen_I_v_216,653.8550460876181,1488.30912,159.56135988924024,674.8927140231415
