name,transf,client,payoff,total
val_month_sac_gen_J_y_96,681.3961871842714,1488.30912,155.96206259448996,650.9508702212386
