name,transf,client,payoff,total
val_month_sac_gen_J_a_414,643.4895576440338,1488.30912,159.56135988924024,685.2582024667258
