name,transf,client,payoff,total
train_month_sac_gen_J_t_92,2116.696341153126,4306.918592,417.9096673275943,1772.3125835192795
