name,transf,client,payoff,total
train_month_sac_gen_I_g_190,2600.7681045419245,4306.918592,422.3108412815719,1283.8396461765037
