name,transf,client,payoff,total,sessions
test_6month_sac_pred_noise_3c_110,3689.219497783445,9929.387430399998,889.2877424740021,5350.880190142551,df_elaad_preproc_l6months.csv
