name,transf,client,payoff,total
test_month_sac_gen_J_c_212,697.4291888026582,1468.334912,149.17516390639216,621.7305592909496
