name,transf,client,payoff,total,sessions
test_6month_sac_pred_noise_4c_142,3587.236380480123,9929.387430399998,891.2211003728393,5450.929949547037,df_elaad_preproc_l6months.csv
