name,transf,client,payoff,total,sessions
test_6month_sac_pred_noise_5e_148,5127.053384452624,9929.387430399998,881.6875054342313,3920.6465405131426,df_elaad_preproc_l6months.csv
