name,transf,client,payoff,total
test_month_sac_gen_J_c_95,712.0626040821799,1468.334912,149.17516390639216,607.097144011428
