name,transf,client,payoff,total
val_month_sac_gen_I_k_345,646.348256499352,1488.30912,159.56135988924024,682.3995036114077
