name,transf,client,payoff,total
train_month_sac_c_829,1026.3872677230843,2289.492687923877,157.2012507240518,1105.904169476741
