name,transf,client,payoff,total,sessions
test_6month_sac_gen_2m_199,2952.173755691777,9929.387430399998,897.4875555656347,6079.726119142587,df_elaad_preproc_l6months.csv
