name,transf,client,payoff,total
test_month_sac_gen_I_q_493,790.6345422542258,1468.334912,149.17516390639216,528.525205839382
