name,transf,client,payoff,total,sessions
test_6month_sac_pred_noise_2d_56,4551.3231350971255,9929.387430399998,897.4875555656347,4480.576739737238,df_elaad_preproc_l6months.csv
