name,transf,client,payoff,total,sessions
test_6month_sac_pred_noise_1b_68,3179.2659503497844,9929.387430399998,893.2217503396156,5856.899729710598,df_elaad_preproc_l6months.csv
