name,transf,client,payoff,total
train_month_sac_gen_I_e_455,2035.6694846278851,4306.918592,417.9096673275943,1853.3394400445204
