name,transf,client,payoff,total
test_month_sac_gen_I_p_61,795.0065340749222,1468.334912,149.17516390639216,524.1532140186856
