name,transf,client,payoff,total
val_month_sac_gen_J_g_369,638.0439463203492,1488.30912,159.56135988924024,690.7038137904105
