name,transf,client,payoff,total
train_month_sac_gen_J_e_167,2034.0859155942271,4306.918592,422.3108412815719,1850.521835124201
