name,transf,client,payoff,total,sessions
train_month_sac_pred_noise_c_192,836.1020330106771,1349.0472576000002,122.52106554461088,390.42415904471216,df_elaad_preproc_feb.csv
