name,transf,client,payoff,total
val_month_sac_gen_I_m_331,624.340912932844,1488.30912,159.56135988924024,704.4068471779156
