name,transf,client,payoff,total,sessions
test_6month_sac_gen_4m_49,3125.647249780257,9929.387430399998,886.8210602299855,5916.919120389755,df_elaad_preproc_l6months.csv
