name,transf,client,payoff,total,sessions
test_6month_sac_gen_4m_4,4957.2215714937165,9929.387430399998,886.8210602299855,4085.3447986762963,df_elaad_preproc_l6months.csv
