name,transf,client,payoff,total,sessions
test_6month_sac_pred_noise_4e_296,5285.732199975012,9929.387430399998,891.2211003728393,3752.434130052147,df_elaad_preproc_l6months.csv
