name,transf,client,payoff,total
test_month_sac_gen_I_v_389,681.3053320956782,1468.334912,149.17516390639216,637.8544159979297
