name,transf,client,payoff,total,sessions
test_6month_sac_pred_noise_2e_131,5185.051447520547,9929.387430399998,897.4875555656347,3846.8484273138165,df_elaad_preproc_l6months.csv
