name,transf,client,payoff,total
train_month_sac_gen_I_y_66,91.51795063602472,4306.918592,420.3769706360897,3795.0236707278855
