name,transf,client,payoff,total
train_month_sac_gen_I_s_444,1580.5533887008803,4306.918592,422.3108412815719,2304.0543620175476
