name,transf,client,payoff,total,sessions
test_6month_sac_gen_4m_83,3004.5330371582645,9929.387430399998,886.8210602299855,6038.033333011748,df_elaad_preproc_l6months.csv
