name,transf,client,payoff,total
val_month_sac_gen_I_d_221,638.2865860426257,1488.30912,159.56135988924024,690.4611740681339
