name,transf,client,payoff,total,sessions
test_6month_sac_gen_k_83,3074.143344921785,9929.387430399998,886.8210602299855,5968.423025248228,df_elaad_preproc_l6months.csv
