name,transf,client,payoff,total
train_month_sac_gen_J_u_479,1849.742465037597,4306.918592,421.7769125526718,2035.3992144097313
