name,transf,client,payoff,total,sessions
test_6month_sac_pred_noise_5a_191,2795.5554662363984,9929.387430399998,881.6875054342313,6252.144458729368,df_elaad_preproc_l6months.csv
