name,transf,client,payoff,total
test_month_sac_gen_J_a_132,701.8757528814699,1468.334912,149.17516390639216,617.2839952121379
