name,transf,client,payoff,total
train_month_sac_gen_I_m_315,1998.105849669358,4306.918592,422.3108412815719,1886.5019010490705
