name,transf,client,payoff,total
test_month_sac_gen_J_b_447,687.511408760662,1468.334912,149.17516390639216,631.6483393329459
