name,transf,client,payoff,total
val_month_sac_gen_J_b_204,654.7793157501599,1488.30912,159.56135988924024,673.9684443605997
