name,transf,client,payoff,total,sessions
test_6month_sac_pred_noise_3e_66,5227.7172856972975,9929.387430399998,889.2877424740021,3812.3824022286985,df_elaad_preproc_l6months.csv
