name,transf,client,payoff,total
test_month_sac_b_25,1358.331233348112,1469.5622144,135.21440678133106,-23.9834257294431
