name,transf,client,payoff,total,sessions
test_6month_sac_pred_noise_4d_256,4484.865999503575,9929.387430399998,891.2211003728393,4553.300330523584,df_elaad_preproc_l6months.csv
