name,transf,client,payoff,total
val_month_sac_gen_I_t_346,673.6754398651491,1488.30912,159.56135988924024,655.0723202456106
