name,transf,client,payoff,total
val_month_sac_gen_I_w_200,669.0718489098714,1488.30912,159.56135988924024,659.6759112008883
