name,transf,client,payoff,total,sessions
test_6month_sac_gen_f_85,3051.256119847202,9929.387430399998,886.8210602299855,5991.310250322811,df_elaad_preproc_l6months.csv
