name,transf,client,payoff,total,sessions
test_6month_sac_gen_1m_131,2922.215141793954,9929.387430399998,886.8210602299855,6120.351228376059,df_elaad_preproc_l6months.csv
