name,transf,client,payoff,total
train_month_sac_gen_J_r_46,2115.127095703033,4306.918592,422.3108412815719,1769.4806550153953
