name,transf,client,payoff,total
train_month_sac_gen_J_y_274,513.1167881205153,1349.0472576000002,122.05444677471485,713.8760227047701
