name,transf,client,payoff,total
val_month_sac_gen_J_x_104,723.3536993123009,1488.30912,159.56135988924024,605.3940607984587
