name,transf,client,payoff,total
train_month_sac_gen_I_r_374,1932.6665453630192,4306.918592,419.4444092564507,1954.80763738053
