name,transf,client,payoff,total
test_month_sac_gen_J_r_356,680.7272346040187,1468.334912,149.17516390639216,638.4325134895892
