name,transf,client,payoff,total
val_month_sac_gen_J_k_142,588.3135023254085,1488.30912,159.56135988924024,740.4342577853511
