name,transf,client,payoff,total
test_month_sac_gen_G_b_114,673.1674003082264,1468.334912,148.64140204911905,646.5261096426545
