name,transf,client,payoff,total
month_sac_IX_j,1056.0697621200184,1469.5622144,136.4146438055031,277.07780847447845
