name,transf,client,payoff,total
val_month_sac_gen_J_a_426,646.4038033986169,1488.30912,159.56135988924024,682.3439567121427
