name,transf,client,payoff,total,sessions
test_6month_sac_pred_noise_5e_58,5310.908612065801,9929.387430399998,881.6875054342313,3736.7913128999658,df_elaad_preproc_l6months.csv
