name,transf,client,payoff,total
test_month_sac_gen_I_k_249,694.5466085074657,1468.334912,149.17516390639216,624.6131395861421
