name,transf,client,payoff,total
test_month_sac_gen_I_s_427,664.7968867262034,1468.334912,149.17516390639216,654.3628613674044
