name,transf,client,payoff,total,sessions
test_6month_sac_gen_5m_39,2987.566471360333,9929.387430399998,881.6875054342313,6060.133453605435,df_elaad_preproc_l6months.csv
