name,transf,client,payoff,total,sessions
test_6month_sac_pred_noise_4e_120,5179.43657483917,9929.387430399998,891.2211003728393,3858.7297551879888,df_elaad_preproc_l6months.csv
