name,transf,client,payoff,total
val_month_sac_gen_I_s_29,704.144061540087,1488.30912,159.56135988924024,624.6036985706726
