name,transf,client,payoff,total
train_month_sac_gen_I_p_247,2199.368154064675,4306.918592,422.3108412815719,1685.2395966537533
