name,transf,client,payoff,total,sessions
test_6month_sac_gen_c_166,2931.351972661307,9929.387430399998,886.8210602299855,6111.214397508706,df_elaad_preproc_l6months.csv
