name,transf,client,payoff,total
val_month_sac_gen_I_k_463,647.9954810565823,1488.30912,159.56135988924024,680.7522790541773
