name,transf,client,payoff,total
train_month_sac_gen_I_p_172,2209.8862224603217,4306.918592,422.3108412815719,1674.7215282581064
