name,transf,client,payoff,total
month_sac_IX_j,1028.2916828918173,1469.5622144,138.14771778261235,303.1228137255702
