name,transf,client,payoff,total
test_month_sac_gen_J_p_454,655.069201418065,1468.334912,149.17516390639216,664.0905466755429
