name,transf,client,payoff,total
test_month_sac_gen_I_a_63,734.2249459419088,1468.334912,149.17516390639216,584.934802151699
