name,transf,client,payoff,total
val_month_sac_gen_I_i_401,652.4355651568378,1488.30912,159.56135988924024,676.3121949539218
