name,transf,client,payoff,total
test_month_sac_gen_I_m_476,676.121078698514,1468.334912,149.17516390639216,643.0386693950938
