name,transf,client,payoff,total
train_month_sac_gen_G_b_162,647.4898489304597,1488.30912,158.96157339401802,681.8576976755221
