name,transf,client,payoff,total
train_month_sac_gen_J_t_433,2008.7378234450637,4306.918592,417.9096673275943,1880.2711012273421
