name,transf,client,payoff,total
train_month_sac_gen_I_y_88,168.54389358901446,4306.918592,421.5104455134549,3716.8642528975306
