name,transf,client,payoff,total
test_month_sac_gen_J_w_353,590.5213331982776,1468.334912,148.50825484764397,729.3053239540784
