name,transf,client,payoff,total,sessions
test_6month_sac_pred_noise_4c_40,3737.0641609106383,9929.387430399998,891.2211003728393,5301.102169116521,df_elaad_preproc_l6months.csv
