name,transf,client,payoff,total
val_month_sac_gen_J_g_119,667.7622096188378,1488.30912,159.56135988924024,660.9855504919219
