name,transf,client,payoff,total
test_month_sac_gen_I_y_6,742.481197539667,1468.334912,149.17516390639216,576.6785505539408
