name,transf,client,payoff,total
train_month_sac_gen_I_s_43,1802.1884227162166,4306.918592,422.3108412815719,2082.419328002212
