name,transf,client,payoff,total
test_month_sac_gen_J_m_33,717.7594025592748,1468.334912,149.17516390639216,601.400345534333
