name,transf,client,payoff,total
train_month_sac_gen_I_l_206,2030.4049507984287,4306.918592,422.3108412815719,1854.2027999199995
