name,transf,client,payoff,total
train_month_sac_gen_J_b_197,2042.809313794443,4306.918592,422.3108412815719,1841.7984369239853
