name,transf,client,payoff,total,sessions
test_6month_sac_gen_b_95,2974.991391674542,9929.387430399998,886.8210602299855,6067.574978495471,df_elaad_preproc_l6months.csv
