name,transf,client,payoff,total
train_month_sac_gen_I_q_302,2263.27536625371,4306.918592,422.3108412815719,1621.332384464718
