name,transf,client,payoff,total
train_month_sac_gen_I_u_486,-96.43589267096428,4306.918592,422.3108412815719,3981.043643389393
