name,transf,client,payoff,total
val_month_sac_gen_I_p_350,706.9437557746496,1488.30912,159.56135988924024,621.80400433611
