name,transf,client,payoff,total
test_month_sac_gen_J_c_414,669.3052029085443,1468.334912,149.17516390639216,649.8545451850636
