name,transf,client,payoff,total
val_month_sac_gen_J_t_55,652.711160520359,1488.30912,155.96206259448996,679.6358968851509
