name,transf,client,payoff,total,sessions
test_6month_sac_gen_b_63,3037.311174532508,9929.387430399998,886.8210602299855,6005.255195637505,df_elaad_preproc_l6months.csv
