name,transf,client,payoff,total
val_month_sac_gen_I_a_89,696.667195469216,1488.30912,159.56135988924024,632.0805646415436
