name,transf,client,payoff,total
test_month_sac_gen_I_y_86,706.2386070590856,1468.334912,149.17516390639216,612.9211410345223
