name,transf,client,payoff,total
test_month_sac_gen_J_x_146,763.1398714191886,1468.334912,149.17516390639216,556.0198766744193
