name,transf,client,payoff,total
val_month_sac_gen_J_n_191,620.4973836548957,1488.30912,159.56135988924024,708.250376455864
