name,transf,client,payoff,total,sessions
test_6month_sac_pred_noise_5a_266,2913.171100614083,9929.387430399998,881.6875054342313,6134.528824351684,df_elaad_preproc_l6months.csv
