name,transf,client,payoff,total
val_month_sac_gen_I_g_250,800.0597663231208,1488.30912,159.56135988924024,528.6879937876388
