name,transf,client,payoff,total
train_month_sac_gen_J_e_491,2026.5166749878267,4306.918592,422.3108412815719,1858.0910757306015
