name,transf,client,payoff,total
train_month_sac_gen_J_s_267,1842.3175155703705,4306.918592,421.5783036642921,2043.0227727653378
