name,transf,client,payoff,total
train_month_sac_gen_J_i_186,1999.1605650269228,4306.918592,422.3108412815719,1885.4471856915052
