name,transf,client,payoff,total
test_month_sac_gen_J_b_234,687.0040199615355,1468.334912,149.17516390639216,632.1557281320723
