name,transf,client,payoff,total
val_month_sac_gen_J_m_214,612.8583659646351,1488.30912,159.56135988924024,715.8893941461245
