name,transf,client,payoff,total
test_month_sac_gen_I_k_150,715.9743632520183,1468.334912,149.17516390639216,603.1853848415896
