name,transf,client,payoff,total,sessions
test_6month_sac_gen_g_70,3172.9800014986668,9929.387430399998,886.8210602299855,5869.586368671346,df_elaad_preproc_l6months.csv
