name,transf,client,payoff,total
test_sac_gen_a_5,8469.4605429394,18301.238246399997,1736.5228628156017,8095.254840644995
