name,transf,client,payoff,total
test_month_sac_gen_I_o_426,715.2574038304751,1468.334912,149.17516390639216,603.9023442631327
