name,transf,client,payoff,total
train_month_sac_gen_I_r_103,2006.8872507220558,4306.918592,423.9102216728261,1876.121119605118
