name,transf,client,payoff,total
test_month_sac_gen_J_t_232,654.5816441221078,1468.334912,148.50825484764397,665.2450130302482
