name,transf,client,payoff,total
val_month_sac_gen_I_e_485,603.8277721352829,1488.30912,155.96206259448996,728.5192852702271
