name,transf,client,payoff,total
train_month_sac_gen_J_m_254,1828.9871916444629,4306.918592,422.3108412815719,2055.6205590739655
