name,transf,client,payoff,total
train_month_sac_gen_J_t_27,2237.3209285062467,4306.918592,417.9096673275943,1651.6879961661589
