name,transf,client,payoff,total
test_month_sac_gen_J_u_129,607.2289942821803,1468.334912,148.50825484764397,712.5976628701758
