name,transf,client,payoff,total
test_month_sac_gen_J_f_320,662.5487650874817,1468.334912,149.17516390639216,656.6109830061262
