name,transf,client,payoff,total
test_month_sac_gen_J_d_268,710.2796811041865,1468.334912,149.17516390639216,608.8800669894214
