name,transf,client,payoff,total
test_month_sac_gen_J_i_186,753.2087858637883,1468.334912,149.17516390639216,565.9509622298195
