name,transf,client,payoff,total
train_month_sac_gen_I_x_454,-6926.381912975211,4306.918592,422.5773063992423,10810.723198575968
