name,transf,client,payoff,total
test_month_sac_c_739,1026.0583869022257,1469.5622144,135.21440678133106,308.28942071644315
