name,transf,client,payoff,total
val_month_sac_gen_J_x_95,732.7295916953537,1488.30912,159.56135988924024,596.0181684154059
