name,transf,client,payoff,total
train_month_sac_gen_I_x_339,-7825.868191321975,4306.918592,421.3773334862872,11711.409449835688
