name,transf,client,payoff,total
val_month_sac_gen_I_a_414,642.7438650185566,1488.30912,159.56135988924024,686.003895092203
