name,transf,client,payoff,total
train_month_sac_gen_b_56,853.2147357221901,1469.5622144,142.094741946743,474.2527367310668
