name,transf,client,payoff,total
train_month_sac_gen_J_h_49,2217.9794181592415,4306.918592,422.3108412815719,1666.6283325591867
