name,transf,client,payoff,total
test_month_sac_gen_J_b_197,693.4663532531363,1468.334912,149.17516390639216,625.6933948404716
