name,transf,client,payoff,total
train_month_sac_gen_I_i_214,2069.1855347889946,4306.918592,422.3108412815719,1815.4222159294336
