name,transf,client,payoff,total
train_month_sac_gen_I_i_356,2053.9194612973206,4306.918592,422.3108412815719,1830.6882894211076
