name,transf,client,payoff,total
test_month_sac_gen_J_n_271,688.3526974576505,1468.334912,149.17516390639216,630.8070506359574
