name,transf,client,payoff,total
train_month_sac_gen_J_w_47,2084.42460647724,4306.918592,421.7766467427567,1800.717338780003
