name,transf,client,payoff,total
test_month_sac_gen_I_s_241,673.7159703328152,1468.334912,149.17516390639216,645.4437777607926
