name,transf,client,payoff,total
test_month_sac_gen_I_v_466,691.506415241317,1468.334912,149.17516390639216,627.6533328522909
