name,transf,client,payoff,total
test_month_sac_gen_J_m_335,675.9509705121875,1468.334912,149.17516390639216,643.2087775814203
