name,transf,client,payoff,total
val_month_sac_gen_J_e_444,651.1199208072225,1488.30912,159.56135988924024,677.6278393035373
