name,transf,client,payoff,total
train_month_sac_gen_J_k_412,1760.302187976201,4306.918592,422.3108412815719,2124.3055627422273
