name,transf,client,payoff,total
val_month_sac_gen_J_e_54,692.9552245880502,1488.30912,159.56135988924024,635.7925355227094
