name,transf,client,payoff,total,sessions
test_6month_sac_gen_c_204,2893.7387920179854,9929.387430399998,886.8210602299855,6148.827578152028,df_elaad_preproc_l6months.csv
