name,transf,client,payoff,total
val_month_sac_gen_I_h_352,637.2500187046904,1488.30912,159.56135988924024,691.4977414060693
