name,transf,client,payoff,total
test_month_sac_gen_J_t_117,684.6278045632359,1468.334912,148.50825484764397,635.1988525891202
