name,transf,client,payoff,total
train_month_sac_gen_I_q_299,2258.4908109152866,4306.918592,422.3108412815719,1626.1169398031416
