name,transf,client,payoff,total
train_month_sac_gen_J_p_495,2025.9910275541768,4306.918592,422.3108412815719,1858.6167231642512
