name,transf,client,payoff,total
val_month_sac_gen_J_m_50,679.883444245899,1488.30912,159.56135988924024,648.8643158648606
