name,transf,client,payoff,total,sessions
test_6month_sac_gen_5m_25,3372.4116268004836,9929.387430399998,886.8210602299855,5670.154743369529,df_elaad_preproc_l6months.csv
