name,transf,client,payoff,total,sessions
test_6month_sac_gen_1m_98,2940.0998909138057,9929.387430399998,886.8210602299855,6102.466479256207,df_elaad_preproc_l6months.csv
