name,transf,client,payoff,total
val_month_sac_c_229,1846.9801726882808,2277.450960542104,145.3079860330326,285.16280182079055
