name,transf,client,payoff,total
val_month_sac_gen_I_u_8,791.6962393544693,1488.30912,159.56135988924024,537.0515207562903
