name,transf,client,payoff,total
val_month_sac_gen_J_v_28,692.1129312416053,1488.30912,155.96206259448996,640.2341261639046
