name,transf,client,payoff,total
val_month_sac_gen_J_v_396,597.5266959288801,1488.30912,155.96206259448996,734.8203614766298
