name,transf,client,payoff,total,sessions
test_6month_sac_gen_1m_105,2952.9578029389722,9929.387430399998,893.2217503396156,6083.20787712141,df_elaad_preproc_l6months.csv
