name,transf,client,payoff,total,sessions
test_6month_sac_gen_4m_183,2810.112380538052,9929.387430399998,891.2211003728393,6228.053949489107,df_elaad_preproc_l6months.csv
