name,transf,client,payoff,total
train_month_sac_gen_I_k_20,2240.1079117665104,4306.918592,422.3108412815719,1644.4998389519178
