name,transf,client,payoff,total
test_month_sac_gen_a_79,910.5422193596196,1488.30912,159.56135988924024,418.20554075114006
