name,transf,client,payoff,total
train_month_sac_gen_J_t_322,2026.7979542636897,4306.918592,417.9096673275943,1862.210970408716
