name,transf,client,payoff,total,sessions
test_6month_sac_pred_noise_5a_295,2955.8246810651244,9929.387430399998,881.6875054342313,6091.875243900642,df_elaad_preproc_l6months.csv
