name,transf,client,payoff,total
train_month_sac_gen_J_g_23,2226.133637798563,4306.918592,422.3108412815719,1658.474112919865
