name,transf,client,payoff,total
train_month_sac_gen_I_j_31,2280.042886982066,4306.918592,422.3108412815719,1604.564863736362
