name,transf,client,payoff,total
val_month_sac_gen_J_o_435,640.643986665954,1488.30912,159.56135988924024,688.1037734448057
