name,transf,client,payoff,total
train_month_sac_gen_I_w_442,-7689.847559874487,4306.918592,422.3108412815719,11574.455310592914
