name,transf,client,payoff,total
test_month_sac_gen_I_d_223,672.2440905664326,1468.334912,149.17516390639216,646.9156575271752
