name,transf,client,payoff,total
train_month_sac_gen_I_w_370,-7672.377963041734,4306.918592,422.3108412815719,11556.985713760161
