name,transf,client,payoff,total,sessions
train_month_sac_pred_noise_a_268,516.9930917405616,1349.0472576000002,120.9208020079624,711.1333638514762,df_elaad_preproc_feb.csv
