name,transf,client,payoff,total
val_month_sac_gen_G_b_93,628.287575304239,1488.30912,159.09496226131247,700.9265824344484
