name,transf,client,payoff,total
train_month_sac_gen_I_s_420,1587.5980077714962,4306.918592,422.3108412815719,2297.009742946932
