name,transf,client,payoff,total
train_month_sac_gen_J_t_296,2025.1647966090432,4306.918592,417.9096673275943,1863.8441280633624
