name,transf,client,payoff,total
val_month_sac_gen_I_b_495,628.2903478529734,1488.30912,159.56135988924024,700.4574122577862
