name,transf,client,payoff,total
test_month_sac_gen_I_y_224,680.1735267740635,1468.334912,149.17516390639216,638.9862213195444
