name,transf,client,payoff,total
val_month_sac_gen_J_t_426,588.7638008542806,1488.30912,155.96206259448996,743.5832565512294
