name,transf,client,payoff,total
train_month_sac_gen_I_x_342,-6152.434104799227,4306.918592,430.5772676482046,10028.775429151021
