name,transf,client,payoff,total
test_month_sac_gen_J_o_110,703.8243565264321,1468.334912,149.17516390639216,615.3353915671757
