name,transf,client,payoff,total,sessions
test_6month_sac_pred_noise_4b_142,3148.5192395983922,9929.387430399998,891.2211003728393,5889.647090428767,df_elaad_preproc_l6months.csv
