name,transf,client,payoff,total
val_month_sac_gen_I_o_171,699.8440433525653,1488.30912,159.56135988924024,628.9037167581944
