name,transf,client,payoff,total
test_month_sac_gen_I_n_426,653.4495875829872,1468.334912,149.17516390639216,665.7101605106207
