name,transf,client,payoff,total
test_month_sac_gen_I_a_166,702.5599978292594,1468.334912,149.17516390639216,616.5997502643485
