name,transf,client,payoff,total
test_month_sac_gen_I_u_288,673.0988607103847,1468.334912,149.17516390639216,646.0608873832232
