name,transf,client,payoff,total
test_month_sac_gen_I_w_116,681.7391044083729,1468.334912,149.17516390639216,637.420643685235
