name,transf,client,payoff,total
test_month_sac_gen_I_q_291,770.8525617367341,1468.334912,149.17516390639216,548.3071863568738
