name,transf,client,payoff,total
val_month_sac_gen_I_v_388,656.9759172814975,1488.30912,159.56135988924024,671.7718428292621
