name,transf,client,payoff,total
test_month_sac_gen_I_y_264,681.7405420805126,1468.334912,149.17516390639216,637.4192060130953
