name,transf,client,payoff,total
train_month_sac_gen_J_t_263,2030.2096112528518,4306.918592,417.9096673275943,1858.799313419554
