name,transf,client,payoff,total
test_month_sac_gen_J_q_479,688.2449798180426,1468.334912,149.17516390639216,630.9147682755653
