name,transf,client,payoff,total,sessions
test_6month_sac_gen_1l_299,2823.5602510333465,9929.387430399998,886.8210602299855,6219.006119136666,df_elaad_preproc_l6months.csv
