name,transf,client,payoff,total
val_month_sac_gen_I_w_157,679.6727074768485,1488.30912,159.56135988924024,649.0750526339111
