name,transf,client,payoff,total,sessions
test_6month_sac_gen_4l_64,3013.6843463873465,9929.387430399998,886.8210602299855,6028.882023782666,df_elaad_preproc_l6months.csv
