name,transf,client,payoff,total
train_month_sac_gen_I_i_478,2061.535170137552,4306.918592,422.3108412815719,1823.072580580876
