name,transf,client,payoff,total,sessions
test_6month_sac_gen_1n_84,3014.7122345220805,9929.387430399998,886.8210602299855,6027.854135647933,df_elaad_preproc_l6months.csv
