name,transf,client,payoff,total
train_month_sac_gen_I_c_302,2054.6045168713063,4306.918592,422.3108412815719,1830.003233847122
