name,transf,client,payoff,total
train_month_sac_gen_J_t_476,2029.0874260747278,4306.918592,417.9096673275943,1859.9214985976778
