name,transf,client,payoff,total
val_month_sac_gen_I_b_227,627.9645657653036,1488.30912,159.56135988924024,700.783194345456
