name,transf,client,payoff,total
val_month_sac_gen_I_g_278,782.2923530788432,1488.30912,159.56135988924024,546.4554070319164
