name,transf,client,payoff,total
train_month_sac_c_654,1030.2530008279139,2289.492687923877,157.2012507240518,1102.0384363719113
