name,transf,client,payoff,total,sessions
test_6month_sac_gen_1m_138,2983.915980662085,9929.387430399998,893.2217503396156,6052.249699398298,df_elaad_preproc_l6months.csv
