name,transf,client,payoff,total
train_month_sac_gen_I_w_203,-7612.1435968071055,4306.918592,422.3108412815719,11496.751347525533
