name,transf,client,payoff,total
test_month_sac_gen_J_w_382,589.9367460866204,1468.334912,148.50825484764397,729.8899110657358
