name,transf,client,payoff,total
val_month_sac_gen_J_s_259,543.5523115192559,1488.30912,155.96206259448996,788.7947458862541
