name,transf,client,payoff,total
test_month_sac_gen_I_b_365,696.2209216240462,1468.334912,149.17516390639216,622.9388264695616
