name,transf,client,payoff,total
train_month_sac_gen_J_y_121,954.1795564992246,1469.5622144,140.1613800960575,375.2212778047177
