name,transf,client,payoff,total
val_month_sac_gen_G_b_236,598.388982237562,1488.30912,159.09496226131247,730.8251755011254
