name,transf,client,payoff,total
train_month_sac_gen_J_v_123,2137.2322784770977,4306.918592,417.9096673275943,1751.7766461953079
