name,transf,client,payoff,total,sessions
test_6month_sac_pred_noise_1b_150,3084.9859730410017,9929.387430399998,893.2217503396156,5951.179707019381,df_elaad_preproc_l6months.csv
