name,transf,client,payoff,total,sessions
test_6month_sac_pred_noise_4c_268,3586.3398497103226,9929.387430399998,891.2211003728393,5451.826480316837,df_elaad_preproc_l6months.csv
