name,transf,client,payoff,total
val_month_sac_gen_I_c_252,638.3324478609339,1488.30912,159.56135988924024,690.4153122498258
