name,transf,client,payoff,total
test_month_sac_gen_J_k_482,613.6545238120642,1468.334912,149.17516390639216,705.5052242815436
