name,transf,client,payoff,total
test_month_sac_gen_J_i_158,751.8458750458577,1468.334912,149.17516390639216,567.3138730477501
