name,transf,client,payoff,total
train_month_sac_gen_I_s_277,1627.8028142004728,4306.918592,422.3108412815719,2256.8049365179554
