name,transf,client,payoff,total
test_month_sac_gen_I_k_216,704.0710910453988,1468.334912,149.17516390639216,615.088657048209
