name,transf,client,payoff,total,sessions
test_6month_sac_gen_2o_57,3057.9122477455776,9929.387430399998,886.8210602299855,5984.654122424436,df_elaad_preproc_l6months.csv
