name,transf,client,payoff,total
val_month_sac_gen_J_x_196,692.8386325531179,1488.30912,159.56135988924024,635.9091275576418
