name,transf,client,payoff,total
train_month_sac_gen_J_c_142,2151.1654180075766,4306.918592,422.3108412815719,1733.4423327108516
