name,transf,client,payoff,total,sessions
test_6month_sac_pred_noise_2a_77,2985.8290167180603,9929.387430399998,897.4875555656347,6046.0708581163035,df_elaad_preproc_l6months.csv
