name,transf,client,payoff,total
train_month_sac_gen_J_b_475,1994.0240306968335,4306.918592,422.3108412815719,1890.5837200215947
