name,transf,client,payoff,total
val_month_sac_gen_J_v_437,598.2260382482209,1488.30912,155.96206259448996,734.1210191572891
