name,transf,client,payoff,total
val_month_sac_gen_I_f_41,712.2712593763204,1488.30912,158.8282254603323,617.2096351633472
