name,transf,client,payoff,total
train_month_sac_gen_I_s_236,1631.8186109821138,4306.918592,422.3108412815719,2252.7891397363146
