name,transf,client,payoff,total
test_month_sac_gen_I_d_199,661.7623665632334,1468.334912,149.17516390639216,657.3973815303744
