name,transf,client,payoff,total
train_month_sac_gen_I_e_265,2048.1256504362373,4306.918592,417.9096673275943,1840.8832742361683
