name,transf,client,payoff,total
val_month_sac_gen_I_j_425,653.0428432721861,1488.30912,159.56135988924024,675.7049168385736
