name,transf,client,payoff,total
val_month_sac_gen_I_t_484,681.4078178559865,1488.30912,159.56135988924024,647.3399422547732
