name,transf,client,payoff,total
val_month_sac_gen_J_p_441,633.412637261314,1488.30912,159.56135988924024,695.3351228494457
