name,transf,client,payoff,total
month_sac_IX_c,962.0528982074155,1469.5622144,136.08122985678722,371.42808633579716
