name,transf,client,payoff,total
train_month_sac_gen_I_m_470,1984.1399960512013,4306.918592,422.3108412815719,1900.467754667227
