name,transf,client,payoff,total
val_month_sac_gen_I_n_271,601.0325658871825,1488.30912,159.56135988924024,727.7151942235771
