name,transf,client,payoff,total,sessions
test_6month_sac_pred_noise_3a_45,3085.3151761823947,9929.387430399998,889.2877424740021,5954.784511743602,df_elaad_preproc_l6months.csv
