name,transf,client,payoff,total
test_month_sac_gen_I_y_386,672.3862261364461,1468.334912,149.17516390639216,646.7735219571617
