name,transf,client,payoff,total
val_month_sac_gen_b_40,649.3816467187132,1349.0472576000002,118.32161810264896,581.343992778638
