name,transf,client,payoff,total
test_month_sac_gen_I_t_412,716.2096951832759,1468.334912,149.17516390639216,602.9500529103319
