name,transf,client,payoff,total
train_month_sac_gen_I_g_172,2576.0430744775795,4306.918592,422.3108412815719,1308.5646762408487
