name,transf,client,payoff,total
train_month_sac_gen_I_r_67,2137.895911085538,4306.918592,421.2431073465141,1747.7795735679479
