name,transf,client,payoff,total
train_month_sac_gen_J_j_121,1920.9617455273928,4306.918592,422.3108412815719,1963.6460051910353
