name,transf,client,payoff,total
val_month_sac_gen_J_t_66,644.349953651948,1488.30912,155.96206259448996,687.997103753562
