name,transf,client,payoff,total
test_month_sac_gen_J_i_484,737.9102756416617,1468.334912,149.17516390639216,581.2494724519462
