name,transf,client,payoff,total
train_month_sac_gen_J_i_337,1962.521509664542,4306.918592,422.3108412815719,1922.0862410538862
