name,transf,client,payoff,total
val_month_sac_gen_I_i_128,664.6817258378126,1488.30912,159.56135988924024,664.066034272947
