name,transf,client,payoff,total
val_month_sac_gen_J_h_93,684.342101637598,1488.30912,159.56135988924024,644.4056584731616
