name,transf,client,payoff,total
val_month_sac_gen_J_y_0,917.6976756201843,1488.30912,155.96206259448996,414.6493817853256
