name,transf,client,payoff,total
val_month_sac_gen_J_x_53,733.7311243995264,1488.30912,159.56135988924024,595.0166357112332
