name,transf,client,payoff,total
val_month_sac_gen_I_d_73,665.4481450194451,1488.30912,159.56135988924024,663.2996150913145
