name,transf,client,payoff,total,sessions
test_6month_sac_gen_1m_159,2932.8163278418697,9929.387430399998,893.2217503396156,6103.349352218513,df_elaad_preproc_l6months.csv
