name,transf,client,payoff,total
train_month_sac_gen_J_g_32,2200.918357677101,4306.918592,422.3108412815719,1683.689393041327
