name,transf,client,payoff,total
val_sac_c_1,15201.114155236888,30125.305835959498,1762.9897063291792,13161.20197439343
