name,transf,client,payoff,total
test_month_sac_c_38,1181.2050890422422,1469.5622144,135.21440678133106,153.14271857642663
