name,transf,client,payoff,total
val_month_sac_gen_I_i_321,656.397667173193,1488.30912,159.56135988924024,672.3500929375666
