name,transf,client,payoff,total
train_month_sac_gen_J_o_262,2025.649316506282,4306.918592,422.3108412815719,1858.9584342121461
