name,transf,client,payoff,total,sessions
test_6month_sac_gen_1n_6,3771.8281994803174,9929.387430399998,886.8210602299855,5270.738170689696,df_elaad_preproc_l6months.csv
