name,transf,client,payoff,total
val_month_sac_gen_I_g_342,792.8396487065103,1488.30912,159.56135988924024,535.9081114042494
