name,transf,client,payoff,total
val_month_sac_gen_J_j_146,620.9471707946684,1488.30912,159.56135988924024,707.8005893160912
