name,transf,client,payoff,total
train_month_sac_gen_I_o_266,2135.979590074423,4306.918592,422.3108412815719,1748.6281606440052
