name,transf,client,payoff,total
test_month_sac_gen_J_t_419,639.5948391283064,1468.334912,148.50825484764397,680.2318180240497
