name,transf,client,payoff,total
train_month_sac_gen_J_p_381,1994.2428389962406,4306.918592,422.3108412815719,1890.3649117221876
