name,transf,client,payoff,total
val_month_sac_gen_J_l_430,583.7817460125725,1488.30912,159.56135988924024,744.9660140981871
