name,transf,client,payoff,total
val_month_sac_gen_I_p_176,708.8047972655714,1488.30912,159.56135988924024,619.9429628451883
