name,transf,client,payoff,total,sessions
test_6month_sac_pred_noise_1b_54,3199.9900606185192,9929.387430399998,893.2217503396156,5836.175619441863,df_elaad_preproc_l6months.csv
