name,transf,client,payoff,total,sessions
test_6month_sac_pred_noise_1e_261,5164.965637334498,9929.387430399998,893.2217503396156,3871.200042725885,df_elaad_preproc_l6months.csv
