name,transf,client,payoff,total,sessions
test_6month_sac_pred_noise_5a_21,3444.3032604887394,9929.387430399998,881.6875054342313,5603.396664477028,df_elaad_preproc_l6months.csv
