name,transf,client,payoff,total
val_month_sac_gen_I_v_395,648.3435629615096,1488.30912,159.56135988924024,680.40419714925
