name,transf,client,payoff,total
train_month_sac_gen_J_e_428,2004.810723044274,4306.918592,422.3108412815719,1879.7970276741544
