name,transf,client,payoff,total
test_month_sac_gen_J_g_163,681.640248799277,1468.334912,149.17516390639216,637.5194992943309
