name,transf,client,payoff,total
test_month_sac_gen_I_j_249,719.7005326509999,1468.334912,149.17516390639216,599.459215442608
