name,transf,client,payoff,total
train_month_sac_gen_G_b_18,734.8412635295115,1488.30912,161.6279533379876,591.8399031325008
