name,transf,client,payoff,total
train_month_sac_gen_I_p_67,2292.1575330715355,4306.918592,422.3108412815719,1592.4502176468927
