name,transf,client,payoff,total
val_month_sac_gen_J_g_403,638.9230688393109,1488.30912,159.56135988924024,689.8246912714487
