name,transf,client,payoff,total
test_month_sac_gen_J_o_371,684.2197648375013,1468.334912,149.17516390639216,634.9399832561065
