name,transf,client,payoff,total
test_month_sac_gen_J_h_94,780.0482787057459,1468.334912,149.17516390639216,539.1114693878619
