name,transf,client,payoff,total
test_month_sac_gen_G_b_142,648.9061855426182,1468.334912,148.64140204911905,670.7873244082627
