name,transf,client,payoff,total
train_month_sac_gen_c_12,-2145.3223542930323,1469.5622144,141.56131312148455,3473.3232555715476
