name,transf,client,payoff,total
val_month_sac_gen_I_v_196,652.7612947990829,1488.30912,159.56135988924024,675.9864653116767
