name,transf,client,payoff,total
val_month_sac_gen_I_b_190,628.7431350550971,1488.30912,159.56135988924024,700.0046250556625
