name,transf,client,payoff,total,sessions
test_6month_sac_gen_1o_179,2855.9334922116523,9929.387430399998,886.8210602299855,6186.63287795836,df_elaad_preproc_l6months.csv
