name,transf,client,payoff,total
val_month_sac_gen_I_o_404,700.1667187504611,1488.30912,159.56135988924024,628.5810413602985
