name,transf,client,payoff,total
val_month_sac_gen_I_w_477,659.7462857342139,1488.30912,159.56135988924024,669.0014743765457
