name,transf,client,payoff,total
test_month_sac_gen_I_h_343,700.0028595863137,1468.334912,149.17516390639216,619.1568885072942
