name,transf,client,payoff,total
test_month_sac_gen_I_i_445,709.6907645165559,1468.334912,149.17516390639216,609.468983577052
