name,transf,client,payoff,total
train_month_sac_gen_I_z_310,463.47180222824045,4306.918592,426.30975616637795,3417.1370336053815
