name,transf,client,payoff,total
train_month_sac_c_226,1075.8709313548898,2289.492687923877,157.2012507240518,1056.4205058449354
