name,transf,client,payoff,total
test_month_sac_gen_I_z_248,738.8457015171066,1468.334912,149.17516390639216,580.3140465765013
