name,transf,client,payoff,total
val_month_sac_gen_J_y_141,656.361683798836,1488.30912,155.96206259448996,675.9853736066739
