name,transf,client,payoff,total,sessions
test_6month_sac_pred_noise_5d_151,4519.155384726982,9929.387430399998,881.6875054342313,4528.544540238785,df_elaad_preproc_l6months.csv
