name,transf,client,payoff,total
test_month_sac_gen_J_q_325,686.7262978699221,1468.334912,149.17516390639216,632.4334502236858
