name,transf,client,payoff,total,sessions
test_6month_sac_gen_j_250,3045.5870312532907,9929.387430399998,886.8210602299855,5996.979338916723,df_elaad_preproc_l6months.csv
