name,transf,client,payoff,total
train_month_sac_gen_J_o_425,2013.5843723700063,4306.918592,422.3108412815719,1871.0233783484218
