name,transf,client,payoff,total
test_month_sac_gen_J_g_235,683.4688192597032,1468.334912,149.17516390639216,635.6909288339046
