name,transf,client,payoff,total
val_month_sac_gen_I_o_374,698.4696398394393,1488.30912,159.56135988924024,630.2781202713204
