name,transf,client,payoff,total
test_month_sac_gen_J_r_293,678.8126042051065,1468.334912,149.17516390639216,640.3471438885014
