name,transf,client,payoff,total
test_month_sac_c_161,1083.1522108258666,1469.5622144,135.21440678133106,251.1955967928022
