name,transf,client,payoff,total,sessions
test_6month_sac_pred_noise_3d_130,4605.423931971898,9929.387430399998,889.2877424740021,4434.675755954098,df_elaad_preproc_l6months.csv
