name,transf,client,payoff,total,sessions
test_6month_sac_gen_k_287,2936.7281789653543,9929.387430399998,886.8210602299855,6105.838191204659,df_elaad_preproc_l6months.csv
