name,transf,client,payoff,total,sessions
test_6month_sac_gen_2n_87,2960.2378185926527,9929.387430399998,886.8210602299855,6082.3285515773605,df_elaad_preproc_l6months.csv
