name,transf,client,payoff,total
test_month_sac_gen_J_f_457,654.4855135551795,1468.334912,149.17516390639216,664.6742345384283
