name,transf,client,payoff,total
val_month_sac_gen_I_w_270,666.95707810872,1488.30912,159.56135988924024,661.7906820020396
