name,transf,client,payoff,total
test_month_sac_gen_I_j_198,717.0572648153244,1468.334912,149.17516390639216,602.1024832782834
