name,transf,client,payoff,total
train_month_sac_gen_J_h_277,2060.2736384243462,4306.918592,422.3108412815719,1824.334112294082
