name,transf,client,payoff,total
test_month_sac_gen_I_x_338,746.2902805316766,1468.334912,149.17516390639216,572.8694675619313
