name,transf,client,payoff,total
train_month_sac_gen_I_r_389,1906.7240386811266,4306.918592,423.7773216789616,1976.4172316399122
