name,transf,client,payoff,total
val_month_sac_gen_I_y_308,654.3842277586582,1488.30912,159.56135988924024,674.3635323521014
