name,transf,client,payoff,total
train_month_sac_gen_I_c_115,2141.144098678179,4306.918592,422.3108412815719,1743.4636520402491
