name,transf,client,payoff,total
val_sac_b_c_29,14777.121175945631,30125.305835959498,1762.9897063291792,13585.194953684688
