name,transf,client,payoff,total
train_month_sac_gen_I_b_360,1970.701077852134,4306.918592,422.3108412815719,1913.9066728662942
