name,transf,client,payoff,total
train_month_sac_c_235,1078.8967846948635,2289.492687923877,157.2012507240518,1053.3946525049616
