name,transf,client,payoff,total,sessions
test_6month_sac_pred_noise_2e_161,5338.605885814029,9929.387430399998,897.4875555656347,3693.293989020335,df_elaad_preproc_l6months.csv
