name,transf,client,payoff,total
test_month_sac_gen_d_69,852.771753941763,1488.30912,159.56135988924024,475.97600616899666
