name,transf,client,payoff,total
train_month_sac_gen_I_t_172,1887.4549247424445,4306.918592,419.7094692112909,1999.7541980462643
