name,transf,client,payoff,total
test_month_sac_c_522,1022.5821568867077,1469.5622144,135.21440678133106,311.76565073196116
