name,transf,client,payoff,total
test_month_sac_gen_I_l_352,687.1031026368555,1468.334912,149.17516390639216,632.0566454567523
