name,transf,client,payoff,total
val_month_sac_gen_I_s_349,652.3404681447935,1488.30912,159.56135988924024,676.4072919659661
