name,transf,client,payoff,total
val_month_sac_c_79,1964.9022169556877,2277.450960542104,145.3079860330326,167.24075755338373
