name,transf,client,payoff,total
val_month_sac_gen_I_m_170,646.271198551254,1488.30912,159.56135988924024,682.4765615595056
