name,transf,client,payoff,total
test_month_sac_gen_J_g_21,740.0572451856707,1468.334912,149.17516390639216,579.1025029079372
