name,transf,client,payoff,total
test_month_sac_gen_J_w_275,590.1634647592753,1468.334912,148.50825484764397,729.6631923930809
