name,transf,client,payoff,total
val_month_sac_gen_J_h_496,658.1344509943217,1488.30912,159.56135988924024,670.6133091164379
