name,transf,client,payoff,total
val_month_sac_gen_J_j_1,803.0649911627527,1488.30912,159.56135988924024,525.6827689480069
