name,transf,client,payoff,total,sessions
test_6month_sac_pred_noise_2c_47,3621.0610118571594,9929.387430399998,897.4875555656347,5410.838862977204,df_elaad_preproc_l6months.csv
