name,transf,client,payoff,total
train_month_sac_gen_I_y_142,46.3179536724881,4306.918592,420.9104998274536,3839.6901385000583
