name,transf,client,payoff,total
train_month_sac_gen_J_r_451,1993.8748103331966,4306.918592,422.3108412815719,1890.7329403852318
