name,transf,client,payoff,total
test_month_sac_gen_I_r_286,635.5543974281586,1468.334912,149.17516390639216,683.6053506654492
