name,transf,client,payoff,total
month_sac_IX_g,1153.2551483488105,1469.5622144,140.1477984312201,176.15926761996928
