name,transf,client,payoff,total
test_month_sac_c_320,1052.7825907763786,1469.5622144,135.21440678133106,281.5652168422903
