name,transf,client,payoff,total
train_month_sac_gen_J_a_296,1998.2633452323832,4306.918592,422.3108412815719,1886.3444054860447
