name,transf,client,payoff,total,sessions
test_6month_sac_pred_noise_1a_31,3250.2188421399887,9929.387430399998,893.2217503396156,5785.946837920394,df_elaad_preproc_l6months.csv
