name,transf,client,payoff,total
test_month_sac_gen_I_c_195,692.1623066645479,1468.334912,149.17516390639216,626.9974414290599
