name,transf,client,payoff,total
test_month_sac_gen_J_r_473,683.4777345320808,1468.334912,149.17516390639216,635.682013561527
