name,transf,client,payoff,total
train_month_sac_gen_b_63,842.0319011486159,1469.5622144,142.094741946743,485.435571304641
