name,transf,client,payoff,total
test_month_sac_gen_J_v_384,615.7518639348668,1468.334912,148.50825484764397,704.0747932174893
