name,transf,client,payoff,total
test_month_sac_gen_I_e_350,632.3584651523847,1468.334912,148.50825484764397,687.4681919999714
