name,transf,client,payoff,total
train_month_sac_gen_I_s_327,1611.367429555288,4306.918592,422.3108412815719,2273.24032116314
