name,transf,client,payoff,total
test_month_sac_gen_J_g_251,680.8805727623351,1468.334912,149.17516390639216,638.2791753312728
