name,transf,client,payoff,total
val_month_sac_gen_I_z_383,719.8605737002888,1488.30912,159.56135988924024,608.8871864104708
