name,transf,client,payoff,total,sessions
test_6month_sac_pred_noise_1c_54,3606.7087154655774,9929.387430399998,893.2217503396156,5429.456964594805,df_elaad_preproc_l6months.csv
