name,transf,client,payoff,total
train_month_sac_c_581,1037.1289211402313,2289.492687923877,157.2012507240518,1095.1625160595938
