name,transf,client,payoff,total,sessions
test_6month_sac_pred_noise_4e_86,5115.4193172101795,9929.387430399998,891.2211003728393,3922.7470128169793,df_elaad_preproc_l6months.csv
