name,transf,client,payoff,total,sessions
train_month_sac_pred_noise_e_38,814.982968507353,1349.0472576000002,119.25449583354467,414.80979325910255,df_elaad_preproc_feb.csv
