name,transf,client,payoff,total
test_month_sac_gen_J_n_265,693.6561843312029,1468.334912,149.17516390639216,625.503563762405
