name,transf,client,payoff,total
train_month_sac_gen_J_f_381,1992.094515712089,4306.918592,422.3108412815719,1892.513235006339
