name,transf,client,payoff,total,sessions
test_6month_sac_pred_noise_1a_188,2915.929367222706,9929.387430399998,893.2217503396156,6120.236312837676,df_elaad_preproc_l6months.csv
