name,transf,client,payoff,total
train_month_sac_gen_I_b_35,2154.4755598309816,4306.918592,422.3108412815719,1730.1321908874465
