name,transf,client,payoff,total,sessions
test_6month_sac_gen_j_111,3048.9061923962618,9929.387430399998,886.8210602299855,5993.660177773751,df_elaad_preproc_l6months.csv
