name,transf,client,payoff,total
test_month_sac_gen_J_u_324,596.5835792547183,1468.334912,148.50825484764397,723.2430778976377
