name,transf,client,payoff,total
test_month_sac_c_206,1071.2170454876755,1469.5622144,135.21440678133106,263.1307621309934
