name,transf,client,payoff,total
train_month_sac_gen_I_b_495,1988.2669693957514,4306.918592,422.3108412815719,1896.3407813226768
