name,transf,client,payoff,total
test_month_sac_gen_J_h_62,778.2316252136013,1468.334912,149.17516390639216,540.9281228800065
