name,transf,client,payoff,total
test_month_sac_gen_I_n_208,661.8284197896476,1468.334912,149.17516390639216,657.3313283039603
