name,transf,client,payoff,total,sessions
test_6month_sac_pred_noise_5a_180,2826.808311361756,9929.387430399998,881.6875054342313,6220.891613604012,df_elaad_preproc_l6months.csv
