name,transf,client,payoff,total
test_month_sac_gen_I_h_241,714.0996970847002,1468.334912,149.17516390639216,605.0600510089076
