name,transf,client,payoff,total
val_month_sac_gen_J_l_44,684.5249265865189,1488.30912,159.56135988924024,644.2228335242407
