name,transf,client,payoff,total
val_month_sac_gen_I_f_363,653.4372615698329,1488.30912,158.8282254603323,676.0436329698347
