name,transf,client,payoff,total
train_month_sac_gen_J_r_415,1998.0360418411801,4306.918592,422.3108412815719,1886.571708877248
