name,transf,client,payoff,total
val_month_sac_gen_c_94,634.999090053253,1349.0472576000002,118.32161810264896,595.7265494440983
