name,transf,client,payoff,total
train_month_sac_gen_J_j_253,1853.5500527709066,4306.918592,422.3108412815719,2031.0576979475218
