name,transf,client,payoff,total,sessions
test_6month_sac_pred_noise_4e_172,5199.6930026561895,9929.387430399998,891.2211003728393,3838.4733273709694,df_elaad_preproc_l6months.csv
