name,transf,client,payoff,total
test_month_sac_gen_J_u_60,629.0173583785313,1468.334912,148.50825484764397,690.8092987738248
