name,transf,client,payoff,total
val_month_sac_gen_I_v_13,730.2251301056635,1488.30912,159.56135988924024,598.5226300050961
