name,transf,client,payoff,total
test_month_sac_gen_J_f_499,677.1020358961235,1468.334912,149.17516390639216,642.0577121974843
