name,transf,client,payoff,total
test_month_sac_gen_I_v_37,704.4427737612046,1468.334912,149.17516390639216,614.7169743324032
