name,transf,client,payoff,total
test_month_sac_gen_I_h_90,724.9485335120644,1468.334912,149.17516390639216,594.2112145815435
