name,transf,client,payoff,total
val_month_sac_gen_I_m_124,664.373982232718,1488.30912,159.56135988924024,664.3737778780417
