name,transf,client,payoff,total
test_month_sac_gen_J_m_115,667.420094801594,1468.334912,149.17516390639216,651.7396532920138
