name,transf,client,payoff,total
test_month_sac_gen_J_r_364,679.6062835310431,1468.334912,149.17516390639216,639.5534645625647
