name,transf,client,payoff,total
test_month_sac_gen_J_l_455,645.4195012105189,1468.334912,149.17516390639216,673.740246883089
