name,transf,client,payoff,total
val_month_sac_gen_J_q_444,635.2914668647103,1488.30912,159.56135988924024,693.4562932460494
