name,transf,client,payoff,total
train_month_sac_gen_J_r_186,2041.8194265838604,4306.918592,422.3108412815719,1842.788324134568
