name,transf,client,payoff,total
train_month_sac_gen_I_i_239,2065.6642813989615,4306.918592,422.3108412815719,1818.9434693194667
