name,transf,client,payoff,total
val_month_sac_gen_J_s_26,651.2799440408675,1488.30912,155.96206259448996,681.0671133646424
