name,transf,client,payoff,total
train_month_sac_gen_J_g_338,2015.4512222285175,4306.918592,422.3108412815719,1869.1565284899107
