name,transf,client,payoff,total
test_month_sac_gen_I_m_276,675.4568277503182,1468.334912,149.17516390639216,643.7029203432896
