name,transf,client,payoff,total
test_month_sac_gen_J_p_491,679.1493224294938,1468.334912,149.17516390639216,640.010425664114
