name,transf,client,payoff,total
train_month_sac_gen_J_m_210,1847.1071976914463,4306.918592,422.3108412815719,2037.5005530269818
