name,transf,client,payoff,total,sessions
train_6month_sac_gen_5m_168,3270.2783803657294,8371.850816,842.0340333486592,4259.5384022856115,df_elaad_preproc_f6months.csv
