name,transf,client,payoff,total
test_month_sac_gen_J_l_4,869.8541531009603,1468.334912,149.17516390639216,449.30559499264757
