name,transf,client,payoff,total
test_month_sac_gen_a_51,778.4904335049914,1488.30912,159.56135988924024,550.2573266057682
