name,transf,client,payoff,total,sessions
test_6month_sac_gen_3l_98,2932.097091989027,9929.387430399998,886.8210602299855,6110.469278180986,df_elaad_preproc_l6months.csv
