name,transf,client,payoff,total
val_month_sac_gen_I_l_365,641.3579288121925,1488.30912,159.56135988924024,687.3898312985671
