name,transf,client,payoff,total
val_month_sac_gen_J_s_434,533.3076820393643,1488.30912,155.96206259448996,799.0393753661456
