name,transf,client,payoff,total,sessions
test_6month_sac_gen_e_224,2730.6090611454283,9929.387430399998,886.8210602299855,6311.957309024585,df_elaad_preproc_l6months.csv
