name,transf,client,payoff,total
train_month_sac_gen_J_p_99,2083.6831968949914,4306.918592,422.3108412815719,1800.9245538234368
