name,transf,client,payoff,total,sessions
test_6month_sac_gen_h_182,2944.858559225786,9929.387430399998,886.8210602299855,6097.707810944226,df_elaad_preproc_l6months.csv
