name,transf,client,payoff,total
val_month_sac_gen_J_o_80,676.0801357640819,1488.30912,159.56135988924024,652.6676243466777
