name,transf,client,payoff,total
val_month_sac_gen_J_a_119,663.9158891605903,1488.30912,159.56135988924024,664.8318709501693
