name,transf,client,payoff,total
val_month_sac_gen_J_g_392,636.1009827772426,1488.30912,159.56135988924024,692.6467773335171
