name,transf,client,payoff,total
train_month_sac_gen_I_g_460,2589.8324475802515,4306.918592,422.3108412815719,1294.7753031381767
