name,transf,client,payoff,total
val_month_sac_gen_J_v_469,594.9232421957581,1488.30912,155.96206259448996,737.4238152097519
