name,transf,client,payoff,total
test_month_sac_gen_J_n_438,618.3803259947395,1468.334912,149.17516390639216,700.7794220988684
