name,transf,client,payoff,total
test_month_sac_gen_J_r_18,736.2857503116481,1468.334912,149.17516390639216,582.8739977819597
