name,transf,client,payoff,total
month_sac_IX_g,1088.440856890055,1469.5622144,138.68149632064342,242.43986118930138
