name,transf,client,payoff,total
train_month_sac_gen_J_i_93,2065.170237007922,4306.918592,422.3108412815719,1819.4375137105062
