name,transf,client,payoff,total
train_month_sac_gen_I_k_17,2254.054868709037,4306.918592,422.3108412815719,1630.5528820093914
