name,transf,client,payoff,total
test_month_sac_gen_I_h_420,694.2393560864073,1468.334912,149.17516390639216,624.9203920072006
