name,transf,client,payoff,total
train_month_sac_gen_I_y_134,170.53690082155288,4306.918592,421.9769838386123,3714.4047073398347
