name,transf,client,payoff,total,sessions
test_6month_sac_pred_noise_3c_196,3529.672394691989,9929.387430399998,889.2877424740021,5510.427293234007,df_elaad_preproc_l6months.csv
