name,transf,client,payoff,total
val_month_sac_gen_J_j_77,642.676877527882,1488.30912,159.56135988924024,686.0708825828776
