name,transf,client,payoff,total
train_month_sac_c_506,1035.5222893227378,2289.492687923877,157.2012507240518,1096.7691478770873
