name,transf,client,payoff,total
val_month_sac_gen_I_i_71,673.0070604359867,1488.30912,159.56135988924024,655.7406996747729
