name,transf,client,payoff,total
val_month_sac_gen_I_v_380,652.6149278719053,1488.30912,159.56135988924024,676.1328322388545
