name,transf,client,payoff,total
test_month_sac_gen_d_50,747.8962983635336,1488.30912,159.56135988924024,580.851461747226
