name,transf,client,payoff,total
val_month_sac_gen_I_j_436,651.8655430707197,1488.30912,159.56135988924024,676.8822170400399
