name,transf,client,payoff,total
test_month_sac_gen_I_m_467,677.5987435546249,1468.334912,149.17516390639216,641.561004538983
