name,transf,client,payoff,total,sessions
test_6month_sac_pred_noise_5a_121,2831.009026531522,9929.387430399998,881.6875054342313,6216.690898434244,df_elaad_preproc_l6months.csv
