name,transf,client,payoff,total
val_month_sac_gen_J_m_160,618.4387983418635,1488.30912,159.56135988924024,710.3089617688961
