name,transf,client,payoff,total
train_month_sac_gen_J_e_111,2066.683864302047,4306.918592,422.3108412815719,1817.9238864163813
