name,transf,client,payoff,total,sessions
test_6month_sac_pred_noise_5a_69,3041.2155078647083,9929.387430399998,881.6875054342313,6006.484417101059,df_elaad_preproc_l6months.csv
