name,transf,client,payoff,total,sessions
test_6month_sac_pred_noise_5a_207,2822.3316759129166,9929.387430399998,881.6875054342313,6225.36824905285,df_elaad_preproc_l6months.csv
