name,transf,client,payoff,total,sessions
test_6month_sac_pred_noise_3a_164,2880.102429425635,9929.387430399998,889.2877424740021,6159.997258500362,df_elaad_preproc_l6months.csv
