name,transf,client,payoff,total
test_month_sac_gen_J_u_386,584.6429442402411,1468.334912,148.50825484764397,735.183712912115
