name,transf,client,payoff,total
val_month_sac_gen_J_s_307,542.1917554549484,1488.30912,155.96206259448996,790.1553019505616
