name,transf,client,payoff,total,sessions
test_6month_sac_pred_noise_3b_185,3077.412617446789,9929.387430399998,889.2877424740021,5962.687070479207,df_elaad_preproc_l6months.csv
