name,transf,client,payoff,total
test_month_sac_gen_I_a_178,698.4512723718026,1468.334912,149.17516390639216,620.7084757218053
