name,transf,client,payoff,total
val_month_sac_gen_J_g_255,656.5737093210751,1488.30912,159.56135988924024,672.1740507896845
