name,transf,client,payoff,total,sessions
6month_sac_disagg_5d_P,2881.5907848735324,9929.387430399998,886.8210602299855,6160.975585296481,df_elaad_preproc_l6months.csv
