name,transf,client,payoff,total
train_month_sac_gen_I_q_258,2268.035799086279,4306.918592,422.3108412815719,1616.5719516321492
