name,transf,client,payoff,total
train_month_sac_gen_J_e_452,1994.510761684323,4306.918592,422.3108412815719,1890.0969890341053
