name,transf,client,payoff,total
test_month_sac_gen_I_v_489,683.1015054891709,1468.334912,149.17516390639216,636.0582426044369
