name,transf,client,payoff,total
train_month_sac_gen_J_h_204,2069.0801772564346,4306.918592,422.3108412815719,1815.5275734619936
