name,transf,client,payoff,total
test_month_sac_gen_I_q_248,777.9935669745776,1468.334912,149.17516390639216,541.1661811190303
