name,transf,client,payoff,total,sessions
test_6month_sac_pred_noise_5b_141,3118.483630599047,9929.387430399998,881.6875054342313,5929.216294366721,df_elaad_preproc_l6months.csv
