name,transf,client,payoff,total
train_month_sac_gen_I_c_35,2182.8419568191703,4306.918592,422.3108412815719,1701.765793899258
