name,transf,client,payoff,total
train_month_sac_gen_I_x_86,-7377.9182391352015,4306.918592,426.77845203652805,11258.058379098675
