name,transf,client,payoff,total,sessions
test_6month_sac_pred_noise_4e_112,5010.074288443145,9929.387430399998,891.2211003728393,4028.092041584014,df_elaad_preproc_l6months.csv
