name,transf,client,payoff,total
test_month_sac_gen_J_p_186,655.0626412613681,1468.334912,149.17516390639216,664.0971068322398
