name,transf,client,payoff,total
val_month_sac_gen_J_l_177,617.362184114618,1488.30912,159.56135988924024,711.3855759961416
