name,transf,client,payoff,total
test_month_sac_gen_I_t_450,712.8873353095375,1468.334912,149.17516390639216,606.2724127840703
