name,transf,client,payoff,total
test_month_sac_gen_J_e_453,676.1109781267852,1468.334912,149.17516390639216,643.0487699668226
