name,transf,client,payoff,total
val_sac_b_c_32,14772.821636913253,30125.305835959498,1762.9897063291792,13589.494492717065
