name,transf,client,payoff,total
train_month_sac_gen_I_q_483,2276.5784972932634,4306.918592,422.3108412815719,1608.0292534251648
