name,transf,client,payoff,total
train_month_sac_gen_J_h_202,2073.0153192852044,4306.918592,422.3108412815719,1811.5924314332237
