name,transf,client,payoff,total,sessions
test_6month_sac_gen_1n_177,2882.135931300105,9929.387430399998,886.8210602299855,6160.430438869907,df_elaad_preproc_l6months.csv
