name,transf,client,payoff,total,sessions
test_6month_sac_pred_noise_5c_156,3537.1661886708853,9929.387430399998,881.6875054342313,5510.533736294881,df_elaad_preproc_l6months.csv
