name,transf,client,payoff,total
test_month_sac_gen_J_q_424,680.2303330266188,1468.334912,149.17516390639216,638.929415066989
