name,transf,client,payoff,total
train_month_sac_gen_I_h_455,1993.4207379425457,4306.918592,422.3108412815719,1891.1870127758825
