name,transf,client,payoff,total,sessions
test_6month_sac_gen_5m_89,2878.947717175443,9929.387430399998,881.6875054342313,6168.752207790325,df_elaad_preproc_l6months.csv
