name,transf,client,payoff,total,sessions
test_6month_sac_gen_h_173,2917.0854752645023,9929.387430399998,886.8210602299855,6125.48089490551,df_elaad_preproc_l6months.csv
