name,transf,client,payoff,total
train_month_sac_gen_I_p_75,2268.502675951134,4306.918592,422.3108412815719,1616.1050747672944
