name,transf,client,payoff,total
val_month_sac_gen_I_g_356,795.9808749027502,1488.30912,159.56135988924024,532.7668852080094
