name,transf,client,payoff,total
test_month_sac_gen_I_x_50,788.5476324407445,1468.334912,149.17516390639216,530.6121156528634
