name,transf,client,payoff,total
test_month_sac_gen_J_u_344,593.5601465499878,1468.334912,148.50825484764397,726.2665106023683
