name,transf,client,payoff,total
val_month_sac_gen_I_z_455,704.3426762503357,1488.30912,159.56135988924024,624.4050838604239
