name,transf,client,payoff,total,sessions
test_6month_sac_pred_noise_3a_155,2829.7338232368447,9929.387430399998,889.2877424740021,6210.365864689152,df_elaad_preproc_l6months.csv
