name,transf,client,payoff,total
train_month_sac_gen_I_z_149,309.08199867834435,4306.918592,420.8439403290655,3576.99265299259
