name,transf,client,payoff,total
test_month_sac_gen_I_g_464,867.7473761754854,1468.334912,149.17516390639216,451.4123719181224
