name,transf,client,payoff,total,sessions
6month_sac_disagg_3m_PF,2815.1089801705807,9929.387430399998,886.8210602299855,6227.457389999432,df_elaad_preproc_l6months.csv
