name,transf,client,payoff,total
train_month_sac_gen_c_23,-2526.7946885168312,1469.5622144,143.0946816036994,3853.2622213131317
