name,transf,client,payoff,total
test_month_sac_gen_I_d_58,696.4657694331656,1468.334912,149.17516390639216,622.6939786604422
