name,transf,client,payoff,total
train_month_sac_gen_I_d_498,1991.8797852127623,4306.918592,422.3108412815719,1892.727965505666
