name,transf,client,payoff,total
val_month_sac_gen_I_d_48,670.0175807202555,1488.30912,159.56135988924024,658.7301793905042
