name,transf,client,payoff,total
test_month_sac_c_840,1022.648722559069,1469.5622144,135.21440678133106,311.69908505959984
