name,transf,client,payoff,total
val_month_sac_gen_I_c_7,734.5700308777153,1488.30912,159.56135988924024,594.1777292330444
