name,transf,client,payoff,total
val_month_sac_gen_I_c_211,645.689610870108,1488.30912,159.56135988924024,683.0581492406516
