name,transf,client,payoff,total
test_month_sac_gen_I_d_237,670.0506686564229,1468.334912,149.17516390639216,649.109079437185
