name,transf,client,payoff,total
train_month_sac_gen_J_k_251,1800.801091869656,4306.918592,422.3108412815719,2083.8066588487723
