name,transf,client,payoff,total
train_month_sac_gen_I_j_88,2150.401671466925,4306.918592,422.3108412815719,1734.206079251503
