name,transf,client,payoff,total
test_month_sac_gen_I_q_139,781.6096853215893,1468.334912,149.17516390639216,537.5500627720186
