name,transf,client,payoff,total
train_month_sac_gen_J_y_108,981.2234103466383,1469.5622144,141.6284919856534,346.71031206770823
