name,transf,client,payoff,total
val_month_sac_c_215,1858.085621845154,2277.450960542104,145.3079860330326,274.05735266391736
