name,transf,client,payoff,total
train_month_sac_gen_J_b_214,2034.4057200538693,4306.918592,422.3108412815719,1850.202030664559
