name,transf,client,payoff,total
train_month_sac_c_168,1098.8677930602685,2289.492687923877,157.2012507240518,1033.4236441395567
