name,transf,client,payoff,total
test_month_sac_gen_I_v_98,699.6484961080403,1468.334912,149.17516390639216,619.5112519855676
