name,transf,client,payoff,total
val_month_sac_gen_I_k_81,691.4772775799656,1488.30912,159.56135988924024,637.270482530794
