name,transf,client,payoff,total
val_month_sac_gen_I_g_50,764.9367528987109,1488.30912,159.56135988924024,563.8110072120487
