name,transf,client,payoff,total,sessions
test_6month_sac_gen_2o_37,3139.2012262609132,9929.387430399998,886.8210602299855,5903.365143909099,df_elaad_preproc_l6months.csv
