name,transf,client,payoff,total
val_month_sac_gen_J_i_224,643.9166048615418,1488.30912,159.56135988924024,684.8311552492178
