name,transf,client,payoff,total
val_month_sac_c_368,1838.7228342203807,2277.450960542104,145.3079860330326,293.4201402886907
