name,transf,client,payoff,total
val_month_sac_gen_J_t_433,588.5622613970128,1488.30912,155.96206259448996,743.7847960084971
