name,transf,client,payoff,total
train_sac_c_98,67404.74727722065,149467.68812980913,8931.975524612415,73130.96532797607
