name,transf,client,payoff,total
train_month_sac_gen_J_j_480,1838.6212759935847,4306.918592,422.3108412815719,2045.9864747248434
