name,transf,client,payoff,total
val_month_sac_gen_I_j_82,693.0323899207123,1488.30912,159.56135988924024,635.7153701900475
