name,transf,client,payoff,total
train_month_sac_gen_I_l_70,2117.778900978093,4306.918592,422.3108412815719,1766.828849740335
