name,transf,client,payoff,total,sessions
test_6month_sac_pred_noise_2a_266,2918.6823249552526,9929.387430399998,897.4875555656347,6113.217549879111,df_elaad_preproc_l6months.csv
