name,transf,client,payoff,total,sessions
test_6month_sac_gen_4m_155,2888.7709267801474,9929.387430399998,886.8210602299855,6153.795443389865,df_elaad_preproc_l6months.csv
