name,transf,client,payoff,total
train_month_sac_gen_J_i_297,1967.5805822365974,4306.918592,422.3108412815719,1917.0271684818308
