name,transf,client,payoff,total,sessions
test_6month_sac_pred_noise_4e_97,5196.929119081698,9929.387430399998,891.2211003728393,3841.2372109454604,df_elaad_preproc_l6months.csv
