name,transf,client,payoff,total,sessions
test_6month_sac_pred_noise_3e_142,5115.574927071077,9929.387430399998,889.2877424740021,3924.5247608549194,df_elaad_preproc_l6months.csv
