name,transf,client,payoff,total
test_month_sac_gen_I_r_21,710.3497435292611,1468.334912,149.17516390639216,608.8100045643467
