name,transf,client,payoff,total
train_month_sac_gen_G_b_296,515.4378673533884,1349.0472576000002,119.98777600774417,713.6216142388677
