name,transf,client,payoff,total
val_month_sac_gen_I_j_292,656.8578195882594,1488.30912,159.56135988924024,671.8899405225002
