name,transf,client,payoff,total
val_month_sac_gen_G_b_56,647.6549150903846,1488.30912,159.09496226131247,681.5592426483028
