name,transf,client,payoff,total
train_month_sac_gen_I_x_129,-8163.1494191661295,4306.918592,414.24357654948454,12055.824434616645
