name,transf,client,payoff,total
test_month_sac_gen_J_e_92,694.6476603167583,1468.334912,149.17516390639216,624.5120877768495
