name,transf,client,payoff,total
val_month_sac_gen_I_t_6,770.9907540693483,1488.30912,159.56135988924024,557.7570060414114
