name,transf,client,payoff,total
test_month_sac_gen_J_h_290,739.1172817438912,1468.334912,149.17516390639216,580.0424663497166
