name,transf,client,payoff,total
train_month_sac_gen_J_a_204,2018.1938251137926,4306.918592,422.3108412815719,1866.4139256046356
