name,transf,client,payoff,total,sessions
test_6month_sac_pred_noise_4e_260,5223.760109924331,9929.387430399998,891.2211003728393,3814.406220102828,df_elaad_preproc_l6months.csv
