name,transf,client,payoff,total,sessions
test_6month_sac_gen_1m_37,3217.4251608274517,9929.387430399998,886.8210602299855,5825.141209342561,df_elaad_preproc_l6months.csv
