name,transf,client,payoff,total
val_month_sac_gen_I_i_494,661.390516560462,1488.30912,159.56135988924024,667.3572435502977
