name,transf,client,payoff,total
train_month_sac_c_438,1045.579322609511,2289.492687923877,157.2012507240518,1086.712114590314
