name,transf,client,payoff,total
test_month_sac_gen_J_z_276,580.7007819357667,1468.334912,148.50825484764397,739.1258752165893
