name,transf,client,payoff,total
test_month_sac_gen_J_k_135,629.1228536416544,1468.334912,149.17516390639216,690.0368944519535
