name,transf,client,payoff,total
val_month_sac_gen_I_w_61,703.3308162125301,1488.30912,159.56135988924024,625.4169438982296
