name,transf,client,payoff,total
train_month_sac_gen_I_x_447,-7475.385807214681,4306.918592,419.7094692112909,11362.59493000339
