name,transf,client,payoff,total
train_month_sac_gen_J_h_175,2089.768656126466,4306.918592,422.3108412815719,1794.8390945919623
