name,transf,client,payoff,total,sessions
test_6month_sac_gen_2l_211,2810.5784080389526,9929.387430399998,886.8210602299855,6231.987962131059,df_elaad_preproc_l6months.csv
