name,transf,client,payoff,total
val_month_sac_gen_J_t_203,610.8646362252343,1488.30912,155.96206259448996,721.4824211802757
