name,transf,client,payoff,total
test_month_sac_gen_J_d_283,704.2305488621128,1468.334912,149.17516390639216,614.9291992314951
