name,transf,client,payoff,total
test_month_sac_c_322,1056.878850919679,1469.5622144,135.21440678133106,277.4689566989898
