name,transf,client,payoff,total
test_month_sac_gen_I_w_15,730.7998637195208,1468.334912,149.17516390639216,588.3598843740871
