name,transf,client,payoff,total
train_month_sac_gen_I_o_120,2170.792747797531,4306.918592,422.3108412815719,1713.8150029208973
