name,transf,client,payoff,total
test_month_sac_gen_J_p_27,704.3262670175311,1468.334912,149.17516390639216,614.8334810760767
