name,transf,client,payoff,total
month_sac_IX_g,1301.7122103423335,1469.5622144,138.5481643564762,29.301839701190204
