name,transf,client,payoff,total,sessions
test_6month_sac_pred_noise_4b_116,3262.3541367624143,9929.387430399998,891.2211003728393,5775.812193264745,df_elaad_preproc_l6months.csv
