name,transf,client,payoff,total
test_month_sac_gen_I_w_56,689.7468101189686,1468.334912,149.17516390639216,629.4129379746392
