name,transf,client,payoff,total
val_month_sac_gen_J_w_271,557.2411733745181,1488.30912,155.96206259448996,775.1058840309918
