name,transf,client,payoff,total,sessions
test_6month_sac_pred_noise_5b_78,3104.7720956311687,9929.387430399998,881.6875054342313,5942.927829334598,df_elaad_preproc_l6months.csv
