name,transf,client,payoff,total
val_month_sac_gen_J_x_96,736.2429242762266,1488.30912,159.56135988924024,592.504835834533
