name,transf,client,payoff,total
month_sac_IX_i,873.8733989321626,1469.5622144,140.34775267029738,455.34106279753996
