name,transf,client,payoff,total
train_month_sac_gen_J_k_189,1824.8147469085116,4306.918592,422.3108412815719,2059.7930038099166
