name,transf,client,payoff,total,sessions
test_6month_sac_gen_h_51,3073.4399285204854,9929.387430399998,886.8210602299855,5969.126441649527,df_elaad_preproc_l6months.csv
