name,transf,client,payoff,total
test_month_sac_gen_I_n_437,651.6803278709377,1468.334912,149.17516390639216,667.4794202226701
