name,transf,client,payoff,total
test_month_sac_gen_I_p_470,767.8823883104628,1468.334912,149.17516390639216,551.277359783145
