name,transf,client,payoff,total
test_month_sac_gen_J_e_58,718.6579417107808,1468.334912,149.17516390639216,600.501806382827
