name,transf,client,payoff,total
train_month_sac_gen_J_z_9,738.1908999822726,1349.0472576000002,120.05434258449571,490.80201503323184
