name,transf,client,payoff,total
val_month_sac_gen_I_r_299,597.2543781531886,1488.30912,159.56135988924024,731.493381957571
