name,transf,client,payoff,total
train_month_sac_gen_J_g_398,2006.7660736330872,4306.918592,422.3108412815719,1877.841677085341
