name,transf,client,payoff,total
val_month_sac_gen_J_l_341,591.5740828420993,1488.30912,159.56135988924024,737.1736772686604
