name,transf,client,payoff,total,sessions
test_6month_sac_pred_noise_4d_138,4469.580543936923,9929.387430399998,891.2211003728393,4568.585786090236,df_elaad_preproc_l6months.csv
