name,transf,client,payoff,total
train_month_sac_gen_J_j_196,1875.4569018773818,4306.918592,422.3108412815719,2009.1508488410464
