name,transf,client,payoff,total
train_month_sac_gen_J_n_111,1980.1582115558529,4306.918592,422.3108412815719,1904.449539162575
