name,transf,client,payoff,total,sessions
test_6month_sac_gen_4l_197,2884.2236632299428,9929.387430399998,886.8210602299855,6158.34270694007,df_elaad_preproc_l6months.csv
