name,transf,client,payoff,total
train_month_sac_gen_I_k_307,2009.3995370266498,4306.918592,422.3108412815719,1875.2082136917784
