name,transf,client,payoff,total,sessions
test_6month_sac_gen_1o_139,2892.2270383858267,9929.387430399998,886.8210602299855,6150.339331784186,df_elaad_preproc_l6months.csv
