name,transf,client,payoff,total
test_month_sac_gen_I_m_449,666.676150428898,1468.334912,149.17516390639216,652.4835976647098
