name,transf,client,payoff,total,sessions
test_6month_sac_gen_c_203,2894.1079134311594,9929.387430399998,886.8210602299855,6148.458456738854,df_elaad_preproc_l6months.csv
