name,transf,client,payoff,total
val_month_sac_gen_J_i_238,641.1462956958344,1488.30912,159.56135988924024,687.6014644149252
