name,transf,client,payoff,total
test_month_sac_gen_J_n_28,805.6642793583161,1468.334912,149.17516390639216,513.4954687352918
