name,transf,client,payoff,total
test_month_sac_gen_I_j_260,718.910387262664,1468.334912,149.17516390639216,600.2493608309438
