name,transf,client,payoff,total
train_month_sac_c_711,1028.027388377479,2289.492687923877,157.2012507240518,1104.2640488223462
