name,transf,client,payoff,total
val_month_sac_gen_J_t_495,598.1313834507739,1488.30912,155.96206259448996,734.2156739547361
