name,transf,client,payoff,total,sessions
test_6month_sac_gen_2o_168,2893.610900832787,9929.387430399998,886.8210602299855,6148.955469337225,df_elaad_preproc_l6months.csv
