name,transf,client,payoff,total
val_month_sac_gen_I_p_388,703.023066906637,1488.30912,159.56135988924024,625.7246932041226
