name,transf,client,payoff,total
val_month_sac_gen_I_x_248,703.9793807520832,1488.30912,159.56135988924024,624.7683793586764
