name,transf,client,payoff,total
test_month_sac_gen_J_a_161,699.7023237946664,1468.334912,149.17516390639216,619.4574242989414
