name,transf,client,payoff,total
test_month_sac_gen_J_c_122,713.6025618424399,1468.334912,149.17516390639216,605.557186251168
