name,transf,client,payoff,total
val_month_sac_gen_J_k_301,568.3689642173374,1488.30912,159.56135988924024,760.3787958934222
