name,transf,client,payoff,total
test_month_sac_gen_J_e_496,693.9478475519315,1468.334912,149.17516390639216,625.2119005416763
