name,transf,client,payoff,total
val_month_sac_gen_I_m_129,655.0639224405027,1488.30912,159.56135988924024,673.6838376702569
