name,transf,client,payoff,total,sessions
test_6month_sac_pred_noise_3e_149,5360.379980327978,9929.387430399998,889.2877424740021,3679.719707598018,df_elaad_preproc_l6months.csv
