name,transf,client,payoff,total
train_month_sac_gen_I_y_438,-392.7930750224625,4306.918592,427.57692029277564,4272.134746729686
