name,transf,client,payoff,total
train_month_sac_gen_I_q_179,2286.2206539091226,4306.918592,422.3108412815719,1598.3870968093056
