name,transf,client,payoff,total,sessions
test_6month_sac_pred_noise_1c_62,3658.8656012057804,9929.387430399998,893.2217503396156,5377.300078854602,df_elaad_preproc_l6months.csv
