name,transf,client,payoff,total,sessions
train_month_sac_gen_G_e_33,624.8597564950527,1349.0472576000002,119.92047565113452,604.267025453813,df_elaad_preproc_feb.csv
