name,transf,client,payoff,total
val_month_sac_gen_I_e_133,616.3520960174369,1488.30912,155.96206259448996,715.9949613880731
