name,transf,client,payoff,total
val_month_sac_gen_J_k_144,588.6874111581071,1488.30912,159.56135988924024,740.0603489526525
