name,transf,client,payoff,total
train_month_sac_gen_I_i_256,2062.4666884335998,4306.918592,422.3108412815719,1822.1410622848284
