name,transf,client,payoff,total
test_month_sac_gen_J_q_50,719.5510497988798,1468.334912,149.17516390639216,599.608698294728
