name,transf,client,payoff,total
test_month_sac_gen_I_k_110,728.2697132894509,1468.334912,149.17516390639216,590.8900348041569
