name,transf,client,payoff,total
train_month_sac_gen_I_u_414,-131.21417590426591,4306.918592,422.3108412815719,4015.8219266226943
