name,transf,client,payoff,total
train_month_sac_gen_J_q_354,2007.9968556243234,4306.918592,422.3108412815719,1876.6108950941048
