name,transf,client,payoff,total,sessions
test_6month_sac_gen_1l_269,2873.3029958786246,9929.387430399998,886.8210602299855,6169.263374291388,df_elaad_preproc_l6months.csv
