name,transf,client,payoff,total
train_month_sac_gen_I_r_372,1924.7320461923748,4306.918592,419.84382946365963,1962.3427163439658
