name,transf,client,payoff,total,sessions
test_6month_sac_pred_noise_3a_166,2964.5198578771624,9929.387430399998,889.2877424740021,6075.579830048834,df_elaad_preproc_l6months.csv
