name,transf,client,payoff,total
val_month_sac_gen_I_q_228,738.0358783379937,1488.30912,159.56135988924024,590.711881772766
