name,transf,client,payoff,total,sessions
test_6month_sac_pred_noise_3e_99,5247.515154771891,9929.387430399998,889.2877424740021,3792.5845331541054,df_elaad_preproc_l6months.csv
