name,transf,client,payoff,total,sessions
test_6month_sac_gen_g_135,2978.9819232540094,9929.387430399998,886.8210602299855,6063.584446916004,df_elaad_preproc_l6months.csv
