name,transf,client,payoff,total
test_month_sac_gen_J_d_284,707.0768305529862,1468.334912,149.17516390639216,612.0829175406217
