name,transf,client,payoff,total,sessions
test_6month_sac_gen_1m_45,3116.527204120557,9929.387430399998,893.2217503396156,5919.638475939825,df_elaad_preproc_l6months.csv
