name,transf,client,payoff,total
val_month_sac_gen_J_e_391,653.7854423274036,1488.30912,159.56135988924024,674.962317783356
