name,transf,client,payoff,total
train_month_sac_gen_I_h_64,2091.750506488167,4306.918592,422.3108412815719,1792.8572442302611
