name,transf,client,payoff,total
val_month_sac_gen_I_p_30,745.6781616529568,1488.30912,159.56135988924024,583.0695984578028
