name,transf,client,payoff,total
test_month_sac_gen_I_v_279,685.9395079772805,1468.334912,149.17516390639216,633.2202401163273
