name,transf,client,payoff,total,sessions
test_6month_sac_gen_1n_112,2935.5097620766296,9929.387430399998,886.8210602299855,6107.056608093382,df_elaad_preproc_l6months.csv
