name,transf,client,payoff,total
val_month_sac_gen_J_y_167,667.1502352748305,1488.30912,155.96206259448996,665.1968221306795
