name,transf,client,payoff,total
test_month_sac_gen_I_e_65,662.4930898232815,1468.334912,148.50825484764397,657.3335673290746
