name,transf,client,payoff,total
test_month_sac_gen_I_v_182,692.3018443389519,1468.334912,149.17516390639216,626.8579037546559
