name,transf,client,payoff,total
val_month_sac_gen_I_y_200,669.064046792995,1488.30912,159.56135988924024,659.6837133177646
