name,transf,client,payoff,total,sessions
test_6month_sac_pred_noise_4e_116,5138.148944139873,9929.387430399998,891.2211003728393,3900.0173858872863,df_elaad_preproc_l6months.csv
