name,transf,client,payoff,total
train_month_sac_gen_I_t_75,2057.3682656721744,4306.918592,417.11092881585404,1832.4393975119715
