name,transf,client,payoff,total
test_month_sac_gen_I_g_12,745.7970643167405,1468.334912,149.17516390639216,573.3626837768674
