name,transf,client,payoff,total
train_month_sac_c_147,1103.9398821151863,2289.492687923877,157.2012507240518,1028.351555084639
