name,transf,client,payoff,total
train_month_sac_gen_I_u_83,40.05983139776822,4306.918592,422.3108412815719,3844.54791932066
