name,transf,client,payoff,total
val_month_sac_gen_J_l_63,661.0716192195948,1488.30912,159.56135988924024,667.6761408911648
