name,transf,client,payoff,total,sessions
test_6month_sac_gen_i_151,2774.9432050477753,9929.387430399998,886.8210602299855,6267.623165122237,df_elaad_preproc_l6months.csv
