name,transf,client,payoff,total,sessions
test_6month_sac_pred_noise_4a_128,2882.426454195199,9929.387430399998,891.2211003728393,6155.7398758319605,df_elaad_preproc_l6months.csv
