name,transf,client,payoff,total
val_month_sac_gen_J_w_190,567.1967030261766,1488.30912,155.96206259448996,765.1503543793333
