name,transf,client,payoff,total
val_month_sac_gen_I_k_385,647.6552953834176,1488.30912,159.56135988924024,681.0924647273421
