name,transf,client,payoff,total
train_month_sac_gen_I_f_197,2099.5257239350804,4306.918592,421.11038371791597,1786.2824843470037
