name,transf,client,payoff,total,sessions
test_6month_sac_pred_noise_1e_18,5088.136639897275,9929.387430399998,893.2217503396156,3948.0290401631078,df_elaad_preproc_l6months.csv
