name,transf,client,payoff,total
train_month_sac_gen_J_u_38,2130.8407803828177,4306.918592,421.7766467427567,1754.3011648744255
