name,transf,client,payoff,total
val_month_sac_gen_I_n_304,598.9792347133588,1488.30912,159.56135988924024,729.7685253974009
