name,transf,client,payoff,total
val_sac_gen_a_29,16105.301827956499,30125.305835959498,1762.9897063291792,12257.01430167382
