name,transf,client,payoff,total,sessions
test_6month_sac_gen_i_25,3146.437133921643,9929.387430399998,886.8210602299855,5896.129236248369,df_elaad_preproc_l6months.csv
