name,transf,client,payoff,total,sessions
test_6month_sac_pred_noise_3b_30,3665.0888835804653,9929.387430399998,889.2877424740021,5375.010804345531,df_elaad_preproc_l6months.csv
