name,transf,client,payoff,total
val_month_sac_gen_I_d_484,633.3836558707163,1488.30912,159.56135988924024,695.3641042400434
