name,transf,client,payoff,total
test_month_sac_gen_J_j_469,632.7930754477362,1468.334912,149.17516390639216,686.3666726458716
