name,transf,client,payoff,total
test_month_sac_gen_I_z_152,731.7584270347731,1468.334912,149.17516390639216,587.4013210588347
