name,transf,client,payoff,total
val_month_sac_gen_J_v_135,619.2504112106751,1488.30912,155.96206259448996,713.0966461948349
