name,transf,client,payoff,total,sessions
test_6month_sac_gen_1l_88,3014.311293009491,9929.387430399998,886.8210602299855,6028.255077160522,df_elaad_preproc_l6months.csv
