name,transf,client,payoff,total
val_month_sac_gen_J_t_326,595.7229960573168,1488.30912,155.96206259448996,736.6240613481932
