name,transf,client,payoff,total
val_month_sac_gen_I_j_273,657.0214717983971,1488.30912,159.56135988924024,671.7262883123626
