name,transf,client,payoff,total
val_month_sac_gen_J_d_10,702.3222148216464,1488.30912,159.56135988924024,626.4255452891132
