name,transf,client,payoff,total,sessions
test_6month_sac_gen_1m_144,2899.646444115929,9929.387430399998,893.2217503396156,6136.519235944453,df_elaad_preproc_l6months.csv
