name,transf,client,payoff,total
val_month_sac_gen_J_v_433,595.6737405533783,1488.30912,155.96206259448996,736.6733168521316
