name,transf,client,payoff,total
test_month_sac_gen_J_z_45,759.3989335201389,1468.334912,148.50825484764397,560.4277236322171
