name,transf,client,payoff,total
train_month_sac_gen_I_b_269,1981.9543249444691,4306.918592,422.3108412815719,1902.653425773959
