name,transf,client,payoff,total
val_month_sac_gen_J_t_282,598.679721893121,1488.30912,155.96206259448996,733.667335512389
