name,transf,client,payoff,total,sessions
test_6month_sac_pred_noise_4c_116,3547.3594095574954,9929.387430399998,891.2211003728393,5490.806920469664,df_elaad_preproc_l6months.csv
