name,transf,client,payoff,total
train_month_sac_gen_J_d_63,2139.6347901227464,4306.918592,422.3108412815719,1744.9729605956818
