name,transf,client,payoff,total
train_month_sac_gen_I_w_420,-7703.005621161853,4306.918592,422.3108412815719,11587.61337188028
