name,transf,client,payoff,total,sessions
test_6month_sac_pred_noise_3a_182,2869.103382656529,9929.387430399998,889.2877424740021,6170.9963052694675,df_elaad_preproc_l6months.csv
