name,transf,client,payoff,total
val_month_sac_gen_I_g_307,780.2754600055848,1488.30912,159.56135988924024,548.4723001051748
