name,transf,client,payoff,total
train_month_sac_gen_I_c_369,2054.482800664773,4306.918592,422.3108412815719,1830.124950053655
