name,transf,client,payoff,total,sessions
test_6month_sac_gen_5m_197,2997.453083014588,9929.387430399998,881.6875054342313,6050.246841951179,df_elaad_preproc_l6months.csv
