name,transf,client,payoff,total
train_month_sac_c_725,1027.4828622410228,2289.492687923877,157.2012507240518,1104.8085749588024
