name,transf,client,payoff,total
train_month_sac_gen_I_o_174,2151.7425277799857,4306.918592,422.3108412815719,1732.8652229384425
