name,transf,client,payoff,total
train_month_sac_gen_J_h_223,2070.4057461237135,4306.918592,422.3108412815719,1814.2020045947147
