name,transf,client,payoff,total,sessions
test_6month_sac_pred_noise_5c_274,3576.537165117582,9929.387430399998,881.6875054342313,5471.162759848185,df_elaad_preproc_l6months.csv
