name,transf,client,payoff,total,sessions
test_6month_sac_pred_noise_5c_165,3577.7957472488815,9929.387430399998,881.6875054342313,5469.904177716886,df_elaad_preproc_l6months.csv
