name,transf,client,payoff,total,sessions
test_6month_sac_gen_5l_36,3215.928046608952,9929.387430399998,886.8210602299855,5826.638323561061,df_elaad_preproc_l6months.csv
