name,transf,client,payoff,total
train_month_sac_gen_J_w_470,1867.0311365708735,4306.918592,413.6437248624644,2026.2437305666622
