name,transf,client,payoff,total,sessions
6month_sac_disagg_4e_LL,2966.246654062063,9929.387430399998,886.8210602299855,6076.31971610795,df_elaad_preproc_l6months.csv
