name,transf,client,payoff,total
test_month_sac_gen_J_t_4,793.8798900069906,1468.334912,148.50825484764397,525.9467671453654
