name,transf,client,payoff,total
val_month_sac_gen_I_j_477,659.7850722601964,1488.30912,159.56135988924024,668.9626878505633
