name,transf,client,payoff,total,sessions
test_6month_sac_gen_4l_104,2998.24911398509,9929.387430399998,886.8210602299855,6044.317256184922,df_elaad_preproc_l6months.csv
