name,transf,client,payoff,total,sessions
test_6month_sac_pred_noise_3b_265,3216.298842390691,9929.387430399998,889.2877424740021,5823.800845535306,df_elaad_preproc_l6months.csv
