name,transf,client,payoff,total,sessions
test_6month_sac_pred_noise_2e_276,5081.470309012337,9929.387430399998,897.4875555656347,3950.429565822027,df_elaad_preproc_l6months.csv
