name,transf,client,payoff,total
train_month_sac_gen_I_q_422,2249.7941349381267,4306.918592,422.3108412815719,1634.8136157803015
