name,transf,client,payoff,total
train_month_sac_c_922,1024.7686772150446,2289.492687923877,157.2012507240518,1107.5227599847806
