name,transf,client,payoff,total,sessions
test_6month_sac_pred_noise_1b_137,3082.184514918271,9929.387430399998,893.2217503396156,5953.981165142111,df_elaad_preproc_l6months.csv
