name,transf,client,payoff,total
train_month_sac_gen_J_j_56,2051.9722938715818,4306.918592,422.3108412815719,1832.6354568468464
