name,transf,client,payoff,total
test_month_sac_gen_I_a_206,701.6765633928827,1468.334912,149.17516390639216,617.4831847007251
