name,transf,client,payoff,total
month_sac_IX_e,891.3205304187096,1469.5622144,143.41512162066263,434.8265623606277
