name,transf,client,payoff,total
test_month_sac_gen_I_k_439,681.6060907021716,1468.334912,149.17516390639216,637.5536573914362
