name,transf,client,payoff,total
val_month_sac_gen_J_q_142,659.486667866518,1488.30912,159.56135988924024,669.2610922442416
