name,transf,client,payoff,total,sessions
test_6month_sac_pred_noise_2e_84,5239.786405406169,9929.387430399998,897.4875555656347,3792.1134694281945,df_elaad_preproc_l6months.csv
