name,transf,client,payoff,total
val_month_sac_gen_I_x_373,704.243586884161,1488.30912,159.56135988924024,624.5041732265986
