name,transf,client,payoff,total,sessions
test_6month_sac_gen_c_13,3731.056874625594,9929.387430399998,886.8210602299855,5311.509495544418,df_elaad_preproc_l6months.csv
