name,transf,client,payoff,total
val_month_sac_gen_I_k_428,644.1224796007223,1488.30912,159.56135988924024,684.6252805100373
