name,transf,client,payoff,total
train_month_sac_gen_G_a_252,942.1812359037764,1469.5622144,138.76128283178946,388.61969566443406
