name,transf,client,payoff,total
train_month_sac_gen_I_d_214,1997.0090689691965,4306.918592,422.3108412815719,1887.5986817492317
