name,transf,client,payoff,total
train_month_sac_gen_I_a_474,2018.8074333848115,4306.918592,422.3108412815719,1865.8003173336165
