name,transf,client,payoff,total,sessions
6month_sac_disagg_4c_ML,3209.872883211842,9929.387430399998,886.8210602299855,5832.693486958171,df_elaad_preproc_l6months.csv
