name,transf,client,payoff,total
test_month_sac_gen_J_g_444,679.9712068383495,1468.334912,149.17516390639216,639.1885412552583
