name,transf,client,payoff,total,sessions
test_6month_sac_gen_1m_35,3186.8008396679797,9929.387430399998,886.8210602299855,5855.765530502033,df_elaad_preproc_l6months.csv
