name,transf,client,payoff,total
test_month_sac_gen_J_p_33,696.4173068949938,1468.334912,149.17516390639216,622.7424411986141
