name,transf,client,payoff,total
val_month_sac_gen_J_w_181,569.8578802454447,1488.30912,155.96206259448996,762.4891771600653
