name,transf,client,payoff,total
test_month_sac_gen_J_b_10,825.9464771683415,1468.334912,149.17516390639216,493.21327092526633
