name,transf,client,payoff,total
train_month_sac_gen_J_d_226,2039.8775132435164,4306.918592,422.3108412815719,1844.7302374749115
