name,transf,client,payoff,total
month_sac_IX_j,1025.2901666282094,1469.5622144,141.88115885085057,302.39088892094
