name,transf,client,payoff,total
train_month_sac_gen_c_11,886.8477428348133,1469.5622144,142.094741946743,440.6197296184436
