name,transf,client,payoff,total
test_month_sac_gen_G_a_216,657.3405028572804,1468.334912,148.50825484764397,662.4861542950757
