name,transf,client,payoff,total,sessions
test_6month_sac_pred_noise_1b_19,3529.3990856374435,9929.387430399998,893.2217503396156,5506.766594422938,df_elaad_preproc_l6months.csv
