name,transf,client,payoff,total
test_month_sac_gen_I_c_146,696.4548222789036,1468.334912,149.17516390639216,622.7049258147042
