name,transf,client,payoff,total
test_month_sac_gen_I_i_15,789.7700100847346,1468.334912,149.17516390639216,529.3897380088732
