name,transf,client,payoff,total,sessions
train_month_sac_gen_G_c_15,696.2775688387466,1349.0472576000002,122.0542659638709,530.7154227973828,df_elaad_preproc_feb.csv
