name,transf,client,payoff,total
test_month_sac_gen_J_c_287,688.5529623206836,1468.334912,149.17516390639216,630.6067857729242
