name,transf,client,payoff,total
val_month_sac_gen_J_d_23,691.2531929679199,1488.30912,159.56135988924024,637.4945671428397
