name,transf,client,payoff,total
val_month_sac_gen_I_m_237,637.9927910176266,1488.30912,159.56135988924024,690.754969093133
