name,transf,client,payoff,total
test_month_sac_gen_J_s_316,573.5805276367735,1468.334912,148.50825484764397,746.2461295155827
