name,transf,client,payoff,total
month_sac_IX_g,1171.7454342740868,1469.5622144,140.81446340887305,157.00231671704
