name,transf,client,payoff,total
test_month_sac_gen_J_h_230,740.6760269259419,1468.334912,149.17516390639216,578.483721167666
