name,transf,client,payoff,total,sessions
test_6month_sac_pred_noise_4a_191,2863.2579538631203,9929.387430399998,891.2211003728393,6174.9083761640395,df_elaad_preproc_l6months.csv
