name,transf,client,payoff,total,sessions
test_6month_sac_gen_4m_165,2924.148390526374,9929.387430399998,886.8210602299855,6118.417979643638,df_elaad_preproc_l6months.csv
