name,transf,client,payoff,total
test_month_sac_gen_J_d_181,710.1941274638995,1468.334912,149.17516390639216,608.9656206297084
