name,transf,client,payoff,total
val_month_sac_gen_e_38,621.2930318559986,1349.0472576000002,118.32161810264896,609.4326076413527
