name,transf,client,payoff,total
test_month_sac_gen_J_y_55,679.7510626792034,1468.334912,148.50825484764397,640.0755944731527
