name,transf,client,payoff,total
train_month_sac_gen_I_a_68,2162.481385964285,4306.918592,422.3108412815719,1722.1263647541432
