name,transf,client,payoff,total,sessions
test_6month_sac_gen_1l_109,2935.682187180091,9929.387430399998,886.8210602299855,6106.884182989921,df_elaad_preproc_l6months.csv
