name,transf,client,payoff,total,sessions
test_6month_sac_pred_noise_5b_96,3112.0800019573217,9929.387430399998,881.6875054342313,5935.619923008446,df_elaad_preproc_l6months.csv
