name,transf,client,payoff,total
train_month_sac_gen_I_o_459,2125.4850204977247,4306.918592,422.3108412815719,1759.1227302207035
