name,transf,client,payoff,total
test_month_sac_gen_J_z_250,595.8835218386118,1468.334912,148.50825484764397,723.9431353137443
