name,transf,client,payoff,total
train_month_sac_gen_J_r_26,2172.9082589210707,4306.918592,422.3108412815719,1711.6994917973575
