name,transf,client,payoff,total
train_month_sac_gen_J_d_284,2034.8743478699816,4306.918592,422.3108412815719,1849.7334028484465
