name,transf,client,payoff,total
train_month_sac_gen_I_f_219,2097.5321946401414,4306.918592,421.11038371791597,1788.2760136419427
