name,transf,client,payoff,total
val_month_sac_gen_I_n_105,628.3941642531848,1488.30912,159.56135988924024,700.3535958575749
