name,transf,client,payoff,total
test_month_sac_gen_J_b_469,694.2258827800187,1468.334912,149.17516390639216,624.9338653135892
