name,transf,client,payoff,total
train_month_sac_gen_I_o_314,2139.590340490081,4306.918592,422.3108412815719,1745.0174102283472
