name,transf,client,payoff,total
val_month_sac_gen_J_d_1,776.0934119109238,1488.30912,159.56135988924024,552.6543481998358
