name,transf,client,payoff,total,sessions
test_6month_sac_gen_4l_278,2986.5715518027664,9929.387430399998,886.8210602299855,6055.994818367246,df_elaad_preproc_l6months.csv
