name,transf,client,payoff,total
test_month_sac_gen_I_b_131,715.437349814614,1468.334912,149.17516390639216,603.7223982789939
