name,transf,client,payoff,total,sessions
test_6month_sac_gen_k_228,2806.6131352187067,9929.387430399998,886.8210602299855,6235.9532349513065,df_elaad_preproc_l6months.csv
