name,transf,client,payoff,total
test_month_sac_gen_J_o_434,682.5757571704651,1468.334912,149.17516390639216,636.5839909231428
