name,transf,client,payoff,total,sessions
test_6month_sac_gen_2m_141,3015.951812449244,9929.387430399998,886.8210602299855,6026.614557720768,df_elaad_preproc_l6months.csv
