name,transf,client,payoff,total
test_month_sac_c_440,1026.5693489512064,1469.5622144,135.21440678133106,307.7784586674625
