name,transf,client,payoff,total
test_month_sac_gen_I_c_443,666.4673102612866,1468.334912,149.17516390639216,652.6924378323213
