name,transf,client,payoff,total,sessions
test_6month_sac_gen_2l_133,2908.404906572801,9929.387430399998,886.8210602299855,6134.161463597211,df_elaad_preproc_l6months.csv
