name,transf,client,payoff,total
train_month_sac_c_905,1020.4027019051605,2289.492687923877,157.2012507240518,1111.8887352946647
