name,transf,client,payoff,total
test_month_sac_gen_a_36,782.6584617425415,1488.30912,159.56135988924024,546.0892983682181
