name,transf,client,payoff,total
val_month_sac_gen_I_l_77,682.4320651934788,1488.30912,159.56135988924024,646.3156949172808
