name,transf,client,payoff,total
train_month_sac_gen_J_z_7,785.5435635735557,1349.0472576000002,123.72104180692969,439.7826522195148
