name,transf,client,payoff,total,sessions
test_6month_sac_pred_noise_2a_55,3095.0771467045424,9929.387430399998,897.4875555656347,5936.822728129821,df_elaad_preproc_l6months.csv
