name,transf,client,payoff,total,sessions
test_6month_sac_pred_noise_5a_144,2845.7549065308763,9929.387430399998,881.6875054342313,6201.945018434892,df_elaad_preproc_l6months.csv
