name,transf,client,payoff,total
test_month_sac_gen_J_y_58,658.8876625230305,1468.334912,148.50825484764397,660.9389946293256
