name,transf,client,payoff,total
test_month_sac_gen_J_t_176,656.6608012949375,1468.334912,148.50825484764397,663.1658558574186
