name,transf,client,payoff,total,sessions
test_6month_sac_gen_g_208,2889.654057653262,9929.387430399998,886.8210602299855,6152.91231251675,df_elaad_preproc_l6months.csv
