name,transf,client,payoff,total
test_month_sac_gen_J_h_346,736.9591241943833,1468.334912,149.17516390639216,582.2006238992245
