name,transf,client,payoff,total
train_month_sac_gen_J_v_348,2042.868549851652,4306.918592,417.9096673275943,1846.1403748207536
