name,transf,client,payoff,total,sessions
test_6month_sac_gen_1m_55,3228.3922133058127,9929.387430399998,893.2217503396156,5807.773466754569,df_elaad_preproc_l6months.csv
