name,transf,client,payoff,total
val_month_sac_gen_J_i_272,640.6359076080671,1488.30912,159.56135988924024,688.1118525026925
