name,transf,client,payoff,total
test_month_sac_gen_I_d_405,667.5043371814581,1468.334912,149.17516390639216,651.6554109121497
