name,transf,client,payoff,total
train_month_sac_gen_I_m_296,1997.903903319692,4306.918592,422.3108412815719,1886.703847398736
