name,transf,client,payoff,total
month_sac_IX_g,1217.6254779409737,1469.5622144,136.48122382774224,115.45551263128394
