name,transf,client,payoff,total,sessions
test_6month_sac_pred_noise_5d_91,4496.117532243683,9929.387430399998,881.6875054342313,4551.5823927220845,df_elaad_preproc_l6months.csv
