name,transf,client,payoff,total
val_month_sac_gen_J_q_31,705.9646024778042,1488.30912,159.56135988924024,622.7831576329554
