name,transf,client,payoff,total
test_month_sac_gen_I_k_165,718.9469543097342,1468.334912,149.17516390639216,600.2127937838736
