name,transf,client,payoff,total
test_month_sac_gen_J_u_489,580.1920765344195,1468.334912,148.50825484764397,739.6345806179365
