name,transf,client,payoff,total,sessions
test_6month_sac_gen_3m_117,2985.285260301679,9929.387430399998,886.8210602299855,6057.281109868334,df_elaad_preproc_l6months.csv
