name,transf,client,payoff,total
train_month_sac_gen_I_p_181,2208.6238522906806,4306.918592,422.3108412815719,1675.9838984277476
