name,transf,client,payoff,total
val_month_sac_gen_I_l_21,703.9280600689655,1488.30912,159.56135988924024,624.8197000417942
