name,transf,client,payoff,total
val_month_sac_gen_I_m_45,668.2927567730205,1488.30912,159.56135988924024,660.4550033377391
