name,transf,client,payoff,total
test_month_sac_gen_I_k_168,712.5876059755299,1468.334912,149.17516390639216,606.572142118078
