name,transf,client,payoff,total,sessions
test_6month_sac_pred_noise_3a_22,3440.5623652503327,9929.387430399998,889.2877424740021,5599.537322675664,df_elaad_preproc_l6months.csv
