name,transf,client,payoff,total
train_month_sac_gen_J_n_95,2014.225430802564,4306.918592,422.3108412815719,1870.3823199158642
