name,transf,client,payoff,total
train_month_sac_gen_J_d_220,2049.5864796580563,4306.918592,422.3108412815719,1835.0212710603719
