name,transf,client,payoff,total,sessions
test_6month_sac_gen_1l_127,2912.733670777951,9929.387430399998,886.8210602299855,6129.832699392062,df_elaad_preproc_l6months.csv
