name,transf,client,payoff,total,sessions
test_6month_sac_pred_noise_1b_15,3673.0654349404444,9929.387430399998,893.2217503396156,5363.100245119937,df_elaad_preproc_l6months.csv
