name,transf,client,payoff,total
val_month_sac_gen_I_c_142,658.2477544342718,1488.30912,159.56135988924024,670.500005676488
