name,transf,client,payoff,total
val_month_sac_gen_J_h_406,662.2674031511872,1488.30912,159.56135988924024,666.4803569595724
