name,transf,client,payoff,total
train_month_sac_gen_I_x_210,-7287.20693047038,4306.918592,428.1108023234274,11166.014720146952
