name,transf,client,payoff,total
test_month_sac_gen_I_m_354,666.8778579004455,1468.334912,149.17516390639216,652.2818901931623
