name,transf,client,payoff,total
val_month_sac_gen_I_p_329,706.6983110045624,1488.30912,159.56135988924024,622.0494491061972
