name,transf,client,payoff,total
train_month_sac_gen_J_k_429,1758.9727800450628,4306.918592,422.3108412815719,2125.6349706733654
