name,transf,client,payoff,total
train_month_sac_gen_J_h_273,2056.156746163258,4306.918592,422.3108412815719,1828.4510045551701
