name,transf,client,payoff,total
val_month_sac_gen_G_a_31,665.269608637097,1488.30912,155.96206259448996,667.077448768413
