name,transf,client,payoff,total
test_month_sac_gen_I_q_75,765.7694954296128,1468.334912,149.17516390639216,553.390252663995
