name,transf,client,payoff,total
train_month_sac_gen_I_t_193,1863.8565041726638,4306.918592,425.31041030328936,2017.751677524047
