name,transf,client,payoff,total
test_month_sac_gen_d_10,819.4625621170019,1488.30912,159.56135988924024,509.2851979937578
