name,transf,client,payoff,total,sessions
test_6month_sac_pred_noise_4b_95,3284.5564470118425,9929.387430399998,891.2211003728393,5753.609883015317,df_elaad_preproc_l6months.csv
