name,transf,client,payoff,total
test_month_sac_gen_I_h_336,704.7434102072345,1468.334912,149.17516390639216,614.4163378863733
