name,transf,client,payoff,total
train_month_sac_gen_I_q_1,2938.034819974994,4306.918592,422.3108412815719,946.5729307434339
