name,transf,client,payoff,total
train_month_sac_gen_J_l_258,1846.5644207410055,4306.918592,422.3108412815719,2038.0433299774227
