name,transf,client,payoff,total
test_month_sac_gen_J_k_323,620.3347701622215,1468.334912,149.17516390639216,698.8249779313863
