name,transf,client,payoff,total,sessions
test_6month_sac_gen_2m_25,3356.8305249194373,9929.387430399998,897.4875555656347,5675.0693499149265,df_elaad_preproc_l6months.csv
