name,transf,client,payoff,total
val_month_sac_gen_J_e_6,752.8568182237926,1488.30912,159.56135988924024,575.8909418869671
