name,transf,client,payoff,total,sessions
6month_sac_disagg_3e_LD,5119.419018746754,9929.387430399998,889.2877424740021,3920.680669179242,df_elaad_preproc_l6months.csv
