name,transf,client,payoff,total
test_month_sac_gen_I_b_479,705.0307435258048,1468.334912,149.17516390639216,614.129004567803
