name,transf,client,payoff,total
val_month_sac_gen_J_w_473,544.2171063937063,1488.30912,155.96206259448996,788.1299510118035
