name,transf,client,payoff,total
test_month_sac_gen_I_b_15,786.1375109401836,1468.334912,149.17516390639216,533.0222371534243
