name,transf,client,payoff,total,sessions
test_6month_sac_gen_2m_88,2886.02710734332,9929.387430399998,897.4875555656347,6145.872767491044,df_elaad_preproc_l6months.csv
