name,transf,client,payoff,total
test_month_sac_gen_I_u_185,687.6325209527431,1468.334912,149.17516390639216,631.5272271408647
