name,transf,client,payoff,total,sessions
test_6month_sac_gen_j_278,3168.913812481389,9929.387430399998,886.8210602299855,5873.652557688623,df_elaad_preproc_l6months.csv
