name,transf,client,payoff,total
val_month_sac_gen_I_o_286,693.4513904934829,1488.30912,159.56135988924024,635.2963696172767
