name,transf,client,payoff,total
train_month_sac_gen_J_h_276,2058.7742150652257,4306.918592,422.3108412815719,1825.8335356532025
