name,transf,client,payoff,total
val_month_sac_gen_I_p_45,748.1127790994583,1488.30912,159.56135988924024,580.6349810113013
