name,transf,client,payoff,total
test_month_sac_gen_J_w_83,626.8439135179146,1468.334912,148.50825484764397,692.9827436344415
