name,transf,client,payoff,total
train_month_sac_gen_I_c_476,2059.229271242122,4306.918592,422.3108412815719,1825.378479476306
