name,transf,client,payoff,total
test_month_sac_gen_I_d_396,663.6570793065938,1468.334912,149.17516390639216,655.502668787014
