name,transf,client,payoff,total
test_sac_c_42,7737.009058429089,18301.238246399997,1736.5228628156017,8827.706325155306
