name,transf,client,payoff,total
train_month_sac_gen_I_o_301,2131.8085906507317,4306.918592,422.3108412815719,1752.7991600676964
