name,transf,client,payoff,total,sessions
test_6month_sac_pred_noise_1a_158,2814.6069202162207,9929.387430399998,893.2217503396156,6221.558759844162,df_elaad_preproc_l6months.csv
