name,transf,client,payoff,total
train_month_sac_gen_I_q_89,2334.8317883585723,4306.918592,422.3108412815719,1549.7759623598558
