name,transf,client,payoff,total,sessions
test_6month_sac_pred_noise_4d_170,4562.479760615035,9929.387430399998,891.2211003728393,4475.686569412124,df_elaad_preproc_l6months.csv
