name,transf,client,payoff,total,sessions
test_6month_sac_pred_noise_1b_276,3186.689779482129,9929.387430399998,893.2217503396156,5849.4759005782535,df_elaad_preproc_l6months.csv
