name,transf,client,payoff,total
test_month_sac_gen_I_l_459,692.985475401039,1468.334912,149.17516390639216,626.1742726925688
