name,transf,client,payoff,total
train_month_sac_gen_I_d_332,1975.4333053000707,4306.918592,422.3108412815719,1909.1744454183572
