name,transf,client,payoff,total,sessions
test_6month_sac_pred_noise_1e_219,5393.934497918045,9929.387430399998,893.2217503396156,3642.2311821423377,df_elaad_preproc_l6months.csv
