name,transf,client,payoff,total
val_month_sac_gen_I_g_474,796.3439495349916,1488.30912,159.56135988924024,532.4038105757681
