name,transf,client,payoff,total
val_month_sac_gen_J_z_214,602.9580112694149,1488.30912,155.96206259448996,729.389046136095
