name,transf,client,payoff,total
train_month_sac_gen_I_i_439,2044.878863975482,4306.918592,422.3108412815719,1839.728886742946
