name,transf,client,payoff,total
test_month_sac_gen_I_v_68,696.4818980401104,1468.334912,149.17516390639216,622.6778500534974
