name,transf,client,payoff,total,sessions
train_month_sac_gen_G_c_274,955.6281038077248,1349.0472576000002,122.85434730227783,270.56480648999764,df_elaad_preproc_feb.csv
