name,transf,client,payoff,total
train_month_sac_gen_I_a_232,2035.1502720292688,4306.918592,422.3108412815719,1849.4574786891594
