name,transf,client,payoff,total
test_month_sac_gen_I_g_481,876.388793208555,1468.334912,149.17516390639216,442.7709548850529
