name,transf,client,payoff,total
test_month_sac_gen_I_u_113,707.5461175528842,1468.334912,149.17516390639216,611.6136305407236
