name,transf,client,payoff,total
test_month_sac_gen_I_l_110,711.2109769849374,1468.334912,149.17516390639216,607.9487711086705
