name,transf,client,payoff,total
train_month_sac_gen_J_i_376,1959.6709219430154,4306.918592,422.3108412815719,1924.9368287754128
