name,transf,client,payoff,total,sessions
test_6month_sac_pred_noise_1e_134,5268.894142578332,9929.387430399998,893.2217503396156,3767.2715374820505,df_elaad_preproc_l6months.csv
