name,transf,client,payoff,total
train_month_sac_gen_I_d_46,2114.1271038637974,4306.918592,422.3108412815719,1770.4806468546308
