name,transf,client,payoff,total
train_month_sac_gen_b_70,830.7746402863961,1469.5622144,142.094741946743,496.6928321668608
