name,transf,client,payoff,total
val_month_sac_gen_J_r_0,842.5545735600106,1488.30912,159.56135988924024,486.1931865507491
