name,transf,client,payoff,total,sessions
test_6month_sac_gen_2n_106,3065.459883233324,9929.387430399998,886.8210602299855,5977.106486936689,df_elaad_preproc_l6months.csv
