name,transf,client,payoff,total
test_month_sac_gen_I_p_441,752.1621971319178,1468.334912,149.17516390639216,566.9975509616901
