name,transf,client,payoff,total,sessions
test_6month_sac_gen_2o_58,3047.140438846221,9929.387430399998,886.8210602299855,5995.425931323791,df_elaad_preproc_l6months.csv
