name,transf,client,payoff,total
train_month_sac_gen_I_p_352,2193.3085685717524,4306.918592,422.3108412815719,1691.2991821466758
