name,transf,client,payoff,total,sessions
test_6month_sac_pred_noise_1b_199,3035.4673432521004,9929.387430399998,893.2217503396156,6000.698336808282,df_elaad_preproc_l6months.csv
