name,transf,client,payoff,total
val_month_sac_gen_I_i_82,669.4394387726156,1488.30912,159.56135988924024,659.308321338144
