name,transf,client,payoff,total
test_month_sac_gen_J_a_81,705.2856170649574,1468.334912,149.17516390639216,613.8741310286505
