name,transf,client,payoff,total
train_month_sac_gen_J_v_167,2105.520338939358,4306.918592,417.9096673275943,1783.4885857330473
