name,transf,client,payoff,total
val_month_sac_gen_I_l_440,641.8868333195904,1488.30912,159.56135988924024,686.8609267911693
