name,transf,client,payoff,total
test_month_sac_gen_I_i_418,709.3699498144097,1468.334912,149.17516390639216,609.7897982791982
