name,transf,client,payoff,total
test_month_sac_gen_J_t_479,643.3075666075888,1468.334912,148.50825484764397,676.5190905447673
