name,transf,client,payoff,total,sessions
test_6month_sac_pred_noise_2a_138,2860.667846429348,9929.387430399998,897.4875555656347,6171.232028405016,df_elaad_preproc_l6months.csv
