name,transf,client,payoff,total,sessions
test_6month_sac_pred_noise_2b_37,3246.6178726646867,9929.387430399998,897.4875555656347,5785.282002169677,df_elaad_preproc_l6months.csv
