name,transf,client,payoff,total
val_month_sac_gen_J_d_217,655.2285186581415,1488.30912,159.56135988924024,673.5192414526182
