name,transf,client,payoff,total
val_month_sac_gen_I_z_0,775.0115564289179,1488.30912,159.56135988924024,553.7362036818417
