name,transf,client,payoff,total
test_month_sac_gen_I_k_223,701.639990447932,1468.334912,149.17516390639216,617.5197576456759
