name,transf,client,payoff,total
test_month_sac_gen_J_g_302,680.8495369475658,1468.334912,149.17516390639216,638.3102111460421
