name,transf,client,payoff,total
test_month_sac_gen_J_t_44,733.0919615582781,1468.334912,148.50825484764397,586.734695594078
