name,transf,client,payoff,total,sessions
test_6month_sac_gen_1n_159,2867.6091867149435,9929.387430399998,886.8210602299855,6174.95718345507,df_elaad_preproc_l6months.csv
