name,transf,client,payoff,total
test_month_sac_gen_J_z_174,629.8930503579576,1468.334912,148.50825484764397,689.9336067943984
