name,transf,client,payoff,total
test_month_sac_gen_I_n_160,666.4112499976561,1468.334912,149.17516390639216,652.7484980959517
