name,transf,client,payoff,total
val_month_sac_gen_I_k_422,646.332351442244,1488.30912,159.56135988924024,682.4154086685157
