name,transf,client,payoff,total
train_month_sac_gen_J_f_451,1977.738985837364,4306.918592,422.3108412815719,1906.8687648810642
