name,transf,client,payoff,total
train_month_sac_gen_J_b_208,2035.0852030005508,4306.918592,422.3108412815719,1849.5225477178774
