name,transf,client,payoff,total
train_month_sac_gen_G_b_214,611.6063584781796,1488.30912,158.56131986617856,718.1414416556418
