name,transf,client,payoff,total
val_month_sac_gen_J_m_103,627.2773679393711,1488.30912,159.56135988924024,701.4703921713885
