name,transf,client,payoff,total,sessions
test_6month_sac_gen_e_185,2775.1943332457195,9929.387430399998,886.8210602299855,6267.372036924293,df_elaad_preproc_l6months.csv
