name,transf,client,payoff,total
test_month_sac_gen_I_c_4,777.0309362139753,1468.334912,149.17516390639216,542.1288118796325
