name,transf,client,payoff,total
val_month_sac_gen_J_r_416,634.3502590038224,1488.30912,159.56135988924024,694.3975011069372
