name,transf,client,payoff,total
val_month_sac_gen_J_l_214,600.8623425005408,1488.30912,159.56135988924024,727.8854176102188
