name,transf,client,payoff,total,sessions
test_6month_sac_pred_noise_2a_44,3176.3299699076324,9929.387430399998,897.4875555656347,5855.569904926731,df_elaad_preproc_l6months.csv
