name,transf,client,payoff,total,sessions
test_6month_sac_pred_noise_5c_27,3790.9533187595816,9929.387430399998,881.6875054342313,5256.746606206185,df_elaad_preproc_l6months.csv
