name,transf,client,payoff,total,sessions
train_6month_sac_gen_1o_150,3211.0033419076685,8371.850816,845.5016111589172,4315.3458629334145,df_elaad_preproc_f6months.csv
