name,transf,client,payoff,total
train_month_sac_gen_I_e_174,2073.901888006259,4306.918592,417.9096673275943,1815.1070366661465
