name,transf,client,payoff,total
train_month_sac_gen_I_l_137,2071.7675174921665,4306.918592,422.3108412815719,1812.8402332262617
