name,transf,client,payoff,total,sessions
test_6month_sac_gen_d_196,2715.5321963284387,9929.387430399998,886.8210602299855,6327.034173841574,df_elaad_preproc_l6months.csv
