name,transf,client,payoff,total,sessions
train_month_sac_gen_G_c_2,854.0949300859205,1349.0472576000002,118.92079170796947,376.03153580611024,df_elaad_preproc_feb.csv
