name,transf,client,payoff,total,sessions
test_6month_sac_gen_2m_35,3476.7352420215248,9929.387430399998,886.8210602299855,5565.831128148488,df_elaad_preproc_l6months.csv
