name,transf,client,payoff,total,sessions
test_6month_sac_gen_2n_179,2939.0111665925006,9929.387430399998,886.8210602299855,6103.555203577513,df_elaad_preproc_l6months.csv
