name,transf,client,payoff,total
train_month_sac_gen_J_w_121,1951.5817202863664,4306.918592,421.1110081317587,1934.2258635818748
