name,transf,client,payoff,total
val_month_sac_gen_I_r_63,645.9154065250063,1488.30912,159.56135988924024,682.8323535857533
