name,transf,client,payoff,total
train_month_sac_gen_J_g_397,2004.122604412537,4306.918592,422.3108412815719,1880.4851463058912
