name,transf,client,payoff,total
val_month_sac_gen_J_a_210,646.3625555355575,1488.30912,159.56135988924024,682.3852045752021
