name,transf,client,payoff,total
val_month_sac_gen_I_h_483,640.838740376683,1488.30912,159.56135988924024,687.9090197340768
