name,transf,client,payoff,total
test_month_sac_gen_I_g_207,872.1634466444286,1468.334912,149.17516390639216,446.9963014491792
