name,transf,client,payoff,total
test_month_sac_gen_J_v_134,665.6000749335375,1468.334912,148.50825484764397,654.2265822188185
