name,transf,client,payoff,total
train_month_sac_gen_J_e_383,2008.3637648387353,4306.918592,422.3108412815719,1876.243985879693
