name,transf,client,payoff,total
test_month_sac_gen_I_a_456,696.4130843089494,1468.334912,149.17516390639216,622.7466637846585
