name,transf,client,payoff,total
val_month_sac_gen_I_q_70,777.2961855136343,1488.30912,159.56135988924024,551.4515745971253
