name,transf,client,payoff,total
train_month_sac_gen_J_t_201,2055.877394734264,4306.918592,417.9096673275943,1833.1315299381417
