name,transf,client,payoff,total
train_month_sac_gen_J_u_95,2050.9966017142046,4306.918592,416.91082389217837,1839.011166393617
