name,transf,client,payoff,total
train_month_sac_gen_I_v_44,228.60789620700564,4306.918592,418.0436307839677,3660.2670650090267
