name,transf,client,payoff,total,sessions
test_6month_sac_pred_noise_4b_170,3119.1699529877396,9929.387430399998,891.2211003728393,5918.99637703942,df_elaad_preproc_l6months.csv
