name,transf,client,payoff,total
test_month_sac_gen_J_b_380,700.6422675171923,1468.334912,149.17516390639216,618.5174805764156
