name,transf,client,payoff,total
test_month_sac_gen_J_t_18,735.2122279979681,1468.334912,148.50825484764397,584.6144291543881
