name,transf,client,payoff,total
train_month_sac_gen_J_k_109,1878.8732098756705,4306.918592,422.3108412815719,2005.7345408427577
