name,transf,client,payoff,total
val_month_sac_gen_I_h_129,653.4095446260644,1488.30912,159.56135988924024,675.3382154846952
