name,transf,client,payoff,total
train_month_sac_gen_G_b_290,507.2233935655845,1349.0472576000002,118.92089267655916,722.9029713578566
