name,transf,client,payoff,total,sessions
test_6month_sac_gen_2o_74,2958.399614020064,9929.387430399998,886.8210602299855,6084.166756149949,df_elaad_preproc_l6months.csv
