name,transf,client,payoff,total
test_month_sac_gen_I_h_183,722.3850005015295,1468.334912,149.17516390639216,596.7747475920784
