name,transf,client,payoff,total
train_month_sac_gen_J_z_280,482.05786029589444,1349.0472576000002,122.05444677471485,744.9349505293909
