name,transf,client,payoff,total
train_month_sac_gen_J_x_174,622.315702549369,1349.0472576000002,120.52077346518433,606.2107815854469
