name,transf,client,payoff,total
val_month_sac_gen_I_d_35,675.564161894713,1488.30912,159.56135988924024,653.1835982160467
