name,transf,client,payoff,total,sessions
test_6month_sac_pred_noise_4a_103,2973.3238479245783,9929.387430399998,891.2211003728393,6064.842482102581,df_elaad_preproc_l6months.csv
