name,transf,client,payoff,total
test_month_sac_c_993,1019.8820117273266,1469.5622144,135.21440678133106,314.4657958913423
