name,transf,client,payoff,total
train_month_sac_gen_I_h_356,1999.426104114483,4306.918592,422.3108412815719,1885.1816466039454
