name,transf,client,payoff,total
test_month_sac_gen_I_a_448,695.0820057170764,1468.334912,149.17516390639216,624.0777423765314
