name,transf,client,payoff,total,sessions
test_6month_sac_pred_noise_4c_135,3690.0199627071406,9929.387430399998,891.2211003728393,5348.146367320019,df_elaad_preproc_l6months.csv
