name,transf,client,payoff,total,sessions
test_6month_sac_gen_h_148,2947.5700223824037,9929.387430399998,886.8210602299855,6094.996347787608,df_elaad_preproc_l6months.csv
