name,transf,client,payoff,total
test_month_sac_gen_G_a_197,665.4819386347739,1468.334912,148.50825484764397,654.3447185175821
