name,transf,client,payoff,total
train_month_sac_gen_J_w_126,1944.3190634240257,4306.918592,416.84523242950075,1945.7542961464737
