name,transf,client,payoff,total
train_month_sac_gen_J_l_358,1826.3358039646805,4306.918592,422.3108412815719,2058.2719467537477
