name,transf,client,payoff,total,sessions
test_6month_sac_pred_noise_1b_145,3070.297722994368,9929.387430399998,893.2217503396156,5965.867957066014,df_elaad_preproc_l6months.csv
