name,transf,client,payoff,total,sessions
test_6month_sac_gen_3m_54,2961.5124727201123,9929.387430399998,886.8210602299855,6081.0538974498995,df_elaad_preproc_l6months.csv
