name,transf,client,payoff,total,sessions
test_6month_sac_pred_noise_4e_44,5535.755762675262,9929.387430399998,891.2211003728393,3502.4105673518966,df_elaad_preproc_l6months.csv
