name,transf,client,payoff,total
train_month_sac_gen_J_k_185,1828.0014009763336,4306.918592,422.3108412815719,2056.6063497420946
