name,transf,client,payoff,total
test_month_sac_gen_I_s_29,707.8924326016813,1468.334912,149.17516390639216,611.2673154919265
