name,transf,client,payoff,total
train_month_sac_gen_I_d_416,1970.7977961697634,4306.918592,422.3108412815719,1913.8099545486648
