name,transf,client,payoff,total,sessions
test_6month_sac_pred_noise_2b_31,3308.9653742836167,9929.387430399998,897.4875555656347,5722.9345005507475,df_elaad_preproc_l6months.csv
