name,transf,client,payoff,total
val_month_sac_gen_I_z_397,721.3499797549076,1488.30912,159.56135988924024,607.3977803558521
