name,transf,client,payoff,total
train_month_sac_gen_I_w_146,-7546.795352226901,4306.918592,422.3108412815719,11431.403102945327
