name,transf,client,payoff,total
train_month_sac_gen_J_p_466,2011.5205390298756,4306.918592,422.3108412815719,1873.0872116885525
