name,transf,client,payoff,total
val_month_sac_gen_I_d_276,632.682553350206,1488.30912,159.56135988924024,696.0652067605536
