name,transf,client,payoff,total
test_month_sac_gen_J_g_475,696.0340715230218,1468.334912,149.17516390639216,623.125676570586
