name,transf,client,payoff,total
test_month_sac_gen_J_f_241,665.173561682052,1468.334912,149.17516390639216,653.9861864115559
