name,transf,client,payoff,total
train_month_sac_gen_J_y_141,657.4639580170531,1488.30912,162.49473619107445,668.3504257918723
