name,transf,client,payoff,total
val_month_sac_gen_I_b_442,614.2593152193556,1488.30912,159.56135988924024,714.488444891404
