name,transf,client,payoff,total
val_month_sac_gen_I_s_137,666.0207427812838,1488.30912,159.56135988924024,662.7270173294758
