name,transf,client,payoff,total,sessions
test_6month_sac_gen_1o_2,4501.757132025092,9929.387430399998,886.8210602299855,4540.8092381449205,df_elaad_preproc_l6months.csv
