name,transf,client,payoff,total
val_month_sac_gen_G_b_266,584.2256285215988,1488.30912,159.09496226131247,744.9885292170886
