name,transf,client,payoff,total
test_month_sac_gen_I_d_91,697.280454477884,1468.334912,149.17516390639216,621.8792936157239
