name,transf,client,payoff,total
val_month_sac_gen_J_b_371,640.9782716917932,1488.30912,159.56135988924024,687.7694884189664
