name,transf,client,payoff,total
val_month_sac_gen_J_q_319,644.1547025846193,1488.30912,159.56135988924024,684.5930575261405
