name,transf,client,payoff,total,sessions
test_6month_sac_pred_noise_1a_83,3078.0050481526378,9929.387430399998,893.2217503396156,5958.160631907745,df_elaad_preproc_l6months.csv
