name,transf,client,payoff,total,sessions
test_6month_sac_gen_5l_275,2850.7919322509442,9929.387430399998,886.8210602299855,6191.774437919068,df_elaad_preproc_l6months.csv
