name,transf,client,payoff,total
test_month_sac_gen_I_g_344,850.8018519416437,1468.334912,149.17516390639216,468.35789615196416
