name,transf,client,payoff,total
train_month_sac_gen_J_g_299,2027.8686917621606,4306.918592,422.3108412815719,1856.7390589562674
