name,transf,client,payoff,total
train_month_sac_gen_J_z_107,971.6566229651896,1469.5622144,142.5611497795496,355.34444165526065
