name,transf,client,payoff,total
train_month_sac_gen_J_g_395,2002.248932134741,4306.918592,422.3108412815719,1882.358818583687
