name,transf,client,payoff,total,sessions
test_month_sac_gen_G_c_174,1163.5770695532758,1468.334912,148.50825484764397,156.24958759908026,df_elaad_preproc_apr.csv
