name,transf,client,payoff,total,sessions
test_6month_sac_gen_5m_83,2888.381040724452,9929.387430399998,881.6875054342313,6159.318884241315,df_elaad_preproc_l6months.csv
