name,transf,client,payoff,total
test_month_sac_gen_J_n_440,622.0751027071425,1468.334912,149.17516390639216,697.0846453864654
