name,transf,client,payoff,total
train_month_sac_gen_I_x_322,-6776.456315222589,4306.918592,418.97733031155303,10664.397576911037
