name,transf,client,payoff,total
test_month_sac_gen_I_o_449,719.4111967929209,1468.334912,149.17516390639216,599.7485513006869
