name,transf,client,payoff,total
train_month_sac_gen_J_a_193,2023.0328608544705,4306.918592,422.3108412815719,1861.5748898639577
