name,transf,client,payoff,total
test_month_sac_gen_I_q_277,779.1376181460132,1468.334912,149.17516390639216,540.0221299475946
