name,transf,client,payoff,total
train_month_sac_gen_I_e_37,2200.6146605011636,4306.918592,417.9096673275943,1688.394264171242
