name,transf,client,payoff,total
train_month_sac_gen_J_t_43,2194.9106430193697,4306.918592,417.9096673275943,1694.0982816530359
