name,transf,client,payoff,total
val_month_sac_gen_J_j_405,599.2189062408659,1488.30912,159.56135988924024,729.5288538698937
