name,transf,client,payoff,total
train_month_sac_gen_J_r_201,2024.6398859701885,4306.918592,422.3108412815719,1859.9678647482397
