name,transf,client,payoff,total
train_month_sac_gen_I_j_354,2017.8047423247308,4306.918592,422.3108412815719,1866.8030083936974
