name,transf,client,payoff,total
train_month_sac_gen_J_s_183,1917.1532089751524,4306.918592,417.97693958826005,1971.7884434365874
