name,transf,client,payoff,total
val_month_sac_gen_I_j_435,650.698117251928,1488.30912,159.56135988924024,678.0496428588317
