name,transf,client,payoff,total
test_month_sac_gen_I_g_477,864.7785071496473,1468.334912,149.17516390639216,454.3812409439605
