name,transf,client,payoff,total
train_month_sac_gen_I_x_38,-6726.97739828737,4306.918592,423.37737693028595,10610.518613357084
