name,transf,client,payoff,total
train_month_sac_gen_J_k_132,1862.2953028433901,4306.918592,422.3108412815719,2022.3124478750378
