name,transf,client,payoff,total
test_month_sac_gen_J_k_463,620.4230345495348,1468.334912,149.17516390639216,698.736713544073
