name,transf,client,payoff,total,sessions
test_6month_sac_pred_noise_4c_270,3633.1463899277787,9929.387430399998,891.2211003728393,5405.019940099381,df_elaad_preproc_l6months.csv
