name,transf,client,payoff,total
train_month_sac_gen_I_q_39,2416.758831188171,4306.918592,422.3108412815719,1467.8489195302573
