name,transf,client,payoff,total,sessions
test_6month_sac_pred_noise_1c_129,3532.7874324895065,9929.387430399998,893.2217503396156,5503.378247570876,df_elaad_preproc_l6months.csv
