name,transf,client,payoff,total
val_month_sac_gen_J_d_294,648.6743062438343,1488.30912,159.56135988924024,680.0734538669253
