name,transf,client,payoff,total
val_month_sac_gen_I_i_402,654.0711074620448,1488.30912,159.56135988924024,674.6766526487149
