name,transf,client,payoff,total,sessions
test_6month_sac_pred_noise_2d_164,4466.870311093831,9929.387430399998,897.4875555656347,4565.0295637405325,df_elaad_preproc_l6months.csv
