name,transf,client,payoff,total,sessions
test_6month_sac_gen_5m_196,2960.4760605542047,9929.387430399998,881.6875054342313,6087.223864411562,df_elaad_preproc_l6months.csv
