name,transf,client,payoff,total
val_month_sac_c_403,1824.9413036035119,2277.450960542104,145.3079860330326,307.2016709055595
