name,transf,client,payoff,total
train_month_sac_gen_J_n_255,1851.762399741749,4306.918592,422.3108412815719,2032.8453509766791
