name,transf,client,payoff,total,sessions
test_6month_sac_pred_noise_5b_31,3258.8083729359937,9929.387430399998,881.6875054342313,5788.891552029774,df_elaad_preproc_l6months.csv
