name,transf,client,payoff,total,sessions
6month_sac_disagg_1c_LD,3533.0266475237468,9929.387430399998,893.2217503396156,5503.139032536636,df_elaad_preproc_l6months.csv
