name,transf,client,payoff,total
test_month_sac_gen_J_a_47,728.1004682417625,1468.334912,149.17516390639216,591.0592798518453
