name,transf,client,payoff,total
val_month_sac_gen_J_d_119,671.5273747070695,1488.30912,159.56135988924024,657.2203854036902
