name,transf,client,payoff,total,sessions
test_6month_sac_gen_5l_142,2842.0930354664347,9929.387430399998,886.8210602299855,6200.473334703578,df_elaad_preproc_l6months.csv
