name,transf,client,payoff,total,sessions
test_6month_sac_gen_5m_108,2940.8493002761425,9929.387430399998,886.8210602299855,6101.71706989387,df_elaad_preproc_l6months.csv
