name,transf,client,payoff,total
train_month_sac_gen_J_z_198,620.5825428019787,1488.30912,160.36116833936853,707.3654088586527
