name,transf,client,payoff,total
val_month_sac_gen_I_f_453,649.8178888985426,1488.30912,158.8282254603323,679.663005641125
