name,transf,client,payoff,total,sessions
test_6month_sac_gen_d_69,2941.611457135008,9929.387430399998,886.8210602299855,6100.954913035004,df_elaad_preproc_l6months.csv
