name,transf,client,payoff,total
test_month_sac_gen_J_i_483,739.2796246305389,1468.334912,149.17516390639216,579.8801234630689
