name,transf,client,payoff,total,sessions
test_6month_sac_pred_noise_4e_77,5212.341523262497,9929.387430399998,891.2211003728393,3825.8248067646623,df_elaad_preproc_l6months.csv
