name,transf,client,payoff,total
val_month_sac_gen_J_x_128,731.8035207292377,1488.30912,159.56135988924024,596.944239381522
