name,transf,client,payoff,total
val_month_sac_gen_I_c_348,639.4284916357726,1488.30912,159.56135988924024,689.319268474987
