name,transf,client,payoff,total
val_month_sac_c_350,1839.0575315620313,2277.450960542104,145.3079860330326,293.0854429470401
