name,transf,client,payoff,total
train_month_sac_gen_J_w_424,1862.4958902127808,4306.918592,424.9103344597785,2019.5123673274406
