name,transf,client,payoff,total
train_month_sac_gen_J_r_221,2030.7072259203514,4306.918592,422.3108412815719,1853.9005247980767
