name,transf,client,payoff,total
test_month_sac_gen_e_1,820.6429024453621,1488.30912,159.56135988924024,508.10485766539756
