name,transf,client,payoff,total
month_sac_IX_g,1140.8506337627512,1469.5622144,136.61503001488308,192.09655062236567
