name,transf,client,payoff,total
test_month_sac_gen_I_l_214,698.5555213161272,1468.334912,149.17516390639216,620.6042267774807
