name,transf,client,payoff,total
test_month_sac_gen_J_h_208,752.1227946098488,1468.334912,149.17516390639216,567.036953483759
