name,transf,client,payoff,total
month_sac_IX_b,1108.6639351525641,1469.5622144,136.6141544415816,224.28412480585416
