name,transf,client,payoff,total
test_month_sac_gen_I_f_470,730.2589608242909,1468.334912,147.8419170286109,590.2340341470983
