name,transf,client,payoff,total
val_month_sac_gen_I_y_204,665.8594809606243,1488.30912,159.56135988924024,662.8882791501353
