name,transf,client,payoff,total
test_month_sac_gen_I_e_452,629.9417360732785,1468.334912,148.50825484764397,689.8849210790775
