name,transf,client,payoff,total
val_month_sac_gen_J_z_121,646.4118021493994,1488.30912,155.96206259448996,685.9352552561106
