name,transf,client,payoff,total,sessions
test_6month_sac_gen_f_169,2907.6572767152134,9929.387430399998,886.8210602299855,6134.9090934547985,df_elaad_preproc_l6months.csv
