name,transf,client,payoff,total
test_month_sac_gen_I_i_33,762.636624567087,1468.334912,149.17516390639216,556.5231235265209
