name,transf,client,payoff,total
val_month_sac_gen_I_k_319,646.3056014262429,1488.30912,159.56135988924024,682.4421586845167
