name,transf,client,payoff,total
val_month_sac_gen_J_k_278,573.9876131725989,1488.30912,159.56135988924024,754.7601469381607
