name,transf,client,payoff,total
val_month_sac_gen_I_x_236,698.5088011136447,1488.30912,159.56135988924024,630.2389589971149
