name,transf,client,payoff,total,sessions
test_6month_sac_gen_1n_59,3098.463159330953,9929.387430399998,886.8210602299855,5944.103210839059,df_elaad_preproc_l6months.csv
