name,transf,client,payoff,total,sessions
test_6month_sac_pred_noise_5e_76,5185.1406119156645,9929.387430399998,881.6875054342313,3862.5593130501024,df_elaad_preproc_l6months.csv
