name,transf,client,payoff,total
val_month_sac_gen_I_x_355,703.1846575806906,1488.30912,159.56135988924024,625.563102530069
