name,transf,client,payoff,total
val_month_sac_gen_I_u_186,660.0947357168116,1488.30912,159.56135988924024,668.653024393948
