name,transf,client,payoff,total
test_month_sac_gen_G_b_181,656.3734086680599,1468.334912,148.64140204911905,663.320101282821
