name,transf,client,payoff,total,sessions
test_6month_sac_gen_4m_196,2793.8654801174453,9929.387430399998,891.2211003728393,6244.300849909714,df_elaad_preproc_l6months.csv
