name,transf,client,payoff,total
val_month_sac_gen_J_m_399,596.3091375067023,1488.30912,159.56135988924024,732.4386226040574
