name,transf,client,payoff,total
test_month_sac_gen_d_21,783.5143595318666,1488.30912,159.56135988924024,545.233400578893
