name,transf,client,payoff,total
train_month_sac_gen_J_t_277,2028.2523546211055,4306.918592,417.9096673275943,1860.7565700513
