name,transf,client,payoff,total
train_month_sac_gen_J_e_105,2069.696301468566,4306.918592,422.3108412815719,1814.911449249862
