name,transf,client,payoff,total
train_month_sac_gen_J_q_57,2131.15802310983,4306.918592,422.3108412815719,1753.449727608598
