name,transf,client,payoff,total
val_month_sac_gen_I_o_23,739.4940112613319,1488.30912,159.56135988924024,589.2537488494277
