name,transf,client,payoff,total,sessions
test_6month_sac_gen_1m_141,2863.4531797220843,9929.387430399998,886.8210602299855,6179.113190447928,df_elaad_preproc_l6months.csv
