name,transf,client,payoff,total
val_month_sac_gen_J_a_198,646.9472289801578,1488.30912,159.56135988924024,681.8005311306019
