name,transf,client,payoff,total,sessions
test_6month_sac_gen_2n_66,3284.2976842171574,9929.387430399998,886.8210602299855,5758.268685952855,df_elaad_preproc_l6months.csv
