name,transf,client,payoff,total
test_month_sac_gen_I_n_359,650.8579372471748,1468.334912,149.17516390639216,668.301810846433
