name,transf,client,payoff,total,sessions
test_6month_sac_pred_noise_3b_179,3056.6678645980646,9929.387430399998,889.2877424740021,5983.431823327932,df_elaad_preproc_l6months.csv
