name,transf,client,payoff,total,sessions
test_6month_sac_gen_j_211,2869.0703048212963,9929.387430399998,886.8210602299855,6173.496065348716,df_elaad_preproc_l6months.csv
