name,transf,client,payoff,total
test_month_sac_gen_J_p_269,649.6259485443909,1468.334912,149.17516390639216,669.533799549217
