name,transf,client,payoff,total,sessions
test_6month_sac_gen_4m_50,3127.819245653727,9929.387430399998,891.2211003728393,5910.347084373432,df_elaad_preproc_l6months.csv
