name,transf,client,payoff,total
val_month_sac_gen_I_y_467,656.4272971275284,1488.30912,159.56135988924024,672.3204629832312
