name,transf,client,payoff,total
train_month_sac_c_589,1033.681476821509,2289.492687923877,157.2012507240518,1098.6099603783161
