name,transf,client,payoff,total,sessions
test_6month_sac_pred_noise_5e_169,5300.18067722153,9929.387430399998,881.6875054342313,3747.5192477442374,df_elaad_preproc_l6months.csv
