name,transf,client,payoff,total
train_month_sac_gen_J_i_454,1958.2297820693775,4306.918592,422.3108412815719,1926.3779686490507
