name,transf,client,payoff,total,sessions
test_6month_sac_pred_noise_5a_227,2832.706184726733,9929.387430399998,881.6875054342313,6214.993740239033,df_elaad_preproc_l6months.csv
