name,transf,client,payoff,total
test_month_sac_gen_G_a_271,620.5148591153609,1468.334912,148.50825484764397,699.3117980369952
