name,transf,client,payoff,total
train_month_sac_gen_I_t_481,1943.998101328389,4306.918592,426.30975616637795,1936.6107345052328
