name,transf,client,payoff,total,sessions
test_6month_sac_pred_noise_2b_121,3067.631080160107,9929.387430399998,897.4875555656347,5964.268794674257,df_elaad_preproc_l6months.csv
