name,transf,client,payoff,total
test_month_sac_gen_J_u_484,581.0667798175862,1468.334912,148.50825484764397,738.75987733477
