name,transf,client,payoff,total
test_month_sac_gen_J_s_208,581.743202022906,1468.334912,148.50825484764397,738.0834551294502
