name,transf,client,payoff,total
train_month_sac_gen_J_x_284,602.8074170300733,1349.0472576000002,120.52077346518433,625.7190671047425
