name,transf,client,payoff,total
val_month_sac_gen_b_12,687.2349664254936,1349.0472576000002,118.32161810264896,543.4906730718577
