name,transf,client,payoff,total,sessions
train_6month_sac_gen_1o_181,3251.0658060464193,8371.850816,839.2356121892753,4281.5493977643055,df_elaad_preproc_f6months.csv
