name,transf,client,payoff,total
train_month_sac_gen_J_n_466,1789.6241222907704,4306.918592,422.3108412815719,2094.983628427658
