name,transf,client,payoff,total,sessions
test_6month_sac_gen_2l_64,3143.4132575165827,9929.387430399998,886.8210602299855,5899.15311265343,df_elaad_preproc_l6months.csv
