name,transf,client,payoff,total
test_month_sac_gen_I_u_367,677.5065898458346,1468.334912,149.17516390639216,641.6531582477733
