name,transf,client,payoff,total
train_month_sac_gen_I_u_256,-86.51171132540196,4306.918592,422.3108412815719,3971.11946204383
