name,transf,client,payoff,total
test_month_sac_gen_I_x_154,756.8552893969706,1468.334912,149.17516390639216,562.3044586966372
