name,transf,client,payoff,total
test_month_sac_gen_J_f_234,663.2539380601169,1468.334912,149.17516390639216,655.905810033491
