name,transf,client,payoff,total
test_month_sac_gen_I_m_228,677.2020379739558,1468.334912,149.17516390639216,641.957710119652
