name,transf,client,payoff,total
val_month_sac_gen_I_d_55,666.3490346684728,1488.30912,159.56135988924024,662.3987254422868
