name,transf,client,payoff,total
train_month_sac_gen_J_l_427,1805.2890189736222,4306.918592,422.3108412815719,2079.318731744806
