name,transf,client,payoff,total
train_month_sac_gen_J_h_200,2077.0110814779237,4306.918592,422.3108412815719,1807.5966692405045
