name,transf,client,payoff,total,sessions
test_6month_sac_gen_f_31,3207.9523769649795,9929.387430399998,886.8210602299855,5834.613993205034,df_elaad_preproc_l6months.csv
