name,transf,client,payoff,total,sessions
test_6month_sac_gen_5l_59,3124.5484235825897,9929.387430399998,886.8210602299855,5918.017946587423,df_elaad_preproc_l6months.csv
