name,transf,client,payoff,total
test_month_sac_gen_J_x_295,737.8240375646355,1468.334912,149.17516390639216,581.3357105289723
