name,transf,client,payoff,total
train_month_sac_gen_J_d_303,2038.173823338755,4306.918592,422.3108412815719,1846.4339273796732
