name,transf,client,payoff,total
val_month_sac_gen_I_y_45,691.2001815717606,1488.30912,159.56135988924024,637.547578538999
