name,transf,client,payoff,total
val_month_sac_gen_J_u_463,536.1828202007775,1488.30912,155.96206259448996,796.1642372047324
