name,transf,client,payoff,total
train_month_sac_gen_I_u_406,-132.59414982368776,4306.918592,422.3108412815719,4017.201900542116
