name,transf,client,payoff,total
val_month_sac_gen_J_c_470,649.4519345957743,1488.30912,159.56135988924024,679.2958255149854
