name,transf,client,payoff,total,sessions
test_6month_sac_pred_noise_2d_140,4484.257136292566,9929.387430399998,897.4875555656347,4547.642738541797,df_elaad_preproc_l6months.csv
