name,transf,client,payoff,total
test_month_sac_gen_J_p_63,686.774820760852,1468.334912,149.17516390639216,632.3849273327559
