name,transf,client,payoff,total
test_month_sac_gen_J_n_456,635.7837862907052,1468.334912,149.17516390639216,683.3759618029027
