name,transf,client,payoff,total
test_month_sac_gen_J_s_132,600.5435816282456,1468.334912,148.50825484764397,719.2830755241105
