name,transf,client,payoff,total
train_month_sac_gen_J_q_436,1988.7663016757874,4306.918592,422.3108412815719,1895.8414490426408
