name,transf,client,payoff,total
test_month_sac_gen_J_p_442,656.6224712188148,1468.334912,149.17516390639216,662.5372768747931
