name,transf,client,payoff,total,sessions
test_6month_sac_gen_1l_100,2949.6640455908946,9929.387430399998,886.8210602299855,6092.902324579118,df_elaad_preproc_l6months.csv
