name,transf,client,payoff,total
train_month_sac_gen_I_i_269,2057.759106075194,4306.918592,422.3108412815719,1826.8486446432344
