name,transf,client,payoff,total
train_month_sac_gen_I_p_186,2199.692804872598,4306.918592,422.3108412815719,1684.91494584583
