name,transf,client,payoff,total
test_month_sac_gen_I_v_34,706.9525181748928,1468.334912,149.17516390639216,612.207229918715
