name,transf,client,payoff,total,sessions
6month_sac_disagg_4b_LL,3074.5829066779747,9929.387430399998,891.2211003728393,5963.583423349184,df_elaad_preproc_l6months.csv
