name,transf,client,payoff,total
train_month_sac_gen_J_s_77,1963.968691096633,4306.918592,422.5774264638658,1920.3724744395013
