name,transf,client,payoff,total
val_month_sac_gen_I_z_342,718.1058631667629,1488.30912,159.56135988924024,610.6418969439967
