name,transf,client,payoff,total,sessions
6month_sac_disagg_5a_HLL,3029.8006494783176,9929.387430399998,881.6875054342313,6017.899275487449,df_elaad_preproc_l6months.csv
