name,transf,client,payoff,total,sessions
test_6month_sac_gen_5l_201,2783.4303441129264,9929.387430399998,886.8210602299855,6259.1360260570855,df_elaad_preproc_l6months.csv
