name,transf,client,payoff,total,sessions
test_6month_sac_gen_1o_37,3397.1079926114976,9929.387430399998,886.8210602299855,5645.458377558514,df_elaad_preproc_l6months.csv
