name,transf,client,payoff,total,sessions
test_6month_sac_gen_5m_144,2908.5590874525196,9929.387430399998,886.8210602299855,6134.007282717494,df_elaad_preproc_l6months.csv
