name,transf,client,payoff,total
val_month_sac_gen_J_s_81,610.3193000865284,1488.30912,155.96206259448996,722.0277573189815
