name,transf,client,payoff,total
train_month_sac_gen_J_w_256,1881.0879945486195,4306.918592,419.7767686338127,2006.0538288175678
