name,transf,client,payoff,total
test_month_sac_gen_J_h_325,737.3203065426994,1468.334912,149.17516390639216,581.8394415509084
