name,transf,client,payoff,total
val_month_sac_gen_G_a_25,676.203212147979,1488.30912,155.96206259448996,656.143845257531
