name,transf,client,payoff,total,sessions
test_6month_sac_gen_5m_98,2976.0597159437098,9929.387430399998,881.6875054342313,6071.640209022058,df_elaad_preproc_l6months.csv
