name,transf,client,payoff,total,sessions
test_6month_sac_pred_noise_4d_199,4607.967291047755,9929.387430399998,891.2211003728393,4430.199038979405,df_elaad_preproc_l6months.csv
