name,transf,client,payoff,total
test_month_sac_gen_J_r_162,698.0907145015858,1468.334912,149.17516390639216,621.069033592022
