name,transf,client,payoff,total
test_month_sac_gen_I_d_295,666.5435938372278,1468.334912,149.17516390639216,652.61615425638
