name,transf,client,payoff,total
val_month_sac_gen_J_q_148,662.0333622207274,1488.30912,159.56135988924024,666.7143978900322
