name,transf,client,payoff,total
val_month_sac_gen_I_x_256,710.9361514279934,1488.30912,159.56135988924024,617.8116086827663
