name,transf,client,payoff,total
val_month_sac_gen_I_g_458,791.1681442851595,1488.30912,159.56135988924024,537.5796158256001
