name,transf,client,payoff,total,sessions
test_6month_sac_pred_noise_1d_161,4488.395011498786,9929.387430399998,893.2217503396156,4547.770668561597,df_elaad_preproc_l6months.csv
