name,transf,client,payoff,total
test_month_sac_gen_I_o_305,727.8289964081825,1468.334912,149.17516390639216,591.3307516854253
