name,transf,client,payoff,total
test_month_sac_gen_J_a_11,766.4526438745356,1468.334912,149.17516390639216,552.7071042190722
