name,transf,client,payoff,total
train_month_sac_gen_J_w_428,1832.946930160055,4306.918592,422.91102144627405,2051.0606403936713
