name,transf,client,payoff,total
test_month_sac_gen_I_l_113,715.468877908022,1468.334912,149.17516390639216,603.6908701855858
