name,transf,client,payoff,total
train_month_sac_gen_I_e_334,2044.944949302167,4306.918592,417.9096673275943,1844.0639753702385
