name,transf,client,payoff,total
val_month_sac_gen_I_f_281,659.788701777622,1488.30912,158.8282254603323,669.6921927620456
