name,transf,client,payoff,total
val_month_sac_gen_I_t_337,678.9661423027187,1488.30912,159.56135988924024,649.7816178080409
