name,transf,client,payoff,total
test_month_sac_gen_I_r_162,642.94733304746,1468.334912,149.17516390639216,676.2124150461478
