name,transf,client,payoff,total
val_month_sac_gen_J_h_332,667.4230571925597,1488.30912,159.56135988924024,661.3247029182
