name,transf,client,payoff,total,sessions
test_6month_sac_gen_3l_121,2920.758254166105,9929.387430399998,886.8210602299855,6121.808116003907,df_elaad_preproc_l6months.csv
