name,transf,client,payoff,total
val_month_sac_gen_J_a_303,640.9073553431044,1488.30912,159.56135988924024,687.8404047676552
