name,transf,client,payoff,total
val_month_sac_gen_I_s_232,656.379968427535,1488.30912,159.56135988924024,672.3677916832246
