name,transf,client,payoff,total
train_month_sac_gen_I_p_269,2197.8472623990847,4306.918592,422.3108412815719,1686.7604883193435
