name,transf,client,payoff,total
test_month_sac_gen_I_x_106,745.8732604486554,1468.334912,149.17516390639216,573.2864876449524
