name,transf,client,payoff,total
train_month_sac_gen_I_k_188,2037.7606434376657,4306.918592,422.3108412815719,1846.8471072807624
