name,transf,client,payoff,total,sessions
test_6month_sac_pred_noise_4c_185,3600.447469294524,9929.387430399998,891.2211003728393,5437.718860732635,df_elaad_preproc_l6months.csv
