name,transf,client,payoff,total
test_month_sac_gen_J_q_454,675.6213341171283,1468.334912,149.17516390639216,643.5384139764795
