name,transf,client,payoff,total
train_month_sac_gen_J_m_265,1822.458295985905,4306.918592,422.3108412815719,2062.1494547325233
