name,transf,client,payoff,total,sessions
test_6month_sac_pred_noise_5a_45,2989.505001394342,9929.387430399998,881.6875054342313,6058.1949235714255,df_elaad_preproc_l6months.csv
