name,transf,client,payoff,total
test_month_sac_gen_J_c_79,717.3484238088105,1468.334912,149.17516390639216,601.8113242847974
