name,transf,client,payoff,total
test_month_sac_gen_J_o_295,683.7957807919747,1468.334912,149.17516390639216,635.3639673016331
