name,transf,client,payoff,total,sessions
test_6month_sac_pred_noise_1c_197,3457.001496319289,9929.387430399998,893.2217503396156,5579.164183741093,df_elaad_preproc_l6months.csv
