name,transf,client,payoff,total
val_month_sac_gen_J_m_150,620.9548698779989,1488.30912,159.56135988924024,707.7928902327608
