name,transf,client,payoff,total,sessions
test_6month_sac_gen_g_264,2982.0548782809324,9929.387430399998,886.8210602299855,6060.5114918890795,df_elaad_preproc_l6months.csv
