name,transf,client,payoff,total
val_month_sac_gen_I_b_304,623.3205308586159,1488.30912,159.56135988924024,705.4272292521437
