name,transf,client,payoff,total
test_month_sac_gen_I_y_367,678.2294194342082,1468.334912,149.17516390639216,640.9303286593996
