name,transf,client,payoff,total,sessions
test_6month_sac_pred_noise_1e_274,5261.157071094487,9929.387430399998,893.2217503396156,3775.0086089658957,df_elaad_preproc_l6months.csv
