name,transf,client,payoff,total,sessions
test_6month_sac_gen_j_130,2950.1306587316176,9929.387430399998,886.8210602299855,6092.435711438395,df_elaad_preproc_l6months.csv
