name,transf,client,payoff,total
train_month_sac_gen_J_y_164,960.9791626402844,1469.5622144,141.16114591177842,367.4219058479371
