name,transf,client,payoff,total
val_month_sac_gen_J_s_8,701.6505783114317,1488.30912,155.96206259448996,630.6964790940783
