name,transf,client,payoff,total
train_month_sac_gen_J_l_112,1928.1580705147478,4306.918592,422.3108412815719,1956.4496802036801
