name,transf,client,payoff,total
test_month_sac_gen_J_c_231,698.8753069320016,1468.334912,149.17516390639216,620.2844411616062
