name,transf,client,payoff,total,sessions
test_6month_sac_pred_noise_1d_276,4506.209298209596,9929.387430399998,893.2217503396156,4529.956381850786,df_elaad_preproc_l6months.csv
