name,transf,client,payoff,total,sessions
test_6month_sac_pred_noise_3a_27,3399.2787124424444,9929.387430399998,889.2877424740021,5640.820975483552,df_elaad_preproc_l6months.csv
