name,transf,client,payoff,total
val_month_sac_gen_J_g_298,645.858926274388,1488.30912,159.56135988924024,682.8888338363718
