name,transf,client,payoff,total
train_month_sac_gen_J_v_170,2101.719553842887,4306.918592,417.9096673275943,1787.2893708295187
