name,transf,client,payoff,total
train_month_sac_gen_I_j_465,2028.777509080771,4306.918592,422.3108412815719,1855.8302416376573
