name,transf,client,payoff,total
train_month_sac_gen_I_n_93,1961.5672515463843,4306.918592,422.3108412815719,1923.0404991720438
