name,transf,client,payoff,total,sessions
test_6month_sac_pred_noise_1a_143,2928.8196196443387,9929.387430399998,893.2217503396156,6107.346060416044,df_elaad_preproc_l6months.csv
