name,transf,client,payoff,total
val_month_sac_gen_J_s_251,548.695254667587,1488.30912,155.96206259448996,783.6518027379229
