name,transf,client,payoff,total
test_month_sac_gen_J_z_275,589.6829557386822,1468.334912,148.50825484764397,730.1437014136739
