name,transf,client,payoff,total
test_month_sac_gen_I_b_206,705.2561512223342,1468.334912,149.17516390639216,613.9035968712736
