name,transf,client,payoff,total
train_month_sac_gen_J_t_131,2089.144452002998,4306.918592,417.9096673275943,1799.8644726694074
