name,transf,client,payoff,total
train_month_sac_gen_I_q_318,2262.657039262558,4306.918592,422.3108412815719,1621.95071145587
