name,transf,client,payoff,total,sessions
test_6month_sac_pred_noise_5e_291,5118.310134270048,9929.387430399998,881.6875054342313,3929.3897906957186,df_elaad_preproc_l6months.csv
