name,transf,client,payoff,total
train_month_sac_gen_I_z_407,244.06968741478914,4306.918592,419.64414295604405,3643.2047616291666
