name,transf,client,payoff,total
test_month_sac_gen_J_k_193,638.7188397758395,1468.334912,149.17516390639216,680.4409083177684
