name,transf,client,payoff,total
test_month_sac_gen_J_b_58,726.1609511264815,1468.334912,149.17516390639216,592.9987969671264
