name,transf,client,payoff,total
val_month_sac_gen_I_w_385,659.3418725153188,1488.30912,159.56135988924024,669.4058875954408
