name,transf,client,payoff,total
train_month_sac_gen_J_p_14,2231.6157351673723,4306.918592,422.3108412815719,1652.9920155510558
