name,transf,client,payoff,total
train_month_sac_gen_I_r_499,1934.342848938924,4306.918592,417.9111059660337,1954.6646370950425
