name,transf,client,payoff,total
val_month_sac_gen_I_y_103,690.9639818882388,1488.30912,159.56135988924024,637.7837782225208
