name,transf,client,payoff,total,sessions
test_6month_sac_gen_i_116,2814.988659895029,9929.387430399998,886.8210602299855,6227.5777102749835,df_elaad_preproc_l6months.csv
