name,transf,client,payoff,total,sessions
test_6month_sac_pred_noise_2a_191,2799.1428108525674,9929.387430399998,897.4875555656347,6232.757063981797,df_elaad_preproc_l6months.csv
