name,transf,client,payoff,total,sessions
test_6month_sac_gen_j_259,3066.2417068404166,9929.387430399998,886.8210602299855,5976.324663329597,df_elaad_preproc_l6months.csv
