name,transf,client,payoff,total
val_month_sac_gen_I_v_284,658.1486899014701,1488.30912,159.56135988924024,670.5990702092895
