name,transf,client,payoff,total
val_month_sac_gen_J_y_120,662.2613510100201,1488.30912,155.96206259448996,670.0857063954898
