name,transf,client,payoff,total
test_month_sac_gen_J_w_303,592.0798835358526,1468.334912,148.50825484764397,727.7467736165036
