name,transf,client,payoff,total,sessions
test_6month_sac_pred_noise_3a_26,3460.3120131656333,9929.387430399998,889.2877424740021,5579.787674760363,df_elaad_preproc_l6months.csv
