name,transf,client,payoff,total
val_month_sac_gen_I_f_473,648.4121447969267,1488.30912,158.8282254603323,681.0687497427409
