name,transf,client,payoff,total
val_month_sac_gen_I_g_441,799.8506632443828,1488.30912,159.56135988924024,528.8970968663768
