name,transf,client,payoff,total
val_month_sac_gen_I_z_56,704.0165820095574,1488.30912,159.56135988924024,624.7311781012022
