name,transf,client,payoff,total
train_month_sac_gen_J_h_280,2058.1449093939427,4306.918592,422.3108412815719,1826.4628413244855
