name,transf,client,payoff,total
test_month_sac_gen_J_c_380,673.1993025023334,1468.334912,149.17516390639216,645.9604455912745
