name,transf,client,payoff,total
train_month_sac_gen_I_r_134,1995.504753786703,4306.918592,417.5107208496297,1893.9031173636672
