name,transf,client,payoff,total
test_month_sac_gen_I_w_8,760.9717448198478,1468.334912,149.17516390639216,558.18800327376
