name,transf,client,payoff,total
train_month_sac_gen_I_i_351,2053.260375318064,4306.918592,422.3108412815719,1831.3473754003644
