name,transf,client,payoff,total,sessions
test_6month_sac_pred_noise_5e_116,5277.729748259695,9929.387430399998,881.6875054342313,3769.970176706072,df_elaad_preproc_l6months.csv
