name,transf,client,payoff,total
test_month_sac_gen_J_t_281,646.2940073398195,1468.334912,148.50825484764397,673.5326498125366
