name,transf,client,payoff,total
val_month_sac_gen_J_h_121,676.5314097544033,1488.30912,159.56135988924024,652.2163503563563
