name,transf,client,payoff,total
val_month_sac_gen_I_q_251,739.1856722725199,1488.30912,159.56135988924024,589.5620878382397
