name,transf,client,payoff,total
test_month_sac_gen_I_v_329,684.2455127241843,1468.334912,149.17516390639216,634.9142353694235
