name,transf,client,payoff,total
test_month_sac_gen_I_p_76,768.6710786062077,1468.334912,149.17516390639216,550.4886694874001
