name,transf,client,payoff,total
train_month_sac_gen_J_o_447,2013.3805156481633,4306.918592,422.3108412815719,1871.2272350702651
