name,transf,client,payoff,total
train_month_sac_gen_J_q_125,2075.322626293217,4306.918592,422.3108412815719,1809.285124425211
