name,transf,client,payoff,total
train_month_sac_gen_I_c_477,2059.0232887860843,4306.918592,422.3108412815719,1825.5844619323439
