name,transf,client,payoff,total
train_month_sac_gen_J_d_233,2039.832229458314,4306.918592,422.3108412815719,1844.7755212601141
