name,transf,client,payoff,total
val_month_sac_gen_J_k_6,727.1627867840858,1488.30912,159.56135988924024,601.5849733266739
