name,transf,client,payoff,total
val_month_sac_gen_J_h_240,669.2349748868362,1488.30912,159.56135988924024,659.5127852239234
