name,transf,client,payoff,total
train_month_sac_gen_I_t_341,1865.4349768796483,4306.918592,424.5104451864129,2016.9731699339388
