name,transf,client,payoff,total,sessions
test_6month_sac_pred_noise_2a_63,3077.1986884543066,9929.387430399998,897.4875555656347,5954.701186380057,df_elaad_preproc_l6months.csv
