name,transf,client,payoff,total,sessions
test_6month_sac_pred_noise_5a_117,2930.5851221375415,9929.387430399998,881.6875054342313,6117.114802828226,df_elaad_preproc_l6months.csv
