name,transf,client,payoff,total
train_month_sac_gen_J_d_218,2052.5770857855773,4306.918592,422.3108412815719,1832.0306649328509
