name,transf,client,payoff,total
val_month_sac_gen_I_r_216,602.1476018323191,1488.30912,159.56135988924024,726.6001582784406
