name,transf,client,payoff,total,sessions
test_6month_sac_pred_noise_1b_151,3104.0328208419596,9929.387430399998,893.2217503396156,5932.132859218423,df_elaad_preproc_l6months.csv
