name,transf,client,payoff,total,sessions
test_6month_sac_gen_1n_38,3140.3353920794325,9929.387430399998,886.8210602299855,5902.23097809058,df_elaad_preproc_l6months.csv
