name,transf,client,payoff,total
test_month_sac_gen_J_i_16,871.2598095021,1468.334912,149.17516390639216,447.89993859150786
