name,transf,client,payoff,total
train_month_sac_gen_J_e_117,2062.2110882611023,4306.918592,422.3108412815719,1822.3966624573259
