name,transf,client,payoff,total
test_month_sac_gen_I_f_135,750.5777569153613,1468.334912,147.8419170286109,569.9152380560279
