name,transf,client,payoff,total,sessions
test_6month_sac_pred_noise_1e_117,5198.697289549945,9929.387430399998,893.2217503396156,3837.468390510438,df_elaad_preproc_l6months.csv
