name,transf,client,payoff,total
test_month_sac_gen_d_14,770.9295141057578,1488.30912,159.56135988924024,557.8182460050018
