name,transf,client,payoff,total,sessions
test_6month_sac_pred_noise_5e_292,5174.4590407095275,9929.387430399998,881.6875054342313,3873.2408842562395,df_elaad_preproc_l6months.csv
