name,transf,client,payoff,total
val_month_sac_gen_J_q_81,680.476774250044,1488.30912,159.56135988924024,648.2709858607157
