name,transf,client,payoff,total
val_month_sac_gen_I_z_106,709.6880245642244,1488.30912,159.56135988924024,619.0597355465352
