name,transf,client,payoff,total
test_month_sac_gen_J_e_377,680.2409720117038,1468.334912,149.17516390639216,638.9187760819041
