name,transf,client,payoff,total
train_month_sac_gen_J_d_35,2184.481021260064,4306.918592,422.3108412815719,1700.126729458364
