name,transf,client,payoff,total
train_month_sac_gen_I_p_407,2174.8399923074735,4306.918592,422.3108412815719,1709.7677584109547
