name,transf,client,payoff,total
test_month_sac_gen_J_e_119,689.6101649817598,1468.334912,149.17516390639216,629.549583111848
