name,transf,client,payoff,total
train_month_sac_gen_J_t_70,2145.3794644434324,4306.918592,417.9096673275943,1743.6294602289731
