name,transf,client,payoff,total,sessions
test_6month_sac_pred_noise_4a_182,2817.5720519124898,9929.387430399998,891.2211003728393,6220.59427811467,df_elaad_preproc_l6months.csv
