name,transf,client,payoff,total
train_month_sac_gen_J_n_483,1784.4490567781913,4306.918592,422.3108412815719,2100.158693940237
