name,transf,client,payoff,total
val_month_sac_gen_I_n_419,596.5232215917453,1488.30912,159.56135988924024,732.2245385190145
