name,transf,client,payoff,total
train_month_sac_gen_J_a_162,2040.5955098246086,4306.918592,422.3108412815719,1844.0122408938196
