name,transf,client,payoff,total
val_month_sac_c_29,2272.827280566328,2277.450960542104,145.3079860330326,-140.68430605725683
