name,transf,client,payoff,total
val_month_sac_gen_J_w_279,549.6080231922538,1488.30912,155.96206259448996,782.7390342132562
