name,transf,client,payoff,total
train_month_sac_gen_I_q_73,2359.3301810147886,4306.918592,422.3108412815719,1525.2775697036395
