name,transf,client,payoff,total
test_month_sac_gen_J_p_391,660.6496119489788,1468.334912,149.17516390639216,658.5101361446291
