name,transf,client,payoff,total
test_month_sac_gen_J_o_73,706.1338197971968,1468.334912,149.17516390639216,613.025928296411
