name,transf,client,payoff,total,sessions
test_6month_sac_pred_noise_5e_124,5358.077255907589,9929.387430399998,881.6875054342313,3689.6226690581784,df_elaad_preproc_l6months.csv
