name,transf,client,payoff,total
train_month_sac_gen_J_j_143,1914.1998024139098,4306.918592,422.3108412815719,1970.4079483045184
