name,transf,client,payoff,total
val_month_sac_gen_J_b_178,662.0635159286828,1488.30912,159.56135988924024,666.6842441820768
