name,transf,client,payoff,total
val_month_sac_gen_I_t_211,687.4703393498683,1488.30912,159.56135988924024,641.2774207608913
