name,transf,client,payoff,total
val_month_sac_gen_I_i_14,711.8219508956025,1488.30912,159.56135988924024,616.9258092151572
