name,transf,client,payoff,total
test_month_sac_gen_I_g_487,873.6631189995996,1468.334912,149.17516390639216,445.4966290940082
