name,transf,client,payoff,total
train_month_sac_gen_I_z_111,255.37525052289357,4306.918592,423.0439827888433,3628.499358688263
