name,transf,client,payoff,total
test_month_sac_gen_J_t_170,659.5520052031393,1468.334912,148.50825484764397,660.2746519492168
