name,transf,client,payoff,total
test_month_sac_gen_I_o_5,800.4775217899719,1468.334912,149.17516390639216,518.682226303636
