name,transf,client,payoff,total
train_month_sac_gen_J_f_10,2262.1418473022395,4306.918592,422.3108412815719,1622.4659034161887
