name,transf,client,payoff,total
train_month_sac_gen_I_w_129,-7520.905429813122,4306.918592,422.3108412815719,11405.513180531549
