name,transf,client,payoff,total
test_month_sac_gen_J_s_37,655.6890418307873,1468.334912,148.50825484764397,664.1376153215688
