name,transf,client,payoff,total,sessions
test_6month_sac_gen_3m_113,2803.224353907047,9929.387430399998,889.2877424740021,6236.87533401895,df_elaad_preproc_l6months.csv
