name,transf,client,payoff,total
val_month_sac_gen_J_r_107,649.23328274385,1488.30912,159.56135988924024,679.5144773669097
