name,transf,client,payoff,total
val_month_sac_gen_I_l_272,645.237602974245,1488.30912,159.56135988924024,683.5101571365146
