name,transf,client,payoff,total
train_month_sac_gen_J_t_262,2029.3746431682603,4306.918592,417.9096673275943,1859.6342815041453
