name,transf,client,payoff,total
val_month_sac_gen_I_h_369,637.469861590334,1488.30912,159.56135988924024,691.2778985204257
