name,transf,client,payoff,total
val_month_sac_gen_J_g_493,646.9014938622444,1488.30912,159.56135988924024,681.8462662485153
