name,transf,client,payoff,total
val_month_sac_gen_I_z_357,703.9929166308593,1488.30912,159.56135988924024,624.7548434799003
