name,transf,client,payoff,total
train_month_sac_gen_I_k_57,2149.0660979676095,4306.918592,422.3108412815719,1735.5416527508187
