name,transf,client,payoff,total
val_month_sac_gen_J_i_358,636.0566144403184,1488.30912,159.56135988924024,692.6911456704413
