name,transf,client,payoff,total
test_month_sac_gen_J_m_155,681.3370528759563,1468.334912,149.17516390639216,637.8226952176516
