name,transf,client,payoff,total
test_month_sac_gen_J_b_343,687.0524822501883,1468.334912,149.17516390639216,632.1072658434196
