name,transf,client,payoff,total
train_month_sac_gen_G_b_20,647.4640330408483,1349.0472576000002,120.92109843785235,580.6621261212995
