name,transf,client,payoff,total
val_month_sac_gen_I_y_460,659.1304477034146,1488.30912,159.56135988924024,669.617312407345
