name,transf,client,payoff,total
test_month_sac_gen_J_x_40,817.066127292253,1468.334912,149.17516390639216,502.09362080135486
