name,transf,client,payoff,total
val_month_sac_gen_I_h_330,639.8405606749524,1488.30912,159.56135988924024,688.9071994358073
