name,transf,client,payoff,total
test_month_sac_gen_J_d_303,703.7473132637842,1468.334912,149.17516390639216,615.4124348298236
