name,transf,client,payoff,total
train_month_sac_c_237,1074.7788023290314,2289.492687923877,157.2012507240518,1057.5126348707938
