name,transf,client,payoff,total,sessions
6month_sac_disagg_4e_ML,3299.262089208497,9929.387430399998,886.8210602299855,5743.304280961516,df_elaad_preproc_l6months.csv
