name,transf,client,payoff,total
train_month_sac_gen_J_o_409,2013.0858946659525,4306.918592,422.3108412815719,1871.5218560524754
