name,transf,client,payoff,total
train_month_sac_gen_J_g_189,2053.4102102808333,4306.918592,422.3108412815719,1831.1975404375949
