name,transf,client,payoff,total
train_month_sac_gen_G_a_100,529.0156530662284,1349.0472576000002,118.12133033782774,701.910274195944
