name,transf,client,payoff,total,sessions
test_6month_sac_gen_2o_198,2918.3417236838995,9929.387430399998,886.8210602299855,6124.224646486113,df_elaad_preproc_l6months.csv
