name,transf,client,payoff,total
test_month_sac_gen_J_g_464,687.3322461063522,1468.334912,149.17516390639216,631.8275019872557
