name,transf,client,payoff,total,sessions
test_6month_sac_pred_noise_4b_206,3075.214499249283,9929.387430399998,891.2211003728393,5962.951830777876,df_elaad_preproc_l6months.csv
