name,transf,client,payoff,total
test_month_sac_gen_J_u_357,590.9348821358464,1468.334912,148.50825484764397,728.8917750165097
