name,transf,client,payoff,total
test_month_sac_gen_J_d_397,699.3718878295421,1468.334912,149.17516390639216,619.7878602640658
