name,transf,client,payoff,total,sessions
test_6month_sac_gen_4l_259,2973.7459937601616,9929.387430399998,886.8210602299855,6068.820376409851,df_elaad_preproc_l6months.csv
