name,transf,client,payoff,total
train_month_sac_gen_I_o_326,2131.27667197145,4306.918592,422.3108412815719,1753.3310787469782
