name,transf,client,payoff,total
val_month_sac_gen_I_h_495,642.1237784506889,1488.30912,159.56135988924024,686.6239816600707
