name,transf,client,payoff,total
train_month_sac_gen_J_p_468,2010.3871566884993,4306.918592,422.3108412815719,1874.220594029929
