name,transf,client,payoff,total
train_month_sac_gen_I_v_319,-132.21559397820843,4306.918592,419.71001680063966,4019.424169177569
