name,transf,client,payoff,total
val_month_sac_gen_I_t_40,742.9645189927671,1488.30912,159.56135988924024,585.7832411179925
