name,transf,client,payoff,total,sessions
test_6month_sac_pred_noise_2b_122,3042.504156755062,9929.387430399998,897.4875555656347,5989.395718079302,df_elaad_preproc_l6months.csv
