name,transf,client,payoff,total
test_month_sac_gen_I_m_141,693.7044253426527,1468.334912,149.17516390639216,625.4553227509551
