name,transf,client,payoff,total
train_month_sac_gen_J_z_65,962.7365145897213,1469.5622144,141.89513539013672,364.9305644201419
