name,transf,client,payoff,total
val_month_sac_gen_I_p_260,710.7620933784963,1488.30912,159.56135988924024,617.9856667322633
