name,transf,client,payoff,total,sessions
test_6month_sac_gen_3m_162,2886.487327267332,9929.387430399998,886.8210602299855,6156.07904290268,df_elaad_preproc_l6months.csv
