name,transf,client,payoff,total
train_month_sac_gen_J_m_374,1790.3892199255129,4306.918592,422.3108412815719,2094.2185307929153
