name,transf,client,payoff,total
val_month_sac_gen_J_x_58,732.6323567689301,1488.30912,159.56135988924024,596.1154033418295
