name,transf,client,payoff,total
train_month_sac_gen_J_h_267,2064.4399640882293,4306.918592,422.3108412815719,1820.1677866301989
