name,transf,client,payoff,total
test_month_sac_gen_J_k_438,613.97822341904,1468.334912,149.17516390639216,705.1815246745679
