name,transf,client,payoff,total
train_month_sac_gen_I_f_374,2074.7332056139526,4306.918592,421.11038371791597,1811.0750026681314
