name,transf,client,payoff,total
test_month_sac_gen_J_k_170,638.679756506875,1468.334912,149.17516390639216,680.4799915867328
