name,transf,client,payoff,total,sessions
test_6month_sac_pred_noise_2e_60,5206.989885323264,9929.387430399998,897.4875555656347,3824.9099895110994,df_elaad_preproc_l6months.csv
