name,transf,client,payoff,total
test_month_sac_c_316,1056.5428319016319,1469.5622144,135.21440678133106,277.804975717037
