name,transf,client,payoff,total,sessions
test_6month_sac_gen_2o_24,3404.7718504651116,9929.387430399998,886.8210602299855,5637.794519704901,df_elaad_preproc_l6months.csv
