name,transf,client,payoff,total
train_month_sac_gen_I_y_398,259.5547693359773,4306.918592,421.71069508620843,3625.6531275778143
