name,transf,client,payoff,total
test_month_sac_gen_I_k_477,685.9599250650709,1468.334912,149.17516390639216,633.1998230285369
