name,transf,client,payoff,total
train_month_sac_gen_I_t_340,1951.2234970794239,4306.918592,419.51059692827204,1936.1844979923042
