name,transf,client,payoff,total
test_month_sac_gen_I_r_307,634.6072027241244,1468.334912,149.17516390639216,684.5525453694835
