name,transf,client,payoff,total,sessions
test_6month_sac_pred_noise_1b_206,3023.399571123241,9929.387430399998,893.2217503396156,6012.766108937141,df_elaad_preproc_l6months.csv
