name,transf,client,payoff,total,sessions
test_6month_sac_pred_noise_1c_131,3559.7585056119583,9929.387430399998,893.2217503396156,5476.407174448424,df_elaad_preproc_l6months.csv
