name,transf,client,payoff,total
test_month_sac_gen_I_o_213,733.645863483546,1468.334912,149.17516390639216,585.5138846100618
