name,transf,client,payoff,total
train_month_sac_gen_b_82,832.5236382693088,1469.5622144,142.094741946743,494.9438341839481
