name,transf,client,payoff,total
train_month_sac_gen_J_m_435,1782.5304029032832,4306.918592,422.3108412815719,2102.077347815145
