name,transf,client,payoff,total
val_month_sac_gen_J_l_414,584.0394776834299,1488.30912,159.56135988924024,744.7082824273298
