name,transf,client,payoff,total
val_month_sac_gen_I_p_150,715.6093223669886,1488.30912,159.56135988924024,613.138437743771
