name,transf,client,payoff,total
test_month_sac_gen_I_m_379,662.4811878580806,1468.334912,149.17516390639216,656.6785602355272
