name,transf,client,payoff,total,sessions
test_6month_sac_gen_1m_23,3349.292039742013,9929.387430399998,893.2217503396156,5686.873640318369,df_elaad_preproc_l6months.csv
