name,transf,client,payoff,total
val_month_sac_gen_J_w_395,546.6865912180326,1488.30912,155.96206259448996,785.6604661874774
