name,transf,client,payoff,total
val_month_sac_gen_I_i_264,658.6496386559758,1488.30912,159.56135988924024,670.098121454784
