name,transf,client,payoff,total
train_month_sac_gen_I_t_238,1840.7398367721635,4306.918592,422.4438548641808,2043.7349003636557
