name,transf,client,payoff,total
train_month_sac_gen_I_y_464,279.4386681849944,4306.918592,421.71069508620843,3605.769228728797
