name,transf,client,payoff,total
val_month_sac_gen_J_u_102,598.8161968246965,1488.30912,155.96206259448996,733.5308605808134
