name,transf,client,payoff,total
test_month_sac_gen_I_i_155,723.1744427077417,1468.334912,149.17516390639216,595.9853053858661
