name,transf,client,payoff,total
test_month_sac_gen_I_i_263,714.5579621434906,1468.334912,149.17516390639216,604.6017859501172
