name,transf,client,payoff,total
val_month_sac_gen_J_g_162,660.9864766247196,1488.30912,159.56135988924024,667.7612834860402
