name,transf,client,payoff,total
val_month_sac_gen_I_t_486,680.2876151469909,1488.30912,159.56135988924024,648.4601449637687
