name,transf,client,payoff,total
test_month_sac_gen_I_n_57,660.0948382343106,1468.334912,149.17516390639216,659.0649098592972
