name,transf,client,payoff,total
train_month_sac_gen_I_q_305,2259.5709255772367,4306.918592,422.3108412815719,1625.0368251411915
