name,transf,client,payoff,total
train_month_sac_gen_J_d_309,2039.8500974484737,4306.918592,422.3108412815719,1844.7576532699545
