name,transf,client,payoff,total,sessions
test_6month_sac_pred_noise_4b_20,3561.6356189545186,9929.387430399998,891.2211003728393,5476.530711072641,df_elaad_preproc_l6months.csv
