name,transf,client,payoff,total
val_month_sac_gen_I_m_271,629.2579756147652,1488.30912,159.56135988924024,699.4897844959944
