name,transf,client,payoff,total
test_month_sac_gen_J_w_145,605.5515648189491,1468.334912,148.50825484764397,714.275092333407
