name,transf,client,payoff,total
test_month_sac_gen_J_p_473,670.0542319513886,1468.334912,149.17516390639216,649.1055161422192
