name,transf,client,payoff,total
val_month_sac_gen_I_x_15,732.4878035608567,1488.30912,159.56135988924024,596.2599565499029
