name,transf,client,payoff,total,sessions
test_6month_sac_pred_noise_5e_280,5192.094012439547,9929.387430399998,881.6875054342313,3855.6059125262195,df_elaad_preproc_l6months.csv
