name,transf,client,payoff,total
train_month_sac_gen_I_i_270,2061.916249827032,4306.918592,422.3108412815719,1822.6915008913961
