name,transf,client,payoff,total
val_month_sac_gen_I_r_154,610.3096970344475,1488.30912,159.56135988924024,718.4380630763121
