name,transf,client,payoff,total
train_month_sac_c_980,1026.0347451564433,2289.492687923877,157.2012507240518,1106.256692043382
