name,transf,client,payoff,total
val_month_sac_gen_I_l_338,640.1345557664779,1488.30912,159.56135988924024,688.6132043442817
