name,transf,client,payoff,total
test_month_sac_gen_d_30,888.1475518448506,1488.30912,159.56135988924024,440.6002082659091
