name,transf,client,payoff,total
train_month_sac_gen_I_x_440,-6732.560041055511,4306.918592,424.7111338078326,10614.767499247679
