name,transf,client,payoff,total
val_month_sac_gen_J_s_449,533.7982613872705,1488.30912,155.96206259448996,798.5487960182395
