name,transf,client,payoff,total
test_month_sac_gen_J_m_91,700.3072121794512,1468.334912,149.17516390639216,618.8525359141566
