name,transf,client,payoff,total
train_month_sac_gen_I_j_326,2029.07073460135,4306.918592,422.3108412815719,1855.537016117078
