name,transf,client,payoff,total
val_month_sac_gen_I_k_37,730.2985119568633,1488.30912,159.56135988924024,598.4492481538964
