name,transf,client,payoff,total
test_month_sac_gen_J_m_18,749.350465229383,1468.334912,149.17516390639216,569.8092828642249
