name,transf,client,payoff,total,sessions
test_6month_sac_gen_d_130,2825.4486965879246,9929.387430399998,886.8210602299855,6217.117673582088,df_elaad_preproc_l6months.csv
