name,transf,client,payoff,total
test_month_sac_gen_J_l_110,692.2656629051338,1468.334912,149.17516390639216,626.894085188474
