name,transf,client,payoff,total
test_month_sac_c_900,1020.6573442585192,1469.5622144,135.21440678133106,313.6904633601497
