name,transf,client,payoff,total
val_month_sac_gen_I_c_19,739.4853835069367,1488.30912,159.56135988924024,589.262376603823
