name,transf,client,payoff,total
test_month_sac_gen_J_a_488,693.3808509705791,1468.334912,149.17516390639216,625.7788971230287
