name,transf,client,payoff,total
val_month_sac_gen_J_m_246,606.086002852044,1488.30912,159.56135988924024,722.6617572587156
