name,transf,client,payoff,total
test_month_sac_gen_I_j_24,854.0942352293949,1468.334912,149.17516390639216,465.0655128642129
