name,transf,client,payoff,total
train_month_sac_gen_J_r_290,2003.974487915391,4306.918592,422.3108412815719,1880.6332628030373
