name,transf,client,payoff,total,sessions
test_6month_sac_pred_noise_5b_169,3161.713086891401,9929.387430399998,881.6875054342313,5885.9868380743665,df_elaad_preproc_l6months.csv
