name,transf,client,payoff,total,sessions
test_6month_sac_gen_g_141,2955.7380535560364,9929.387430399998,886.8210602299855,6086.828316613975,df_elaad_preproc_l6months.csv
