name,transf,client,payoff,total
val_month_sac_gen_I_h_466,638.0303509201058,1488.30912,159.56135988924024,690.7174091906538
