name,transf,client,payoff,total,sessions
test_6month_sac_gen_1m_135,3073.993161819024,9929.387430399998,886.8210602299855,5968.573208350988,df_elaad_preproc_l6months.csv
