name,transf,client,payoff,total
val_month_sac_gen_I_p_146,715.778308786536,1488.30912,159.56135988924024,612.9694513242237
