name,transf,client,payoff,total,sessions
train_month_sac_pred_noise_c_27,786.2782275745265,1349.0472576000002,122.05403137641504,440.7149986490587,df_elaad_preproc_feb.csv
