name,transf,client,payoff,total
test_month_sac_gen_J_l_9,832.7027381442649,1468.334912,149.17516390639216,486.45700994934293
