name,transf,client,payoff,total
month_sac_IX_d,893.0818882407132,1469.5622144,140.81473761621385,435.6655885430729
