name,transf,client,payoff,total
val_month_sac_gen_J_i_142,653.3001211804503,1488.30912,159.56135988924024,675.4476389303093
