name,transf,client,payoff,total
test_month_sac_gen_J_d_90,733.0352808019379,1468.334912,149.17516390639216,586.1244672916699
