name,transf,client,payoff,total
train_month_sac_gen_J_w_182,1892.6204959769598,4306.918592,422.91102144627405,1991.3870745767663
