name,transf,client,payoff,total
val_month_sac_gen_d_72,852.9170586656082,1349.0472576000002,118.32161810264896,377.80858083174303
