name,transf,client,payoff,total
test_month_sac_gen_J_b_414,697.4440669566723,1468.334912,149.17516390639216,621.7156811369356
