name,transf,client,payoff,total,sessions
test_6month_sac_pred_noise_2e_200,5261.053685381339,9929.387430399998,897.4875555656347,3770.8461894530246,df_elaad_preproc_l6months.csv
