name,transf,client,payoff,total,sessions
test_6month_sac_pred_noise_2e_236,5201.648639028737,9929.387430399998,897.4875555656347,3830.2512358056265,df_elaad_preproc_l6months.csv
