name,transf,client,payoff,total
test_month_sac_gen_I_b_36,743.2419290571471,1468.334912,149.17516390639216,575.9178190364607
