name,transf,client,payoff,total
val_month_sac_gen_J_q_457,632.6637378665042,1488.30912,159.56135988924024,696.0840222442555
