name,transf,client,payoff,total,sessions
test_6month_sac_gen_2m_145,2999.7079631661986,9929.387430399998,886.8210602299855,6042.858407003814,df_elaad_preproc_l6months.csv
