name,transf,client,payoff,total,sessions
test_6month_sac_pred_noise_3a_106,2884.2097139787575,9929.387430399998,889.2877424740021,6155.889973947239,df_elaad_preproc_l6months.csv
