name,transf,client,payoff,total,sessions
test_6month_sac_pred_noise_4b_44,3431.6937361749524,9929.387430399998,891.2211003728393,5606.472593852207,df_elaad_preproc_l6months.csv
