name,transf,client,payoff,total
test_month_sac_gen_J_h_2,829.1566250072658,1468.334912,149.17516390639216,490.00312308634204
