name,transf,client,payoff,total
test_month_sac_gen_I_m_411,664.7767195393021,1468.334912,149.17516390639216,654.3830285543057
