name,transf,client,payoff,total
test_month_sac_gen_I_l_331,693.0612874194966,1468.334912,149.17516390639216,626.0984606741113
