name,transf,client,payoff,total
test_month_sac_gen_a_20,892.4820627834599,1488.30912,159.56135988924024,436.26569732729973
