name,transf,client,payoff,total,sessions
test_6month_sac_gen_2m_1,5394.78663425085,9929.387430399998,897.4875555656347,3637.113240583514,df_elaad_preproc_l6months.csv
