name,transf,client,payoff,total
month_sac_IX_i,900.7604367770434,1469.5622144,143.41512162066263,425.3866560022939
