name,transf,client,payoff,total,sessions
test_6month_sac_gen_1l_167,2843.5268897766528,9929.387430399998,886.8210602299855,6199.03948039336,df_elaad_preproc_l6months.csv
