name,transf,client,payoff,total
val_month_sac_gen_I_c_370,639.2732555341613,1488.30912,159.56135988924024,689.4745045765983
