name,transf,client,payoff,total
val_month_sac_gen_I_m_328,627.5662468170129,1488.30912,159.56135988924024,701.1815132937468
