name,transf,client,payoff,total
val_month_sac_gen_I_v_197,654.2424746001998,1488.30912,159.56135988924024,674.5052855105598
