name,transf,client,payoff,total
val_month_sac_gen_J_n_180,624.7043620706967,1488.30912,159.56135988924024,704.043398040063
