name,transf,client,payoff,total
val_month_sac_gen_J_k_152,585.9061330548989,1488.30912,159.56135988924024,742.8416270558607
