name,transf,client,payoff,total
test_month_sac_gen_I_t_383,709.3566089052038,1468.334912,149.17516390639216,609.8031391884041
