name,transf,client,payoff,total
test_month_sac_gen_I_o_455,713.4832814525902,1468.334912,149.17516390639216,605.6764666410177
