name,transf,client,payoff,total
test_month_sac_gen_I_c_109,720.2636365408026,1468.334912,149.17516390639216,598.8961115528052
