name,transf,client,payoff,total,sessions
test_6month_sac_gen_d_33,3226.8277111113434,9929.387430399998,886.8210602299855,5815.738659058668,df_elaad_preproc_l6months.csv
