name,transf,client,payoff,total
val_month_sac_gen_J_v_121,624.6309065710855,1488.30912,155.96206259448996,707.7161508344245
