name,transf,client,payoff,total
val_month_sac_gen_I_v_290,649.6074930263361,1488.30912,159.56135988924024,679.1402670844236
