name,transf,client,payoff,total
train_month_sac_gen_J_w_476,1813.9681675635293,4306.918592,421.5783036642921,2071.3721207721787
