name,transf,client,payoff,total
train_month_sac_gen_J_z_36,695.5607565050078,1488.30912,157.82817331084522,634.9201901841468
