name,transf,client,payoff,total
test_month_sac_gen_J_q_204,689.6179175444577,1468.334912,149.17516390639216,629.5418305491502
