name,transf,client,payoff,total
test_month_sac_gen_I_f_86,775.9151691173199,1468.334912,147.8419170286109,544.5778258540693
