name,transf,client,payoff,total
test_month_sac_gen_J_h_120,766.2844475260815,1468.334912,149.17516390639216,552.8753005675263
