name,transf,client,payoff,total
val_month_sac_gen_J_y_232,635.4265782310526,1488.30912,155.96206259448996,696.9204791744573
