name,transf,client,payoff,total,sessions
test_6month_sac_pred_noise_1d_258,4489.950194731879,9929.387430399998,893.2217503396156,4546.215485328504,df_elaad_preproc_l6months.csv
