name,transf,client,payoff,total,sessions
test_6month_sac_gen_4m_63,3020.2649386086528,9929.387430399998,891.2211003728393,6017.901391418507,df_elaad_preproc_l6months.csv
