name,transf,client,payoff,total
test_month_sac_gen_I_b_481,703.8836969131637,1468.334912,149.17516390639216,615.2760511804441
