name,transf,client,payoff,total
val_month_sac_gen_J_o_200,653.0626652559098,1488.30912,159.56135988924024,675.6850948548499
