name,transf,client,payoff,total
train_month_sac_gen_I_y_234,-68.60870794383627,4306.918592,420.9772441972888,3954.550055746548
