name,transf,client,payoff,total,sessions
test_6month_sac_pred_noise_1b_12,3816.2017381174646,9929.387430399998,893.2217503396156,5219.963941942918,df_elaad_preproc_l6months.csv
