name,transf,client,payoff,total
val_month_sac_gen_I_q_54,778.6877201730744,1488.30912,159.56135988924024,550.0600399376854
