name,transf,client,payoff,total
val_month_sac_gen_J_h_150,668.8928378466126,1488.30912,159.56135988924024,659.854922264147
