name,transf,client,payoff,total
train_month_sac_gen_I_s_389,1592.3521124550111,4306.918592,422.3108412815719,2292.255638263417
