name,transf,client,payoff,total
train_month_sac_gen_J_j_281,1848.846575359446,4306.918592,422.3108412815719,2035.7611753589822
