name,transf,client,payoff,total
train_month_sac_gen_I_e_364,2042.7674914916893,4306.918592,417.9096673275943,1846.2414331807163
