name,transf,client,payoff,total
test_month_sac_gen_I_w_331,659.5974376091751,1468.334912,149.17516390639216,659.5623104844327
