name,transf,client,payoff,total
test_month_sac_gen_I_j_238,725.1405578312183,1468.334912,149.17516390639216,594.0191902623895
