name,transf,client,payoff,total
train_month_sac_gen_I_p_27,2352.8521582683543,4306.918592,422.3108412815719,1531.755592450074
