name,transf,client,payoff,total
train_month_sac_gen_I_e_101,2122.8758649051124,4306.918592,417.9096673275943,1766.1330597672932
