name,transf,client,payoff,total,sessions
test_6month_sac_pred_noise_3c_76,3596.9860924430886,9929.387430399998,889.2877424740021,5443.113595482908,df_elaad_preproc_l6months.csv
