name,transf,client,payoff,total
train_month_sac_gen_J_g_111,2072.8187501703997,4306.918592,422.3108412815719,1811.7890005480285
