name,transf,client,payoff,total
train_month_sac_gen_J_z_123,953.5758126931177,1469.5622144,140.5611811297432,375.42522057713904
