name,transf,client,payoff,total
val_month_sac_c_110,1922.9913444655524,2277.450960542104,145.3079860330326,209.151630043519
