name,transf,client,payoff,total,sessions
test_6month_sac_gen_5m_38,3249.3789741837513,9929.387430399998,886.8210602299855,5793.1873959862605,df_elaad_preproc_l6months.csv
