name,transf,client,payoff,total
train_month_sac_gen_I_o_238,2140.720772213611,4306.918592,422.3108412815719,1743.8869785048173
