name,transf,client,payoff,total,sessions
test_6month_sac_pred_noise_4a_105,2935.0704220277257,9929.387430399998,891.2211003728393,6103.095907999434,df_elaad_preproc_l6months.csv
