name,transf,client,payoff,total
test_month_sac_gen_J_x_252,740.1727758597888,1468.334912,149.17516390639216,578.9869722338191
