name,transf,client,payoff,total
train_month_sac_gen_a_87,989.7012079109911,1469.5622144,138.5610864331635,341.2999200558453
