name,transf,client,payoff,total
train_month_sac_gen_J_w_26,2226.1348427599064,4306.918592,424.17597990161346,1656.60776933848
