name,transf,client,payoff,total,sessions
test_6month_sac_gen_e_117,2940.722179675008,9929.387430399998,886.8210602299855,6101.844190495005,df_elaad_preproc_l6months.csv
