name,transf,client,payoff,total
test_month_sac_gen_I_p_239,766.5383091185433,1468.334912,149.17516390639216,552.6214389750645
