name,transf,client,payoff,total
train_month_sac_c_423,1048.4294515422848,2289.492687923877,157.2012507240518,1083.8619856575403
