name,transf,client,payoff,total
train_month_sac_gen_I_e_197,2062.1103426528343,4306.918592,417.9096673275943,1826.8985820195712
