name,transf,client,payoff,total,sessions
test_6month_sac_gen_5m_92,2892.118055491405,9929.387430399998,881.6875054342313,6155.581869474363,df_elaad_preproc_l6months.csv
