name,transf,client,payoff,total
val_month_sac_gen_I_z_276,708.1417546664156,1488.30912,159.56135988924024,620.606005444344
