name,transf,client,payoff,total,sessions
test_6month_sac_gen_h_195,2888.0296571896174,9929.387430399998,886.8210602299855,6154.536712980394,df_elaad_preproc_l6months.csv
