name,transf,client,payoff,total
val_month_sac_gen_G_a_10,738.1496754484251,1488.30912,155.96206259448996,594.1973819570849
