name,transf,client,payoff,total,sessions
test_6month_sac_gen_1n_106,2946.0081107750393,9929.387430399998,886.8210602299855,6096.558259394973,df_elaad_preproc_l6months.csv
