name,transf,client,payoff,total
test_month_sac_gen_I_l_135,705.0396898856357,1468.334912,149.17516390639216,614.1200582079722
