name,transf,client,payoff,total,sessions
test_6month_sac_pred_noise_2e_128,5146.536689536332,9929.387430399998,897.4875555656347,3885.3631852980316,df_elaad_preproc_l6months.csv
