name,transf,client,payoff,total
val_month_sac_gen_I_u_378,646.3965672012599,1488.30912,159.56135988924024,682.3511929094998
