name,transf,client,payoff,total
val_month_sac_gen_I_o_332,696.6386558058797,1488.30912,159.56135988924024,632.10910430488
