name,transf,client,payoff,total
val_month_sac_gen_I_l_143,662.3499095802163,1488.30912,159.56135988924024,666.3978505305433
