name,transf,client,payoff,total,sessions
test_6month_sac_pred_noise_2a_123,2908.8067577992424,9929.387430399998,897.4875555656347,6123.093117035121,df_elaad_preproc_l6months.csv
