name,transf,client,payoff,total,sessions
test_6month_sac_pred_noise_2c_92,3643.1553161334123,9929.387430399998,897.4875555656347,5388.7445587009515,df_elaad_preproc_l6months.csv
