name,transf,client,payoff,total,sessions
test_6month_sac_gen_1o_68,3017.8294072126378,9929.387430399998,886.8210602299855,6024.736962957375,df_elaad_preproc_l6months.csv
