name,transf,client,payoff,total
train_month_sac_gen_I_q_88,2341.1208071026376,4306.918592,422.3108412815719,1543.4869436157906
