name,transf,client,payoff,total
val_month_sac_gen_J_a_415,644.3093989084089,1488.30912,159.56135988924024,684.4383612023507
