name,transf,client,payoff,total
test_month_sac_gen_J_k_462,621.1428244176063,1468.334912,149.17516390639216,698.0169236760015
