name,transf,client,payoff,total
train_month_sac_gen_I_i_327,2053.419795431681,4306.918592,422.3108412815719,1831.1879552867472
