name,transf,client,payoff,total
train_month_sac_gen_J_u_142,1996.379458208782,4306.918592,416.3113037006006,1894.2278300906173
