name,transf,client,payoff,total,sessions
test_6month_sac_gen_4m_59,2957.354156544783,9929.387430399998,891.2211003728393,6080.812173482376,df_elaad_preproc_l6months.csv
