name,transf,client,payoff,total
test_month_sac_gen_I_k_431,683.0580397485915,1468.334912,149.17516390639216,636.1017083450164
