name,transf,client,payoff,total
test_month_sac_gen_J_s_112,596.8065798893434,1468.334912,148.50825484764397,723.0200772630126
