name,transf,client,payoff,total
train_month_sac_gen_I_t_467,1901.1647285461072,4306.918592,423.7773216789616,1981.9765417749313
