name,transf,client,payoff,total,sessions
test_6month_sac_gen_1o_183,2888.198563094131,9929.387430399998,886.8210602299855,6154.3678070758815,df_elaad_preproc_l6months.csv
