name,transf,client,payoff,total
val_month_sac_gen_J_d_379,648.7025515287112,1488.30912,159.56135988924024,680.0452085820484
