name,transf,client,payoff,total,sessions
test_6month_sac_pred_noise_4e_167,5155.468730128749,9929.387430399998,891.2211003728393,3882.6975998984103,df_elaad_preproc_l6months.csv
