name,transf,client,payoff,total
val_month_sac_gen_I_c_298,641.0339241159346,1488.30912,159.56135988924024,687.7138359948251
