name,transf,client,payoff,total
test_month_sac_c_645,1006.9353515841618,1469.5622144,135.21440678133106,327.41245603450704
