name,transf,client,payoff,total
train_month_sac_gen_J_d_174,2069.6927269799894,4306.918592,422.3108412815719,1814.9150237384388
