name,transf,client,payoff,total
test_month_sac_gen_J_n_201,691.1503622427365,1468.334912,149.17516390639216,628.0093858508714
