name,transf,client,payoff,total
train_month_sac_gen_I_v_327,118.18952468694658,4306.918592,418.0432575295838,3770.68580978347
