name,transf,client,payoff,total
train_month_sac_gen_J_v_375,2032.3283889657919,4306.918592,417.9096673275943,1856.6805357066137
