name,transf,client,payoff,total
test_month_sac_gen_I_z_192,737.7399669981769,1468.334912,149.17516390639216,581.419781095431
