name,transf,client,payoff,total,sessions
test_6month_sac_gen_2l_196,2905.71950521219,9929.387430399998,886.8210602299855,6136.846864957823,df_elaad_preproc_l6months.csv
