name,transf,client,payoff,total
test_month_sac_gen_I_p_305,761.5853605239437,1468.334912,149.17516390639216,557.5743875696642
