name,transf,client,payoff,total
test_month_sac_gen_I_r_341,636.7016105278468,1468.334912,149.17516390639216,682.458137565761
