name,transf,client,payoff,total
train_month_sac_gen_I_q_180,2286.8924121317796,4306.918592,422.3108412815719,1597.7153385866486
