name,transf,client,payoff,total
test_month_sac_gen_I_t_286,701.8152162291108,1468.334912,149.17516390639216,617.3445318644971
