name,transf,client,payoff,total
train_month_sac_gen_I_k_477,2020.1120423556827,4306.918592,422.3108412815719,1864.4957083627455
