name,transf,client,payoff,total,sessions
test_6month_sac_pred_noise_3e_191,5159.8817341237755,9929.387430399998,889.2877424740021,3880.2179538022206,df_elaad_preproc_l6months.csv
