name,transf,client,payoff,total
train_month_sac_gen_J_l_28,2165.8258748155426,4306.918592,422.3108412815719,1718.7818759028855
