name,transf,client,payoff,total
train_month_sac_gen_I_o_378,2126.6869225887044,4306.918592,422.3108412815719,1757.9208281297238
