name,transf,client,payoff,total,sessions
test_6month_sac_gen_2l_204,2843.827048565494,9929.387430399998,886.8210602299855,6198.739321604518,df_elaad_preproc_l6months.csv
