name,transf,client,payoff,total
test_month_sac_gen_J_m_320,682.5248178101567,1468.334912,149.17516390639216,636.6349302834511
