name,transf,client,payoff,total,sessions
test_6month_sac_pred_noise_5d_240,4564.365805076963,9929.387430399998,881.6875054342313,4483.334119888805,df_elaad_preproc_l6months.csv
