name,transf,client,payoff,total
test_month_sac_gen_J_j_253,643.6256751891639,1468.334912,149.17516390639216,675.534072904444
