name,transf,client,payoff,total
train_month_sac_gen_I_i_78,2109.218796396917,4306.918592,422.3108412815719,1775.3889543215114
