name,transf,client,payoff,total
val_month_sac_gen_J_q_77,686.4349113461798,1488.30912,159.56135988924024,642.3128487645799
