name,transf,client,payoff,total
train_month_sac_gen_I_r_197,1982.5929604669454,4306.918592,418.37718976673574,1905.9484417663189
