name,transf,client,payoff,total,sessions
test_6month_sac_pred_noise_3a_198,2863.3432963651776,9929.387430399998,889.2877424740021,6176.756391560819,df_elaad_preproc_l6months.csv
