name,transf,client,payoff,total
train_month_sac_gen_I_o_35,2260.11222989852,4306.918592,422.3108412815719,1624.495520819908
