name,transf,client,payoff,total
train_month_sac_c_356,1059.4581984983445,2289.492687923877,157.2012507240518,1072.8332387014807
