name,transf,client,payoff,total,sessions
test_6month_sac_pred_noise_1c_237,3587.1446209160054,9929.387430399998,893.2217503396156,5449.0210591443765,df_elaad_preproc_l6months.csv
