name,transf,client,payoff,total
test_month_sac_gen_I_d_488,676.5849288504742,1468.334912,149.17516390639216,642.5748192431337
