name,transf,client,payoff,total
train_month_sac_gen_I_m_239,2020.5185305192308,4306.918592,422.3108412815719,1864.0892201991974
