name,transf,client,payoff,total,sessions
test_6month_sac_pred_noise_3b_121,3078.0012791315708,9929.387430399998,889.2877424740021,5962.098408794425,df_elaad_preproc_l6months.csv
