name,transf,client,payoff,total
val_month_sac_gen_J_d_321,650.8614864873784,1488.30912,159.56135988924024,677.8862736233812
