name,transf,client,payoff,total,sessions
test_6month_sac_gen_i_267,2734.7548200528663,9929.387430399998,886.8210602299855,6307.811550117147,df_elaad_preproc_l6months.csv
