name,transf,client,payoff,total
train_month_sac_gen_J_v_271,2063.863300465377,4306.918592,417.9096673275943,1825.1456242070285
