name,transf,client,payoff,total
val_month_sac_gen_J_j_207,613.2498356940497,1488.30912,159.56135988924024,715.49792441671
