name,transf,client,payoff,total
train_month_sac_gen_J_l_34,2144.7538436283303,4306.918592,422.3108412815719,1739.853907090098
