name,transf,client,payoff,total,sessions
test_month_sac_gen_G_c_206,1112.0675622026806,1468.334912,148.50825484764397,207.75909494967544,df_elaad_preproc_apr.csv
