name,transf,client,payoff,total
val_month_sac_gen_I_c_200,648.1310591671676,1488.30912,159.56135988924024,680.6167009435921
