name,transf,client,payoff,total,sessions
test_6month_sac_gen_3m_34,3186.869022503285,9929.387430399998,886.8210602299855,5855.697347666728,df_elaad_preproc_l6months.csv
