name,transf,client,payoff,total,sessions
test_6month_sac_pred_noise_5c_15,3910.0199689853657,9929.387430399998,881.6875054342313,5137.679955980402,df_elaad_preproc_l6months.csv
