name,transf,client,payoff,total
train_month_sac_gen_J_t_325,2027.1199219260236,4306.918592,417.9096673275943,1861.8890027463822
