name,transf,client,payoff,total
train_month_sac_gen_I_t_396,1881.0635700273767,4306.918592,421.70971711650003,2004.145304856123
