name,transf,client,payoff,total
val_month_sac_gen_I_z_362,711.3481647368242,1488.30912,159.56135988924024,617.3995953739354
