name,transf,client,payoff,total
train_month_sac_c_25,1339.7659977618287,2289.492687923877,157.2012507240518,792.5254394379965
