name,transf,client,payoff,total,sessions
test_6month_sac_gen_2n_168,2896.3227486191745,9929.387430399998,886.8210602299855,6146.243621550839,df_elaad_preproc_l6months.csv
