name,transf,client,payoff,total
test_month_sac_gen_J_h_138,762.9632054008621,1468.334912,149.17516390639216,556.1965426927458
