name,transf,client,payoff,total,sessions
test_6month_sac_gen_1o_12,4122.553331472149,9929.387430399998,886.8210602299855,4920.0130386978635,df_elaad_preproc_l6months.csv
