name,transf,client,payoff,total
val_month_sac_gen_I_z_279,710.8450863792702,1488.30912,159.56135988924024,617.9026737314894
