name,transf,client,payoff,total
train_month_sac_gen_J_s_61,2034.5414720790047,4306.918592,422.31154553766885,1850.0655743833263
