name,transf,client,payoff,total
val_month_sac_gen_I_b_83,657.0362110022239,1488.30912,159.56135988924024,671.7115491085358
