name,transf,client,payoff,total
test_month_sac_gen_I_g_414,828.648487285898,1468.334912,149.17516390639216,490.51126080770985
