name,transf,client,payoff,total
train_month_sac_gen_I_c_75,2141.705043599879,4306.918592,422.3108412815719,1742.9027071185492
