name,transf,client,payoff,total
test_month_sac_gen_I_p_101,767.795135599167,1468.334912,149.17516390639216,551.3646124944408
