name,transf,client,payoff,total
val_month_sac_gen_I_e_337,601.1459532896464,1488.30912,155.96206259448996,731.2011041158635
