name,transf,client,payoff,total,sessions
test_6month_sac_pred_noise_5a_104,2911.6641636924487,9929.387430399998,881.6875054342313,6136.035761273319,df_elaad_preproc_l6months.csv
