name,transf,client,payoff,total,sessions
test_6month_sac_pred_noise_4b_91,3254.1555258290473,9929.387430399998,891.2211003728393,5784.010804198112,df_elaad_preproc_l6months.csv
