name,transf,client,payoff,total
train_month_sac_gen_I_e_184,2068.4012526201373,4306.918592,417.9096673275943,1820.6076720522683
