name,transf,client,payoff,total
test_month_sac_gen_I_q_158,775.4640829596354,1468.334912,149.17516390639216,543.6956651339724
