name,transf,client,payoff,total
val_month_sac_gen_J_h_127,675.5879573412979,1488.30912,159.56135988924024,653.1598027694617
