name,transf,client,payoff,total
test_month_sac_gen_I_p_347,761.0182446317418,1468.334912,149.17516390639216,558.141503461866
