name,transf,client,payoff,total
train_month_sac_gen_J_p_210,2011.6091367041988,4306.918592,422.3108412815719,1872.9986140142291
