name,transf,client,payoff,total
val_month_sac_gen_I_s_254,658.3602679958381,1488.30912,159.56135988924024,670.3874921149215
