name,transf,client,payoff,total
test_month_sac_gen_I_j_30,811.3237859618096,1468.334912,149.17516390639216,507.8359621317983
