name,transf,client,payoff,total
val_month_sac_gen_I_n_348,601.130811128201,1488.30912,159.56135988924024,727.6169489825586
