name,transf,client,payoff,total
train_month_sac_gen_J_s_261,1850.1175956326347,4306.918592,423.3106689397269,2033.4903274276385
