name,transf,client,payoff,total
train_month_sac_gen_I_f_286,2087.617004799734,4306.918592,421.11038371791597,1798.1912034823501
