name,transf,client,payoff,total
train_month_sac_c_809,1024.5725163642323,2289.492687923877,157.2012507240518,1107.7189208355928
