name,transf,client,payoff,total,sessions
test_6month_sac_gen_g_39,3168.6989613702253,9929.387430399998,886.8210602299855,5873.867408799788,df_elaad_preproc_l6months.csv
