name,transf,client,payoff,total
test_month_sac_gen_I_x_439,735.3948691988489,1468.334912,149.17516390639216,583.7648788947589
