name,transf,client,payoff,total
test_month_sac_gen_I_o_374,727.5598868633488,1468.334912,149.17516390639216,591.5998612302591
