name,transf,client,payoff,total,sessions
test_6month_sac_pred_noise_1e_105,4928.567696521755,9929.387430399998,893.2217503396156,4107.597983538627,df_elaad_preproc_l6months.csv
