name,transf,client,payoff,total
val_month_sac_gen_I_u_374,646.2373360484164,1488.30912,159.56135988924024,682.5104240623432
