name,transf,client,payoff,total
val_month_sac_c_527,1828.193398052119,2277.450960542104,145.3079860330326,303.94957645695246
