name,transf,client,payoff,total
month_sac_IX_g,1126.8907486297317,1469.5622144,137.28179788267227,205.38966788759598
