name,transf,client,payoff,total
val_month_sac_gen_J_v_322,602.9891972308633,1488.30912,155.96206259448996,729.3578601746467
