name,transf,client,payoff,total
val_month_sac_gen_I_o_400,697.5520506822801,1488.30912,159.56135988924024,631.1957094284796
