name,transf,client,payoff,total
train_month_sac_gen_I_c_496,2066.070118793966,4306.918592,422.3108412815719,1818.5376319244624
