name,transf,client,payoff,total,sessions
test_6month_sac_gen_2m_198,2939.395342156293,9929.387430399998,897.4875555656347,6092.504532678071,df_elaad_preproc_l6months.csv
