name,transf,client,payoff,total
train_month_sac_gen_I_b_148,2011.1664818151962,4306.918592,422.3108412815719,1873.441268903232
