name,transf,client,payoff,total,sessions
test_6month_sac_gen_f_35,3222.4580075127606,9929.387430399998,886.8210602299855,5820.108362657253,df_elaad_preproc_l6months.csv
