name,transf,client,payoff,total
val_month_sac_gen_J_p_408,633.9279603433284,1488.30912,159.56135988924024,694.8197997674313
