name,transf,client,payoff,total,sessions
test_6month_sac_gen_1m_36,3468.0199489281076,9929.387430399998,886.8210602299855,5574.546421241905,df_elaad_preproc_l6months.csv
