name,transf,client,payoff,total,sessions
test_6month_sac_gen_1m_62,3071.1372820140123,9929.387430399998,893.2217503396156,5965.02839804637,df_elaad_preproc_l6months.csv
