name,transf,client,payoff,total,sessions
test_6month_sac_gen_1m_90,2976.6925940669607,9929.387430399998,886.8210602299855,6065.873776103052,df_elaad_preproc_l6months.csv
