name,transf,client,payoff,total,sessions
test_6month_sac_pred_noise_1b_177,3099.1719065100037,9929.387430399998,893.2217503396156,5936.993773550378,df_elaad_preproc_l6months.csv
