name,transf,client,payoff,total
val_month_sac_gen_J_n_380,586.8700784622563,1488.30912,159.56135988924024,741.8776816485033
