name,transf,client,payoff,total
train_month_sac_gen_J_n_499,1778.3502083376213,4306.918592,422.3108412815719,2106.2575423808066
