name,transf,client,payoff,total,sessions
test_6month_sac_gen_h_103,2953.1868457732608,9929.387430399998,886.8210602299855,6089.3795243967525,df_elaad_preproc_l6months.csv
