name,transf,client,payoff,total
val_month_sac_gen_J_h_124,675.9021258250057,1488.30912,159.56135988924024,652.8456342857539
