name,transf,client,payoff,total,sessions
test_6month_sac_pred_noise_1b_105,3106.3289301321506,9929.387430399998,893.2217503396156,5929.836749928231,df_elaad_preproc_l6months.csv
