name,transf,client,payoff,total
train_month_sac_gen_I_a_195,2052.6364398455953,4306.918592,422.3108412815719,1831.9713108728329
