name,transf,client,payoff,total
val_month_sac_gen_J_a_128,656.6436493428658,1488.30912,159.56135988924024,672.1041107678939
