name,transf,client,payoff,total,sessions
test_6month_sac_gen_2o_154,2898.126195331647,9929.387430399998,886.8210602299855,6144.440174838366,df_elaad_preproc_l6months.csv
