name,transf,client,payoff,total
train_sac_c_37,66974.09383420099,149467.68812980913,8931.975524612415,73561.61877099573
