name,transf,client,payoff,total,sessions
train_month_sac_gen_G_e_15,740.537090955816,1349.0472576000002,121.7208647440648,486.7893019001194,df_elaad_preproc_feb.csv
