name,transf,client,payoff,total
train_month_sac_gen_J_z_284,873.9204387095774,1469.5622144,140.428004404507,455.2137712859155
