name,transf,client,payoff,total
val_month_sac_gen_J_c_401,654.2500488631371,1488.30912,159.56135988924024,674.4977112476226
