name,transf,client,payoff,total
train_month_sac_gen_J_m_19,2303.3703183639104,4306.918592,422.3108412815719,1581.2374323545178
