name,transf,client,payoff,total
val_month_sac_gen_J_i_169,647.3282115286759,1488.30912,159.56135988924024,681.4195485820837
