name,transf,client,payoff,total
test_month_sac_gen_I_s_223,680.3477999808366,1468.334912,149.17516390639216,638.8119481127712
