name,transf,client,payoff,total
test_month_sac_gen_J_f_298,661.7843739959675,1468.334912,149.17516390639216,657.3753740976404
