name,transf,client,payoff,total
train_month_sac_c_513,1035.2762823321586,2289.492687923877,157.2012507240518,1097.0151548676665
