name,transf,client,payoff,total
val_month_sac_gen_J_h_216,669.7993085612443,1488.30912,159.56135988924024,658.9484515495153
