name,transf,client,payoff,total
val_month_sac_gen_J_c_18,764.2612564602732,1488.30912,159.56135988924024,564.4865036504864
