name,transf,client,payoff,total
val_month_sac_c_195,1874.6012577484314,2277.450960542104,145.3079860330326,257.54171676064
