name,transf,client,payoff,total
val_month_sac_gen_J_w_411,547.0962682130996,1488.30912,155.96206259448996,785.2507891924104
