name,transf,client,payoff,total
val_month_sac_gen_I_k_424,644.7144287912031,1488.30912,159.56135988924024,684.0333313195565
