name,transf,client,payoff,total
val_month_sac_gen_I_j_131,664.6000437603898,1488.30912,159.56135988924024,664.1477163503698
