name,transf,client,payoff,total
train_month_sac_gen_J_b_67,2130.78774009311,4306.918592,422.3108412815719,1753.820010625318
