name,transf,client,payoff,total,sessions
test_6month_sac_pred_noise_1d_186,4443.806638488395,9929.387430399998,893.2217503396156,4592.359041571987,df_elaad_preproc_l6months.csv
