name,transf,client,payoff,total
month_sac_IX_b,1068.3090799948204,1469.5622144,138.41443548755868,262.83869891762083
