name,transf,client,payoff,total
test_month_sac_gen_J_v_15,749.7416324158826,1468.334912,148.50825484764397,570.0850247364735
