name,transf,client,payoff,total
train_month_sac_gen_J_g_127,2067.6122866570763,4306.918592,422.3108412815719,1816.9954640613519
