name,transf,client,payoff,total
test_month_sac_gen_J_o_363,686.5658508714971,1468.334912,149.17516390639216,632.5938972221107
