name,transf,client,payoff,total
test_month_sac_gen_I_r_288,634.5245078854928,1468.334912,149.17516390639216,684.6352402081151
