name,transf,client,payoff,total
train_month_sac_c_863,1022.3723499150442,2289.492687923877,157.2012507240518,1109.919087284781
