name,transf,client,payoff,total,sessions
test_6month_sac_gen_2m_169,2764.5612428382597,9929.387430399998,897.4875555656347,6267.338631996105,df_elaad_preproc_l6months.csv
