name,transf,client,payoff,total,sessions
test_6month_sac_pred_noise_5d_119,4547.870836881792,9929.387430399998,881.6875054342313,4499.829088083976,df_elaad_preproc_l6months.csv
