name,transf,client,payoff,total
test_month_sac_gen_J_d_278,703.7080810827202,1468.334912,149.17516390639216,615.4516670108876
