name,transf,client,payoff,total
val_month_sac_gen_I_w_229,663.7276535232553,1488.30912,159.56135988924024,665.0201065875044
