name,transf,client,payoff,total
train_month_sac_gen_J_a_59,2147.9673267363182,4306.918592,422.3108412815719,1736.64042398211
