name,transf,client,payoff,total
val_month_sac_gen_J_t_205,606.1950578713617,1488.30912,155.96206259448996,726.1519995341482
