name,transf,client,payoff,total,sessions
test_6month_sac_gen_1n_100,2975.813732425206,9929.387430399998,886.8210602299855,6066.752637744807,df_elaad_preproc_l6months.csv
