name,transf,client,payoff,total
train_month_sac_gen_I_q_234,2256.6475909534765,4306.918592,422.3108412815719,1627.9601597649516
