name,transf,client,payoff,total
val_month_sac_gen_I_p_181,708.2225270504321,1488.30912,159.56135988924024,620.5252330603275
