name,transf,client,payoff,total
val_month_sac_gen_I_q_454,733.3686441084586,1488.30912,159.56135988924024,595.3791160023011
