name,transf,client,payoff,total,sessions
test_6month_sac_pred_noise_2a_120,2830.523804135315,9929.387430399998,897.4875555656347,6201.376070699049,df_elaad_preproc_l6months.csv
