name,transf,client,payoff,total
test_month_sac_gen_J_k_477,612.2905630374976,1468.334912,149.17516390639216,706.8691850561103
