name,transf,client,payoff,total
train_month_sac_c_675,1029.8472402152006,2289.492687923877,157.2012507240518,1102.4441969846246
