name,transf,client,payoff,total,sessions
test_6month_sac_pred_noise_1d_132,4430.628804740526,9929.387430399998,893.2217503396156,4605.536875319856,df_elaad_preproc_l6months.csv
