name,transf,client,payoff,total
month_sac_IX_a,1196.8237389511562,1469.5622144,141.28153719695382,131.45693825188988
