name,transf,client,payoff,total
train_month_sac_gen_I_o_249,2145.048769839499,4306.918592,422.3108412815719,1739.558980878929
