name,transf,client,payoff,total,sessions
test_6month_sac_gen_3l_277,2805.4361510857743,9929.387430399998,886.8210602299855,6237.130219084238,df_elaad_preproc_l6months.csv
