name,transf,client,payoff,total
test_month_sac_gen_J_u_430,577.1223350987555,1468.334912,148.50825484764397,742.7043220536007
