name,transf,client,payoff,total
val_month_sac_c_764,1834.9470526587152,2277.450960542104,145.3079860330326,297.1959218503562
