name,transf,client,payoff,total
train_month_sac_gen_I_r_83,2068.0559974759003,4306.918592,420.3764862082373,1818.4861083158623
