name,transf,client,payoff,total
test_month_sac_gen_I_p_123,768.7933330957949,1468.334912,149.17516390639216,550.366414997813
