name,transf,client,payoff,total,sessions
test_6month_sac_gen_5m_61,3080.530825223258,9929.387430399998,886.8210602299855,5962.035544946755,df_elaad_preproc_l6months.csv
