name,transf,client,payoff,total
val_month_sac_c_290,1846.7393323535161,2277.450960542104,145.3079860330326,285.40364215555525
