name,transf,client,payoff,total
val_month_sac_gen_J_t_272,599.9450694139919,1488.30912,155.96206259448996,732.4019879915181
