name,transf,client,payoff,total
test_month_sac_c_67,1185.3603743692079,1469.5622144,135.21440678133106,148.98743324946096
