name,transf,client,payoff,total
train_month_sac_gen_I_o_462,2125.771397331103,4306.918592,422.3108412815719,1758.8363533873253
