name,transf,client,payoff,total
train_month_sac_gen_J_r_49,2113.5487604321443,4306.918592,422.3108412815719,1771.058990286284
