name,transf,client,payoff,total
val_month_sac_gen_J_b_45,690.4417559937988,1488.30912,159.56135988924024,638.3060041169608
