name,transf,client,payoff,total
train_month_sac_gen_I_d_242,1991.6695186319034,4306.918592,422.3108412815719,1892.9382320865247
