name,transf,client,payoff,total
test_month_sac_gen_J_e_380,680.9267753045474,1468.334912,149.17516390639216,638.2329727890605
