name,transf,client,payoff,total
test_month_sac_gen_I_t_150,699.9099203791775,1468.334912,149.17516390639216,619.2498277144304
