name,transf,client,payoff,total
test_month_sac_gen_I_u_263,673.6328783829115,1468.334912,149.17516390639216,645.5268697106964
