name,transf,client,payoff,total,sessions
test_6month_sac_gen_2o_140,2869.9355001144886,9929.387430399998,886.8210602299855,6172.630870055524,df_elaad_preproc_l6months.csv
