name,transf,client,payoff,total
test_month_sac_gen_J_i_291,736.3216860498583,1468.334912,149.17516390639216,582.8380620437496
