name,transf,client,payoff,total
train_month_sac_gen_J_p_454,1994.7248280940285,4306.918592,422.3108412815719,1889.8829226243997
