name,transf,client,payoff,total
test_month_sac_gen_I_s_3,840.2627927979014,1468.334912,149.17516390639216,478.89695529570645
