name,transf,client,payoff,total
test_month_sac_gen_I_s_481,667.2334569906053,1468.334912,149.17516390639216,651.9262911030025
