name,transf,client,payoff,total
test_month_sac_gen_I_e_233,629.9162014348548,1468.334912,148.50825484764397,689.9104557175012
