name,transf,client,payoff,total
month_sac_c,924.2449335372327,1469.5622144,136.34847857907937,408.96880228368786
