name,transf,client,payoff,total
val_month_sac_gen_J_p_54,679.7896430672837,1488.30912,159.56135988924024,648.958117043476
