name,transf,client,payoff,total
val_month_sac_gen_J_f_161,651.9895701877965,1488.30912,159.56135988924024,676.7581899229631
