name,transf,client,payoff,total
train_month_sac_gen_I_s_320,1607.7123671482368,4306.918592,422.3108412815719,2276.8953835701914
