name,transf,client,payoff,total,sessions
test_6month_sac_gen_4m_11,3968.597720747509,9929.387430399998,886.8210602299855,5073.968649422504,df_elaad_preproc_l6months.csv
