name,transf,client,payoff,total,sessions
test_6month_sac_gen_k_45,3240.8852728200227,9929.387430399998,886.8210602299855,5801.6810973499905,df_elaad_preproc_l6months.csv
