name,transf,client,payoff,total,sessions
test_6month_sac_pred_noise_2b_55,3185.3425465589085,9929.387430399998,897.4875555656347,5846.557328275456,df_elaad_preproc_l6months.csv
