name,transf,client,payoff,total
train_month_sac_gen_b_54,852.7846414256629,1469.5622144,142.094741946743,474.682831027594
