name,transf,client,payoff,total
train_month_sac_gen_I_g_253,2487.9041193906287,4306.918592,422.3108412815719,1396.7036313277995
