name,transf,client,payoff,total
val_month_sac_gen_I_f_268,659.5652948008666,1488.30912,158.8282254603323,669.915599738801
