name,transf,client,payoff,total
train_month_sac_c_712,1028.579186453214,2289.492687923877,157.2012507240518,1103.712250746611
