name,transf,client,payoff,total
train_month_sac_gen_J_n_241,1859.2149671628526,4306.918592,422.3108412815719,2025.3927835555755
