name,transf,client,payoff,total
val_month_sac_gen_a_94,849.835427270126,1349.0472576000002,118.32161810264896,380.8902122272252
