name,transf,client,payoff,total,sessions
test_6month_sac_gen_e_94,2916.6572256301306,9929.387430399998,886.8210602299855,6125.909144539883,df_elaad_preproc_l6months.csv
