name,transf,client,payoff,total
train_month_sac_gen_I_x_28,-7440.943251373934,4306.918592,418.11014248789365,11329.75170088604
