name,transf,client,payoff,total
train_month_sac_gen_I_m_246,2017.5865565907484,4306.918592,422.3108412815719,1867.0211941276798
