name,transf,client,payoff,total,sessions
test_6month_sac_gen_1n_51,3094.588803798363,9929.387430399998,886.8210602299855,5947.97756637165,df_elaad_preproc_l6months.csv
