name,transf,client,payoff,total
val_month_sac_gen_J_o_296,653.8424572570398,1488.30912,159.56135988924024,674.9053028537198
