name,transf,client,payoff,total
val_month_sac_gen_J_q_149,659.6409066672696,1488.30912,159.56135988924024,669.1068534434901
