name,transf,client,payoff,total
val_month_sac_gen_J_m_157,622.3298526936198,1488.30912,159.56135988924024,706.4179074171398
