name,transf,client,payoff,total
test_month_sac_gen_I_p_319,762.963559205921,1468.334912,149.17516390639216,556.1961888876868
