name,transf,client,payoff,total
train_month_sac_gen_J_a_146,2052.776101402472,4306.918592,422.3108412815719,1831.8316493159564
