name,transf,client,payoff,total
val_month_sac_gen_J_w_362,546.8701496870989,1488.30912,155.96206259448996,785.476907718411
