name,transf,client,payoff,total
train_month_sac_gen_J_l_46,2073.3444291299825,4306.918592,422.3108412815719,1811.2633215884457
