name,transf,client,payoff,total
train_month_sac_gen_I_k_249,2014.2565336877788,4306.918592,422.3108412815719,1870.3512170306494
