name,transf,client,payoff,total
val_month_sac_gen_J_n_256,598.0103991621728,1488.30912,159.56135988924024,730.7373609485869
