name,transf,client,payoff,total
val_month_sac_gen_I_o_369,694.6669014565465,1488.30912,159.56135988924024,634.0808586542132
