name,transf,client,payoff,total
train_month_sac_gen_I_m_21,2152.7359231863857,4306.918592,422.3108412815719,1731.8718275320425
