name,transf,client,payoff,total
val_month_sac_gen_J_p_49,685.4097072468479,1488.30912,159.56135988924024,643.3380528639118
