name,transf,client,payoff,total,sessions
test_6month_sac_gen_3l_5,5152.995598798354,9929.387430399998,886.8210602299855,3889.570771371659,df_elaad_preproc_l6months.csv
