name,transf,client,payoff,total
train_month_sac_gen_J_a_283,1996.5028438125942,4306.918592,422.3108412815719,1888.104906905834
