name,transf,client,payoff,total
train_month_sac_gen_I_l_457,2009.687602078548,4306.918592,422.3108412815719,1874.9201486398802
