name,transf,client,payoff,total
test_month_sac_gen_I_m_368,666.0213329886426,1468.334912,149.17516390639216,653.1384151049652
