name,transf,client,payoff,total
test_month_sac_gen_I_o_344,731.5314152509221,1468.334912,149.17516390639216,587.6283328426857
