name,transf,client,payoff,total
test_month_sac_gen_I_e_372,631.4470224910173,1468.334912,148.50825484764397,688.3796346613387
