name,transf,client,payoff,total
train_month_sac_gen_I_s_185,1658.2167570666215,4306.918592,422.3108412815719,2226.3909936518066
