name,transf,client,payoff,total
val_month_sac_gen_J_e_485,659.1067991340553,1488.30912,159.56135988924024,669.6409609767043
