name,transf,client,payoff,total
val_month_sac_gen_J_d_83,684.266753093443,1488.30912,159.56135988924024,644.4810070173166
