name,transf,client,payoff,total,sessions
test_6month_sac_pred_noise_1e_146,5156.176383666985,9929.387430399998,893.2217503396156,3879.9892963933976,df_elaad_preproc_l6months.csv
