name,transf,client,payoff,total
test_sac_gen_a_8,8638.322639451677,18301.238246399997,1736.5228628156017,7926.392744132718
