name,transf,client,payoff,total
val_month_sac_gen_I_v_171,663.962521063095,1488.30912,159.56135988924024,664.7852390476646
