name,transf,client,payoff,total
train_month_sac_gen_I_u_322,-121.99940462254688,4306.918592,422.3108412815719,4006.6071553409747
