name,transf,client,payoff,total
train_month_sac_gen_I_u_171,-53.8362065611106,4306.918592,422.3108412815719,3938.443957279539
