name,transf,client,payoff,total,sessions
test_6month_sac_gen_a_144,3010.210315219144,9929.387430399998,886.8210602299855,6032.356054950869,df_elaad_preproc_l6months.csv
