name,transf,client,payoff,total
train_month_sac_gen_J_e_347,2013.216232939305,4306.918592,422.3108412815719,1871.3915177791232
