name,transf,client,payoff,total
train_month_sac_gen_f_16,1147.7536467442949,2818.609472,264.14881557582896,1406.7070096798761
