name,transf,client,payoff,total
val_month_sac_gen_I_m_200,642.5492585835001,1488.30912,159.56135988924024,686.1985015272596
