name,transf,client,payoff,total,sessions
test_6month_sac_pred_noise_4d_129,4459.195861766344,9929.387430399998,891.2211003728393,4578.970468260815,df_elaad_preproc_l6months.csv
