name,transf,client,payoff,total
test_month_sac_gen_I_i_9,826.6097928422031,1468.334912,149.17516390639216,492.54995525140475
