name,transf,client,payoff,total
train_month_sac_gen_I_b_128,2036.546595161553,4306.918592,422.3108412815719,1848.0611555568753
