name,transf,client,payoff,total,sessions
test_6month_sac_pred_noise_3d_256,4528.201215861118,9929.387430399998,889.2877424740021,4511.898472064879,df_elaad_preproc_l6months.csv
