name,transf,client,payoff,total,sessions
test_6month_sac_pred_noise_2e_84,5217.518438256371,9929.387430399998,897.4875555656347,3814.3814365779926,df_elaad_preproc_l6months.csv
