name,transf,client,payoff,total,sessions
test_6month_sac_pred_noise_3e_76,5160.3957216648705,9929.387430399998,889.2877424740021,3879.7039662611255,df_elaad_preproc_l6months.csv
