name,transf,client,payoff,total
train_month_sac_gen_J_q_324,2018.6108088175947,4306.918592,422.3108412815719,1865.9969419008335
