name,transf,client,payoff,total
test_month_sac_gen_J_z_58,715.3748771499032,1468.334912,148.50825484764397,604.4517800024528
