name,transf,client,payoff,total
val_month_sac_gen_I_r_145,610.4358911948598,1488.30912,159.56135988924024,718.3118689158998
