name,transf,client,payoff,total
train_month_sac_gen_G_b_293,505.5407415353877,1349.0472576000002,118.9876867624031,724.5188293022094
