name,transf,client,payoff,total
train_month_sac_gen_J_c_460,2024.706822641148,4306.918592,422.3108412815719,1859.9009280772802
