name,transf,client,payoff,total,sessions
test_6month_sac_pred_noise_2e_100,5125.181421448409,9929.387430399998,897.4875555656347,3906.7184533859545,df_elaad_preproc_l6months.csv
