name,transf,client,payoff,total
val_month_sac_gen_I_e_236,602.308660013455,1488.30912,155.96206259448996,730.038397392055
