name,transf,client,payoff,total,sessions
test_6month_sac_gen_2m_124,2929.4865567356055,9929.387430399998,886.8210602299855,6113.079813434408,df_elaad_preproc_l6months.csv
