name,transf,client,payoff,total
test_month_sac_c_675,1013.434203062914,1469.5622144,135.21440678133106,320.9136045557549
