name,transf,client,payoff,total
train_month_sac_gen_I_a_9,2424.564288576934,4306.918592,422.3108412815719,1460.0434621414943
