name,transf,client,payoff,total
test_month_sac_gen_I_t_290,697.3902375564307,1468.334912,149.17516390639216,621.7695105371771
