name,transf,client,payoff,total
test_month_sac_gen_J_u_466,582.4419111967563,1468.334912,148.50825484764397,737.3847459555998
