name,transf,client,payoff,total
val_month_sac_gen_I_e_14,694.4973156421802,1488.30912,155.96206259448996,637.8497417633298
