name,transf,client,payoff,total
train_month_sac_gen_I_a_432,1999.1249480101512,4306.918592,422.3108412815719,1885.4828027082767
