name,transf,client,payoff,total
val_month_sac_gen_I_i_428,654.6594081961886,1488.30912,159.56135988924024,674.0883519145711
