name,transf,client,payoff,total,sessions
test_6month_sac_gen_1o_118,2926.8060829693404,9929.387430399998,886.8210602299855,6115.760287200672,df_elaad_preproc_l6months.csv
