name,transf,client,payoff,total
val_month_sac_gen_J_r_110,649.6029666293282,1488.30912,159.56135988924024,679.1447934814314
