name,transf,client,payoff,total
train_month_sac_gen_J_z_117,942.2389487578794,1469.5622144,140.09475985144906,387.2285057906715
