name,transf,client,payoff,total
test_month_sac_c_972,1017.5461995218448,1469.5622144,135.21440678133106,316.8016080968241
