name,transf,client,payoff,total
val_month_sac_gen_I_j_65,699.0758364020966,1488.30912,159.56135988924024,629.6719237086631
