name,transf,client,payoff,total
test_month_sac_gen_I_j_419,714.15280349203,1468.334912,149.17516390639216,605.0069446015779
