name,transf,client,payoff,total
val_month_sac_gen_I_s_217,660.6965470873142,1488.30912,159.56135988924024,668.0512130234454
