name,transf,client,payoff,total
train_month_sac_gen_I_o_258,2138.252474222065,4306.918592,422.3108412815719,1746.3552764963633
