name,transf,client,payoff,total
val_month_sac_gen_J_t_108,617.4869746012329,1488.30912,155.96206259448996,714.860082804277
