name,transf,client,payoff,total,sessions
test_6month_sac_gen_f_199,2899.730563181904,9929.387430399998,886.8210602299855,6142.835806988109,df_elaad_preproc_l6months.csv
