name,transf,client,payoff,total
train_month_sac_gen_I_h_317,2012.3733206955678,4306.918592,422.3108412815719,1872.2344300228606
