name,transf,client,payoff,total,sessions
test_6month_sac_pred_noise_2a_102,2913.314861658385,9929.387430399998,897.4875555656347,6118.585013175979,df_elaad_preproc_l6months.csv
