name,transf,client,payoff,total
val_month_sac_gen_J_y_209,658.7001457279671,1488.30912,155.96206259448996,673.6469116775429
