name,transf,client,payoff,total
test_month_sac_gen_J_q_463,681.2958089758001,1468.334912,149.17516390639216,637.8639391178077
