name,transf,client,payoff,total
train_month_sac_gen_J_o_21,2301.7411714483214,4306.918592,422.3108412815719,1582.8665792701067
