name,transf,client,payoff,total
test_month_sac_gen_I_b_86,708.6227383554308,1468.334912,149.17516390639216,610.5370097381771
