name,transf,client,payoff,total
train_month_sac_gen_J_c_445,2029.367564680571,4306.918592,422.3108412815719,1855.2401860378573
