name,transf,client,payoff,total
train_month_sac_gen_G_b_175,889.1277266486272,1469.5622144,141.6945747370369,438.7399130143358
