name,transf,client,payoff,total
val_month_sac_gen_I_c_72,693.9399846434396,1488.30912,159.56135988924024,634.80777546732
