name,transf,client,payoff,total,sessions
6month_sac_disagg_2b_HLL,3053.615167417167,9929.387430399998,886.8210602299855,5988.951202752845,df_elaad_preproc_l6months.csv
