name,transf,client,payoff,total
train_month_sac_gen_I_u_483,-109.50692515993086,4306.918592,422.3108412815719,3994.114675878359
