name,transf,client,payoff,total
test_month_sac_c_664,1010.7602706286261,1469.5622144,135.21440678133106,323.58753699004274
