name,transf,client,payoff,total,sessions
test_6month_sac_gen_1o_80,3022.9393420930764,9929.387430399998,886.8210602299855,6019.627028076937,df_elaad_preproc_l6months.csv
