name,transf,client,payoff,total
test_month_sac_gen_J_o_294,690.7097333343913,1468.334912,149.17516390639216,628.4500147592165
