name,transf,client,payoff,total
test_month_sac_gen_J_e_15,758.8449580709535,1468.334912,149.17516390639216,560.3147900226544
