name,transf,client,payoff,total,sessions
test_6month_sac_pred_noise_5c_190,3485.9240971721642,9929.387430399998,881.6875054342313,5561.775827793603,df_elaad_preproc_l6months.csv
