name,transf,client,payoff,total,sessions
test_6month_sac_pred_noise_5d_164,4464.856045578412,9929.387430399998,881.6875054342313,4582.843879387356,df_elaad_preproc_l6months.csv
