name,transf,client,payoff,total
test_month_sac_gen_c_3,721.81718637557,1488.30912,159.56135988924024,606.9305737351897
