name,transf,client,payoff,total
test_month_sac_gen_c_31,703.6822800693334,1488.30912,159.56135988924024,625.0654800414263
