name,transf,client,payoff,total,sessions
test_6month_sac_gen_3m_20,3316.7912484111544,9929.387430399998,886.8210602299855,5725.7751217588575,df_elaad_preproc_l6months.csv
