name,transf,client,payoff,total
test_month_sac_gen_I_g_206,891.6443218578677,1468.334912,149.17516390639216,427.51542623574016
