name,transf,client,payoff,total
test_month_sac_gen_I_y_206,682.0628154680452,1468.334912,149.17516390639216,637.0969326255627
