name,transf,client,payoff,total,sessions
test_6month_sac_gen_3l_113,2953.7208393775136,9929.387430399998,886.8210602299855,6088.8455307925,df_elaad_preproc_l6months.csv
