name,transf,client,payoff,total
test_month_sac_gen_J_u_314,594.1978664048772,1468.334912,148.50825484764397,725.6287907474789
