name,transf,client,payoff,total,sessions
test_6month_sac_pred_noise_3c_161,3493.484791096839,9929.387430399998,889.2877424740021,5546.614896829157,df_elaad_preproc_l6months.csv
