name,transf,client,payoff,total
test_month_sac_gen_J_s_172,585.3342611918463,1468.334912,148.50825484764397,734.4923959605098
