name,transf,client,payoff,total
val_month_sac_gen_I_c_172,653.8939248000748,1488.30912,159.56135988924024,674.8538353106849
