name,transf,client,payoff,total
train_month_sac_gen_J_j_351,1847.9462544647172,4306.918592,422.3108412815719,2036.661496253711
