name,transf,client,payoff,total
train_month_sac_gen_J_i_298,1969.6255384367942,4306.918592,422.3108412815719,1914.982212281634
