name,transf,client,payoff,total
val_month_sac_gen_J_d_271,650.355046756903,1488.30912,159.56135988924024,678.3927133538566
