name,transf,client,payoff,total,sessions
train_month_sac_pred_noise_d_193,719.4098047656476,1349.0472576000002,123.72104180692969,505.91641102742295,df_elaad_preproc_feb.csv
