name,transf,client,payoff,total
train_month_sac_gen_J_m_149,1891.9812764341955,4306.918592,422.3108412815719,1992.6264742842327
