name,transf,client,payoff,total
train_month_sac_gen_I_y_276,88.14822604474436,4306.918592,420.9102109696564,3797.860154985599
