name,transf,client,payoff,total
test_month_sac_c_944,1028.233473190673,1469.5622144,135.21440678133106,306.1143344279958
