name,transf,client,payoff,total
train_month_sac_gen_J_s_436,1827.0908785185254,4306.918592,416.91082389217837,2062.916889589296
