name,transf,client,payoff,total,sessions
test_6month_sac_pred_noise_5b_295,3300.1506537243854,9929.387430399998,881.6875054342313,5747.549271241382,df_elaad_preproc_l6months.csv
