name,transf,client,payoff,total
test_month_sac_gen_I_h_10,782.7239201652496,1468.334912,149.17516390639216,536.4358279283582
