name,transf,client,payoff,total
val_month_sac_gen_J_w_159,576.4714065581746,1488.30912,155.96206259448996,755.8756508473352
