name,transf,client,payoff,total,sessions
6month_sac_disagg_2a_LD,2832.9864168697577,9929.387430399998,897.4875555656347,6198.913457964606,df_elaad_preproc_l6months.csv
