name,transf,client,payoff,total
val_month_sac_gen_J_b_330,641.4484464249757,1488.30912,159.56135988924024,687.299313685784
