name,transf,client,payoff,total
val_month_sac_gen_I_w_148,683.1565467364633,1488.30912,159.56135988924024,645.5912133742963
