name,transf,client,payoff,total
test_month_sac_gen_J_l_227,657.9177007627487,1468.334912,149.17516390639216,661.2420473308591
