name,transf,client,payoff,total
train_month_sac_gen_I_n_154,1926.6026123990823,4306.918592,422.3108412815719,1958.0051383193459
