name,transf,client,payoff,total,sessions
test_6month_sac_pred_noise_5c_65,3679.2589408467447,9929.387430399998,881.6875054342313,5368.440984119023,df_elaad_preproc_l6months.csv
