name,transf,client,payoff,total,sessions
test_6month_sac_pred_noise_5c_85,3628.137573883766,9929.387430399998,881.6875054342313,5419.5623510820005,df_elaad_preproc_l6months.csv
