name,transf,client,payoff,total
val_month_sac_gen_J_r_486,634.2430000005932,1488.30912,159.56135988924024,694.5047601101664
