name,transf,client,payoff,total
train_month_sac_gen_I_p_223,2204.112615356813,4306.918592,422.3108412815719,1680.4951353616152
