name,transf,client,payoff,total,sessions
test_6month_sac_gen_1m_116,2928.500199362532,9929.387430399998,893.2217503396156,6107.66548069785,df_elaad_preproc_l6months.csv
