name,transf,client,payoff,total
val_month_sac_gen_I_p_27,746.9031807063424,1488.30912,159.56135988924024,581.8445794044173
