name,transf,client,payoff,total
val_month_sac_gen_I_n_265,602.4909372363138,1488.30912,159.56135988924024,726.2568228744458
