name,transf,client,payoff,total
test_month_sac_gen_J_p_398,656.5930550329884,1468.334912,149.17516390639216,662.5666930606194
