name,transf,client,payoff,total
val_month_sac_gen_I_f_335,654.4593334789786,1488.30912,158.8282254603323,675.021561060689
