name,transf,client,payoff,total
val_month_sac_gen_J_d_236,654.0258267778596,1488.30912,159.56135988924024,674.7219333329001
