name,transf,client,payoff,total,sessions
test_6month_sac_pred_noise_5e_133,5243.432676504373,9929.387430399998,881.6875054342313,3804.2672484613936,df_elaad_preproc_l6months.csv
