name,transf,client,payoff,total,sessions
test_6month_sac_pred_noise_3d_252,4418.462491363288,9929.387430399998,889.2877424740021,4621.637196562709,df_elaad_preproc_l6months.csv
