name,transf,client,payoff,total
test_month_sac_gen_J_b_88,726.6625173483067,1468.334912,149.17516390639216,592.4972307453012
