name,transf,client,payoff,total
train_month_sac_gen_c_78,-2176.850654081389,1469.5622144,139.0276675047212,3507.385200976668
