name,transf,client,payoff,total
test_month_sac_gen_I_e_433,628.4607471716538,1468.334912,148.50825484764397,691.3659099807023
