name,transf,client,payoff,total
test_month_sac_gen_I_u_90,711.729386772068,1468.334912,149.17516390639216,607.4303613215399
