name,transf,client,payoff,total
val_month_sac_gen_I_c_188,655.6361833664216,1488.30912,159.56135988924024,673.111576744338
