name,transf,client,payoff,total
train_month_sac_gen_I_l_25,2176.6629496189116,4306.918592,422.3108412815719,1707.9448010995166
