name,transf,client,payoff,total,sessions
test_6month_sac_pred_noise_4b_148,3166.942106331515,9929.387430399998,891.2211003728393,5871.2242236956445,df_elaad_preproc_l6months.csv
