name,transf,client,payoff,total
test_month_sac_gen_I_k_446,677.1277322587898,1468.334912,149.17516390639216,642.032015834818
