name,transf,client,payoff,total
val_month_sac_gen_J_y_169,667.4627281940451,1488.30912,155.96206259448996,664.8843292114648
