name,transf,client,payoff,total
train_month_sac_gen_I_g_2,2602.565838137679,4306.918592,422.3108412815719,1282.0419125807493
