name,transf,client,payoff,total
train_month_sac_gen_I_v_97,107.2677991643045,4306.918592,419.37754482199193,3780.273248013703
