name,transf,client,payoff,total
train_month_sac_gen_J_t_326,2023.1516834506276,4306.918592,417.9096673275943,1865.8572412217782
