name,transf,client,payoff,total,sessions
test_6month_sac_gen_2l_36,3248.785623490242,9929.387430399998,886.8210602299855,5793.780746679771,df_elaad_preproc_l6months.csv
