name,transf,client,payoff,total
train_month_sac_gen_I_u_32,292.8375072797374,4306.918592,422.3108412815719,3591.7702434386906
