name,transf,client,payoff,total
train_month_sac_gen_I_m_44,2086.089804428543,4306.918592,422.3108412815719,1798.517946289885
