name,transf,client,payoff,total
val_month_sac_gen_I_q_375,738.0082989430609,1488.30912,159.56135988924024,590.7394611676987
