name,transf,client,payoff,total
test_month_sac_gen_J_k_202,636.6420404543026,1468.334912,149.17516390639216,682.5177076393053
