name,transf,client,payoff,total
test_month_sac_gen_J_x_65,806.9954914689355,1468.334912,149.17516390639216,512.1642566246724
