name,transf,client,payoff,total,sessions
test_6month_sac_pred_noise_3e_182,5081.83190665784,9929.387430399998,889.2877424740021,3958.2677812681563,df_elaad_preproc_l6months.csv
