name,transf,client,payoff,total,sessions
test_6month_sac_gen_j_20,3348.2134625134445,9929.387430399998,886.8210602299855,5694.352907656568,df_elaad_preproc_l6months.csv
