name,transf,client,payoff,total
val_month_sac_gen_I_z_393,713.9572413238523,1488.30912,159.56135988924024,614.7905187869073
