name,transf,client,payoff,total
train_month_sac_gen_I_p_430,2170.3731127990427,4306.918592,422.3108412815719,1714.2346379193855
