name,transf,client,payoff,total,sessions
test_6month_sac_pred_noise_1c_179,3562.504484092496,9929.387430399998,893.2217503396156,5473.661195967886,df_elaad_preproc_l6months.csv
