name,transf,client,payoff,total
train_month_sac_gen_I_v_39,86.2136456116921,4306.918592,425.31041030328936,3795.3945360850184
