name,transf,client,payoff,total
test_month_sac_gen_I_k_447,681.5664209545207,1468.334912,149.17516390639216,637.5933271390871
