name,transf,client,payoff,total,sessions
test_6month_sac_gen_2l_159,2908.9643170704608,9929.387430399998,886.8210602299855,6133.602053099552,df_elaad_preproc_l6months.csv
