name,transf,client,payoff,total
test_month_sac_gen_J_l_70,740.70329294566,1468.334912,149.17516390639216,578.4564551479478
