name,transf,client,payoff,total
test_month_sac_gen_J_m_327,676.5024260991834,1468.334912,149.17516390639216,642.6573219944245
