name,transf,client,payoff,total,sessions
test_6month_sac_gen_5l_197,2802.9690728453015,9929.387430399998,886.8210602299855,6239.597297324712,df_elaad_preproc_l6months.csv
