name,transf,client,payoff,total
test_month_sac_gen_J_k_342,616.5051979898194,1468.334912,149.17516390639216,702.6545501037884
