name,transf,client,payoff,total
train_month_sac_gen_I_g_432,2552.0778624589566,4306.918592,422.3108412815719,1332.5298882594716
