name,transf,client,payoff,total
val_month_sac_gen_J_a_335,643.1969842308586,1488.30912,159.56135988924024,685.550775879901
