name,transf,client,payoff,total
train_month_sac_gen_I_c_409,2048.8350588681124,4306.918592,422.3108412815719,1835.7726918503158
