name,transf,client,payoff,total
test_sac_c_29,7564.152551594539,18301.238246399997,1736.5228628156017,9000.562831989855
