name,transf,client,payoff,total,sessions
test_6month_sac_pred_noise_4b_171,3166.356825934428,9929.387430399998,891.2211003728393,5871.809504092731,df_elaad_preproc_l6months.csv
