name,transf,client,payoff,total
train_month_sac_gen_J_w_95,1964.6099071920653,4306.918592,425.57714973705555,1916.731535070879
