name,transf,client,payoff,total
test_month_sac_gen_J_v_402,616.1936729219537,1468.334912,148.50825484764397,703.6329842304024
