name,transf,client,payoff,total
val_month_sac_c_688,1826.7057844881062,2277.450960542104,145.3079860330326,305.43719002096515
