name,transf,client,payoff,total
test_month_sac_gen_I_b_149,705.3817890945538,1468.334912,149.17516390639216,613.777958999054
