name,transf,client,payoff,total
train_month_sac_gen_J_z_73,542.9399063949456,1349.0472576000002,121.12081304141188,684.9865381636426
