name,transf,client,payoff,total
test_sac_b_c_1,7755.214990690899,18301.238246399997,1736.5228628156017,8809.500392893495
