name,transf,client,payoff,total
train_month_sac_gen_I_h_396,1996.055963475459,4306.918592,422.3108412815719,1888.551787242969
