name,transf,client,payoff,total
test_month_sac_gen_J_i_136,759.38325972028,1468.334912,149.17516390639216,559.7764883733279
