name,transf,client,payoff,total
val_month_sac_c_569,1825.0398311060212,2277.450960542104,145.3079860330326,307.1031434030502
