name,transf,client,payoff,total
val_month_sac_gen_I_i_11,729.2973929552063,1488.30912,159.56135988924024,599.4503671555533
