name,transf,client,payoff,total
val_month_sac_gen_I_w_76,702.5956314686464,1488.30912,159.56135988924024,626.1521286421132
