name,transf,client,payoff,total
test_month_sac_gen_I_t_104,723.2243258766084,1468.334912,149.17516390639216,595.9354222169994
