name,transf,client,payoff,total
train_month_sac_gen_J_q_494,2024.7484289967526,4306.918592,422.3108412815719,1859.8593217216758
