name,transf,client,payoff,total
test_month_sac_gen_J_f_283,667.3567219093605,1468.334912,149.17516390639216,651.8030261842473
