name,transf,client,payoff,total
val_month_sac_gen_J_m_340,608.5456007214477,1488.30912,159.56135988924024,720.2021593893119
