name,transf,client,payoff,total,sessions
test_6month_sac_gen_3m_100,2993.4647271941258,9929.387430399998,889.2877424740021,6046.634960731871,df_elaad_preproc_l6months.csv
