name,transf,client,payoff,total,sessions
test_6month_sac_gen_4l_97,2983.9500882413295,9929.387430399998,886.8210602299855,6058.616281928684,df_elaad_preproc_l6months.csv
