name,transf,client,payoff,total
val_month_sac_gen_I_p_134,716.550414721871,1488.30912,159.56135988924024,612.1973453888886
