name,transf,client,payoff,total
val_month_sac_gen_I_s_414,645.928166339447,1488.30912,159.56135988924024,682.8195937713126
