name,transf,client,payoff,total
train_month_sac_gen_J_z_66,543.3980779080593,1349.0472576000002,120.58755542460287,685.061624267338
