name,transf,client,payoff,total
train_month_sac_gen_J_s_155,1953.9911803067098,4306.918592,417.71057856569473,1935.2168331275955
