name,transf,client,payoff,total
test_month_sac_gen_J_s_397,568.0547894961722,1468.334912,148.50825484764397,751.7718676561838
