name,transf,client,payoff,total,sessions
test_6month_sac_pred_noise_1b_285,3149.0254892760927,9929.387430399998,893.2217503396156,5887.140190784289,df_elaad_preproc_l6months.csv
