name,transf,client,payoff,total
val_month_sac_gen_f_8,744.3837608466979,1349.0472576000002,118.32161810264896,486.34187865065337
