name,transf,client,payoff,total
val_month_sac_gen_J_l_376,589.3632875952869,1488.30912,159.56135988924024,739.3844725154727
