name,transf,client,payoff,total,sessions
test_6month_sac_pred_noise_1e_179,5301.63526776725,9929.387430399998,893.2217503396156,3734.5304122931325,df_elaad_preproc_l6months.csv
