name,transf,client,payoff,total
train_month_sac_gen_J_t_436,2009.3323264920218,4306.918592,417.9096673275943,1879.6765981803837
