name,transf,client,payoff,total
test_month_sac_gen_J_t_105,692.4848161631119,1468.334912,148.50825484764397,627.3418409892442
