name,transf,client,payoff,total,sessions
test_6month_sac_gen_k_211,2817.841506793092,9929.387430399998,886.8210602299855,6224.724863376921,df_elaad_preproc_l6months.csv
