name,transf,client,payoff,total
train_month_sac_gen_J_h_432,2037.7223781517282,4306.918592,422.3108412815719,1846.8853725667
