name,transf,client,payoff,total
val_month_sac_gen_I_p_246,710.5672072715895,1488.30912,159.56135988924024,618.1805528391701
