name,transf,client,payoff,total
train_month_sac_gen_J_f_246,2007.1746919727657,4306.918592,422.3108412815719,1877.4330587456625
