name,transf,client,payoff,total
train_month_sac_gen_I_n_362,1894.1727342955014,4306.918592,422.3108412815719,1990.4350164229268
