name,transf,client,payoff,total
test_month_sac_gen_J_i_95,761.8880464413966,1468.334912,149.17516390639216,557.2717016522113
