name,transf,client,payoff,total
train_month_sac_gen_J_g_15,2275.23771763318,4306.918592,422.3108412815719,1609.370033085248
