name,transf,client,payoff,total,sessions
test_6month_sac_gen_2l_18,3387.691734860019,9929.387430399998,886.8210602299855,5654.874635309994,df_elaad_preproc_l6months.csv
