name,transf,client,payoff,total
val_month_sac_gen_J_z_64,660.2101227924444,1488.30912,155.96206259448996,672.1369346130655
