name,transf,client,payoff,total
train_month_sac_gen_I_e_327,2048.6157340610885,4306.918592,417.9096673275943,1840.393190611317
