name,transf,client,payoff,total,sessions
test_6month_sac_pred_noise_1b_139,3195.768115671849,9929.387430399998,893.2217503396156,5840.397564388533,df_elaad_preproc_l6months.csv
