name,transf,client,payoff,total
test_month_sac_gen_I_o_137,738.1865038196738,1468.334912,149.17516390639216,580.973244273934
