name,transf,client,payoff,total
val_month_sac_gen_I_a_476,649.076460999227,1488.30912,159.56135988924024,679.6712991115326
