name,transf,client,payoff,total,sessions
test_6month_sac_pred_noise_4b_264,3029.3077505708075,9929.387430399998,891.2211003728393,6008.858579456351,df_elaad_preproc_l6months.csv
