name,transf,client,payoff,total
val_month_sac_gen_I_f_91,683.2437673661832,1488.30912,158.8282254603323,646.2371271734844
