name,transf,client,payoff,total
test_month_sac_gen_I_n_176,659.4841503843062,1468.334912,149.17516390639216,659.6755977093017
