name,transf,client,payoff,total
test_month_sac_gen_J_y_173,661.2660900660946,1468.334912,148.50825484764397,658.5605670862615
