name,transf,client,payoff,total
test_month_sac_gen_J_t_274,641.701969609474,1468.334912,148.50825484764397,678.1246875428822
