name,transf,client,payoff,total
test_month_sac_gen_I_y_255,686.7988608045348,1468.334912,149.17516390639216,632.360887289073
