name,transf,client,payoff,total
test_month_sac_gen_J_d_134,713.0592495656888,1468.334912,149.17516390639216,606.1004985279191
