name,transf,client,payoff,total
val_month_sac_gen_I_r_2,788.1954042729406,1488.30912,159.56135988924024,540.552355837819
