name,transf,client,payoff,total
val_month_sac_gen_I_p_5,794.2314866089096,1488.30912,159.56135988924024,534.51627350185
