name,transf,client,payoff,total
test_month_sac_gen_J_n_463,641.8582463214411,1468.334912,149.17516390639216,677.3015017721667
