name,transf,client,payoff,total
test_month_sac_gen_J_w_419,579.4108048354763,1468.334912,148.50825484764397,740.4158523168799
