name,transf,client,payoff,total,sessions
test_6month_sac_gen_i_206,2726.5216893893494,9929.387430399998,886.8210602299855,6316.044680780664,df_elaad_preproc_l6months.csv
