name,transf,client,payoff,total
val_month_sac_gen_J_l_489,589.3422302040055,1488.30912,159.56135988924024,739.405529906754
