name,transf,client,payoff,total
test_month_sac_gen_J_m_416,656.6783117914365,1468.334912,149.17516390639216,662.4814363021713
