name,transf,client,payoff,total
test_month_sac_gen_I_i_125,729.0618001436924,1468.334912,149.17516390639216,590.0979479499155
