name,transf,client,payoff,total,sessions
test_6month_sac_gen_3l_56,3127.358787219887,9929.387430399998,886.8210602299855,5915.207582950126,df_elaad_preproc_l6months.csv
