name,transf,client,payoff,total
test_month_sac_gen_J_h_75,782.2286234155945,1468.334912,149.17516390639216,536.9311246780134
