name,transf,client,payoff,total
train_month_sac_gen_I_u_35,266.4275518687281,4306.918592,422.3108412815719,3618.1801988497
