name,transf,client,payoff,total
test_month_sac_gen_J_q_163,683.2786213195799,1468.334912,149.17516390639216,635.881126774028
