name,transf,client,payoff,total,sessions
test_6month_sac_pred_noise_4e_153,5136.099756387868,9929.387430399998,891.2211003728393,3902.0665736392907,df_elaad_preproc_l6months.csv
