name,transf,client,payoff,total,sessions
test_6month_sac_gen_j_104,3050.2691933187048,9929.387430399998,886.8210602299855,5992.297176851307,df_elaad_preproc_l6months.csv
