name,transf,client,payoff,total
test_month_sac_c_419,1030.6772073758907,1469.5622144,135.21440678133106,303.67060024277816
