name,transf,client,payoff,total
val_month_sac_gen_I_i_111,669.4120228807637,1488.30912,159.56135988924024,659.3357372299959
