name,transf,client,payoff,total
train_month_sac_gen_I_w_15,-6881.227298142041,4306.918592,422.3108412815719,10765.835048860468
