name,transf,client,payoff,total
val_month_sac_gen_I_b_276,622.9293913909733,1488.30912,159.56135988924024,705.8183687197863
