name,transf,client,payoff,total
train_month_sac_gen_I_s_98,1723.9310781018849,4306.918592,422.3108412815719,2160.6766726165433
