name,transf,client,payoff,total,sessions
test_6month_sac_gen_f_115,2972.617607640198,9929.387430399998,886.8210602299855,6069.948762529815,df_elaad_preproc_l6months.csv
