name,transf,client,payoff,total
val_month_sac_c_277,1838.4424517492878,2277.450960542104,145.3079860330326,293.7005227597836
