name,transf,client,payoff,total
test_month_sac_gen_J_a_205,692.5826874844686,1468.334912,149.17516390639216,626.5770606091393
