name,transf,client,payoff,total
val_month_sac_gen_J_p_308,644.2531259110813,1488.30912,159.56135988924024,684.4946341996783
