name,transf,client,payoff,total
test_month_sac_gen_I_b_259,689.5381364685021,1468.334912,149.17516390639216,629.6216116251057
