name,transf,client,payoff,total,sessions
test_6month_sac_gen_j_28,3250.2623109238625,9929.387430399998,886.8210602299855,5792.304059246149,df_elaad_preproc_l6months.csv
