name,transf,client,payoff,total,sessions
test_6month_sac_gen_a_173,2996.1025720875546,9929.387430399998,886.8210602299855,6046.463798082457,df_elaad_preproc_l6months.csv
