name,transf,client,payoff,total
train_month_sac_gen_a_78,1252.0264989481527,1469.5622144,138.5610864331635,78.97462901868369
