name,transf,client,payoff,total
val_month_sac_gen_J_t_20,705.4887886646125,1488.30912,155.96206259448996,626.8582687408975
