name,transf,client,payoff,total
val_month_sac_gen_J_x_259,683.046713160916,1488.30912,159.56135988924024,645.7010469498437
