name,transf,client,payoff,total
test_month_sac_gen_I_t_264,703.4526514763381,1468.334912,149.17516390639216,615.7070966172697
