name,transf,client,payoff,total,sessions
test_6month_sac_pred_noise_2c_75,3499.717946239383,9929.387430399998,897.4875555656347,5532.1819285949805,df_elaad_preproc_l6months.csv
