name,transf,client,payoff,total
test_month_sac_gen_I_x_87,761.3066046974427,1468.334912,149.17516390639216,557.8531433961651
