name,transf,client,payoff,total
val_month_sac_gen_J_e_283,653.0861463412664,1488.30912,159.56135988924024,675.6616137694932
