name,transf,client,payoff,total
test_month_sac_gen_J_o_89,697.5186967057324,1468.334912,149.17516390639216,621.6410513878755
