name,transf,client,payoff,total
val_month_sac_gen_I_l_291,642.1137794972647,1488.30912,159.56135988924024,686.6339806134949
