name,transf,client,payoff,total
test_month_sac_gen_I_h_471,700.1984218118407,1468.334912,149.17516390639216,618.9613262817671
