name,transf,client,payoff,total
val_month_sac_gen_J_r_351,629.242690574827,1488.30912,159.56135988924024,699.5050695359328
