name,transf,client,payoff,total
train_month_sac_gen_J_i_302,1966.4727513092312,4306.918592,422.3108412815719,1918.134999409197
