name,transf,client,payoff,total
val_month_sac_gen_J_v_146,617.9060969514533,1488.30912,155.96206259448996,714.4409604540567
