name,transf,client,payoff,total
val_month_sac_gen_I_v_43,684.6540282490178,1488.30912,159.56135988924024,644.0937318617418
