name,transf,client,payoff,total
test_month_sac_gen_I_x_102,740.7859685258493,1468.334912,149.17516390639216,578.3737795677586
