name,transf,client,payoff,total
val_month_sac_gen_I_y_127,680.8159073085895,1488.30912,159.56135988924024,647.9318528021702
