name,transf,client,payoff,total,sessions
test_6month_sac_pred_noise_2e_128,5273.579405231393,9929.387430399998,897.4875555656347,3758.3204696029707,df_elaad_preproc_l6months.csv
