name,transf,client,payoff,total,sessions
train_month_sac_gen_G_c_167,952.5576115283419,1349.0472576000002,116.65419479786544,279.83545127379284,df_elaad_preproc_feb.csv
