name,transf,client,payoff,total
train_month_sac_gen_J_a_65,2138.209871880949,4306.918592,422.3108412815719,1746.3978788374793
