name,transf,client,payoff,total,sessions
test_6month_sac_gen_4l_5,4158.283360869195,9929.387430399998,886.8210602299855,4884.283009300818,df_elaad_preproc_l6months.csv
