name,transf,client,payoff,total,sessions
test_6month_sac_gen_2m_159,2968.140965041023,9929.387430399998,886.8210602299855,6074.42540512899,df_elaad_preproc_l6months.csv
