name,transf,client,payoff,total
test_month_sac_c_808,1030.5953318058287,1469.5622144,135.21440678133106,303.7524758128402
