name,transf,client,payoff,total
val_month_sac_gen_J_c_272,669.1970461986701,1488.30912,159.56135988924024,659.5507139120896
