name,transf,client,payoff,total
test_month_sac_gen_a_3,898.54548045397,1488.30912,159.56135988924024,430.2022796567897
