name,transf,client,payoff,total
train_month_sac_gen_I_y_419,-58.43525160965527,4306.918592,425.31041030328936,3940.043433306366
