name,transf,client,payoff,total
test_month_sac_gen_J_u_326,599.2937745249237,1468.334912,148.50825484764397,720.5328826274324
