name,transf,client,payoff,total
train_month_sac_gen_I_l_455,2009.0546206779704,4306.918592,422.3108412815719,1875.5531300404577
