name,transf,client,payoff,total,sessions
test_6month_sac_gen_2o_177,2897.201024263336,9929.387430399998,886.8210602299855,6145.365345906677,df_elaad_preproc_l6months.csv
