name,transf,client,payoff,total,sessions
test_6month_sac_gen_j_49,3000.852953796444,9929.387430399998,886.8210602299855,6041.713416373568,df_elaad_preproc_l6months.csv
