name,transf,client,payoff,total
test_month_sac_gen_I_o_330,731.5121400662988,1468.334912,149.17516390639216,587.647608027309
