name,transf,client,payoff,total
val_month_sac_gen_J_w_206,563.5178219239698,1488.30912,155.96206259448996,768.8292354815401
