name,transf,client,payoff,total
val_month_sac_gen_I_y_268,656.0660165394685,1488.30912,159.56135988924024,672.6817435712912
