name,transf,client,payoff,total
train_month_sac_gen_J_q_12,2279.524019310328,4306.918592,422.3108412815719,1605.0837314081
