name,transf,client,payoff,total
test_month_sac_gen_I_j_289,718.2511692450116,1468.334912,149.17516390639216,600.9085788485962
