name,transf,client,payoff,total
val_month_sac_gen_I_a_466,644.623633776022,1488.30912,159.56135988924024,684.1241263347376
