name,transf,client,payoff,total
test_month_sac_gen_I_q_138,780.7409307338003,1468.334912,149.17516390639216,538.4188173598076
