name,transf,client,payoff,total
test_month_sac_gen_J_a_60,722.7229979884316,1468.334912,149.17516390639216,596.4367501051762
