name,transf,client,payoff,total
val_month_sac_gen_J_o_406,647.3085857947126,1488.30912,159.56135988924024,681.439174316047
