name,transf,client,payoff,total
month_sac_IX_j,1116.1203960238734,1469.5622144,140.81446340887305,212.6273549672535
