name,transf,client,payoff,total
test_month_sac_gen_J_p_427,653.2537095666137,1468.334912,149.17516390639216,665.9060385269942
