name,transf,client,payoff,total
train_month_sac_gen_I_l_479,2016.2735543302847,4306.918592,422.3108412815719,1868.3341963881435
