name,transf,client,payoff,total
test_month_sac_gen_I_t_322,703.7823565526786,1468.334912,149.17516390639216,615.3773915409292
