name,transf,client,payoff,total
test_month_sac_gen_I_a_67,724.69246758359,1468.334912,149.17516390639216,594.4672805100179
