name,transf,client,payoff,total,sessions
test_6month_sac_gen_d_207,2735.9043861996074,9929.387430399998,886.8210602299855,6306.661983970405,df_elaad_preproc_l6months.csv
