name,transf,client,payoff,total
train_month_sac_gen_I_l_437,2013.007780039392,4306.918592,422.3108412815719,1871.5999706790362
