name,transf,client,payoff,total
train_month_sac_gen_I_f_415,2069.7811807256035,4306.918592,421.11038371791597,1816.0270275564806
