name,transf,client,payoff,total
train_month_sac_c_858,1026.5803145461798,2289.492687923877,157.2012507240518,1105.7111226536454
