name,transf,client,payoff,total
test_month_sac_gen_I_n_41,670.4497064891291,1468.334912,149.17516390639216,648.7100416044788
