name,transf,client,payoff,total
val_month_sac_gen_J_o_355,647.4071468633365,1488.30912,159.56135988924024,681.3406132474231
