name,transf,client,payoff,total
train_month_sac_gen_I_p_215,2199.6821412716095,4306.918592,422.3108412815719,1684.9256094468187
