name,transf,client,payoff,total
val_month_sac_gen_J_b_250,644.5965740253259,1488.30912,159.56135988924024,684.1511860854337
