name,transf,client,payoff,total
train_month_sac_gen_I_l_60,2122.322602488027,4306.918592,422.3108412815719,1762.2851482304013
