name,transf,client,payoff,total
test_month_sac_gen_I_m_427,664.20867280316,1468.334912,149.17516390639216,654.9510752904479
