name,transf,client,payoff,total
month_sac_IX_g,1158.4124380252815,1469.5622144,136.94844336111456,174.20133301360383
