name,transf,client,payoff,total
train_month_sac_gen_J_k_124,1865.1328046442873,4306.918592,422.3108412815719,2019.474946074141
