name,transf,client,payoff,total
test_month_sac_gen_I_t_202,700.9938306589985,1468.334912,149.17516390639216,618.1659174346094
