name,transf,client,payoff,total
train_month_sac_gen_J_m_404,1790.079856697996,4306.918592,422.3108412815719,2094.527894020432
