name,transf,client,payoff,total
val_month_sac_gen_J_l_204,602.0120527225429,1488.30912,159.56135988924024,726.7357073882167
