name,transf,client,payoff,total
val_month_sac_c_815,1827.1259300095119,2277.450960542104,145.3079860330326,305.0170444995595
