name,transf,client,payoff,total
train_month_sac_gen_J_p_286,2003.7379328137677,4306.918592,422.3108412815719,1880.8698179046605
