name,transf,client,payoff,total,sessions
train_month_sac_gen_G_d_3,837.4606761770349,1349.0472576000002,119.52109457008117,392.06548685288413,df_elaad_preproc_feb.csv
