name,transf,client,payoff,total
test_month_sac_gen_J_u_263,604.0648186139213,1468.334912,148.50825484764397,715.7618385384349
