name,transf,client,payoff,total
train_month_sac_gen_I_g_185,2595.3148428712693,4306.918592,422.3108412815719,1289.2929078471589
