name,transf,client,payoff,total,sessions
test_6month_sac_gen_h_79,3010.1380822281,9929.387430399998,886.8210602299855,6032.428287941913,df_elaad_preproc_l6months.csv
