name,transf,client,payoff,total,sessions
test_6month_sac_gen_3m_103,2806.176024632123,9929.387430399998,889.2877424740021,6233.923663293874,df_elaad_preproc_l6months.csv
