name,transf,client,payoff,total
test_month_sac_gen_I_d_138,667.7326140695457,1468.334912,149.17516390639216,651.4271340240622
