name,transf,client,payoff,total,sessions
test_6month_sac_pred_noise_4d_162,4211.391846987299,9929.387430399998,891.2211003728393,4826.774483039861,df_elaad_preproc_l6months.csv
