name,transf,client,payoff,total
test_month_sac_gen_G_b_219,644.9237530784,1468.334912,148.64140204911905,674.769756872481
