name,transf,client,payoff,total
val_month_sac_gen_G_b_84,637.3470108482375,1488.30912,159.09496226131247,691.8671468904499
