name,transf,client,payoff,total
train_month_sac_gen_G_b_268,505.4610341703111,1349.0472576000002,119.18800273192326,724.3982206977659
