name,transf,client,payoff,total,sessions
test_6month_sac_pred_noise_5b_71,3318.4040354640656,9929.387430399998,881.6875054342313,5729.295889501702,df_elaad_preproc_l6months.csv
