name,transf,client,payoff,total
val_month_sac_gen_J_a_228,647.5165057757451,1488.30912,159.56135988924024,681.2312543350145
