name,transf,client,payoff,total
val_month_sac_gen_I_a_392,646.5111182880531,1488.30912,159.56135988924024,682.2366418227066
