name,transf,client,payoff,total,sessions
test_6month_sac_gen_2m_49,3076.0558048257762,9929.387430399998,897.4875555656347,5955.844070008588,df_elaad_preproc_l6months.csv
