name,transf,client,payoff,total
test_month_sac_gen_I_q_379,775.5403918832501,1468.334912,149.17516390639216,543.6193562103578
