name,transf,client,payoff,total
test_month_sac_gen_d_47,758.7051428763672,1488.30912,159.56135988924024,570.0426172343925
