name,transf,client,payoff,total
val_month_sac_gen_I_c_127,666.1684024980897,1488.30912,159.56135988924024,662.57935761267
