name,transf,client,payoff,total,sessions
test_6month_sac_gen_g_19,3436.107732740009,9929.387430399998,886.8210602299855,5606.458637430003,df_elaad_preproc_l6months.csv
