name,transf,client,payoff,total
train_month_sac_gen_J_l_114,1926.21865084482,4306.918592,422.3108412815719,1958.3890998736078
