name,transf,client,payoff,total,sessions
train_6month_sac_gen_2l_216,3247.9225523817613,8371.850816,837.6343835259216,4286.2938800923175,df_elaad_preproc_f6months.csv
