name,transf,client,payoff,total
test_month_sac_gen_I_c_495,686.7884455078004,1468.334912,149.17516390639216,632.3713025858075
