name,transf,client,payoff,total
test_month_sac_gen_J_t_414,634.9769427095936,1468.334912,148.50825484764397,684.8497144427624
