name,transf,client,payoff,total
val_month_sac_gen_J_u_116,602.7254463358302,1488.30912,155.96206259448996,729.6216110696798
