name,transf,client,payoff,total
val_month_sac_gen_J_o_394,645.1402603938391,1488.30912,159.56135988924024,683.6074997169205
