name,transf,client,payoff,total
val_month_sac_gen_I_k_464,645.3929373502108,1488.30912,159.56135988924024,683.3548227605488
