name,transf,client,payoff,total
test_month_sac_gen_G_a_255,625.8000999326032,1468.334912,148.50825484764397,694.0265572197529
