name,transf,client,payoff,total
test_month_sac_gen_I_g_380,861.5608707886787,1468.334912,149.17516390639216,457.59887730492915
