name,transf,client,payoff,total
test_month_sac_c_150,1097.2790047239423,1469.5622144,135.21440678133106,237.06880289472653
