name,transf,client,payoff,total
val_month_sac_gen_J_f_420,634.0784466041678,1488.30912,159.56135988924024,694.6693135065918
