name,transf,client,payoff,total
val_month_sac_gen_J_x_165,722.5501330382169,1488.30912,159.56135988924024,606.1976270725427
