name,transf,client,payoff,total
train_month_sac_gen_I_q_384,2258.1898280200867,4306.918592,422.3108412815719,1626.4179226983415
