name,transf,client,payoff,total
val_month_sac_gen_J_u_462,538.5345364689217,1488.30912,155.96206259448996,793.8125209365883
