name,transf,client,payoff,total
train_month_sac_gen_I_d_315,1982.6512383931035,4306.918592,422.3108412815719,1901.9565123253246
