name,transf,client,payoff,total
test_month_sac_gen_J_f_226,670.2586676851074,1468.334912,149.17516390639216,648.9010804085004
