name,transf,client,payoff,total,sessions
test_6month_sac_gen_c_40,3202.965219812364,9929.387430399998,886.8210602299855,5839.601150357648,df_elaad_preproc_l6months.csv
