name,transf,client,payoff,total
val_month_sac_gen_J_u_87,616.3677375753973,1488.30912,155.96206259448996,715.9793198301127
