name,transf,client,payoff,total
test_month_sac_c_625,1007.1309642862855,1469.5622144,135.21440678133106,327.2168433323834
