name,transf,client,payoff,total,sessions
test_6month_sac_gen_2n_105,2926.3887419553635,9929.387430399998,886.8210602299855,6116.177628214649,df_elaad_preproc_l6months.csv
