name,transf,client,payoff,total
val_month_sac_gen_I_m_253,635.6829949792451,1488.30912,159.56135988924024,693.0647651315146
