name,transf,client,payoff,total
train_month_sac_gen_I_h_238,2019.9410239703475,4306.918592,422.3108412815719,1864.6667267480807
