name,transf,client,payoff,total
val_month_sac_gen_I_m_312,631.3422821129607,1488.30912,159.56135988924024,697.4054779977989
