name,transf,client,payoff,total
train_month_sac_gen_I_h_263,2021.5976402789572,4306.918592,422.3108412815719,1863.0101104394707
