name,transf,client,payoff,total
train_month_sac_gen_J_q_463,1994.8493865998912,4306.918592,422.3108412815719,1889.758364118537
