name,transf,client,payoff,total
test_month_sac_gen_I_y_402,686.2888645361431,1468.334912,149.17516390639216,632.8708835574647
