name,transf,client,payoff,total,sessions
test_6month_sac_gen_c_237,2955.6308855118064,9929.387430399998,886.8210602299855,6086.935484658206,df_elaad_preproc_l6months.csv
