name,transf,client,payoff,total
train_month_sac_gen_I_c_299,2062.0328887042187,4306.918592,422.3108412815719,1822.5748620142094
