name,transf,client,payoff,total,sessions
test_6month_sac_gen_f_217,2872.46809062755,9929.387430399998,886.8210602299855,6170.0982795424625,df_elaad_preproc_l6months.csv
