name,transf,client,payoff,total
train_month_sac_gen_J_c_152,2140.048054338091,4306.918592,422.3108412815719,1744.5596963803373
