name,transf,client,payoff,total
val_month_sac_gen_J_e_173,660.360946502896,1488.30912,159.56135988924024,668.3868136078636
