name,transf,client,payoff,total
train_month_sac_gen_J_a_401,1979.516390317061,4306.918592,422.3108412815719,1905.0913604013672
