name,transf,client,payoff,total
train_month_sac_c_211,1084.3143790117438,2289.492687923877,157.2012507240518,1047.9770581880814
