name,transf,client,payoff,total
train_month_sac_gen_J_x_199,982.6711908983772,1469.5622144,142.094741946743,344.7962815548797
