name,transf,client,payoff,total
test_month_sac_gen_J_w_462,580.8130128234983,1468.334912,148.50825484764397,739.0136443288577
