name,transf,client,payoff,total
train_month_sac_gen_J_r_219,2029.823072382319,4306.918592,422.3108412815719,1854.7846783361092
