name,transf,client,payoff,total,sessions
train_month_sac_gen_G_d_118,569.3273162310934,1349.0472576000002,121.12108532720609,658.5988560417007,df_elaad_preproc_feb.csv
