name,transf,client,payoff,total
test_month_sac_c_435,1018.9745649943801,1469.5622144,135.21440678133106,315.37324262428876
