name,transf,client,payoff,total
val_month_sac_gen_J_g_41,689.3047543741607,1488.30912,159.56135988924024,639.4430057365989
