name,transf,client,payoff,total
train_month_sac_gen_d_70,1367.775115732618,1469.5622144,140.49499982504594,-38.70790115766394
