name,transf,client,payoff,total
val_month_sac_gen_J_l_17,722.4501350393339,1488.30912,159.56135988924024,606.2976250714257
