name,transf,client,payoff,total
val_month_sac_gen_I_s_285,655.3945132676171,1488.30912,159.56135988924024,673.3532468431426
