name,transf,client,payoff,total
val_month_sac_gen_J_g_169,657.064354590822,1488.30912,159.56135988924024,671.6834055199377
