name,transf,client,payoff,total
val_month_sac_gen_J_l_110,631.2666261482716,1488.30912,159.56135988924024,697.481133962488
