name,transf,client,payoff,total,sessions
test_6month_sac_gen_4l_120,2939.893828734406,9929.387430399998,886.8210602299855,6102.672541435606,df_elaad_preproc_l6months.csv
