name,transf,client,payoff,total
train_month_sac_gen_I_t_81,2099.7266789866444,4306.918592,424.1106003101132,1783.0813127032425
