name,transf,client,payoff,total,sessions
test_6month_sac_pred_noise_3b_132,3137.2834341315825,9929.387430399998,889.2877424740021,5902.816253794414,df_elaad_preproc_l6months.csv
