name,transf,client,payoff,total
test_month_sac_gen_J_x_206,734.8752916201832,1468.334912,149.17516390639216,584.2844564734246
