name,transf,client,payoff,total
train_month_sac_gen_J_p_186,2023.4160205424387,4306.918592,422.3108412815719,1861.1917301759895
