name,transf,client,payoff,total
val_month_sac_gen_J_m_415,598.0784495471967,1488.30912,159.56135988924024,730.6693105635629
