name,transf,client,payoff,total
val_month_sac_gen_J_i_317,639.8111154585365,1488.30912,159.56135988924024,688.9366446522231
