name,transf,client,payoff,total
train_month_sac_gen_J_d_492,2058.9617230459344,4306.918592,422.3108412815719,1825.6460276724938
