name,transf,client,payoff,total
train_month_sac_gen_J_k_241,1809.860630204751,4306.918592,422.3108412815719,2074.747120513677
