name,transf,client,payoff,total
train_month_sac_gen_I_c_149,2110.177062794547,4306.918592,422.3108412815719,1774.4306879238811
