name,transf,client,payoff,total
train_month_sac_gen_J_c_457,2025.1900829248136,4306.918592,422.3108412815719,1859.4176677936148
