name,transf,client,payoff,total
val_month_sac_gen_J_l_478,587.605945028447,1488.30912,159.56135988924024,741.1418150823126
