name,transf,client,payoff,total
val_month_sac_gen_J_h_322,664.618519167831,1488.30912,159.56135988924024,664.1292409429286
