name,transf,client,payoff,total
train_month_sac_gen_I_z_288,385.34197739338344,4306.918592,419.3769601367892,3502.1996544698277
