name,transf,client,payoff,total,sessions
test_6month_sac_gen_a_95,2976.4417808136473,9929.387430399998,886.8210602299855,6066.124589356365,df_elaad_preproc_l6months.csv
