name,transf,client,payoff,total
test_month_sac_gen_I_h_236,716.6139287855326,1468.334912,149.17516390639216,602.5458193080752
