name,transf,client,payoff,total
train_month_sac_gen_J_z_98,657.4924793740399,1488.30912,159.9615015270334,670.8551390989265
