name,transf,client,payoff,total,sessions
test_6month_sac_pred_noise_2c_171,3607.008638497538,9929.387430399998,897.4875555656347,5424.891236336825,df_elaad_preproc_l6months.csv
