name,transf,client,payoff,total
test_month_sac_gen_J_t_491,650.4631262760795,1468.334912,148.50825484764397,669.3635308762766
