name,transf,client,payoff,total,sessions
test_6month_sac_gen_4l_114,2997.5444372525358,9929.387430399998,886.8210602299855,6045.021932917476,df_elaad_preproc_l6months.csv
