name,transf,client,payoff,total
train_month_sac_gen_J_p_465,2008.8726271674977,4306.918592,422.3108412815719,1875.7351235509304
