name,transf,client,payoff,total
train_month_sac_gen_I_k_331,2006.8611929138233,4306.918592,422.3108412815719,1877.746557804605
