name,transf,client,payoff,total
train_month_sac_gen_I_k_297,2010.4657692089656,4306.918592,422.3108412815719,1874.1419815094623
