name,transf,client,payoff,total,sessions
test_6month_sac_gen_1o_88,3040.08466090446,9929.387430399998,886.8210602299855,6002.481709265552,df_elaad_preproc_l6months.csv
