name,transf,client,payoff,total
train_month_sac_gen_G_b_260,523.8699007134608,1349.0472576000002,119.65408845417184,705.5232684323676
