name,transf,client,payoff,total,sessions
test_6month_sac_pred_noise_2a_258,2886.064211105801,9929.387430399998,897.4875555656347,6145.835663728563,df_elaad_preproc_l6months.csv
