name,transf,client,payoff,total
train_month_sac_c_686,1028.4978021346774,2289.492687923877,157.2012507240518,1103.7936350651478
