name,transf,client,payoff,total
test_month_sac_gen_J_f_315,659.5658090700248,1468.334912,149.17516390639216,659.5939390235831
