name,transf,client,payoff,total
test_month_sac_gen_J_d_203,714.5471466980067,1468.334912,149.17516390639216,604.6126013956011
