name,transf,client,payoff,total
train_month_sac_gen_J_h_133,2109.4255145903835,4306.918592,422.3108412815719,1775.1822361280447
