name,transf,client,payoff,total
test_month_sac_gen_G_b_90,687.0066839246917,1468.334912,148.64140204911905,632.6868260261892
