name,transf,client,payoff,total
test_month_sac_gen_I_c_229,693.7417525135495,1468.334912,149.17516390639216,625.4179955800583
