name,transf,client,payoff,total,sessions
test_6month_sac_pred_noise_3a_231,2915.450949987386,9929.387430399998,889.2877424740021,6124.648737938611,df_elaad_preproc_l6months.csv
