name,transf,client,payoff,total
train_month_sac_gen_J_c_247,2079.822622273152,4306.918592,422.3108412815719,1804.7851284452763
