name,transf,client,payoff,total
train_month_sac_gen_J_o_367,2012.55253033058,4306.918592,422.3108412815719,1872.0552203878478
