name,transf,client,payoff,total
val_month_sac_gen_I_n_354,598.8073196095354,1488.30912,159.56135988924024,729.9404405012242
