name,transf,client,payoff,total
test_month_sac_gen_I_c_345,681.2519808276786,1468.334912,149.17516390639216,637.9077672659292
