name,transf,client,payoff,total
test_month_sac_gen_I_z_104,731.6636094236987,1468.334912,149.17516390639216,587.4961386699091
