name,transf,client,payoff,total
train_month_sac_gen_J_x_268,957.0770507407832,1469.5622144,142.094741946743,370.3904217124737
