name,transf,client,payoff,total,sessions
test_6month_sac_pred_noise_2e_81,5388.7856265066775,9929.387430399998,897.4875555656347,3643.1142483276863,df_elaad_preproc_l6months.csv
