name,transf,client,payoff,total,sessions
test_6month_sac_gen_g_140,3043.479299983812,9929.387430399998,886.8210602299855,5999.0870701862,df_elaad_preproc_l6months.csv
