name,transf,client,payoff,total
val_month_sac_gen_J_m_186,619.2971347120354,1488.30912,159.56135988924024,709.4506253987242
