name,transf,client,payoff,total,sessions
test_6month_sac_pred_noise_3e_20,5189.6359193475655,9929.387430399998,889.2877424740021,3850.4637685784305,df_elaad_preproc_l6months.csv
