name,transf,client,payoff,total
train_month_sac_gen_J_k_187,1827.482830269094,4306.918592,422.3108412815719,2057.1249204493342
