name,transf,client,payoff,total
train_month_sac_gen_I_i_388,2049.3094213800077,4306.918592,422.3108412815719,1835.2983293384204
