name,transf,client,payoff,total
val_month_sac_gen_I_t_430,678.3358549551235,1488.30912,159.56135988924024,650.4119051556361
