name,transf,client,payoff,total
val_sac_gen_a_0,16047.215464177938,30125.305835959498,1762.9897063291792,12315.10066545238
