name,transf,client,payoff,total,sessions
test_6month_sac_gen_2m_163,2945.584265427663,9929.387430399998,897.4875555656347,6086.315609406701,df_elaad_preproc_l6months.csv
