name,transf,client,payoff,total
month_sac_IX_a,1115.6075649208724,1469.5622144,136.68167390985792,217.2729755692696
