name,transf,client,payoff,total
test_month_sac_c_558,1023.4373234156519,1469.5622144,135.21440678133106,310.91048420301695
