name,transf,client,payoff,total
train_month_sac_gen_J_k_440,1758.0637578838123,4306.918592,422.3108412815719,2126.543992834616
