name,transf,client,payoff,total
train_month_sac_gen_J_l_224,1858.4758916633468,4306.918592,422.3108412815719,2026.1318590550813
