name,transf,client,payoff,total
test_month_sac_gen_I_p_148,766.6696667213856,1468.334912,149.17516390639216,552.4900813722222
