name,transf,client,payoff,total
train_month_sac_gen_I_x_115,-7280.694102384576,4306.918592,418.1773480201892,11169.435346364386
