name,transf,client,payoff,total
test_month_sac_gen_I_v_2,758.6362182229409,1468.334912,149.17516390639216,560.523529870667
