name,transf,client,payoff,total
val_month_sac_gen_I_z_274,705.5853352328525,1488.30912,159.56135988924024,623.1624248779071
