name,transf,client,payoff,total
train_month_sac_gen_I_n_37,2040.3609029678375,4306.918592,422.3108412815719,1844.2468477505909
