name,transf,client,payoff,total
val_month_sac_gen_J_v_373,599.5747525264067,1488.30912,155.96206259448996,732.7723048791033
