name,transf,client,payoff,total
val_month_sac_gen_J_f_321,636.6971391617569,1488.30912,159.56135988924024,692.0506209490027
