name,transf,client,payoff,total,sessions
jul_Optim,229.98357847832787,1233.9716736,130.4549375213236,873.5331576003485,df_elaad_preproc_jul.csv
