name,transf,client,payoff,total
val_month_sac_gen_I_u_17,759.7076264205637,1488.30912,159.56135988924024,569.040133690196
