name,transf,client,payoff,total
test_month_sac_gen_J_f_441,656.7500356119772,1468.334912,149.17516390639216,662.4097124816307
