name,transf,client,payoff,total
train_month_sac_c_708,1023.0434450048896,2289.492687923877,157.2012507240518,1109.2479921949355
