name,transf,client,payoff,total
train_month_sac_gen_J_q_121,2078.9829630365125,4306.918592,422.3108412815719,1805.6247876819157
