name,transf,client,payoff,total
val_month_sac_gen_I_y_363,653.3180986678037,1488.30912,159.56135988924024,675.4296614429559
