name,transf,client,payoff,total,sessions
test_6month_sac_pred_noise_4a_14,3544.3065374195476,9929.387430399998,891.2211003728393,5493.859792607612,df_elaad_preproc_l6months.csv
