name,transf,client,payoff,total
test_month_sac_gen_G_b_136,648.6960826649945,1468.334912,148.64140204911905,670.9974272858865
