name,transf,client,payoff,total
train_month_sac_gen_I_b_134,2021.9062220312912,4306.918592,422.3108412815719,1862.701528687137
