name,transf,client,payoff,total
train_month_sac_gen_I_j_139,2081.12431444963,4306.918592,422.3108412815719,1803.483436268798
