name,transf,client,payoff,total
test_month_sac_gen_J_e_185,682.6476477236151,1468.334912,149.17516390639216,636.5121003699927
