name,transf,client,payoff,total
train_month_sac_gen_J_v_0,3467.462907954909,4306.918592,417.9096673275943,421.5460167174966
