name,transf,client,payoff,total
val_month_sac_gen_I_s_122,668.4198059729445,1488.30912,159.56135988924024,660.3279541378151
