name,transf,client,payoff,total
train_month_sac_gen_I_o_381,2128.0686269467083,4306.918592,422.3108412815719,1756.53912377172
