name,transf,client,payoff,total,sessions
test_6month_sac_gen_5l_87,2943.3885490488933,9929.387430399998,886.8210602299855,6099.1778211211185,df_elaad_preproc_l6months.csv
