name,transf,client,payoff,total
val_month_sac_gen_J_i_16,735.1292369007472,1488.30912,159.56135988924024,593.6185232100124
