name,transf,client,payoff,total
test_month_sac_gen_I_o_250,740.8580604363683,1468.334912,149.17516390639216,578.3016876572395
