name,transf,client,payoff,total
val_month_sac_gen_I_n_481,606.138116447041,1488.30912,159.56135988924024,722.6096436637185
