name,transf,client,payoff,total
val_month_sac_gen_J_z_184,616.8789100304961,1488.30912,155.96206259448996,715.4681473750138
