name,transf,client,payoff,total
train_month_sac_gen_I_r_482,1939.8347629560426,4306.918592,419.37754482199193,1947.7062842219655
