name,transf,client,payoff,total,sessions
test_6month_sac_gen_1l_178,2821.0199535903057,9929.387430399998,886.8210602299855,6221.5464165797075,df_elaad_preproc_l6months.csv
