name,transf,client,payoff,total
train_month_sac_gen_I_t_272,1873.6219220067649,4306.918592,424.5104451864129,2008.786224806822
