name,transf,client,payoff,total
test_month_sac_gen_J_i_465,727.8127121818777,1468.334912,149.17516390639216,591.3470359117301
