name,transf,client,payoff,total
test_month_sac_gen_I_d_439,666.1110152354714,1468.334912,149.17516390639216,653.0487328581364
