name,transf,client,payoff,total
train_month_sac_gen_J_f_394,1989.563989501448,4306.918592,422.3108412815719,1895.0437612169799
