name,transf,client,payoff,total
test_month_sac_gen_J_q_120,699.5637922401464,1468.334912,149.17516390639216,619.5959558534614
