name,transf,client,payoff,total
train_month_sac_gen_I_e_198,2063.0693423135067,4306.918592,417.9096673275943,1825.9395823588989
