name,transf,client,payoff,total
test_month_sac_gen_J_q_462,683.4408302145875,1468.334912,149.17516390639216,635.7189178790203
