name,transf,client,payoff,total
val_month_sac_gen_J_g_341,638.5509707252005,1488.30912,159.56135988924024,690.1967893855592
