name,transf,client,payoff,total
train_month_sac_gen_I_y_292,252.50676812686183,4306.918592,425.7112165772945,3628.7006072958434
