name,transf,client,payoff,total
val_month_sac_gen_J_o_214,653.6569254000104,1488.30912,159.56135988924024,675.0908347107493
