name,transf,client,payoff,total
train_month_sac_gen_I_k_399,2002.0135284916803,4306.918592,422.3108412815719,1882.5942222267477
