name,transf,client,payoff,total
test_month_sac_gen_J_n_451,641.6539661238346,1468.334912,149.17516390639216,677.5057819697732
