name,transf,client,payoff,total
train_month_sac_gen_J_d_465,2036.52644530758,4306.918592,422.3108412815719,1848.0813054108485
