name,transf,client,payoff,total
test_month_sac_gen_J_r_495,698.0418113251901,1468.334912,149.17516390639216,621.1179367684177
