name,transf,client,payoff,total,sessions
test_6month_sac_pred_noise_4d_164,4454.072782532976,9929.387430399998,891.2211003728393,4584.093547494183,df_elaad_preproc_l6months.csv
