name,transf,client,payoff,total
test_month_sac_c_97,1135.1679636568879,1469.5622144,135.21440678133106,199.17984396178096
