name,transf,client,payoff,total,sessions
test_6month_sac_pred_noise_3c_198,3630.7275917031393,9929.387430399998,889.2877424740021,5409.372096222857,df_elaad_preproc_l6months.csv
