name,transf,client,payoff,total
train_month_sac_gen_J_p_25,2185.9964968503564,4306.918592,422.3108412815719,1698.6112538680718
