name,transf,client,payoff,total
val_month_sac_gen_I_i_130,664.564728113886,1488.30912,159.56135988924024,664.1830319968738
