name,transf,client,payoff,total
test_month_sac_gen_I_x_363,738.352761378833,1468.334912,149.17516390639216,580.8069867147749
