name,transf,client,payoff,total
val_month_sac_gen_J_e_448,650.4960257763369,1488.30912,159.56135988924024,678.2517343344227
