name,transf,client,payoff,total
train_month_sac_gen_J_h_37,2245.90683262723,4306.918592,422.3108412815719,1638.7009180911982
