name,transf,client,payoff,total
train_month_sac_gen_J_p_194,2021.1876931478334,4306.918592,422.3108412815719,1863.4200575705945
