name,transf,client,payoff,total
val_month_sac_gen_I_a_137,670.0430025166232,1488.30912,159.56135988924024,658.7047575941365
