name,transf,client,payoff,total,sessions
test_6month_sac_pred_noise_3b_97,3076.3662795567175,9929.387430399998,889.2877424740021,5963.733408369279,df_elaad_preproc_l6months.csv
