name,transf,client,payoff,total
test_month_sac_gen_I_r_179,639.4493109091541,1468.334912,149.17516390639216,679.7104371844538
