name,transf,client,payoff,total,sessions
test_6month_sac_gen_2m_135,3019.18384773687,9929.387430399998,886.8210602299855,6023.382522433143,df_elaad_preproc_l6months.csv
