name,transf,client,payoff,total,sessions
test_6month_sac_gen_3m_77,2952.5759909032886,9929.387430399998,889.2877424740021,6087.523697022708,df_elaad_preproc_l6months.csv
