name,transf,client,payoff,total
val_month_sac_gen_I_o_150,698.255247112766,1488.30912,159.56135988924024,630.4925129979936
