name,transf,client,payoff,total
train_month_sac_gen_J_m_16,2332.642785122053,4306.918592,422.3108412815719,1551.9649655963754
