name,transf,client,payoff,total
val_month_sac_gen_J_p_77,673.9504152550876,1488.30912,159.56135988924024,654.797344855672
