name,transf,client,payoff,total
val_month_sac_gen_I_e_196,607.9892477809684,1488.30912,155.96206259448996,724.3578096245415
