name,transf,client,payoff,total
train_month_sac_gen_I_s_495,1628.8942267226112,4306.918592,422.3108412815719,2255.713523995817
