name,transf,client,payoff,total
test_month_sac_gen_I_o_77,751.688464383669,1468.334912,149.17516390639216,567.4712837099388
