name,transf,client,payoff,total
val_month_sac_gen_J_w_470,545.8112401219341,1488.30912,155.96206259448996,786.5358172835759
