name,transf,client,payoff,total
train_month_sac_gen_I_u_216,-67.97563263421921,4306.918592,422.3108412815719,3952.5833833526476
