name,transf,client,payoff,total
val_month_sac_gen_J_x_185,704.7708183908805,1488.30912,159.56135988924024,623.976941719879
