name,transf,client,payoff,total
val_month_sac_gen_J_i_388,637.3713573357143,1488.30912,159.56135988924024,691.3764027750453
