name,transf,client,payoff,total
train_month_sac_gen_J_k_355,1770.4731386481226,4306.918592,422.3108412815719,2114.1346120703056
