name,transf,client,payoff,total
train_month_sac_gen_J_u_357,1859.2223287212162,4306.918592,422.3108890760341,2025.3853742027495
