name,transf,client,payoff,total
val_month_sac_gen_J_w_67,614.6938749055248,1488.30912,155.96206259448996,717.6531824999852
