name,transf,client,payoff,total
train_month_sac_gen_J_s_264,1863.6215105935453,4306.918592,421.0441979676412,2022.2528834388136
