name,transf,client,payoff,total,sessions
test_6month_sac_pred_noise_5b_67,3082.6171976466194,9929.387430399998,881.6875054342313,5965.082727319148,df_elaad_preproc_l6months.csv
