name,transf,client,payoff,total
train_month_sac_gen_J_w_318,1840.239571758114,4306.918592,422.6436774059385,2044.0353428359476
