name,transf,client,payoff,total
train_month_sac_gen_I_r_224,1967.3901132914802,4306.918592,418.0436307839677,1921.484847924552
