name,transf,client,payoff,total
train_month_sac_gen_I_p_224,2199.98073223518,4306.918592,422.3108412815719,1684.6270184832483
