name,transf,client,payoff,total
test_month_sac_gen_J_j_138,649.8263279706009,1468.334912,149.17516390639216,669.3334201230069
