name,transf,client,payoff,total
val_month_sac_gen_J_n_398,583.9686491330465,1488.30912,159.56135988924024,744.7791109777131
