name,transf,client,payoff,total,sessions
test_6month_sac_pred_noise_4b_153,3179.658112855558,9929.387430399998,891.2211003728393,5858.508217171601,df_elaad_preproc_l6months.csv
