name,transf,client,payoff,total
train_month_sac_gen_I_t_283,1890.0904273754259,4306.918592,419.64414295604405,1997.18402166853
