name,transf,client,payoff,total
val_month_sac_gen_J_d_130,665.5859105353245,1488.30912,159.56135988924024,663.1618495754351
