name,transf,client,payoff,total
test_month_sac_gen_J_q_269,688.0042706386446,1468.334912,149.17516390639216,631.1554774549633
