name,transf,client,payoff,total
train_month_sac_gen_J_d_310,2030.4417395716964,4306.918592,422.3108412815719,1854.1660111467318
