name,transf,client,payoff,total
val_month_sac_gen_J_a_63,696.2170365410749,1488.30912,159.56135988924024,632.5307235696848
