name,transf,client,payoff,total
val_month_sac_gen_I_m_207,646.4681941138067,1488.30912,159.56135988924024,682.2795659969529
