name,transf,client,payoff,total,sessions
test_6month_sac_pred_noise_4b_162,3138.1654732221486,9929.387430399998,891.2211003728393,5900.000856805011,df_elaad_preproc_l6months.csv
