name,transf,client,payoff,total,sessions
test_6month_sac_gen_k_44,3211.9456862865472,9929.387430399998,886.8210602299855,5830.620683883466,df_elaad_preproc_l6months.csv
