name,transf,client,payoff,total
train_month_sac_gen_I_s_188,1658.4553438924804,4306.918592,422.3108412815719,2226.1524068259478
