name,transf,client,payoff,total,sessions
test_6month_sac_pred_noise_5c_149,3617.6223212108207,9929.387430399998,881.6875054342313,5430.077603754946,df_elaad_preproc_l6months.csv
