name,transf,client,payoff,total
test_month_sac_gen_b_70,736.2080237940172,1488.30912,159.56135988924024,592.5397363167424
