name,transf,client,payoff,total
val_month_sac_gen_J_f_235,641.1081860148819,1488.30912,159.56135988924024,687.6395740958778
