name,transf,client,payoff,total
train_month_sac_gen_J_d_191,2056.9496376363923,4306.918592,422.3108412815719,1827.658113082036
