name,transf,client,payoff,total,sessions
train_month_sac_gen_G_d_125,562.4035533066851,1349.0472576000002,119.9206137155782,666.7230905777369,df_elaad_preproc_feb.csv
