name,transf,client,payoff,total
train_month_sac_gen_I_l_169,2040.164717869062,4306.918592,422.3108412815719,1844.4430328493663
