name,transf,client,payoff,total
val_month_sac_gen_I_n_66,630.2410571328037,1488.30912,159.56135988924024,698.5067029779559
