name,transf,client,payoff,total,sessions
test_6month_sac_pred_noise_3a_105,3012.329848872724,9929.387430399998,889.2877424740021,6027.769839053272,df_elaad_preproc_l6months.csv
