name,transf,client,payoff,total
val_month_sac_gen_J_n_294,591.0589863758089,1488.30912,159.56135988924024,737.6887737349507
