name,transf,client,payoff,total
train_month_sac_gen_I_r_364,1907.50845623421,4306.918592,422.3108412815719,1977.0992944842183
