name,transf,client,payoff,total
val_month_sac_gen_J_r_332,632.5180568550171,1488.30912,159.56135988924024,696.2297032557426
