name,transf,client,payoff,total
test_month_sac_gen_I_t_481,718.1279090330661,1468.334912,149.17516390639216,601.0318390605418
