name,transf,client,payoff,total
train_month_sac_gen_I_q_472,2264.6922259685693,4306.918592,422.3108412815719,1619.9155247498588
