name,transf,client,payoff,total
test_month_sac_gen_J_v_469,621.5340725310058,1468.334912,148.50825484764397,698.2925846213502
