name,transf,client,payoff,total
val_month_sac_gen_I_h_178,649.4061196334103,1488.30912,159.56135988924024,679.3416404773493
