name,transf,client,payoff,total
test_month_sac_gen_I_y_20,728.4962933505303,1468.334912,149.17516390639216,590.6634547430775
