name,transf,client,payoff,total
val_month_sac_gen_J_m_172,618.0563719076318,1488.30912,159.56135988924024,710.6913882031279
