name,transf,client,payoff,total
test_month_sac_gen_I_d_69,701.3549512998073,1468.334912,149.17516390639216,617.8047967938005
