name,transf,client,payoff,total,sessions
test_6month_sac_gen_5m_129,2988.0705105071675,9929.387430399998,881.6875054342313,6059.629414458599,df_elaad_preproc_l6months.csv
