name,transf,client,payoff,total
train_month_sac_gen_I_t_292,1928.7545904018336,4306.918592,421.71069508620843,1956.453306511958
