name,transf,client,payoff,total
val_month_sac_gen_J_p_96,662.6500809771667,1488.30912,159.56135988924024,666.0976791335929
