name,transf,client,payoff,total,sessions
test_6month_sac_gen_5m_190,2719.4067543265664,9929.387430399998,881.6875054342313,6328.293170639201,df_elaad_preproc_l6months.csv
