name,transf,client,payoff,total,sessions
test_6month_sac_pred_noise_3e_297,5153.581443636856,9929.387430399998,889.2877424740021,3886.5182442891396,df_elaad_preproc_l6months.csv
