name,transf,client,payoff,total
test_month_sac_c_917,1022.7116161374131,1469.5622144,135.21440678133106,311.63619148125576
