name,transf,client,payoff,total,sessions
test_6month_sac_pred_noise_2a_156,2830.029887927245,9929.387430399998,897.4875555656347,6201.869986907119,df_elaad_preproc_l6months.csv
