name,transf,client,payoff,total
val_month_sac_gen_I_m_50,661.6101269547091,1488.30912,159.56135988924024,667.1376331560505
