name,transf,client,payoff,total,sessions
test_6month_sac_pred_noise_2a_112,2821.212048130478,9929.387430399998,897.4875555656347,6210.6878267038865,df_elaad_preproc_l6months.csv
