name,transf,client,payoff,total
val_month_sac_gen_I_h_321,638.8652953805631,1488.30912,159.56135988924024,689.8824647301965
