name,transf,client,payoff,total
train_month_sac_gen_I_i_372,2051.2990612321482,4306.918592,422.3108412815719,1833.30868948628
