name,transf,client,payoff,total
val_month_sac_gen_J_t_31,674.8764103968228,1488.30912,155.96206259448996,657.4706470086871
