name,transf,client,payoff,total
test_month_sac_gen_J_y_34,793.78780969699,1468.334912,148.50825484764397,526.0388474553661
