name,transf,client,payoff,total,sessions
test_6month_sac_gen_k_112,2910.35696307104,9929.387430399998,886.8210602299855,6132.209407098973,df_elaad_preproc_l6months.csv
