name,transf,client,payoff,total
month_sac_IX_f,1691.795605688932,1469.5622144,141.34775104317254,-363.58114233210466
