name,transf,client,payoff,total
val_month_sac_gen_I_r_234,599.1876635241763,1488.30912,159.56135988924024,729.5600965865833
