name,transf,client,payoff,total
val_month_sac_gen_I_t_41,741.168657043909,1488.30912,159.56135988924024,587.5791030668506
