name,transf,client,payoff,total
train_month_sac_gen_I_r_431,1886.250934454274,4306.918592,430.5772676482046,1990.0903898975212
