name,transf,client,payoff,total,sessions
test_6month_sac_gen_3l_12,4187.259428810221,9929.387430399998,886.8210602299855,4855.306941359791,df_elaad_preproc_l6months.csv
