name,transf,client,payoff,total
test_month_sac_gen_I_u_192,688.4272576643538,1468.334912,149.17516390639216,630.7324904292541
