name,transf,client,payoff,total
val_month_sac_gen_J_f_248,643.2416247629469,1488.30912,159.56135988924024,685.5061353478127
