name,transf,client,payoff,total,sessions
test_6month_sac_gen_j_74,2996.0841042722586,9929.387430399998,886.8210602299855,6046.482265897754,df_elaad_preproc_l6months.csv
