name,transf,client,payoff,total
train_month_sac_c_409,1051.481979139926,2289.492687923877,157.2012507240518,1080.8094580598993
