name,transf,client,payoff,total
test_month_sac_gen_J_v_70,687.9608989683661,1468.334912,148.50825484764397,631.86575818399
