name,transf,client,payoff,total,sessions
test_6month_sac_pred_noise_4b_213,3043.5406410960886,9929.387430399998,891.2211003728393,5994.625688931071,df_elaad_preproc_l6months.csv
