name,transf,client,payoff,total
val_month_sac_gen_J_p_240,643.9580541645475,1488.30912,159.56135988924024,684.789705946212
