name,transf,client,payoff,total
val_month_sac_gen_I_q_395,737.7997718354832,1488.30912,159.56135988924024,590.9479882752764
