name,transf,client,payoff,total
train_month_sac_gen_I_w_162,-7563.88504930212,4306.918592,422.3108412815719,11448.492800020547
