name,transf,client,payoff,total
val_month_sac_gen_J_p_162,650.4904470076488,1488.30912,159.56135988924024,678.2573131031108
