name,transf,client,payoff,total
val_month_sac_gen_J_n_381,587.1390260827192,1488.30912,159.56135988924024,741.6087340280405
