name,transf,client,payoff,total,sessions
test_6month_sac_gen_3m_68,3127.4340604333183,9929.387430399998,886.8210602299855,5915.132309736695,df_elaad_preproc_l6months.csv
