name,transf,client,payoff,total
test_month_sac_gen_a_42,899.9761146443345,1488.30912,159.56135988924024,428.7716454664251
