name,transf,client,payoff,total
val_month_sac_gen_I_w_46,716.771541902285,1488.30912,159.56135988924024,611.9762182084746
