name,transf,client,payoff,total
test_month_sac_gen_I_n_287,654.7522301865763,1468.334912,149.17516390639216,664.4075179070315
