name,transf,client,payoff,total
test_month_sac_gen_J_n_3,1013.7186994034772,1468.334912,149.17516390639216,305.44104869013063
