name,transf,client,payoff,total
test_month_sac_gen_I_e_294,628.1129595132561,1468.334912,148.50825484764397,691.7136976391
