name,transf,client,payoff,total
test_month_sac_gen_c_59,726.610551931444,1488.30912,159.56135988924024,602.1372081793156
