name,transf,client,payoff,total,sessions
test_6month_sac_gen_1l_26,3298.226451792104,9929.387430399998,886.8210602299855,5744.339918377909,df_elaad_preproc_l6months.csv
