name,transf,client,payoff,total,sessions
test_6month_sac_pred_noise_1d_163,4495.792498353116,9929.387430399998,893.2217503396156,4540.373181707267,df_elaad_preproc_l6months.csv
