name,transf,client,payoff,total
val_month_sac_gen_I_d_435,625.2578179593837,1488.30912,159.56135988924024,703.489942151376
