name,transf,client,payoff,total
test_month_sac_gen_J_s_328,572.1023310680612,1468.334912,148.50825484764397,747.724326084295
