name,transf,client,payoff,total
test_month_sac_gen_I_i_194,716.3887419518433,1468.334912,149.17516390639216,602.7710061417646
