name,transf,client,payoff,total
train_month_sac_gen_J_w_175,1912.5023848597848,4306.918592,420.24305075144946,1974.1731563887656
