name,transf,client,payoff,total
test_month_sac_gen_J_d_227,706.0715590074947,1468.334912,149.17516390639216,613.0881890861132
