name,transf,client,payoff,total
test_month_sac_gen_I_r_258,638.3820674112903,1468.334912,149.17516390639216,680.7776806823175
