name,transf,client,payoff,total
train_month_sac_gen_J_x_258,958.4388937754906,1469.5622144,142.094741946743,369.02857867776635
