name,transf,client,payoff,total,sessions
test_6month_sac_pred_noise_5c_242,3578.368547235701,9929.387430399998,881.6875054342313,5469.331377730066,df_elaad_preproc_l6months.csv
