name,transf,client,payoff,total
val_month_sac_gen_J_f_238,645.1994118125172,1488.30912,159.56135988924024,683.5483482982424
