name,transf,client,payoff,total,sessions
test_6month_sac_gen_2l_147,2923.848544513447,9929.387430399998,886.8210602299855,6118.717825656566,df_elaad_preproc_l6months.csv
