name,transf,client,payoff,total
val_month_sac_gen_J_v_278,605.7627547528881,1488.30912,155.96206259448996,726.5843026526218
