name,transf,client,payoff,total
train_month_sac_gen_I_h_427,1992.8784203255464,4306.918592,422.3108412815719,1891.7293303928818
