name,transf,client,payoff,total
month_sac_IX_b,1065.0953460103665,1469.5622144,137.08126400645415,267.38560438317927
