name,transf,client,payoff,total
test_month_sac_gen_I_f_312,732.5459656020382,1468.334912,147.8419170286109,587.947029369351
