name,transf,client,payoff,total,sessions
test_6month_sac_gen_1n_199,2837.7278364461536,9929.387430399998,886.8210602299855,6204.83853372386,df_elaad_preproc_l6months.csv
