name,transf,client,payoff,total
train_month_sac_gen_I_r_264,1922.5092800459292,4306.918592,422.4446550408056,1961.9646569132651
