name,transf,client,payoff,total
test_month_sac_gen_J_g_87,695.7560862078,1468.334912,149.17516390639216,623.4036618858079
