name,transf,client,payoff,total
train_month_sac_gen_J_l_154,1899.1817942560258,4306.918592,422.3108412815719,1985.4259564624026
