name,transf,client,payoff,total,sessions
test_6month_sac_pred_noise_1a_87,3063.2307124546296,9929.387430399998,893.2217503396156,5972.934967605753,df_elaad_preproc_l6months.csv
