name,transf,client,payoff,total,sessions
test_6month_sac_gen_2n_46,3464.948326000039,9929.387430399998,886.8210602299855,5577.618044169974,df_elaad_preproc_l6months.csv
