name,transf,client,payoff,total
test_month_sac_gen_J_u_171,612.729540925155,1468.334912,148.50825484764397,707.097116227201
