name,transf,client,payoff,total
test_month_sac_gen_I_k_183,709.0117174653667,1468.334912,149.17516390639216,610.1480306282411
