name,transf,client,payoff,total
test_month_sac_gen_I_g_333,842.1257033269932,1468.334912,149.17516390639216,477.03404476661467
