name,transf,client,payoff,total,sessions
test_6month_sac_pred_noise_1a_19,3465.1461258782356,9929.387430399998,893.2217503396156,5571.019554182147,df_elaad_preproc_l6months.csv
