name,transf,client,payoff,total
val_month_sac_gen_J_v_188,615.0956514523931,1488.30912,155.96206259448996,717.2514059531168
