name,transf,client,payoff,total
test_month_sac_gen_J_a_68,715.4526268391082,1468.334912,149.17516390639216,603.7071212544996
