name,transf,client,payoff,total
val_month_sac_gen_I_x_60,723.9101014058891,1488.30912,159.56135988924024,604.8376587048706
