name,transf,client,payoff,total
val_month_sac_gen_I_o_20,737.0557818608554,1488.30912,159.56135988924024,591.6919782499042
