name,transf,client,payoff,total
train_month_sac_gen_I_w_385,-7669.426061503076,4306.918592,422.3108412815719,11554.033812221503
