name,transf,client,payoff,total
test_month_sac_gen_I_o_34,744.076105632977,1468.334912,149.17516390639216,575.0836424606308
