name,transf,client,payoff,total
test_month_sac_gen_J_m_390,664.3094005456311,1468.334912,149.17516390639216,654.8503475479768
