name,transf,client,payoff,total,sessions
test_6month_sac_pred_noise_2d_130,4349.471554796207,9929.387430399998,897.4875555656347,4682.428320038157,df_elaad_preproc_l6months.csv
