name,transf,client,payoff,total
train_month_sac_gen_J_g_58,2118.563298935647,4306.918592,422.3108412815719,1766.0444517827814
