name,transf,client,payoff,total
test_month_sac_gen_I_p_170,767.6203865053012,1468.334912,149.17516390639216,551.5393615883066
