name,transf,client,payoff,total
train_month_sac_gen_I_e_250,2054.216123542086,4306.918592,417.9096673275943,1834.7928011303197
