name,transf,client,payoff,total
val_month_sac_gen_J_x_244,683.2168078856348,1488.30912,159.56135988924024,645.5309522251248
