name,transf,client,payoff,total
val_month_sac_gen_J_m_261,605.2306741452487,1488.30912,159.56135988924024,723.5170859655109
