name,transf,client,payoff,total,sessions
test_6month_sac_gen_2l_3,4505.4001193401145,9929.387430399998,886.8210602299855,4537.166250829898,df_elaad_preproc_l6months.csv
