name,transf,client,payoff,total
val_month_sac_gen_I_v_422,651.380923740476,1488.30912,159.56135988924024,677.3668363702836
