name,transf,client,payoff,total
train_month_sac_gen_I_y_477,-80.05529064974911,4306.918592,418.44380496328233,3968.5300776864665
