name,transf,client,payoff,total
val_month_sac_gen_J_t_451,591.6347965143706,1488.30912,155.96206259448996,740.7122608911393
