name,transf,client,payoff,total
test_month_sac_gen_J_e_153,685.1586098326763,1468.334912,149.17516390639216,634.0011382609315
