name,transf,client,payoff,total
test_month_sac_gen_I_i_410,708.4731252296629,1468.334912,149.17516390639216,610.686622863945
