name,transf,client,payoff,total
val_month_sac_gen_I_v_454,648.2105477571554,1488.30912,159.56135988924024,680.5372123536042
