name,transf,client,payoff,total,sessions
test_6month_sac_pred_noise_5c_26,3690.8356101798854,9929.387430399998,881.6875054342313,5356.864314785882,df_elaad_preproc_l6months.csv
