name,transf,client,payoff,total
train_month_sac_gen_G_b_163,905.9538974038035,1469.5622144,142.76108036826048,420.84723662793596
