name,transf,client,payoff,total
train_month_sac_gen_J_m_216,1843.4372223737364,4306.918592,422.3108412815719,2041.1705283446918
