name,transf,client,payoff,total
val_month_sac_gen_J_u_396,536.5987557349245,1488.30912,155.96206259448996,795.7483016705855
