name,transf,client,payoff,total
test_month_sac_gen_J_k_261,628.2770602954845,1468.334912,149.17516390639216,690.8826877981234
