name,transf,client,payoff,total,sessions
test_6month_sac_pred_noise_4c_194,3543.8802740478095,9929.387430399998,891.2211003728393,5494.28605597935,df_elaad_preproc_l6months.csv
