name,transf,client,payoff,total
month_sac_IX_g,1134.2517732961653,1469.5622144,140.01431375215287,195.29612735168172
