name,transf,client,payoff,total,sessions
test_6month_sac_gen_a_53,3045.493662181457,9929.387430399998,886.8210602299855,5997.072707988556,df_elaad_preproc_l6months.csv
