name,transf,client,payoff,total
train_month_sac_gen_J_g_177,2048.8363955704326,4306.918592,422.3108412815719,1835.7713551479956
