name,transf,client,payoff,total
train_month_sac_gen_J_v_251,2068.968207849575,4306.918592,417.9096673275943,1820.0407168228307
