name,transf,client,payoff,total
test_month_sac_gen_d_11,817.4093718497547,1488.30912,159.56135988924024,511.3383882610049
