name,transf,client,payoff,total,sessions
test_6month_sac_gen_1n_4,3988.3939299149183,9929.387430399998,886.8210602299855,5054.1724402550935,df_elaad_preproc_l6months.csv
