name,transf,client,payoff,total
val_month_sac_gen_I_a_6,760.9876999324267,1488.30912,159.56135988924024,567.7600601783329
