name,transf,client,payoff,total
test_month_sac_gen_J_l_391,647.619426974567,1468.334912,149.17516390639216,671.5403211190409
