name,transf,client,payoff,total
train_month_sac_gen_I_g_78,2505.141577377681,4306.918592,422.3108412815719,1379.466173340747
