name,transf,client,payoff,total,sessions
test_6month_sac_gen_4l_81,2957.6677296769867,9929.387430399998,886.8210602299855,6084.898640493026,df_elaad_preproc_l6months.csv
