name,transf,client,payoff,total
val_month_sac_gen_I_s_450,644.3153336390485,1488.30912,159.56135988924024,684.4324264717111
