name,transf,client,payoff,total
test_month_sac_gen_J_f_495,678.5076682783252,1468.334912,149.17516390639216,640.6520798152826
