name,transf,client,payoff,total
val_month_sac_gen_I_i_426,653.4841259027662,1488.30912,159.56135988924024,675.2636342079934
