name,transf,client,payoff,total,sessions
test_6month_sac_pred_noise_4d_166,4493.195972165352,9929.387430399998,891.2211003728393,4544.970357861807,df_elaad_preproc_l6months.csv
