name,transf,client,payoff,total
train_month_sac_gen_J_u_450,1862.728109576469,4306.918592,417.71057856569473,2026.479903857836
