name,transf,client,payoff,total
val_month_sac_gen_I_t_324,677.1734219151415,1488.30912,159.56135988924024,651.5743381956181
