name,transf,client,payoff,total
train_month_sac_gen_I_w_359,-7672.073185318337,4306.918592,422.3108412815719,11556.680936036764
