name,transf,client,payoff,total
test_month_sac_gen_I_m_100,684.990203330028,1468.334912,149.17516390639216,634.1695447635799
