name,transf,client,payoff,total
test_month_sac_gen_J_n_102,700.2060343999415,1468.334912,149.17516390639216,618.9537136936664
