name,transf,client,payoff,total
val_month_sac_gen_I_s_27,715.593853502758,1488.30912,159.56135988924024,613.1539066080018
