name,transf,client,payoff,total
val_month_sac_gen_J_c_90,714.1765696468581,1488.30912,159.56135988924024,614.5711904639015
