name,transf,client,payoff,total
val_month_sac_gen_I_r_476,594.0177979046252,1488.30912,159.56135988924024,734.7299622061344
