name,transf,client,payoff,total
test_month_sac_gen_I_b_53,728.5350595234496,1468.334912,149.17516390639216,590.6246885701582
