name,transf,client,payoff,total
test_month_sac_gen_J_i_110,762.3788302155702,1468.334912,149.17516390639216,556.7809178780376
