name,transf,client,payoff,total,sessions
test_6month_sac_gen_5l_76,3047.8084619341453,9929.387430399998,886.8210602299855,5994.757908235868,df_elaad_preproc_l6months.csv
