name,transf,client,payoff,total
val_month_sac_gen_J_s_192,557.9740334502549,1488.30912,155.96206259448996,774.3730239552551
