name,transf,client,payoff,total
test_month_sac_gen_J_a_320,688.8656831523128,1468.334912,149.17516390639216,630.294064941295
