name,transf,client,payoff,total
val_month_sac_gen_I_v_340,639.9174252320538,1488.30912,159.56135988924024,688.8303348787058
