name,transf,client,payoff,total,sessions
test_6month_sac_pred_noise_3a_118,2992.554316374253,9929.387430399998,889.2877424740021,6047.545371551743,df_elaad_preproc_l6months.csv
