name,transf,client,payoff,total
train_month_sac_gen_I_c_290,2057.3569778839965,4306.918592,422.3108412815719,1827.2507728344317
