name,transf,client,payoff,total
train_month_sac_gen_I_m_73,2044.8222286808304,4306.918592,422.3108412815719,1839.7855220375977
