name,transf,client,payoff,total
val_month_sac_gen_I_p_490,719.8049509852241,1488.30912,159.56135988924024,608.9428091255356
