name,transf,client,payoff,total
test_month_sac_gen_J_e_437,676.7694898791206,1468.334912,149.17516390639216,642.3902582144873
