name,transf,client,payoff,total
val_month_sac_gen_I_q_337,735.9320495091918,1488.30912,159.56135988924024,592.8157106015678
