name,transf,client,payoff,total
val_month_sac_gen_J_i_190,648.0486582542216,1488.30912,159.56135988924024,680.6991018565382
