name,transf,client,payoff,total
test_month_sac_gen_J_s_476,567.682064577009,1468.334912,148.50825484764397,752.1445925753471
