name,transf,client,payoff,total,sessions
test_6month_sac_gen_1n_147,2875.79190498153,9929.387430399998,886.8210602299855,6166.774465188482,df_elaad_preproc_l6months.csv
