name,transf,client,payoff,total
train_month_sac_gen_J_q_250,2043.3361766224357,4306.918592,422.3108412815719,1841.2715740959925
