name,transf,client,payoff,total
train_month_sac_gen_J_w_116,1935.084409277245,4306.918592,419.1105614158855,1952.7236213068695
