name,transf,client,payoff,total
test_month_sac_gen_I_h_7,795.9939142393663,1468.334912,149.17516390639216,523.1658338542416
