name,transf,client,payoff,total,sessions
test_6month_sac_gen_2n_140,2902.7801102993053,9929.387430399998,886.8210602299855,6139.786259870707,df_elaad_preproc_l6months.csv
