name,transf,client,payoff,total
val_month_sac_gen_I_f_255,663.6141306419418,1488.30912,158.8282254603323,665.8667638977258
