name,transf,client,payoff,total
test_month_sac_gen_I_c_75,713.3975704573592,1468.334912,149.17516390639216,605.7621776362487
