name,transf,client,payoff,total
train_month_sac_gen_J_y_281,906.5973403414041,1469.5622144,142.16160445965522,420.8032695989406
