name,transf,client,payoff,total
train_month_sac_gen_a_18,1064.622763545414,1469.5622144,138.5610864331635,266.37836442142236
