name,transf,client,payoff,total
val_month_sac_gen_J_b_7,766.5063441943059,1488.30912,159.56135988924024,562.2414159164537
