name,transf,client,payoff,total
val_month_sac_gen_J_y_286,589.434521094547,1488.30912,155.96206259448996,742.9125363109629
