name,transf,client,payoff,total
train_month_sac_gen_J_z_203,882.2888436310828,1469.5622144,138.82843864807631,448.44493212084075
