name,transf,client,payoff,total
val_month_sac_gen_J_q_214,657.2891672138335,1488.30912,159.56135988924024,671.4585928969261
