name,transf,client,payoff,total
val_month_sac_gen_I_y_446,658.24319022093,1488.30912,159.56135988924024,670.5045698898296
