name,transf,client,payoff,total,sessions
test_6month_sac_pred_noise_2a_52,3127.7376719928016,9929.387430399998,897.4875555656347,5904.162202841562,df_elaad_preproc_l6months.csv
