name,transf,client,payoff,total
test_month_sac_gen_G_b_201,648.9518671279527,1468.334912,148.64140204911905,670.7416428229283
