name,transf,client,payoff,total
train_month_sac_gen_I_r_263,1950.773339125894,4306.918592,422.97713745041835,1933.1681154236876
