name,transf,client,payoff,total
train_month_sac_gen_I_b_173,2005.8590980913725,4306.918592,422.3108412815719,1878.748652627056
