name,transf,client,payoff,total,sessions
test_6month_sac_gen_1m_128,2974.727598749033,9929.387430399998,893.2217503396156,6061.438081311349,df_elaad_preproc_l6months.csv
