name,transf,client,payoff,total
val_month_sac_gen_J_y_187,661.5005666433382,1488.30912,155.96206259448996,670.8464907621717
