name,transf,client,payoff,total
val_month_sac_c_278,1840.2731528978577,2277.450960542104,145.3079860330326,291.8698216112137
