name,transf,client,payoff,total
train_month_sac_gen_J_u_61,2066.2998220227914,4306.918592,426.97687819251723,1813.6418917846913
