name,transf,client,payoff,total
val_month_sac_gen_I_o_19,736.4026662397162,1488.30912,159.56135988924024,592.3450938710434
