name,transf,client,payoff,total
train_month_sac_gen_J_p_496,2026.9481178093638,4306.918592,422.3108412815719,1857.6596329090644
