name,transf,client,payoff,total,sessions
test_6month_sac_gen_2o_156,2922.273614107191,9929.387430399998,886.8210602299855,6120.292756062821,df_elaad_preproc_l6months.csv
