name,transf,client,payoff,total
train_month_sac_gen_I_y_496,-132.8076821081982,4306.918592,423.9102216728261,4015.8160524353725
