name,transf,client,payoff,total
test_month_sac_gen_J_c_348,677.6488663353084,1468.334912,149.17516390639216,641.5108817582994
