name,transf,client,payoff,total,sessions
test_6month_sac_gen_j_68,2962.437373605306,9929.387430399998,886.8210602299855,6080.1289965647065,df_elaad_preproc_l6months.csv
