name,transf,client,payoff,total
val_month_sac_gen_J_j_478,594.6693651387061,1488.30912,159.56135988924024,734.0783949720535
