name,transf,client,payoff,total
train_month_sac_gen_I_q_317,2263.9442970190967,4306.918592,422.3108412815719,1620.6634536993315
