name,transf,client,payoff,total,sessions
test_6month_sac_gen_f_51,3107.947113221393,9929.387430399998,886.8210602299855,5934.619256948619,df_elaad_preproc_l6months.csv
