name,transf,client,payoff,total
test_month_sac_gen_J_n_399,640.1920065859686,1468.334912,149.17516390639216,678.9677415076393
