name,transf,client,payoff,total
month_sac_IX_b,1085.3580962558824,1469.5622144,139.61502211574822,244.58909602836928
