name,transf,client,payoff,total
train_month_sac_gen_I_r_96,2055.3220597092295,4306.918592,421.5105726564419,1830.0859596343284
