name,transf,client,payoff,total,sessions
test_6month_sac_pred_noise_2a_149,2867.8938339581323,9929.387430399998,897.4875555656347,6164.006040876231,df_elaad_preproc_l6months.csv
