name,transf,client,payoff,total
train_month_sac_gen_J_t_36,2204.1744727534433,4306.918592,417.9096673275943,1684.8344519189623
