name,transf,client,payoff,total
test_month_sac_c_736,1028.6111550698508,1469.5622144,135.21440678133106,305.73665254881803
