name,transf,client,payoff,total
test_month_sac_gen_J_q_48,725.413072285223,1468.334912,149.17516390639216,593.7466758083848
