name,transf,client,payoff,total
test_month_sac_gen_J_l_39,756.3211944100614,1468.334912,149.17516390639216,562.8385536835465
