name,transf,client,payoff,total
test_month_sac_gen_I_x_234,753.3212385921576,1468.334912,149.17516390639216,565.8385095014503
