name,transf,client,payoff,total
test_month_sac_gen_J_e_50,711.6345380404586,1468.334912,149.17516390639216,607.5252100531493
