name,transf,client,payoff,total,sessions
test_6month_sac_pred_noise_1a_138,2924.984745193851,9929.387430399998,893.2217503396156,6111.180934866531,df_elaad_preproc_l6months.csv
