name,transf,client,payoff,total
train_month_sac_gen_J_b_426,1984.825928038299,4306.918592,422.3108412815719,1899.7818226801292
