name,transf,client,payoff,total
train_month_sac_gen_I_g_254,2472.818159309847,4306.918592,422.3108412815719,1411.7895914085811
