name,transf,client,payoff,total,sessions
test_6month_sac_gen_1m_53,3220.705442408328,9929.387430399998,893.2217503396156,5815.460237652054,df_elaad_preproc_l6months.csv
