name,transf,client,payoff,total
test_month_sac_gen_J_b_199,698.2558889625443,1468.334912,149.17516390639216,620.9038591310635
