name,transf,client,payoff,total
train_month_sac_gen_I_b_302,1972.2584528359885,4306.918592,422.3108412815719,1912.3492978824397
