name,transf,client,payoff,total,sessions
test_6month_sac_gen_1m_133,2928.914105327147,9929.387430399998,893.2217503396156,6107.251574733235,df_elaad_preproc_l6months.csv
