name,transf,client,payoff,total
test_month_sac_gen_I_k_323,678.4634064077908,1468.334912,149.17516390639216,640.6963416858171
