name,transf,client,payoff,total,sessions
test_6month_sac_gen_j_199,2983.855074441583,9929.387430399998,886.8210602299855,6058.71129572843,df_elaad_preproc_l6months.csv
