name,transf,client,payoff,total
val_month_sac_gen_J_a_356,639.3386514331195,1488.30912,159.56135988924024,689.4091086776402
