name,transf,client,payoff,total
val_month_sac_gen_I_x_252,700.0616517101892,1488.30912,159.56135988924024,628.6861084005704
