name,transf,client,payoff,total
test_month_sac_gen_I_b_180,702.7531976274952,1468.334912,149.17516390639216,616.4065504661127
