name,transf,client,payoff,total
test_month_sac_gen_I_e_169,639.7990751295833,1468.334912,148.50825484764397,680.0275820227728
