name,transf,client,payoff,total,sessions
test_6month_sac_gen_5m_9,4193.945881007154,9929.387430399998,881.6875054342313,4853.754043958614,df_elaad_preproc_l6months.csv
