name,transf,client,payoff,total,sessions
test_6month_sac_pred_noise_4c_121,3520.7474344960165,9929.387430399998,891.2211003728393,5517.418895531143,df_elaad_preproc_l6months.csv
