name,transf,client,payoff,total
test_month_sac_gen_I_t_391,714.426598835782,1468.334912,149.17516390639216,604.7331492578259
