name,transf,client,payoff,total
test_month_sac_gen_I_e_333,635.0807369231367,1468.334912,148.50825484764397,684.7459202292193
