name,transf,client,payoff,total
test_month_sac_gen_I_q_16,801.0544245768617,1468.334912,149.17516390639216,518.1053235167461
