name,transf,client,payoff,total
test_month_sac_gen_J_m_107,675.6925123868436,1468.334912,149.17516390639216,643.4672357067642
