name,transf,client,payoff,total
train_month_sac_gen_I_s_100,1721.4236458692862,4306.918592,422.3108412815719,2163.184104849142
