name,transf,client,payoff,total
test_month_sac_gen_J_k_383,615.16480072544,1468.334912,149.17516390639216,703.9949473681678
