name,transf,client,payoff,total,sessions
test_6month_sac_gen_3m_194,2843.6484417410447,9929.387430399998,886.8210602299855,6198.917928428968,df_elaad_preproc_l6months.csv
