name,transf,client,payoff,total
val_month_sac_gen_J_q_125,663.4437504867255,1488.30912,159.56135988924024,665.304009624034
