name,transf,client,payoff,total
val_month_sac_gen_J_d_60,693.8800049563808,1488.30912,159.56135988924024,634.8677551543788
