name,transf,client,payoff,total
val_month_sac_gen_I_s_457,645.0751309788561,1488.30912,159.56135988924024,683.6726291319035
