name,transf,client,payoff,total
test_month_sac_gen_J_t_461,639.5226389787747,1468.334912,148.50825484764397,680.3040181735814
