name,transf,client,payoff,total,sessions
test_6month_sac_pred_noise_2a_271,2970.9668683862687,9929.387430399998,897.4875555656347,6060.933006448095,df_elaad_preproc_l6months.csv
