name,transf,client,payoff,total
test_month_sac_gen_J_d_3,793.4455677596579,1468.334912,149.17516390639216,525.7141803339499
