name,transf,client,payoff,total
train_month_sac_gen_I_m_57,2062.742065527591,4306.918592,422.3108412815719,1821.8656851908372
