name,transf,client,payoff,total
train_month_sac_gen_I_x_233,-7303.666207772028,4306.918592,418.1773480201892,11192.407451751838
