name,transf,client,payoff,total
test_month_sac_gen_a_12,893.8927263702841,1488.30912,159.56135988924024,434.85503374047556
