name,transf,client,payoff,total,sessions
test_6month_sac_gen_j_274,3040.659559602642,9929.387430399998,886.8210602299855,6001.9068105673705,df_elaad_preproc_l6months.csv
