name,transf,client,payoff,total
train_month_sac_c_181,1094.8446136737168,2289.492687923877,157.2012507240518,1037.4468235261083
