name,transf,client,payoff,total
test_month_sac_gen_I_v_474,687.6793912199914,1468.334912,149.17516390639216,631.4803568736164
