name,transf,client,payoff,total,sessions
test_6month_sac_pred_noise_4b_127,3148.4787061694824,9929.387430399998,891.2211003728393,5889.687623857677,df_elaad_preproc_l6months.csv
