name,transf,client,payoff,total
test_month_sac_c_936,1029.717738733753,1469.5622144,135.21440678133106,304.6300688849158
