name,transf,client,payoff,total
val_month_sac_gen_J_g_354,636.9068144126236,1488.30912,159.56135988924024,691.840945698136
