name,transf,client,payoff,total
val_month_sac_gen_I_p_339,706.6074418509529,1488.30912,159.56135988924024,622.1403182598067
