name,transf,client,payoff,total
train_month_sac_gen_J_j_333,1848.4554196716208,4306.918592,422.3108412815719,2036.1523310468074
