name,transf,client,payoff,total
train_month_sac_gen_J_f_419,1986.138091614249,4306.918592,422.3108412815719,1898.4696591041793
