name,transf,client,payoff,total
val_month_sac_gen_I_t_118,706.374661480043,1488.30912,159.56135988924024,622.3730986307166
