name,transf,client,payoff,total
val_month_sac_gen_J_n_393,581.628408891633,1488.30912,159.56135988924024,747.1193512191267
