name,transf,client,payoff,total
train_month_sac_gen_I_p_22,2351.9002313119317,4306.918592,422.3108412815719,1532.7075194064964
