name,transf,client,payoff,total
val_month_sac_gen_I_h_181,649.1458581819554,1488.30912,159.56135988924024,679.6019019288042
