name,transf,client,payoff,total
train_month_sac_gen_J_i_348,1962.4977333971945,4306.918592,422.3108412815719,1922.1100173212335
