name,transf,client,payoff,total,sessions
test_6month_sac_pred_noise_5c_80,3585.857267632624,9929.387430399998,881.6875054342313,5461.8426573331435,df_elaad_preproc_l6months.csv
