name,transf,client,payoff,total
test_month_sac_gen_J_g_353,677.090401005216,1468.334912,149.17516390639216,642.0693470883919
