name,transf,client,payoff,total
train_month_sac_gen_J_c_82,2204.2634674504184,4306.918592,422.3108412815719,1680.3442832680098
