name,transf,client,payoff,total
test_month_sac_gen_J_q_59,714.9095477960636,1468.334912,149.17516390639216,604.2502002975442
