name,transf,client,payoff,total
train_month_sac_gen_I_z_390,300.98272539971356,4306.918592,422.4446435168645,3583.4912230834216
