name,transf,client,payoff,total
test_month_sac_gen_a_57,907.1309172276874,1488.30912,159.56135988924024,421.61684288307225
