name,transf,client,payoff,total,sessions
test_6month_sac_gen_4m_180,2808.813067699909,9929.387430399998,891.2211003728393,6229.35326232725,df_elaad_preproc_l6months.csv
