name,transf,client,payoff,total
test_month_sac_gen_J_p_16,715.9021147232072,1468.334912,149.17516390639216,603.2576333704006
