name,transf,client,payoff,total
val_month_sac_gen_J_s_442,531.5076033317398,1488.30912,155.96206259448996,800.8394540737702
