name,transf,client,payoff,total
test_month_sac_c_964,1022.9308538972898,1469.5622144,135.21440678133106,311.41695372137906
