name,transf,client,payoff,total
test_month_sac_gen_J_f_473,663.8839371900274,1468.334912,149.17516390639216,655.2758109035805
