name,transf,client,payoff,total
train_month_sac_gen_I_f_149,2125.1563144118136,4306.918592,421.11038371791597,1760.6518938702704
