name,transf,client,payoff,total
train_month_sac_gen_I_x_186,-6478.415697084065,4306.918592,426.30975616637795,10359.024532917687
