name,transf,client,payoff,total
train_month_sac_gen_I_b_409,1965.472386490696,4306.918592,422.3108412815719,1919.1353642277322
