name,transf,client,payoff,total
test_month_sac_gen_J_q_27,715.8225231133565,1468.334912,149.17516390639216,603.3372249802513
