name,transf,client,payoff,total
test_month_sac_gen_J_j_214,648.3348630160355,1468.334912,149.17516390639216,670.8248850775724
