name,transf,client,payoff,total
train_month_sac_gen_I_j_114,2101.9300995346575,4306.918592,422.3108412815719,1782.6776511837706
