name,transf,client,payoff,total,sessions
test_6month_sac_pred_noise_3e_178,5275.875998507425,9929.387430399998,889.2877424740021,3764.223689418571,df_elaad_preproc_l6months.csv
