name,transf,client,payoff,total,sessions
test_6month_sac_pred_noise_2b_191,3114.887869325148,9929.387430399998,897.4875555656347,5917.012005509216,df_elaad_preproc_l6months.csv
