name,transf,client,payoff,total
test_month_sac_gen_J_d_456,695.3966075938253,1468.334912,149.17516390639216,623.7631404997826
