name,transf,client,payoff,total
test_month_sac_gen_I_o_445,720.2923054179455,1468.334912,149.17516390639216,598.8674426756623
