name,transf,client,payoff,total
train_month_sac_gen_J_z_112,663.8305889281739,1488.30912,156.49512837024338,667.9834027015826
