name,transf,client,payoff,total,sessions
test_6month_sac_pred_noise_4e_37,5253.563457767104,9929.387430399998,891.2211003728393,3784.6028722600545,df_elaad_preproc_l6months.csv
