name,transf,client,payoff,total,sessions
test_6month_sac_pred_noise_1d_266,4516.7525210274525,9929.387430399998,893.2217503396156,4519.41315903293,df_elaad_preproc_l6months.csv
