name,transf,client,payoff,total
train_month_sac_gen_I_d_272,1988.3321549282612,4306.918592,422.3108412815719,1896.2755957901672
