name,transf,client,payoff,total
test_month_sac_gen_I_z_75,733.2945185419887,1468.334912,149.17516390639216,585.8652295516191
