name,transf,client,payoff,total
val_month_sac_gen_I_e_94,637.7199089452303,1488.30912,155.96206259448996,694.6271484602796
