name,transf,client,payoff,total,sessions
6month_sac_disagg_2o_ML,3229.4343810101254,9929.387430399998,886.8210602299855,5813.131989159887,df_elaad_preproc_l6months.csv
