name,transf,client,payoff,total
train_month_sac_gen_I_b_167,2005.122701697113,4306.918592,422.3108412815719,1879.4850490213153
