name,transf,client,payoff,total,sessions
test_6month_sac_gen_d_158,2784.030513214798,9929.387430399998,886.8210602299855,6258.535856955215,df_elaad_preproc_l6months.csv
