name,transf,client,payoff,total
val_month_sac_gen_I_n_297,599.1043745743721,1488.30912,159.56135988924024,729.6433855363875
