name,transf,client,payoff,total
val_month_sac_c_575,1822.4675282435683,2277.450960542104,145.3079860330326,309.6754462655031
