name,transf,client,payoff,total
val_month_sac_gen_I_j_350,655.26969490858,1488.30912,159.56135988924024,673.4780652021796
