name,transf,client,payoff,total,sessions
train_month_sac_pred_noise_a_259,517.1314096238057,1349.0472576000002,120.5876423452206,711.3282056309739,df_elaad_preproc_feb.csv
