name,transf,client,payoff,total
month_sac_IX_i,875.0013054804909,1469.5622144,137.34747423566603,457.21343468384293
