name,transf,client,payoff,total,sessions
test_6month_sac_pred_noise_2c_281,3689.7029274087213,9929.387430399998,897.4875555656347,5342.196947425642,df_elaad_preproc_l6months.csv
