name,transf,client,payoff,total
train_month_sac_gen_J_s_229,1858.1694047925162,4306.918592,423.64397626930685,2025.105210938177
