name,transf,client,payoff,total
train_month_sac_gen_J_s_310,1853.5667017557473,4306.918592,422.91102144627405,2030.440868797979
