name,transf,client,payoff,total
test_month_sac_gen_J_b_385,692.4804070045824,1468.334912,149.17516390639216,626.6793410890255
