name,transf,client,payoff,total
train_month_sac_gen_J_t_390,2011.9673471708682,4306.918592,417.9096673275943,1877.0415775015372
