name,transf,client,payoff,total
val_month_sac_gen_J_a_106,663.2066871269965,1488.30912,159.56135988924024,665.5410729837631
