name,transf,client,payoff,total
val_month_sac_gen_I_a_18,727.4191245901568,1488.30912,159.56135988924024,601.3286355206028
