name,transf,client,payoff,total,sessions
6month_sac_disagg_2n_P,2916.6917587801004,9929.387430399998,886.8210602299855,6125.874611389912,df_elaad_preproc_l6months.csv
