name,transf,client,payoff,total
test_month_sac_gen_I_f_433,721.3720225289047,1468.334912,147.8419170286109,599.1209724424843
