name,transf,client,payoff,total,sessions
test_6month_sac_gen_f_205,2865.0882137852855,9929.387430399998,886.8210602299855,6177.478156384726,df_elaad_preproc_l6months.csv
