name,transf,client,payoff,total
train_month_sac_gen_J_u_456,1835.0730019620535,4306.918592,418.6443682491681,2053.2012217887786
