name,transf,client,payoff,total
train_month_sac_gen_I_a_99,2121.4063773026783,4306.918592,422.3108412815719,1763.20137341575
