name,transf,client,payoff,total,sessions
test_6month_sac_gen_4m_91,2960.1682463003726,9929.387430399998,886.8210602299855,6082.39812386964,df_elaad_preproc_l6months.csv
