name,transf,client,payoff,total
val_month_sac_gen_J_p_146,653.0899476979037,1488.30912,159.56135988924024,675.657812412856
