name,transf,client,payoff,total
val_month_sac_gen_I_o_371,697.2382397740769,1488.30912,159.56135988924024,631.5095203366827
