name,transf,client,payoff,total,sessions
test_6month_sac_pred_noise_2e_95,5106.481696721859,9929.387430399998,897.4875555656347,3925.4181781125044,df_elaad_preproc_l6months.csv
