name,transf,client,payoff,total
val_month_sac_gen_I_q_277,741.7183210814541,1488.30912,159.56135988924024,587.0294390293056
