name,transf,client,payoff,total,sessions
test_6month_sac_gen_1m_76,3195.721067382706,9929.387430399998,893.2217503396156,5840.444612677676,df_elaad_preproc_l6months.csv
