name,transf,client,payoff,total
val_month_sac_gen_J_v_59,669.7153266878654,1488.30912,155.96206259448996,662.6317307176446
