name,transf,client,payoff,total
val_month_sac_gen_J_r_354,632.3750503334055,1488.30912,159.56135988924024,696.3727097773542
