name,transf,client,payoff,total,sessions
test_6month_sac_pred_noise_5e_186,5087.770187281094,9929.387430399998,881.6875054342313,3959.929737684673,df_elaad_preproc_l6months.csv
