name,transf,client,payoff,total
val_month_sac_gen_J_m_156,627.2776075815817,1488.30912,159.56135988924024,701.470152529178
