name,transf,client,payoff,total
train_month_sac_gen_I_q_109,2298.7448901193884,4306.918592,422.3108412815719,1585.8628605990398
