name,transf,client,payoff,total
test_month_sac_gen_I_v_393,693.2793399407523,1468.334912,149.17516390639216,625.8804081528556
