name,transf,client,payoff,total
val_month_sac_gen_I_t_421,674.1474980953589,1488.30912,159.56135988924024,654.6002620154009
