name,transf,client,payoff,total,sessions
test_6month_sac_pred_noise_1b_90,3168.843547459731,9929.387430399998,893.2217503396156,5867.3221326006515,df_elaad_preproc_l6months.csv
