name,transf,client,payoff,total,sessions
test_6month_sac_pred_noise_5a_73,3009.279022041832,9929.387430399998,881.6875054342313,6038.4209029239355,df_elaad_preproc_l6months.csv
