name,transf,client,payoff,total,sessions
test_6month_sac_gen_1m_108,3050.1641307390187,9929.387430399998,893.2217503396156,5986.001549321364,df_elaad_preproc_l6months.csv
