name,transf,client,payoff,total
test_month_sac_gen_I_u_29,747.3441547640296,1468.334912,149.17516390639216,571.8155933295783
