name,transf,client,payoff,total
test_month_sac_gen_J_b_180,700.8731119499007,1468.334912,149.17516390639216,618.2866361437071
