name,transf,client,payoff,total
test_month_sac_gen_I_f_381,728.2647552271146,1468.334912,147.8419170286109,592.2282397442746
