name,transf,client,payoff,total
val_month_sac_gen_J_l_451,588.7667440132253,1488.30912,159.56135988924024,739.9810160975344
