name,transf,client,payoff,total
train_month_sac_gen_I_n_411,1883.4787029816225,4306.918592,422.3108412815719,2001.1290477368057
