name,transf,client,payoff,total
train_month_sac_gen_J_o_164,2043.1124697380076,4306.918592,422.3108412815719,1841.4952809804208
