name,transf,client,payoff,total,sessions
test_6month_sac_gen_h_125,2922.417556969139,9929.387430399998,886.8210602299855,6120.148813200874,df_elaad_preproc_l6months.csv
