name,transf,client,payoff,total
train_month_sac_gen_I_o_224,2144.769865917493,4306.918592,422.3108412815719,1739.8378848009352
