name,transf,client,payoff,total,sessions
test_6month_sac_pred_noise_4e_107,5129.239685091793,9929.387430399998,891.2211003728393,3908.926644935366,df_elaad_preproc_l6months.csv
