name,transf,client,payoff,total
test_month_sac_gen_I_f_458,725.6514077198157,1468.334912,147.8419170286109,594.8415872515734
