name,transf,client,payoff,total,sessions
test_6month_sac_pred_noise_5a_92,3039.1678534155108,9929.387430399998,881.6875054342313,6008.532071550257,df_elaad_preproc_l6months.csv
