name,transf,client,payoff,total
test_month_sac_gen_J_p_450,657.9902200844077,1468.334912,149.17516390639216,661.1695280092001
