name,transf,client,payoff,total,sessions
test_6month_sac_gen_2o_149,2871.8679534903567,9929.387430399998,886.8210602299855,6170.698416679656,df_elaad_preproc_l6months.csv
