name,transf,client,payoff,total
val_month_sac_gen_J_b_133,662.0741499024766,1488.30912,159.56135988924024,666.673610208283
