name,transf,client,payoff,total,sessions
test_6month_sac_gen_g_223,2858.3684821048073,9929.387430399998,886.8210602299855,6184.197888065206,df_elaad_preproc_l6months.csv
