name,transf,client,payoff,total,sessions
train_month_sac_gen_G_e_180,519.3939084846298,1349.0472576000002,122.52106554461088,707.1322835707595,df_elaad_preproc_feb.csv
