name,transf,client,payoff,total
val_month_sac_gen_J_i_352,636.8787033918371,1488.30912,159.56135988924024,691.8690567189226
