name,transf,client,payoff,total
test_month_sac_gen_I_d_174,668.7008724857878,1468.334912,149.17516390639216,650.45887560782
