name,transf,client,payoff,total
train_month_sac_gen_J_v_133,2123.8939729774793,4306.918592,417.9096673275943,1765.1149516949263
