name,transf,client,payoff,total
test_month_sac_gen_I_l_348,691.9139646344818,1468.334912,149.17516390639216,627.2457834591261
