name,transf,client,payoff,total,sessions
test_6month_sac_gen_j_137,2882.2479163859825,9929.387430399998,886.8210602299855,6160.31845378403,df_elaad_preproc_l6months.csv
