name,transf,client,payoff,total
train_month_sac_gen_J_a_300,1998.0815344739676,4306.918592,422.3108412815719,1886.5262162444606
