name,transf,client,payoff,total
val_month_sac_gen_I_r_445,590.6126405431291,1488.30912,159.56135988924024,738.1351195676305
