name,transf,client,payoff,total
test_month_sac_gen_I_d_457,666.1683358126247,1468.334912,149.17516390639216,652.9914122809831
