name,transf,client,payoff,total
test_month_sac_gen_J_u_71,628.9970326221638,1468.334912,148.50825484764397,690.8296245301922
