name,transf,client,payoff,total
test_month_sac_gen_I_m_392,665.8504947574612,1468.334912,149.17516390639216,653.3092533361466
