name,transf,client,payoff,total,sessions
test_6month_sac_pred_noise_2b_252,3112.319636252262,9929.387430399998,897.4875555656347,5919.580238582102,df_elaad_preproc_l6months.csv
