name,transf,client,payoff,total,sessions
test_6month_sac_gen_j_5,4302.306360628819,9929.387430399998,886.8210602299855,4740.260009541194,df_elaad_preproc_l6months.csv
