name,transf,client,payoff,total
test_month_sac_c_29,1795.1151817878695,2289.492687923877,157.2012507240518,337.1762554119557
