name,transf,client,payoff,total
test_month_sac_c_539,1013.0588459046371,1469.5622144,135.21440678133106,321.28896171403176
