name,transf,client,payoff,total,sessions
6month_sac_disagg_3b_LD,3060.6046733829144,9929.387430399998,889.2877424740021,5979.495014543082,df_elaad_preproc_l6months.csv
