name,transf,client,payoff,total
train_month_sac_gen_I_d_253,1988.0418421555582,4306.918592,422.3108412815719,1896.56590856287
