name,transf,client,payoff,total
test_month_sac_gen_J_n_334,660.2638980301815,1468.334912,149.17516390639216,658.8958500634263
