name,transf,client,payoff,total,sessions
test_6month_sac_pred_noise_3d_154,4649.040507721459,9929.387430399998,889.2877424740021,4391.059180204537,df_elaad_preproc_l6months.csv
