name,transf,client,payoff,total
val_month_sac_gen_J_n_465,571.0165295824661,1488.30912,159.56135988924024,757.7312305282935
