name,transf,client,payoff,total,sessions
test_6month_sac_pred_noise_5d_265,4723.912206411322,9929.387430399998,881.6875054342313,4323.787718554446,df_elaad_preproc_l6months.csv
