name,transf,client,payoff,total
test_month_sac_gen_J_z_181,615.0972575536296,1468.334912,148.50825484764397,704.7293995987266
