name,transf,client,payoff,total,sessions
test_6month_sac_gen_1m_3,4105.028298860437,9929.387430399998,886.8210602299855,4937.5380713095765,df_elaad_preproc_l6months.csv
