name,transf,client,payoff,total
val_month_sac_gen_d_6,688.8312940843265,1349.0472576000002,118.32161810264896,541.8943454130248
