name,transf,client,payoff,total
train_month_sac_gen_J_x_77,1047.4848160832553,1469.5622144,142.094741946743,279.9826563700016
