name,transf,client,payoff,total
test_month_sac_gen_J_w_465,583.3767802805585,1468.334912,148.50825484764397,736.4498768717976
