name,transf,client,payoff,total
train_month_sac_gen_I_n_87,1965.0116243645796,4306.918592,422.3108412815719,1919.5961263538484
