name,transf,client,payoff,total
train_month_sac_gen_J_t_364,2012.3218582507175,4306.918592,417.9096673275943,1876.687066421688
