name,transf,client,payoff,total
train_month_sac_gen_J_c_260,2084.4737261066284,4306.918592,422.3108412815719,1800.1340246117998
