name,transf,client,payoff,total,sessions
test_6month_sac_pred_noise_4c_145,3591.6298726094633,9929.387430399998,891.2211003728393,5446.5364574176965,df_elaad_preproc_l6months.csv
