name,transf,client,payoff,total
train_month_sac_gen_J_t_126,2089.413384551099,4306.918592,417.9096673275943,1799.5955401213064
