name,transf,client,payoff,total
test_month_sac_gen_I_v_33,709.8645006499273,1468.334912,149.17516390639216,609.2952474436805
