name,transf,client,payoff,total
val_month_sac_gen_I_m_336,628.6579601427011,1488.30912,159.56135988924024,700.0897999680585
