name,transf,client,payoff,total
train_month_sac_gen_J_g_383,2004.3733046225866,4306.918592,422.3108412815719,1880.2344460958416
