name,transf,client,payoff,total
val_month_sac_gen_I_w_396,659.8760201431752,1488.30912,159.56135988924024,668.8717399675845
