name,transf,client,payoff,total
train_month_sac_gen_J_k_234,1812.8179190654566,4306.918592,422.3108412815719,2071.7898316529718
