name,transf,client,payoff,total,sessions
test_6month_sac_pred_noise_5b_49,3184.064909727631,9929.387430399998,881.6875054342313,5863.6350152381365,df_elaad_preproc_l6months.csv
