name,transf,client,payoff,total
train_month_sac_gen_J_x_16,716.366663357099,1349.0472576000002,120.52077346518433,512.1598207777168
