name,transf,client,payoff,total
test_month_sac_gen_I_i_361,707.1389404348683,1468.334912,149.17516390639216,612.0208076587395
