name,transf,client,payoff,total
train_month_sac_gen_J_b_198,2033.6391825265098,4306.918592,422.3108412815719,1850.9685681919182
