name,transf,client,payoff,total,sessions
test_6month_sac_pred_noise_3c_140,3623.9151630421725,9929.387430399998,889.2877424740021,5416.1845248838235,df_elaad_preproc_l6months.csv
