name,transf,client,payoff,total
train_month_sac_gen_J_e_496,2028.409520543566,4306.918592,422.3108412815719,1856.1982301748621
