name,transf,client,payoff,total
test_month_sac_gen_I_d_497,682.1846672273512,1468.334912,149.17516390639216,636.9750808662567
