name,transf,client,payoff,total
train_month_sac_gen_I_f_419,2068.4834986430433,4306.918592,421.11038371791597,1817.3247096390407
