name,transf,client,payoff,total
val_month_sac_gen_J_b_340,641.1691186324225,1488.30912,159.56135988924024,687.5786414783372
