name,transf,client,payoff,total,sessions
test_6month_sac_gen_5l_81,2993.4408848715893,9929.387430399998,886.8210602299855,6049.125485298424,df_elaad_preproc_l6months.csv
