name,transf,client,payoff,total
test_month_sac_gen_I_w_223,661.5969396115446,1468.334912,149.17516390639216,657.5628084820632
