name,transf,client,payoff,total,sessions
test_6month_sac_pred_noise_4a_194,2768.822738532411,9929.387430399998,891.2211003728393,6269.343591494748,df_elaad_preproc_l6months.csv
