name,transf,client,payoff,total
test_month_sac_gen_I_d_117,675.8124027719458,1468.334912,149.17516390639216,643.347345321662
