name,transf,client,payoff,total
val_month_sac_c_565,1825.1626224290376,2277.450960542104,145.3079860330326,306.9803520800338
