name,transf,client,payoff,total
val_month_sac_gen_I_q_369,736.7949069053286,1488.30912,159.56135988924024,591.952853205431
