name,transf,client,payoff,total
val_month_sac_gen_J_h_408,659.023592760868,1488.30912,159.56135988924024,669.7241673498916
