name,transf,client,payoff,total
test_month_sac_gen_J_b_465,693.8536958473439,1468.334912,149.17516390639216,625.3060522462639
