name,transf,client,payoff,total
val_month_sac_gen_I_b_452,617.8000269258249,1488.30912,159.56135988924024,710.9477331849348
