name,transf,client,payoff,total
test_month_sac_gen_J_g_264,684.4085845794132,1468.334912,149.17516390639216,634.7511635141947
