name,transf,client,payoff,total
train_month_sac_gen_I_z_108,383.29563438736443,4306.918592,418.6438576469184,3504.979099965717
