name,transf,client,payoff,total
train_month_sac_gen_I_c_209,2096.2679232215937,4306.918592,422.3108412815719,1788.3398274968345
