name,transf,client,payoff,total
train_month_sac_gen_I_j_13,2586.837047720489,4306.918592,422.3108412815719,1297.7707029979392
