name,transf,client,payoff,total,sessions
test_6month_sac_gen_d_138,2814.780583428889,9929.387430399998,886.8210602299855,6227.785786741124,df_elaad_preproc_l6months.csv
