name,transf,client,payoff,total
val_month_sac_gen_J_p_174,651.8044054284981,1488.30912,159.56135988924024,676.9433546822615
