name,transf,client,payoff,total
train_month_sac_gen_J_l_194,1868.4727278925866,4306.918592,422.3108412815719,2016.1350228258416
