name,transf,client,payoff,total
val_month_sac_gen_J_d_326,648.8989715433287,1488.30912,159.56135988924024,679.848788567431
