name,transf,client,payoff,total
val_month_sac_gen_I_w_64,712.1661705707768,1488.30912,159.56135988924024,616.5815895399828
