name,transf,client,payoff,total
train_month_sac_gen_J_r_72,2096.3168482306346,4306.918592,422.3108412815719,1788.2909024877936
