name,transf,client,payoff,total
month_sac_IX_j,1074.2082629557165,1469.5622144,138.41426367662484,256.9396877676586
