name,transf,client,payoff,total
val_month_sac_c_188,1874.435399148314,2277.450960542104,145.3079860330326,257.7075753607574
