name,transf,client,payoff,total
train_month_sac_gen_I_v_281,-164.15157929297425,4306.918592,422.4446550408056,4048.6255162521684
