name,transf,client,payoff,total
val_month_sac_gen_J_c_456,650.4354016394085,1488.30912,159.56135988924024,678.3123584713512
