name,transf,client,payoff,total,sessions
test_6month_sac_pred_noise_5b_186,3100.357333490392,9929.387430399998,881.6875054342313,5947.342591475375,df_elaad_preproc_l6months.csv
