name,transf,client,payoff,total
val_month_sac_gen_J_w_231,563.1284080128341,1488.30912,155.96206259448996,769.2186493926758
