name,transf,client,payoff,total
val_month_sac_gen_J_h_137,671.5407026056675,1488.30912,159.56135988924024,657.207057505092
