name,transf,client,payoff,total
train_month_sac_gen_I_f_329,2081.37503726693,4306.918592,421.11038371791597,1804.433171015154
