name,transf,client,payoff,total
train_month_sac_gen_e_9,1591.376155821732,2818.609472,261.7490484163678,965.4842677619002
