name,transf,client,payoff,total
train_month_sac_gen_J_t_123,2090.6404525314574,4306.918592,417.9096673275943,1798.3684721409481
