name,transf,client,payoff,total
test_month_sac_gen_J_u_277,607.8931087777587,1468.334912,148.50825484764397,711.9335483745974
