name,transf,client,payoff,total
test_month_sac_gen_f_21,732.8483414431043,1488.30912,159.56135988924024,595.8994186676553
