name,transf,client,payoff,total
val_month_sac_gen_J_e_441,652.7704691718232,1488.30912,159.56135988924024,675.9772909389364
