name,transf,client,payoff,total
test_month_sac_gen_I_u_92,707.4334190102377,1468.334912,149.17516390639216,611.7263290833702
