name,transf,client,payoff,total
val_month_sac_gen_G_b_12,761.7744282230684,1488.30912,159.09496226131247,567.439729515619
