name,transf,client,payoff,total
train_month_sac_gen_J_c_426,2030.3919057812436,4306.918592,422.3108412815719,1854.2158449371846
