name,transf,client,payoff,total
test_sac_c_89,7958.06889427806,18301.238246399997,1736.5228628156017,8606.646489306335
