name,transf,client,payoff,total
val_month_sac_gen_I_t_394,677.474915644475,1488.30912,159.56135988924024,651.2728444662846
