name,transf,client,payoff,total
train_month_sac_gen_J_p_396,1991.6968923801041,4306.918592,422.3108412815719,1892.910858338324
