name,transf,client,payoff,total
train_month_sac_gen_J_v_466,2020.4082677762615,4306.918592,417.9096673275943,1868.6006568961438
