name,transf,client,payoff,total
test_month_sac_gen_I_e_271,625.8040339688725,1468.334912,148.50825484764397,694.0226231834836
