name,transf,client,payoff,total
val_month_sac_gen_J_i_397,635.4464845132239,1488.30912,159.56135988924024,693.3012755975358
