name,transf,client,payoff,total
test_month_sac_gen_J_u_221,614.4845664529327,1468.334912,148.50825484764397,705.3420906994234
