name,transf,client,payoff,total
train_month_sac_gen_J_u_436,1836.0113866074385,4306.918592,417.1100852903447,2053.797120102217
