name,transf,client,payoff,total,sessions
test_6month_sac_pred_noise_1b_170,3026.9653518011837,9929.387430399998,893.2217503396156,6009.200328259199,df_elaad_preproc_l6months.csv
