name,transf,client,payoff,total
val_month_sac_gen_J_p_406,634.5742180647012,1488.30912,159.56135988924024,694.1735420460584
