name,transf,client,payoff,total
train_month_sac_gen_I_f_371,2071.858298564964,4306.918592,421.11038371791597,1813.94990971712
