name,transf,client,payoff,total
test_month_sac_gen_J_w_406,583.7007593090065,1468.334912,148.50825484764397,736.1258978433495
