name,transf,client,payoff,total
test_month_sac_gen_I_l_263,700.5057805885369,1468.334912,149.17516390639216,618.6539675050709
