name,transf,client,payoff,total
val_month_sac_gen_I_e_420,603.3197669951878,1488.30912,155.96206259448996,729.0272904103222
