name,transf,client,payoff,total,sessions
test_6month_sac_gen_2o_78,3004.0684054623766,9929.387430399998,886.8210602299855,6038.497964707636,df_elaad_preproc_l6months.csv
