name,transf,client,payoff,total,sessions
test_6month_sac_pred_noise_3c_149,3633.9015892558496,9929.387430399998,889.2877424740021,5406.198098670147,df_elaad_preproc_l6months.csv
