name,transf,client,payoff,total
train_month_sac_gen_J_t_405,2011.7708386465579,4306.918592,417.9096673275943,1877.2380860258477
