name,transf,client,payoff,total
val_month_sac_gen_G_a_204,636.4179354053307,1488.30912,155.96206259448996,695.9291220001792
