name,transf,client,payoff,total
train_month_sac_gen_I_p_366,2181.387017270041,4306.918592,422.3108412815719,1703.2207334483874
