name,transf,client,payoff,total
val_month_sac_gen_I_y_78,685.3450595987541,1488.30912,159.56135988924024,643.4027005120056
