name,transf,client,payoff,total
test_month_sac_gen_I_k_87,744.0125001814592,1468.334912,149.17516390639216,575.1472479121486
