name,transf,client,payoff,total,sessions
test_6month_sac_pred_noise_1a_124,2918.622021637145,9929.387430399998,893.2217503396156,6117.5436584232375,df_elaad_preproc_l6months.csv
