name,transf,client,payoff,total
test_month_sac_gen_J_j_75,685.0169845327837,1468.334912,149.17516390639216,634.1427635608242
