name,transf,client,payoff,total
val_month_sac_gen_I_l_424,637.6586438477875,1488.30912,159.56135988924024,691.0891162629721
