name,transf,client,payoff,total
train_month_sac_gen_I_u_49,147.00449090074574,4306.918592,422.3108412815719,3737.6032598176826
