name,transf,client,payoff,total,sessions
test_6month_sac_pred_noise_3b_181,3083.9945553594775,9929.387430399998,889.2877424740021,5956.105132566519,df_elaad_preproc_l6months.csv
