name,transf,client,payoff,total,sessions
test_6month_sac_gen_d_98,2856.2275492461567,9929.387430399998,886.8210602299855,6186.3388209238565,df_elaad_preproc_l6months.csv
