name,transf,client,payoff,total
val_sac_gen_a_14,15977.274121552182,30125.305835959498,1762.9897063291792,12385.042008078137
