name,transf,client,payoff,total
month_sac_IX_a,1113.4843073358406,1469.5622144,137.61506356206564,218.46284350209362
