name,transf,client,payoff,total
train_month_sac_gen_d_31,1365.1388750544538,1469.5622144,143.69483367245766,-39.27149432691158
