name,transf,client,payoff,total,sessions
test_6month_sac_gen_1m_12,4230.464501720761,9929.387430399998,886.8210602299855,4812.101868449252,df_elaad_preproc_l6months.csv
