name,transf,client,payoff,total
test_month_sac_gen_J_h_429,719.6678309334333,1468.334912,149.17516390639216,599.4919171601746
