name,transf,client,payoff,total
train_month_sac_gen_J_k_404,1762.2333977821786,4306.918592,422.3108412815719,2122.3743529362496
