name,transf,client,payoff,total,sessions
test_6month_sac_gen_2o_193,2898.4594132932225,9929.387430399998,886.8210602299855,6144.106956876791,df_elaad_preproc_l6months.csv
