name,transf,client,payoff,total
test_month_sac_gen_I_j_90,768.7168133649814,1468.334912,149.17516390639216,550.4429347286265
