name,transf,client,payoff,total
val_month_sac_gen_J_q_413,639.9653996170255,1488.30912,159.56135988924024,688.7823604937341
