name,transf,client,payoff,total
train_month_sac_gen_J_b_349,2005.782439483506,4306.918592,422.3108412815719,1878.825311234922
