name,transf,client,payoff,total
train_month_sac_gen_I_u_116,-20.52985119730272,4306.918592,422.3108412815719,3905.1376019157306
