name,transf,client,payoff,total,sessions
6month_sac_disagg_4d_MD,4402.496226953879,9929.387430399998,891.2211003728393,4635.67010307328,df_elaad_preproc_l6months.csv
