name,transf,client,payoff,total
month_sac_IX_a,1108.2915509531927,1469.5622144,137.681072947074,223.58959049973325
