name,transf,client,payoff,total
test_month_sac_c_919,1011.3440209108026,1469.5622144,135.21440678133106,323.0037867078663
