name,transf,client,payoff,total
test_month_sac_gen_I_r_385,639.7235828033693,1468.334912,149.17516390639216,679.4361652902386
