name,transf,client,payoff,total
test_month_sac_gen_I_g_316,837.89965127552,1468.334912,149.17516390639216,481.26009681808785
