name,transf,client,payoff,total
val_month_sac_gen_I_a_211,663.9424511809558,1488.30912,159.56135988924024,664.8053089298039
