name,transf,client,payoff,total
train_month_sac_gen_I_j_134,2089.0368590033327,4306.918592,422.3108412815719,1795.5708917150955
