name,transf,client,payoff,total
test_month_sac_gen_J_r_99,711.6225685727181,1468.334912,149.17516390639216,607.5371795208897
