name,transf,client,payoff,total
val_month_sac_gen_J_m_298,604.3335566554259,1488.30912,159.56135988924024,724.4142034553338
