name,transf,client,payoff,total,sessions
test_6month_sac_gen_2m_191,2973.496866582458,9929.387430399998,886.8210602299855,6069.069503587554,df_elaad_preproc_l6months.csv
