name,transf,client,payoff,total
train_month_sac_gen_J_d_245,2049.205965234941,4306.918592,422.3108412815719,1835.4017854834874
