name,transf,client,payoff,total
train_month_sac_gen_J_c_164,2124.1167385950416,4306.918592,422.3108412815719,1760.4910121233866
