name,transf,client,payoff,total,sessions
test_6month_sac_gen_j_239,2991.653620022747,9929.387430399998,886.8210602299855,6050.912750147265,df_elaad_preproc_l6months.csv
