name,transf,client,payoff,total
test_month_sac_gen_J_g_138,690.5227062962808,1468.334912,149.17516390639216,628.637041797327
