name,transf,client,payoff,total
test_month_sac_gen_I_k_74,741.3760524032449,1468.334912,149.17516390639216,577.783695690363
