name,transf,client,payoff,total,sessions
test_6month_sac_pred_noise_3a_120,2931.8177186652847,9929.387430399998,889.2877424740021,6108.281969260712,df_elaad_preproc_l6months.csv
