name,transf,client,payoff,total
test_month_sac_gen_I_w_42,696.8031479858912,1468.334912,149.17516390639216,622.3566001077166
