name,transf,client,payoff,total
train_month_sac_gen_J_q_381,2002.681796755965,4306.918592,422.3108412815719,1881.9259539624632
