name,transf,client,payoff,total
test_month_sac_gen_I_p_22,788.5238015552442,1468.334912,149.17516390639216,530.6359465383637
