name,transf,client,payoff,total
val_month_sac_gen_I_v_480,644.2867124302275,1488.30912,159.56135988924024,684.4610476805321
