name,transf,client,payoff,total
val_month_sac_gen_I_a_172,671.00491190861,1488.30912,159.56135988924024,657.7428482021496
