name,transf,client,payoff,total
test_month_sac_gen_I_l_305,697.14276731123,1468.334912,149.17516390639216,622.0169807823778
