name,transf,client,payoff,total
val_month_sac_gen_J_g_200,652.7867318609542,1488.30912,159.56135988924024,675.9610282498054
