name,transf,client,payoff,total
val_month_sac_gen_J_n_286,606.5631930242401,1488.30912,159.56135988924024,722.1845670865196
