name,transf,client,payoff,total
train_month_sac_gen_I_t_280,1963.561595342736,4306.918592,421.7766900916413,1921.5803065656228
