name,transf,client,payoff,total,sessions
test_6month_sac_gen_1m_139,2973.3380213019673,9929.387430399998,893.2217503396156,6062.827658758415,df_elaad_preproc_l6months.csv
