name,transf,client,payoff,total
test_month_sac_gen_J_l_496,661.713970960175,1468.334912,149.17516390639216,657.4457771334329
