name,transf,client,payoff,total
train_month_sac_gen_I_g_333,2485.950776043981,4306.918592,422.3108412815719,1398.6569746744472
