name,transf,client,payoff,total,sessions
test_6month_sac_gen_2o_196,2899.25070914719,9929.387430399998,886.8210602299855,6143.315661022823,df_elaad_preproc_l6months.csv
