name,transf,client,payoff,total
train_month_sac_gen_I_i_252,2066.611879841645,4306.918592,422.3108412815719,1817.995870876783
