name,transf,client,payoff,total
train_month_sac_gen_I_j_370,2018.4077614379519,4306.918592,422.3108412815719,1866.199989280476
