name,transf,client,payoff,total
val_month_sac_gen_I_d_278,631.7805318677272,1488.30912,159.56135988924024,696.9672282430324
