name,transf,client,payoff,total
test_month_sac_gen_I_k_37,730.9900324279699,1468.334912,149.17516390639216,588.1697156656379
