name,transf,client,payoff,total
train_month_sac_gen_I_u_368,-128.7976180015894,4306.918592,422.3108412815719,4013.4053687200176
