name,transf,client,payoff,total
test_month_sac_gen_J_m_491,655.5537253896603,1468.334912,149.17516390639216,663.6060227039476
