name,transf,client,payoff,total
val_month_sac_c_855,1839.74450325885,2277.450960542104,145.3079860330326,292.39847125022135
