name,transf,client,payoff,total
test_month_sac_gen_I_a_182,705.4594135781377,1468.334912,149.17516390639216,613.7003345154701
