name,transf,client,payoff,total
train_month_sac_gen_J_u_173,1946.8336165239177,4306.918592,421.1110042886655,1938.9739711874165
