name,transf,client,payoff,total,sessions
test_6month_sac_pred_noise_1c_58,3677.632006949658,9929.387430399998,893.2217503396156,5358.5336731107245,df_elaad_preproc_l6months.csv
