name,transf,client,payoff,total
train_month_sac_gen_I_y_355,104.44428644940159,4306.918592,422.8436808672951,3779.6306246833037
