name,transf,client,payoff,total
val_sac_c_41,14918.488820508017,30125.305835959498,1762.9897063291792,13443.827309122302
