name,transf,client,payoff,total
test_month_sac_gen_J_f_207,669.6248391079703,1468.334912,149.17516390639216,649.5349089856376
