name,transf,client,payoff,total,sessions
test_6month_sac_pred_noise_3c_89,3494.4341432215624,9929.387430399998,889.2877424740021,5545.665544704434,df_elaad_preproc_l6months.csv
