name,transf,client,payoff,total
test_month_sac_gen_I_r_17,708.9168731061928,1468.334912,149.17516390639216,610.242874987415
