name,transf,client,payoff,total
train_month_sac_gen_I_f_79,2205.7644373520757,4306.918592,421.11038371791597,1680.0437709300083
