name,transf,client,payoff,total
test_month_sac_gen_I_a_469,701.2569270557725,1468.334912,149.17516390639216,617.9028210378353
