name,transf,client,payoff,total
train_month_sac_gen_J_y_102,970.5535197123548,1469.5622144,140.0274256395942,358.9812690480509
