name,transf,client,payoff,total,sessions
test_6month_sac_pred_noise_4d_64,4658.796732652978,9929.387430399998,891.2211003728393,4379.3695973741815,df_elaad_preproc_l6months.csv
