name,transf,client,payoff,total
train_month_sac_gen_I_n_453,1880.4374301392008,4306.918592,422.3108412815719,2004.1703205792273
