name,transf,client,payoff,total
test_month_sac_gen_J_m_3,925.2249881854159,1468.334912,149.17516390639216,393.93475990819195
