name,transf,client,payoff,total,sessions
test_6month_sac_pred_noise_1a_245,2965.2811305587065,9929.387430399998,893.2217503396156,6070.884549501676,df_elaad_preproc_l6months.csv
