name,transf,client,payoff,total
train_month_sac_gen_J_o_190,2039.840159499117,4306.918592,422.3108412815719,1844.7675912193113
