name,transf,client,payoff,total
test_month_sac_gen_J_p_466,668.1666465920327,1468.334912,149.17516390639216,650.9931015015751
