name,transf,client,payoff,total,sessions
6month_sac_disagg_2c_P,3490.876057673651,9929.387430399998,897.4875555656347,5541.0238171607125,df_elaad_preproc_l6months.csv
