name,transf,client,payoff,total
val_month_sac_gen_J_j_27,707.518564030815,1488.30912,159.56135988924024,621.2291960799446
