name,transf,client,payoff,total,sessions
test_6month_sac_pred_noise_3b_89,3172.5356419954037,9929.387430399998,889.2877424740021,5867.564045930592,df_elaad_preproc_l6months.csv
