name,transf,client,payoff,total
test_month_sac_gen_I_i_358,710.8176604632026,1468.334912,149.17516390639216,608.3420876304052
