name,transf,client,payoff,total,sessions
test_6month_sac_pred_noise_4a_28,3194.526613995443,9929.387430399998,891.2211003728393,5843.6397160317165,df_elaad_preproc_l6months.csv
