name,transf,client,payoff,total
train_month_sac_gen_J_a_188,2023.6506806486782,4306.918592,422.3108412815719,1860.95707006975
