name,transf,client,payoff,total
val_month_sac_gen_I_k_296,648.7791417090789,1488.30912,159.56135988924024,679.9686184016807
