name,transf,client,payoff,total,sessions
test_6month_sac_gen_3l_212,2791.701439301558,9929.387430399998,886.8210602299855,6250.864930868454,df_elaad_preproc_l6months.csv
