name,transf,client,payoff,total
test_month_sac_gen_I_l_337,696.1386264213235,1468.334912,149.17516390639216,623.0211216722844
