name,transf,client,payoff,total
test_month_sac_gen_G_b_287,636.8490624036478,1468.334912,148.64140204911905,682.8444475472331
