name,transf,client,payoff,total
train_month_sac_gen_J_r_352,2001.2529457411442,4306.918592,422.3108412815719,1883.354804977284
