name,transf,client,payoff,total
train_month_sac_gen_I_y_264,250.63065288768573,4306.918592,418.97733031155303,3637.310608800761
