name,transf,client,payoff,total
train_month_sac_gen_J_e_309,2019.0791579498234,4306.918592,422.3108412815719,1865.5285927686045
