name,transf,client,payoff,total
train_month_sac_gen_J_a_446,1982.338678127382,4306.918592,422.3108412815719,1902.269072591046
