name,transf,client,payoff,total
test_month_sac_gen_I_i_467,715.3412193785574,1468.334912,149.17516390639216,603.8185287150504
