name,transf,client,payoff,total,sessions
test_6month_sac_gen_2m_136,2930.054983903085,9929.387430399998,897.4875555656347,6101.844890931279,df_elaad_preproc_l6months.csv
