name,transf,client,payoff,total
train_month_sac_gen_J_l_238,1851.3465011467822,4306.918592,422.3108412815719,2033.2612495716457
