name,transf,client,payoff,total
train_month_sac_gen_I_b_19,2248.9068871377713,4306.918592,422.3108412815719,1635.700863580657
