name,transf,client,payoff,total,sessions
test_6month_sac_gen_a_162,2968.565354856467,9929.387430399998,886.8210602299855,6074.001015313546,df_elaad_preproc_l6months.csv
