name,transf,client,payoff,total,sessions
test_6month_sac_pred_noise_3e_90,5295.775244612541,9929.387430399998,889.2877424740021,3744.3244433134546,df_elaad_preproc_l6months.csv
