name,transf,client,payoff,total
train_month_sac_gen_J_g_211,2043.3396890254692,4306.918592,422.3108412815719,1841.2680616929592
