name,transf,client,payoff,total
val_month_sac_gen_I_r_201,602.4418793792285,1488.30912,159.56135988924024,726.3058807315313
