name,transf,client,payoff,total
test_month_sac_gen_I_q_58,781.0864098434415,1468.334912,149.17516390639216,538.0733382501663
