name,transf,client,payoff,total
test_month_sac_gen_J_g_402,677.1644268935663,1468.334912,149.17516390639216,641.9953212000415
