name,transf,client,payoff,total
val_month_sac_gen_J_p_108,660.4222039732365,1488.30912,159.56135988924024,668.3255561375231
