name,transf,client,payoff,total,sessions
test_6month_sac_pred_noise_5a_109,2933.672093549347,9929.387430399998,881.6875054342313,6114.027831416421,df_elaad_preproc_l6months.csv
