name,transf,client,payoff,total,sessions
test_6month_sac_pred_noise_2b_86,3070.0442951838777,9929.387430399998,897.4875555656347,5961.855579650486,df_elaad_preproc_l6months.csv
