name,transf,client,payoff,total
val_month_sac_gen_J_v_371,598.1660967159482,1488.30912,155.96206259448996,734.1809606895617
