name,transf,client,payoff,total,sessions
test_month_sac_gen_G_c_293,1112.5928170362763,1468.334912,148.50825484764397,207.23384011607976,df_elaad_preproc_apr.csv
