name,transf,client,payoff,total
val_month_sac_gen_G_a_23,694.7797294308723,1488.30912,155.96206259448996,637.5673279746377
