name,transf,client,payoff,total
val_month_sac_gen_I_r_361,594.2264897822644,1488.30912,159.56135988924024,734.5212703284953
