name,transf,client,payoff,total
test_month_sac_gen_I_u_325,672.2457271388623,1468.334912,149.17516390639216,646.9140209547455
