name,transf,client,payoff,total
train_month_sac_gen_J_k_414,1758.5206928243779,4306.918592,422.3108412815719,2126.0870578940503
