name,transf,client,payoff,total,sessions
test_6month_sac_pred_noise_3c_35,3877.2677794084643,9929.387430399998,889.2877424740021,5162.831908517532,df_elaad_preproc_l6months.csv
