name,transf,client,payoff,total
test_month_sac_gen_G_b_199,657.7108925335705,1468.334912,148.64140204911905,661.9826174173105
