name,transf,client,payoff,total
train_month_sac_gen_J_q_330,2019.6055693811834,4306.918592,422.3108412815719,1865.002181337245
