name,transf,client,payoff,total
train_month_sac_gen_I_l_354,2013.1527606372267,4306.918592,422.3108412815719,1871.4549900812017
