name,transf,client,payoff,total
val_month_sac_gen_I_u_152,654.9492035894763,1488.30912,159.56135988924024,673.7985565212834
