name,transf,client,payoff,total
train_month_sac_gen_I_x_91,-7395.45896567229,4306.918592,416.2431547704197,11286.134402901871
