name,transf,client,payoff,total
train_month_sac_gen_I_x_407,-6904.739796550324,4306.918592,422.5773063992423,10789.081082151082
