name,transf,client,payoff,total,sessions
test_6month_sac_gen_5m_163,2901.562856015439,9929.387430399998,886.8210602299855,6141.003514154574,df_elaad_preproc_l6months.csv
