name,transf,client,payoff,total
train_month_sac_gen_I_n_361,1890.5295447613541,4306.918592,422.3108412815719,1994.0782059570738
