name,transf,client,payoff,total
val_month_sac_gen_I_l_414,637.851828011662,1488.30912,159.56135988924024,690.8959320990978
