name,transf,client,payoff,total
train_month_sac_gen_I_c_104,2135.3905622423777,4306.918592,422.3108412815719,1749.2171884760505
