name,transf,client,payoff,total
val_month_sac_gen_I_h_225,645.4462132236054,1488.30912,159.56135988924024,683.3015468871542
