name,transf,client,payoff,total
val_month_sac_gen_I_n_290,597.8401281081894,1488.30912,159.56135988924024,730.9076320025702
