name,transf,client,payoff,total
val_month_sac_gen_J_t_45,662.229206584867,1488.30912,155.96206259448996,670.1178508206428
