name,transf,client,payoff,total
test_month_sac_gen_d_78,830.4077350867711,1488.30912,159.56135988924024,498.3400250239885
