name,transf,client,payoff,total
test_month_sac_gen_J_w_400,583.0741988298978,1468.334912,148.50825484764397,736.7524583224583
