name,transf,client,payoff,total
val_month_sac_gen_J_q_57,692.202396604664,1488.30912,159.56135988924024,636.5453635060956
