name,transf,client,payoff,total
val_month_sac_gen_J_d_470,655.1374181440345,1488.30912,159.56135988924024,673.6103419667252
