name,transf,client,payoff,total,sessions
test_6month_sac_pred_noise_3e_185,5140.949510998054,9929.387430399998,889.2877424740021,3899.1501769279416,df_elaad_preproc_l6months.csv
