name,transf,client,payoff,total,sessions
test_6month_sac_gen_1l_149,2895.9926980030814,9929.387430399998,886.8210602299855,6146.573672166931,df_elaad_preproc_l6months.csv
