name,transf,client,payoff,total,sessions
test_6month_sac_gen_2o_117,2883.2131633397144,9929.387430399998,886.8210602299855,6159.3532068302975,df_elaad_preproc_l6months.csv
