name,transf,client,payoff,total
val_month_sac_gen_J_d_281,651.5422541842493,1488.30912,159.56135988924024,677.2055059265103
