name,transf,client,payoff,total
test_month_sac_gen_J_a_129,697.4497863074175,1468.334912,149.17516390639216,621.7099617861903
