name,transf,client,payoff,total
test_month_sac_gen_I_n_274,652.2388086768993,1468.334912,149.17516390639216,666.9209394167085
