name,transf,client,payoff,total
val_month_sac_gen_J_g_213,652.8928883348385,1488.30912,159.56135988924024,675.8548717759211
