name,transf,client,payoff,total
test_month_sac_gen_I_t_337,708.7278328779196,1468.334912,149.17516390639216,610.4319152156883
