name,transf,client,payoff,total
test_month_sac_gen_I_z_21,738.3966448647479,1468.334912,149.17516390639216,580.7631032288599
