name,transf,client,payoff,total
val_month_sac_gen_J_d_316,653.7234121295528,1488.30912,159.56135988924024,675.0243479812068
