name,transf,client,payoff,total,sessions
test_6month_sac_gen_2l_93,2984.502681007871,9929.387430399998,886.8210602299855,6058.063689162142,df_elaad_preproc_l6months.csv
