name,transf,client,payoff,total
val_month_sac_gen_J_i_424,637.8846717190813,1488.30912,159.56135988924024,690.8630883916783
