name,transf,client,payoff,total
test_month_sac_gen_I_q_312,773.8343872988722,1468.334912,149.17516390639216,545.3253607947356
