name,transf,client,payoff,total
train_month_sac_gen_I_v_175,54.72474054761585,4306.918592,422.4446435168645,3829.7492079355197
