name,transf,client,payoff,total
val_month_sac_gen_I_f_52,701.3577773085381,1488.30912,158.8282254603323,628.1231172311295
