name,transf,client,payoff,total,sessions
test_6month_sac_pred_noise_1c_234,3676.103120661647,9929.387430399998,893.2217503396156,5360.062559398735,df_elaad_preproc_l6months.csv
