name,transf,client,payoff,total
test_month_sac_gen_I_z_84,739.2219347099718,1468.334912,149.17516390639216,579.937813383636
