name,transf,client,payoff,total
train_month_sac_gen_I_k_437,1997.6172379612622,4306.918592,422.3108412815719,1886.990512757166
