name,transf,client,payoff,total
test_month_sac_gen_J_d_265,707.4697095523284,1468.334912,149.17516390639216,611.6900385412795
