name,transf,client,payoff,total
test_month_sac_gen_I_y_243,680.86033642003,1468.334912,149.17516390639216,638.2994116735779
