name,transf,client,payoff,total
test_month_sac_gen_I_k_289,689.7048759476072,1468.334912,149.17516390639216,629.4548721460006
