name,transf,client,payoff,total,sessions
test_6month_sac_gen_2m_7,4816.385322332082,9929.387430399998,886.8210602299855,4226.18104783793,df_elaad_preproc_l6months.csv
