name,transf,client,payoff,total,sessions
test_6month_sac_gen_j_126,2943.3392973647346,9929.387430399998,886.8210602299855,6099.227072805277,df_elaad_preproc_l6months.csv
