name,transf,client,payoff,total
val_month_sac_gen_J_r_85,653.6241502524775,1488.30912,159.56135988924024,675.1236098582822
