name,transf,client,payoff,total
val_month_sac_gen_J_j_358,595.6800319699176,1488.30912,159.56135988924024,733.0677281408421
