name,transf,client,payoff,total
test_month_sac_gen_I_y_424,679.6200961914221,1468.334912,149.17516390639216,639.5396519021857
