name,transf,client,payoff,total
train_month_sac_gen_J_n_313,1828.1449570181903,4306.918592,422.3108412815719,2056.462793700238
