name,transf,client,payoff,total,sessions
test_6month_sac_pred_noise_5a_71,3070.618648118787,9929.387430399998,881.6875054342313,5977.0812768469805,df_elaad_preproc_l6months.csv
