name,transf,client,payoff,total,sessions
test_6month_sac_gen_5l_98,2893.9473590830003,9929.387430399998,886.8210602299855,6148.619011087012,df_elaad_preproc_l6months.csv
