name,transf,client,payoff,total
train_month_sac_gen_I_r_77,2099.185987851557,4306.918592,420.9104998274536,1786.8221043209894
