name,transf,client,payoff,total
train_month_sac_c_570,1030.7718960230077,2289.492687923877,157.2012507240518,1101.5195411768175
