name,transf,client,payoff,total,sessions
test_6month_sac_pred_noise_1c_272,3627.7339767642934,9929.387430399998,893.2217503396156,5408.431703296089,df_elaad_preproc_l6months.csv
