name,transf,client,payoff,total,sessions
test_6month_sac_pred_noise_4a_66,3076.8955146190337,9929.387430399998,891.2211003728393,5961.270815408126,df_elaad_preproc_l6months.csv
