name,transf,client,payoff,total
train_month_sac_gen_I_x_0,-3184.276379160123,4306.918592,426.30975616637795,7064.885214993745
