name,transf,client,payoff,total
test_month_sac_gen_a_22,896.6033384202899,1488.30912,159.56135988924024,432.14442169046976
