name,transf,client,payoff,total
val_month_sac_gen_I_y_375,662.0633609821537,1488.30912,159.56135988924024,666.684399128606
