name,transf,client,payoff,total
train_month_sac_gen_I_y_107,-23.73640154866723,4306.918592,421.5105726564419,3909.1444208922253
