name,transf,client,payoff,total
test_month_sac_gen_I_t_32,730.2455261217003,1468.334912,149.17516390639216,588.9142219719075
