name,transf,client,payoff,total
val_month_sac_gen_I_b_261,626.1184707468252,1488.30912,159.56135988924024,702.6292893639345
