name,transf,client,payoff,total
train_month_sac_gen_G_b_270,500.7085016388971,1349.0472576000002,122.12106965210928,726.2176863089937
