name,transf,client,payoff,total,sessions
test_6month_sac_pred_noise_2b_151,3069.728913370818,9929.387430399998,897.4875555656347,5962.170961463546,df_elaad_preproc_l6months.csv
