name,transf,client,payoff,total,sessions
test_6month_sac_pred_noise_3a_192,2876.7521633941706,9929.387430399998,889.2877424740021,6163.347524531826,df_elaad_preproc_l6months.csv
