name,transf,client,payoff,total
val_month_sac_gen_I_u_155,655.6529879137099,1488.30912,159.56135988924024,673.0947721970497
