name,transf,client,payoff,total
test_month_sac_gen_J_l_108,708.3231796169966,1468.334912,149.17516390639216,610.8365684766112
