name,transf,client,payoff,total
test_month_sac_gen_I_c_130,706.4325576271233,1468.334912,149.17516390639216,612.7271904664846
