name,transf,client,payoff,total
train_month_sac_gen_J_c_176,2115.7322404108127,4306.918592,422.3108412815719,1768.8755103076155
