name,transf,client,payoff,total
val_month_sac_gen_e_9,688.5133520873511,1349.0472576000002,118.32161810264896,542.2122874100002
