name,transf,client,payoff,total
train_month_sac_gen_I_q_154,2289.4763145224356,4306.918592,422.3108412815719,1595.1314361959926
