name,transf,client,payoff,total
test_month_sac_gen_I_b_417,696.9434903439274,1468.334912,149.17516390639216,622.2162577496805
