name,transf,client,payoff,total
test_month_sac_gen_I_x_370,732.2875923618019,1468.334912,149.17516390639216,586.872155731806
