name,transf,client,payoff,total
test_month_sac_gen_J_r_62,711.9847325557666,1468.334912,149.17516390639216,607.1750155378412
