name,transf,client,payoff,total
train_month_sac_gen_I_s_59,1763.8185026759506,4306.918592,422.3108412815719,2120.7892480424775
