name,transf,client,payoff,total,sessions
test_6month_sac_gen_2n_58,2980.2139587358497,9929.387430399998,886.8210602299855,6062.3524114341635,df_elaad_preproc_l6months.csv
