name,transf,client,payoff,total
val_month_sac_gen_J_j_247,612.8705291608976,1488.30912,159.56135988924024,715.877230949862
