name,transf,client,payoff,total,sessions
test_6month_sac_pred_noise_5e_173,5297.815681047611,9929.387430399998,881.6875054342313,3749.884243918156,df_elaad_preproc_l6months.csv
