name,transf,client,payoff,total,sessions
test_6month_sac_gen_2l_114,2959.394115608153,9929.387430399998,886.8210602299855,6083.1722545618595,df_elaad_preproc_l6months.csv
