name,transf,client,payoff,total
test_month_sac_gen_J_i_161,750.0763687746323,1468.334912,149.17516390639216,569.0833793189755
