name,transf,client,payoff,total
val_month_sac_gen_J_x_228,681.7797049500753,1488.30912,159.56135988924024,646.9680551606843
