name,transf,client,payoff,total,sessions
test_6month_sac_pred_noise_1d_242,4658.2740121409515,9929.387430399998,893.2217503396156,4377.891667919431,df_elaad_preproc_l6months.csv
