name,transf,client,payoff,total,sessions
test_6month_sac_gen_j_221,2869.6817134206344,9929.387430399998,886.8210602299855,6172.884656749378,df_elaad_preproc_l6months.csv
