name,transf,client,payoff,total,sessions
test_6month_sac_pred_noise_4e_199,5081.650873308459,9929.387430399998,891.2211003728393,3956.5154567186996,df_elaad_preproc_l6months.csv
