name,transf,client,payoff,total
val_month_sac_gen_I_f_194,661.5962304086302,1488.30912,158.8282254603323,667.8846641310374
