name,transf,client,payoff,total,sessions
test_6month_sac_gen_4m_168,3023.157845943702,9929.387430399998,886.8210602299855,6019.40852422631,df_elaad_preproc_l6months.csv
