name,transf,client,payoff,total
test_month_sac_gen_I_o_158,742.6414094725992,1468.334912,149.17516390639216,576.5183386210086
