name,transf,client,payoff,total
val_month_sac_gen_J_g_250,657.0550519136182,1488.30912,159.56135988924024,671.6927081971414
