name,transf,client,payoff,total
train_month_sac_gen_I_h_72,2084.721316077303,4306.918592,422.3108412815719,1799.886434641125
