name,transf,client,payoff,total
train_month_sac_gen_I_w_499,-7663.135070531769,4306.918592,422.3108412815719,11547.742821250196
