name,transf,client,payoff,total
val_month_sac_gen_J_n_303,604.758108206239,1488.30912,159.56135988924024,723.9896519045208
