name,transf,client,payoff,total
val_month_sac_gen_I_u_72,686.1584836754772,1488.30912,159.56135988924024,642.5892764352825
