name,transf,client,payoff,total
train_month_sac_gen_I_v_396,33.418004324414824,4306.918592,426.1107377530932,3847.3898499224915
