name,transf,client,payoff,total
month_sac_IX_c,936.8413145926106,1469.5622144,138.68143052636114,394.0394692810281
