name,transf,client,payoff,total
train_month_sac_gen_J_a_139,2059.500350966396,4306.918592,422.3108412815719,1825.107399752032
