name,transf,client,payoff,total
val_month_sac_gen_J_l_360,590.2855015188821,1488.30912,159.56135988924024,738.4622585918776
