name,transf,client,payoff,total
val_month_sac_c_9,2105.5472213965986,2277.450960542104,145.3079860330326,26.595753112472778
