name,transf,client,payoff,total
train_month_sac_gen_J_h_255,2064.42236113169,4306.918592,422.3108412815719,1820.185389586738
