name,transf,client,payoff,total
train_month_sac_gen_a_80,1251.5532085502612,1469.5622144,138.5610864331635,79.44791941657525
