name,transf,client,payoff,total
test_month_sac_gen_I_m_48,690.5933875472883,1468.334912,149.17516390639216,628.5663605463195
