name,transf,client,payoff,total,sessions
test_6month_sac_gen_2m_46,3106.3231354639015,9929.387430399998,897.4875555656347,5925.576739370463,df_elaad_preproc_l6months.csv
