name,transf,client,payoff,total
test_month_sac_gen_I_u_451,674.3363076260603,1468.334912,149.17516390639216,644.8234404675476
