name,transf,client,payoff,total
test_month_sac_gen_J_e_59,710.4503232239414,1468.334912,149.17516390639216,608.7094248696665
