name,transf,client,payoff,total
val_month_sac_gen_I_l_76,678.9660378837337,1488.30912,159.56135988924024,649.781722227026
