name,transf,client,payoff,total
val_month_sac_gen_I_z_25,703.8801375620992,1488.30912,159.56135988924024,624.8676225486604
