name,transf,client,payoff,total,sessions
test_6month_sac_gen_g_144,2979.064436236778,9929.387430399998,886.8210602299855,6063.501933933234,df_elaad_preproc_l6months.csv
