name,transf,client,payoff,total
test_month_sac_gen_J_x_283,738.7380894136793,1468.334912,149.17516390639216,580.4216586799286
