name,transf,client,payoff,total
train_month_sac_gen_b_83,831.7982273526401,1469.5622144,142.094741946743,495.6692451006168
