name,transf,client,payoff,total,sessions
test_6month_sac_pred_noise_5d_146,4401.5717007970425,9929.387430399998,881.6875054342313,4646.128224168724,df_elaad_preproc_l6months.csv
