name,transf,client,payoff,total,sessions
test_6month_sac_pred_noise_4d_202,4673.963495176084,9929.387430399998,891.2211003728393,4364.202834851076,df_elaad_preproc_l6months.csv
