name,transf,client,payoff,total
test_month_sac_gen_I_d_306,667.7100894000421,1468.334912,149.17516390639216,651.4496586935658
