name,transf,client,payoff,total,sessions
test_6month_sac_gen_d_222,2701.38702523301,9929.387430399998,886.8210602299855,6341.179344937003,df_elaad_preproc_l6months.csv
