name,transf,client,payoff,total
train_month_sac_gen_J_q_363,2014.2430461718304,4306.918592,422.3108412815719,1870.3647045465977
