name,transf,client,payoff,total,sessions
test_6month_sac_pred_noise_5e_195,5157.268014943568,9929.387430399998,881.6875054342313,3890.4319100221987,df_elaad_preproc_l6months.csv
