name,transf,client,payoff,total,sessions
test_6month_sac_gen_1m_136,3042.198980699881,9929.387430399998,886.8210602299855,6000.3673894701315,df_elaad_preproc_l6months.csv
