name,transf,client,payoff,total,sessions
test_6month_sac_gen_i_298,2731.3618757346067,9929.387430399998,886.8210602299855,6311.204494435406,df_elaad_preproc_l6months.csv
