name,transf,client,payoff,total
test_month_sac_gen_J_i_407,733.1312691779167,1468.334912,149.17516390639216,586.0284789156912
