name,transf,client,payoff,total
val_month_sac_gen_I_n_495,611.5131388333946,1488.30912,159.56135988924024,717.234621277365
