name,transf,client,payoff,total
test_month_sac_gen_I_e_490,645.6585363709489,1468.334912,148.50825484764397,674.1681207814072
