name,transf,client,payoff,total
train_month_sac_gen_I_x_57,-7753.251897011384,4306.918592,423.9102216728261,11636.260267338557
