name,transf,client,payoff,total,sessions
test_6month_sac_pred_noise_1b_279,3161.9463574825986,9929.387430399998,893.2217503396156,5874.219322577784,df_elaad_preproc_l6months.csv
