name,transf,client,payoff,total
val_month_sac_gen_I_g_102,782.0848951032012,1488.30912,159.56135988924024,546.6628650075584
