name,transf,client,payoff,total
val_month_sac_gen_J_u_433,533.9839981362336,1488.30912,155.96206259448996,798.3630592692764
