name,transf,client,payoff,total
val_month_sac_gen_J_q_103,671.7938570909305,1488.30912,159.56135988924024,656.9539030198291
