name,transf,client,payoff,total
train_month_sac_gen_G_b_161,628.8444428266121,1488.30912,158.96179453598631,700.5028826374015
