name,transf,client,payoff,total
test_month_sac_gen_J_l_100,708.4829472869428,1468.334912,149.17516390639216,610.676800806665
