name,transf,client,payoff,total,sessions
test_6month_sac_pred_noise_3c_185,3578.2238724255044,9929.387430399998,889.2877424740021,5461.8758155004925,df_elaad_preproc_l6months.csv
