name,transf,client,payoff,total
month_sac_IX_j,1028.5076782354738,1469.5622144,136.34770145033667,304.7068347141894
