name,transf,client,payoff,total,sessions
test_6month_sac_gen_k_226,2811.1368638824642,9929.387430399998,886.8210602299855,6231.429506287548,df_elaad_preproc_l6months.csv
