name,transf,client,payoff,total
val_month_sac_gen_J_f_232,644.0446413668562,1488.30912,159.56135988924024,684.7031187439034
