name,transf,client,payoff,total
train_month_sac_gen_G_b_286,510.48096152175754,1349.0472576000002,118.12079536863372,720.445500709609
