name,transf,client,payoff,total
val_month_sac_gen_I_g_488,810.9994227977497,1488.30912,159.56135988924024,517.7483373130099
