name,transf,client,payoff,total,sessions
test_6month_sac_pred_noise_2a_85,2859.6525138463203,9929.387430399998,897.4875555656347,6172.2473609880435,df_elaad_preproc_l6months.csv
