name,transf,client,payoff,total
val_month_sac_gen_I_v_230,655.1302325730962,1488.30912,159.56135988924024,673.6175275376634
