name,transf,client,payoff,total
val_month_sac_gen_J_u_486,539.9557296318928,1488.30912,155.96206259448996,792.3913277736171
