name,transf,client,payoff,total
test_month_sac_gen_J_b_360,695.5122486317734,1468.334912,149.17516390639216,623.6474994618344
