name,transf,client,payoff,total
val_month_sac_gen_I_u_42,695.9074358784557,1488.30912,159.56135988924024,632.840324232304
