name,transf,client,payoff,total,sessions
test_6month_sac_pred_noise_5d_143,4580.265954188804,9929.387430399998,881.6875054342313,4467.433970776963,df_elaad_preproc_l6months.csv
