name,transf,client,payoff,total
val_month_sac_gen_J_i_379,638.0591116941941,1488.30912,159.56135988924024,690.6886484165655
