name,transf,client,payoff,total
test_month_sac_gen_I_h_19,749.3197607051084,1468.334912,149.17516390639216,569.8399873884995
