name,transf,client,payoff,total
train_month_sac_c_624,1032.6922417415258,2289.492687923877,157.2012507240518,1099.5991954582994
