name,transf,client,payoff,total,sessions
test_6month_sac_gen_2n_18,4430.521750594484,9929.387430399998,886.8210602299855,4612.0446195755285,df_elaad_preproc_l6months.csv
