name,transf,client,payoff,total
train_month_sac_gen_I_h_471,2003.329451306552,4306.918592,422.3108412815719,1881.278299411876
