name,transf,client,payoff,total
val_month_sac_gen_J_p_375,638.2856630193421,1488.30912,159.56135988924024,690.4620970914175
