name,transf,client,payoff,total
train_month_sac_gen_J_l_72,1995.143936297559,4306.918592,422.3108412815719,1889.4638144208693
