name,transf,client,payoff,total,sessions
6month_sac_disagg_1d_LD,4379.527583792907,9929.387430399998,893.2217503396156,4656.638096267476,df_elaad_preproc_l6months.csv
