name,transf,client,payoff,total
test_month_sac_gen_I_d_124,676.8330179162526,1468.334912,149.17516390639216,642.3267301773552
