name,transf,client,payoff,total,sessions
test_6month_sac_gen_e_19,3424.058494683873,9929.387430399998,886.8210602299855,5618.507875486139,df_elaad_preproc_l6months.csv
