name,transf,client,payoff,total
train_month_sac_gen_J_n_273,1841.7115416630058,4306.918592,422.3108412815719,2042.8962090554223
