name,transf,client,payoff,total,sessions
test_6month_sac_pred_noise_1c_143,3657.1569469487645,9929.387430399998,893.2217503396156,5379.008733111618,df_elaad_preproc_l6months.csv
