name,transf,client,payoff,total
test_month_sac_gen_J_x_157,748.3078655694344,1468.334912,149.17516390639216,570.8518825241734
