name,transf,client,payoff,total
test_sac_gen_a_3,8197.867659611293,18301.238246399997,1736.5228628156017,8366.847723973102
