name,transf,client,payoff,total,sessions
test_6month_sac_pred_noise_5b_106,3097.2033378694614,9929.387430399998,881.6875054342313,5950.496587096306,df_elaad_preproc_l6months.csv
