name,transf,client,payoff,total
train_month_sac_gen_J_z_215,504.01079178195374,1349.0472576000002,122.05448902738576,722.9819767906607
