name,transf,client,payoff,total
val_month_sac_gen_I_c_164,661.4212027665276,1488.30912,159.56135988924024,667.326557344232
