name,transf,client,payoff,total,sessions
test_6month_sac_gen_4m_86,2964.2827560367987,9929.387430399998,886.8210602299855,6078.283614133214,df_elaad_preproc_l6months.csv
