name,transf,client,payoff,total
train_month_sac_gen_I_a_157,2054.8386749305064,4306.918592,422.3108412815719,1829.7690757879218
