name,transf,client,payoff,total,sessions
test_6month_sac_pred_noise_2b_297,3182.961732952288,9929.387430399998,897.4875555656347,5848.938141882076,df_elaad_preproc_l6months.csv
