name,transf,client,payoff,total
train_month_sac_gen_I_q_64,2367.4275734951034,4306.918592,422.3108412815719,1517.1801772233248
