name,transf,client,payoff,total
test_month_sac_gen_J_b_463,693.7340777716859,1468.334912,149.17516390639216,625.425670321922
