name,transf,client,payoff,total,sessions
test_6month_sac_pred_noise_4d_111,4469.7998259483265,9929.387430399998,891.2211003728393,4568.366504078833,df_elaad_preproc_l6months.csv
