name,transf,client,payoff,total
train_month_sac_gen_I_a_44,2209.2163724305724,4306.918592,422.3108412815719,1675.3913782878558
