name,transf,client,payoff,total
val_month_sac_gen_I_z_321,716.8026878295517,1488.30912,159.56135988924024,611.945072281208
