name,transf,client,payoff,total
val_month_sac_gen_J_m_28,694.7608748247139,1488.30912,159.56135988924024,633.9868852860457
