name,transf,client,payoff,total
train_month_sac_gen_I_y_244,79.80675677750673,4306.918592,416.84483755505204,3810.266997667441
