name,transf,client,payoff,total
val_month_sac_gen_I_b_35,698.7534385626348,1488.30912,159.56135988924024,629.9943215481248
