name,transf,client,payoff,total,sessions
test_6month_sac_pred_noise_4b_156,3160.968952472652,9929.387430399998,891.2211003728393,5877.1973775545075,df_elaad_preproc_l6months.csv
