name,transf,client,payoff,total
train_month_sac_gen_J_v_103,2173.4008152502547,4306.918592,417.9096673275943,1715.6081094221508
