name,transf,client,payoff,total
val_month_sac_gen_J_l_243,598.4331828804918,1488.30912,159.56135988924024,730.3145772302678
