name,transf,client,payoff,total
month_sac_IX_i,852.8598162640071,1469.5622144,138.2147560583066,478.4876420776862
