name,transf,client,payoff,total
train_month_sac_gen_J_p_237,2008.232852955163,4306.918592,422.3108412815719,1876.374897763265
