name,transf,client,payoff,total
test_month_sac_c_554,1007.6065666185846,1469.5622144,135.21440678133106,326.7412410000843
