name,transf,client,payoff,total
test_month_sac_gen_J_q_67,705.9411080309937,1468.334912,149.17516390639216,613.2186400626141
