name,transf,client,payoff,total
test_month_sac_gen_I_j_271,716.51083925102,1468.334912,149.17516390639216,602.6489088425878
