name,transf,client,payoff,total
test_month_sac_gen_J_i_268,740.2584662546997,1468.334912,149.17516390639216,578.9012818389082
