name,transf,client,payoff,total
test_month_sac_gen_I_v_57,694.8453678590317,1468.334912,149.17516390639216,624.3143802345761
