name,transf,client,payoff,total
test_month_sac_gen_I_x_269,752.6721939355466,1468.334912,149.17516390639216,566.4875541580612
