name,transf,client,payoff,total
val_month_sac_gen_I_n_477,607.7001212353227,1488.30912,159.56135988924024,721.0476388754369
