name,transf,client,payoff,total
train_month_sac_gen_J_k_362,1771.2380409525704,4306.918592,422.3108412815719,2113.369709765858
