name,transf,client,payoff,total,sessions
test_month_sac_gen_G_c_146,1128.9829784648414,1468.334912,148.50825484764397,190.84367868751468,df_elaad_preproc_apr.csv
