name,transf,client,payoff,total
val_month_sac_gen_I_n_312,599.9025295963726,1488.30912,159.56135988924024,728.8452305143871
