name,transf,client,payoff,total
test_month_sac_gen_J_l_333,648.3864914877973,1468.334912,149.17516390639216,670.7732566058105
