name,transf,client,payoff,total,sessions
test_6month_sac_gen_5m_82,3009.773311199321,9929.387430399998,886.8210602299855,6032.793058970692,df_elaad_preproc_l6months.csv
