name,transf,client,payoff,total,sessions
test_6month_sac_gen_2m_123,2880.6017543949893,9929.387430399998,897.4875555656347,6151.2981204393745,df_elaad_preproc_l6months.csv
