name,transf,client,payoff,total
test_month_sac_c_478,1026.5049470138501,1469.5622144,135.21440678133106,307.8428606048187
