name,transf,client,payoff,total,sessions
test_6month_sac_gen_g_285,2996.164794844609,9929.387430399998,886.8210602299855,6046.401575325404,df_elaad_preproc_l6months.csv
