name,transf,client,payoff,total
test_month_sac_gen_J_b_79,728.9193316068032,1468.334912,149.17516390639216,590.2404164868046
