name,transf,client,payoff,total
test_month_sac_gen_I_q_398,771.3650458449179,1468.334912,149.17516390639216,547.79470224869
