name,transf,client,payoff,total
test_month_sac_c_616,1007.2025649070712,1469.5622144,135.21440678133106,327.1452427115977
