name,transf,client,payoff,total,sessions
test_6month_sac_gen_1o_161,2890.1870018990157,9929.387430399998,886.8210602299855,6152.379368270997,df_elaad_preproc_l6months.csv
