name,transf,client,payoff,total
val_month_sac_gen_J_y_219,651.7953120033053,1488.30912,155.96206259448996,680.5517454022047
