name,transf,client,payoff,total
train_month_sac_gen_I_m_3,2592.1167324849766,4306.918592,422.3108412815719,1292.4910182334515
