name,transf,client,payoff,total
test_month_sac_gen_I_d_149,666.4921799401133,1468.334912,149.17516390639216,652.6675681534946
