name,transf,client,payoff,total
test_month_sac_gen_I_j_329,710.0600885845197,1468.334912,149.17516390639216,609.0996595090882
