name,transf,client,payoff,total
val_month_sac_gen_G_a_163,659.3502232680138,1488.30912,155.96206259448996,672.9968341374961
