name,transf,client,payoff,total
val_month_sac_gen_I_n_326,598.1951003075231,1488.30912,159.56135988924024,730.5526598032366
