name,transf,client,payoff,total
test_month_sac_gen_J_w_66,641.1575335027502,1468.334912,148.50825484764397,678.6691236496058
