name,transf,client,payoff,total
val_month_sac_gen_J_o_287,652.4407401034736,1488.30912,159.56135988924024,676.3070200072862
