name,transf,client,payoff,total
test_month_sac_gen_J_x_243,733.5970331872429,1468.334912,149.17516390639216,585.5627149063649
