name,transf,client,payoff,total
val_month_sac_gen_J_g_260,654.7520205406413,1488.30912,159.56135988924024,673.9957395701183
