name,transf,client,payoff,total
val_month_sac_gen_J_x_215,686.6083011795388,1488.30912,159.56135988924024,642.1394589312208
