name,transf,client,payoff,total
train_month_sac_gen_J_a_447,1984.9210828032033,4306.918592,422.3108412815719,1899.686667915225
