name,transf,client,payoff,total
train_month_sac_gen_I_i_135,2084.4664942712525,4306.918592,422.3108412815719,1800.1412564471757
