name,transf,client,payoff,total
val_month_sac_gen_G_b_161,651.9777059373615,1488.30912,159.09496226131247,677.2364518013259
