name,transf,client,payoff,total
val_month_sac_gen_I_y_128,681.0730800162225,1488.30912,159.56135988924024,647.674680094537
