name,transf,client,payoff,total
val_month_sac_gen_I_f_120,681.1238477110387,1488.30912,158.8282254603323,648.3570468286289
