name,transf,client,payoff,total,sessions
test_6month_sac_pred_noise_2c_161,3665.4407471338595,9929.387430399998,897.4875555656347,5366.459127700504,df_elaad_preproc_l6months.csv
