name,transf,client,payoff,total,sessions
test_6month_sac_pred_noise_3a_133,2888.082422909035,9929.387430399998,889.2877424740021,6152.017265016962,df_elaad_preproc_l6months.csv
