name,transf,client,payoff,total,sessions
6month_sac_disagg_5m_ML,3226.7569192855053,9929.387430399998,886.8210602299855,5815.809450884508,df_elaad_preproc_l6months.csv
