name,transf,client,payoff,total,sessions
test_6month_sac_gen_2m_87,2971.498588882434,9929.387430399998,897.4875555656347,6060.40128595193,df_elaad_preproc_l6months.csv
