name,transf,client,payoff,total
val_month_sac_gen_J_o_204,651.3078327561334,1488.30912,159.56135988924024,677.4399273546262
