name,transf,client,payoff,total
train_month_sac_gen_J_h_353,2051.955051804302,4306.918592,422.3108412815719,1832.6526989141262
