name,transf,client,payoff,total
train_month_sac_gen_I_f_63,2219.892235196754,4306.918592,421.11038371791597,1665.91597308533
