name,transf,client,payoff,total,sessions
train_month_sac_gen_G_c_84,582.12786503236,1349.0472576000002,123.45410306877011,643.4652894988701,df_elaad_preproc_feb.csv
