name,transf,client,payoff,total
train_month_sac_gen_I_m_62,2054.971513359378,4306.918592,422.3108412815719,1829.63623735905
