name,transf,client,payoff,total
val_month_sac_gen_I_u_10,776.4089795089199,1488.30912,159.56135988924024,552.3387806018397
