name,transf,client,payoff,total
val_month_sac_gen_J_f_212,646.1424062398698,1488.30912,159.56135988924024,682.6053538708898
