name,transf,client,payoff,total
val_month_sac_gen_J_g_47,685.4400898657296,1488.30912,159.56135988924024,643.3076702450301
