name,transf,client,payoff,total,sessions
test_month_sac_gen_G_c_127,1166.7883423270796,1468.334912,148.50825484764397,153.03831482527647,df_elaad_preproc_apr.csv
