name,transf,client,payoff,total,sessions
test_6month_sac_gen_5m_178,2955.650663100539,9929.387430399998,886.8210602299855,6086.915707069473,df_elaad_preproc_l6months.csv
