name,transf,client,payoff,total,sessions
test_6month_sac_pred_noise_5a_100,2971.8786311165813,9929.387430399998,881.6875054342313,6075.821293849185,df_elaad_preproc_l6months.csv
