name,transf,client,payoff,total
val_month_sac_gen_J_u_155,590.8151611829758,1488.30912,155.96206259448996,741.5318962225342
