name,transf,client,payoff,total
val_month_sac_gen_J_g_305,641.3793437955784,1488.30912,159.56135988924024,687.3684163151813
