name,transf,client,payoff,total
test_month_sac_gen_I_o_175,745.5187776790304,1468.334912,149.17516390639216,573.6409704145774
