name,transf,client,payoff,total,sessions
test_6month_sac_gen_3m_138,2892.3996901946743,9929.387430399998,889.2877424740021,6147.699997731323,df_elaad_preproc_l6months.csv
