name,transf,client,payoff,total,sessions
test_6month_sac_gen_2m_33,3236.0276488985546,9929.387430399998,897.4875555656347,5795.872225935809,df_elaad_preproc_l6months.csv
