name,transf,client,payoff,total
test_month_sac_gen_I_o_4,832.6847672404243,1468.334912,149.17516390639216,486.4749808531835
