name,transf,client,payoff,total
test_month_sac_gen_J_q_106,703.8793172621777,1468.334912,149.17516390639216,615.2804308314302
