name,transf,client,payoff,total
test_month_sac_gen_J_l_461,651.1569535511501,1468.334912,149.17516390639216,668.0027945424578
