name,transf,client,payoff,total
test_month_sac_gen_I_o_359,722.4777890231518,1468.334912,149.17516390639216,596.6819590704561
