name,transf,client,payoff,total
train_month_sac_gen_J_d_280,2037.2329583450846,4306.918592,422.3108412815719,1847.3747923733436
