name,transf,client,payoff,total
train_month_sac_gen_J_a_456,1985.4070723266332,4306.918592,422.3108412815719,1899.200678391795
