name,transf,client,payoff,total,sessions
test_6month_sac_gen_d_193,2732.7023058877908,9929.387430399998,886.8210602299855,6309.864064282221,df_elaad_preproc_l6months.csv
