name,transf,client,payoff,total,sessions
test_6month_sac_pred_noise_2e_91,5167.004412129703,9929.387430399998,897.4875555656347,3864.8954627046605,df_elaad_preproc_l6months.csv
