name,transf,client,payoff,total
train_month_sac_gen_I_g_328,2480.95720377935,4306.918592,422.3108412815719,1403.6505469390781
