name,transf,client,payoff,total
test_month_sac_gen_J_e_388,679.2786873828343,1468.334912,149.17516390639216,639.8810607107736
