name,transf,client,payoff,total
train_month_sac_gen_J_r_449,1991.354150811343,4306.918592,422.3108412815719,1893.2535999070851
