name,transf,client,payoff,total
train_month_sac_gen_J_d_494,2058.9720684134363,4306.918592,422.3108412815719,1825.6356823049919
