name,transf,client,payoff,total,sessions
test_6month_sac_pred_noise_1a_103,2953.813062236016,9929.387430399998,893.2217503396156,6082.3526178243665,df_elaad_preproc_l6months.csv
