name,transf,client,payoff,total
test_month_sac_gen_I_k_423,679.5378687101711,1468.334912,149.17516390639216,639.6218793834367
