name,transf,client,payoff,total
train_month_sac_gen_I_h_403,1994.2927976873648,4306.918592,422.3108412815719,1890.3149530310634
