name,transf,client,payoff,total,sessions
test_6month_sac_gen_3l_94,2919.4413651408563,9929.387430399998,886.8210602299855,6123.1250050291565,df_elaad_preproc_l6months.csv
