name,transf,client,payoff,total
val_month_sac_gen_J_t_458,588.9677155198258,1488.30912,155.96206259448996,743.3793418856842
