name,transf,client,payoff,total
train_month_sac_gen_I_t_489,1931.8558842377472,4306.918592,421.37738775662854,1953.6853200056244
