name,transf,client,payoff,total,sessions
test_6month_sac_pred_noise_2a_197,2733.9686007135133,9929.387430399998,897.4875555656347,6297.9312741208505,df_elaad_preproc_l6months.csv
