name,transf,client,payoff,total
val_month_sac_gen_I_f_90,685.0013352285798,1488.30912,158.8282254603323,644.4795593110878
