name,transf,client,payoff,total,sessions
test_6month_sac_pred_noise_4e_157,5180.144720916556,9929.387430399998,891.2211003728393,3858.0216091106026,df_elaad_preproc_l6months.csv
