name,transf,client,payoff,total
val_month_sac_gen_J_y_220,651.5880632907133,1488.30912,155.96206259448996,680.7589941147967
