name,transf,client,payoff,total
val_month_sac_gen_I_g_493,796.152371946095,1488.30912,159.56135988924024,532.5953881646647
