name,transf,client,payoff,total,sessions
test_6month_sac_gen_1m_148,2832.6166067461745,9929.387430399998,886.8210602299855,6209.949763423838,df_elaad_preproc_l6months.csv
