name,transf,client,payoff,total
train_month_sac_gen_I_m_300,2004.164434794983,4306.918592,422.3108412815719,1880.443315923445
