name,transf,client,payoff,total,sessions
test_6month_sac_pred_noise_4c_196,3494.218282942251,9929.387430399998,891.2211003728393,5543.9480470849085,df_elaad_preproc_l6months.csv
