name,transf,client,payoff,total
val_month_sac_gen_I_s_154,663.6660906455751,1488.30912,159.56135988924024,665.0816694651846
