name,transf,client,payoff,total
val_month_sac_gen_J_o_499,655.8493943243896,1488.30912,159.56135988924024,672.89836578637
