name,transf,client,payoff,total,sessions
test_6month_sac_pred_noise_2e_27,5187.543247711579,9929.387430399998,897.4875555656347,3844.3566271227846,df_elaad_preproc_l6months.csv
