name,transf,client,payoff,total
test_month_sac_gen_J_q_155,683.7034315977917,1468.334912,149.17516390639216,635.4563164958162
