name,transf,client,payoff,total
test_month_sac_gen_I_o_184,743.3484425492027,1468.334912,149.17516390639216,575.8113055444052
