name,transf,client,payoff,total
test_month_sac_gen_J_l_155,687.2516459563907,1468.334912,149.17516390639216,631.9081021372172
