name,transf,client,payoff,total
val_month_sac_gen_J_v_275,608.2250227420989,1488.30912,155.96206259448996,724.1220346634111
