name,transf,client,payoff,total
test_month_sac_gen_G_b_127,660.8129586950423,1468.334912,148.64140204911905,658.8805512558387
