name,transf,client,payoff,total,sessions
test_6month_sac_gen_5m_100,2989.902853374928,9929.387430399998,886.8210602299855,6052.663516795084,df_elaad_preproc_l6months.csv
