name,transf,client,payoff,total
train_month_sac_gen_I_z_460,281.2622661281382,4306.918592,416.9773603426844,3608.6789655291773
