name,transf,client,payoff,total
test_month_sac_gen_I_o_47,741.632334720336,1468.334912,149.17516390639216,577.5274133732719
