name,transf,client,payoff,total
test_month_sac_gen_J_s_446,566.7443282846484,1468.334912,148.50825484764397,753.0823288677077
