name,transf,client,payoff,total
train_month_sac_gen_G_a_116,525.7615199395685,1349.0472576000002,120.32105381356293,702.9646838468688
