name,transf,client,payoff,total
val_month_sac_gen_J_s_14,674.5748411606089,1488.30912,155.96206259448996,657.7722162449011
