name,transf,client,payoff,total
train_month_sac_gen_J_v_239,2069.118893255038,4306.918592,417.9096673275943,1819.8900314173675
