name,transf,client,payoff,total
train_month_sac_c_600,1032.334689821841,2289.492687923877,157.2012507240518,1099.9567473779841
