name,transf,client,payoff,total
val_month_sac_gen_J_l_127,621.095000090041,1488.30912,159.56135988924024,707.6527600207187
