name,transf,client,payoff,total
test_month_sac_gen_I_y_230,675.0346637619687,1468.334912,149.17516390639216,644.1250843316392
