name,transf,client,payoff,total
val_month_sac_gen_I_c_215,647.9609316401534,1488.30912,159.56135988924024,680.7868284706062
