name,transf,client,payoff,total
test_month_sac_gen_I_o_435,715.5772613663976,1468.334912,149.17516390639216,603.5824867272103
