name,transf,client,payoff,total
val_month_sac_gen_J_k_50,635.4826112517966,1488.30912,159.56135988924024,693.2651488589631
