name,transf,client,payoff,total,sessions
test_6month_sac_pred_noise_3a_139,2981.056698578114,9929.387430399998,889.2877424740021,6059.042989347883,df_elaad_preproc_l6months.csv
