name,transf,client,payoff,total
test_month_sac_gen_I_i_267,711.9831706477523,1468.334912,149.17516390639216,607.1765774458555
