name,transf,client,payoff,total
val_month_sac_gen_G_a_278,606.1992916062642,1488.30912,155.96206259448996,726.1477657992457
