name,transf,client,payoff,total
train_month_sac_gen_I_v_428,56.227720328969156,4306.918592,421.9103615637023,3828.780510107328
