name,transf,client,payoff,total
train_month_sac_gen_I_a_71,2153.6381028247633,4306.918592,422.3108412815719,1730.9696478936648
