name,transf,client,payoff,total
test_month_sac_gen_J_m_197,687.106330769981,1468.334912,149.17516390639216,632.0534173236268
