name,transf,client,payoff,total
val_month_sac_gen_J_y_289,588.8680434861726,1488.30912,155.96206259448996,743.4790139193374
