name,transf,client,payoff,total
test_month_sac_gen_J_t_11,756.0685113141762,1468.334912,148.50825484764397,563.7581458381799
