name,transf,client,payoff,total
val_month_sac_gen_J_v_50,677.7733101273768,1488.30912,155.96206259448996,654.5737472781332
