name,transf,client,payoff,total,sessions
test_6month_sac_pred_noise_4e_105,5158.598312290992,9929.387430399998,891.2211003728393,3879.568017736167,df_elaad_preproc_l6months.csv
