name,transf,client,payoff,total
val_month_sac_gen_d_31,657.9800241707826,1349.0472576000002,118.32161810264896,572.7456153265687
