name,transf,client,payoff,total,sessions
test_6month_sac_gen_c_158,2936.553615511447,9929.387430399998,886.8210602299855,6106.012754658566,df_elaad_preproc_l6months.csv
