name,transf,client,payoff,total
test_month_sac_gen_J_y_251,620.3649238439394,1468.334912,148.50825484764397,699.4617333084166
