name,transf,client,payoff,total,sessions
test_6month_sac_gen_1l_69,3014.3067631344547,9929.387430399998,886.8210602299855,6028.259607035558,df_elaad_preproc_l6months.csv
