name,transf,client,payoff,total
val_month_sac_gen_I_j_80,698.049098804108,1488.30912,159.56135988924024,630.6986613066517
