name,transf,client,payoff,total
train_month_sac_gen_J_m_165,1880.4221943163966,4306.918592,422.3108412815719,2004.1855564020316
