name,transf,client,payoff,total
val_month_sac_gen_J_p_140,656.0701548821468,1488.30912,159.56135988924024,672.677605228613
