name,transf,client,payoff,total
train_month_sac_gen_I_n_134,1931.3553049076509,4306.918592,422.3108412815719,1953.2524458107773
