name,transf,client,payoff,total
val_month_sac_gen_I_c_64,691.4845537437964,1488.30912,159.56135988924024,637.2632063669632
