name,transf,client,payoff,total
test_month_sac_gen_J_i_320,739.52694677407,1468.334912,149.17516390639216,579.6328013195379
