name,transf,client,payoff,total
test_month_sac_gen_J_n_303,660.4530269835043,1468.334912,149.17516390639216,658.7067211101036
