name,transf,client,payoff,total,sessions
test_6month_sac_gen_j_227,2900.4231297799815,9929.387430399998,886.8210602299855,6142.143240390031,df_elaad_preproc_l6months.csv
