name,transf,client,payoff,total,sessions
test_6month_sac_pred_noise_4b_121,3226.5878406961338,9929.387430399998,891.2211003728393,5811.578489331026,df_elaad_preproc_l6months.csv
