name,transf,client,payoff,total,sessions
test_6month_sac_gen_2o_103,2876.902589944282,9929.387430399998,886.8210602299855,6165.66378022573,df_elaad_preproc_l6months.csv
