name,transf,client,payoff,total
train_month_sac_gen_J_w_201,1908.269935237022,4306.918592,424.9103344597785,1973.7383223031998
