name,transf,client,payoff,total
test_month_sac_gen_I_b_87,717.281378691396,1468.334912,149.17516390639216,601.8783694022119
