name,transf,client,payoff,total,sessions
test_6month_sac_gen_1m_186,2924.6594336006738,9929.387430399998,893.2217503396156,6111.506246459709,df_elaad_preproc_l6months.csv
