name,transf,client,payoff,total
val_month_sac_gen_I_x_58,723.5015875884002,1488.30912,159.56135988924024,605.2461725223595
