name,transf,client,payoff,total,sessions
6month_sac_disagg_4m_LD,3056.946012080164,9929.387430399998,886.8210602299855,5985.620358089849,df_elaad_preproc_l6months.csv
