name,transf,client,payoff,total
train_month_sac_gen_I_z_159,227.1303431322698,4306.918592,423.9102216728261,3655.878027194904
