name,transf,client,payoff,total
test_month_sac_gen_J_w_236,588.9115299377688,1468.334912,148.50825484764397,730.9151272145873
