name,transf,client,payoff,total
test_month_sac_gen_I_m_219,682.4597168344608,1468.334912,149.17516390639216,636.7000312591471
