name,transf,client,payoff,total
test_month_sac_gen_I_x_258,741.1339290578161,1468.334912,149.17516390639216,578.0258190357918
