name,transf,client,payoff,total
val_month_sac_gen_J_k_79,616.1777053013261,1488.30912,159.56135988924024,712.5700548094335
