name,transf,client,payoff,total
train_month_sac_gen_I_w_181,-7597.304275659776,4306.918592,422.3108412815719,11481.912026378204
