name,transf,client,payoff,total
val_month_sac_gen_G_a_126,653.5124104034567,1488.30912,155.96206259448996,678.8346470020533
