name,transf,client,payoff,total,sessions
test_6month_sac_gen_2n_0,6620.539348410445,9929.387430399998,886.8210602299855,2422.0270217595676,df_elaad_preproc_l6months.csv
