name,transf,client,payoff,total
train_month_sac_gen_J_t_47,2183.453081250586,4306.918592,417.9096673275943,1705.5558434218196
