name,transf,client,payoff,total,sessions
test_6month_sac_gen_3l_96,2938.312254332376,9929.387430399998,886.8210602299855,6104.254115837637,df_elaad_preproc_l6months.csv
