name,transf,client,payoff,total
test_month_sac_gen_J_o_382,684.3766517601292,1468.334912,149.17516390639216,634.7830963334786
