name,transf,client,payoff,total
val_month_sac_gen_I_f_351,654.2325831466408,1488.30912,158.8282254603323,675.2483113930268
