name,transf,client,payoff,total
test_month_sac_gen_I_g_221,871.3468668117677,1468.334912,149.17516390639216,447.8128812818402
