name,transf,client,payoff,total
test_month_sac_gen_I_u_476,677.9905184299341,1468.334912,149.17516390639216,641.1692296636737
