name,transf,client,payoff,total
train_month_sac_gen_I_a_392,2009.1768776295978,4306.918592,422.3108412815719,1875.4308730888306
