name,transf,client,payoff,total
test_month_sac_gen_I_i_77,732.8930440334615,1468.334912,149.17516390639216,586.2667040601464
