name,transf,client,payoff,total
test_month_sac_gen_I_p_365,756.9818652638971,1468.334912,149.17516390639216,562.1778828297107
