name,transf,client,payoff,total
test_month_sac_gen_J_o_123,695.6627255183192,1468.334912,149.17516390639216,623.4970225752886
