name,transf,client,payoff,total
train_month_sac_gen_I_c_128,2115.871678833436,4306.918592,422.3108412815719,1768.7360718849923
