name,transf,client,payoff,total
train_month_sac_gen_I_s_4,2316.539488860858,4306.918592,422.3108412815719,1568.0682618575702
