name,transf,client,payoff,total
train_month_sac_gen_I_a_56,2171.8031449202617,4306.918592,422.3108412815719,1712.8046057981664
