name,transf,client,payoff,total
val_month_sac_gen_I_t_313,674.3807093463174,1488.30912,159.56135988924024,654.3670507644422
