name,transf,client,payoff,total
val_month_sac_gen_I_r_436,592.748388697974,1488.30912,159.56135988924024,735.9993714127856
