name,transf,client,payoff,total
test_month_sac_gen_J_c_460,677.6478800088523,1468.334912,149.17516390639216,641.5118680847555
