name,transf,client,payoff,total
test_month_sac_gen_J_f_25,703.0592378975113,1468.334912,149.17516390639216,616.1005101960966
