name,transf,client,payoff,total
val_month_sac_gen_I_c_1,786.5664094085391,1488.30912,159.56135988924024,542.1813507022205
