name,transf,client,payoff,total
test_month_sac_gen_I_b_353,694.0140856700936,1468.334912,149.17516390639216,625.1456624235143
