name,transf,client,payoff,total,sessions
test_6month_sac_gen_b_33,3239.7563933555466,9929.387430399998,886.8210602299855,5802.809976814466,df_elaad_preproc_l6months.csv
