name,transf,client,payoff,total,sessions
test_6month_sac_gen_2m_31,3531.2611067786574,9929.387430399998,886.8210602299855,5511.305263391356,df_elaad_preproc_l6months.csv
