name,transf,client,payoff,total
test_month_sac_gen_I_q_147,773.643410107206,1468.334912,149.17516390639216,545.5163379864018
