name,transf,client,payoff,total
val_month_sac_gen_I_i_167,664.6747732661167,1488.30912,159.56135988924024,664.0729868446429
