name,transf,client,payoff,total
train_month_sac_gen_J_f_213,2016.883677903822,4306.918592,422.3108412815719,1867.7240728146062
