name,transf,client,payoff,total
train_month_sac_gen_I_r_461,1901.8079487434572,4306.918592,416.2438188041474,1988.8668244523956
