name,transf,client,payoff,total
train_month_sac_gen_J_h_44,2232.9406367342553,4306.918592,422.3108412815719,1651.6671139841728
