name,transf,client,payoff,total
val_month_sac_gen_I_t_72,734.0583611203097,1488.30912,159.56135988924024,594.68939899045
