name,transf,client,payoff,total
train_month_sac_gen_I_a_91,2119.607125705663,4306.918592,422.3108412815719,1765.0006250127653
