name,transf,client,payoff,total
val_month_sac_gen_I_z_116,708.7806380760418,1488.30912,159.56135988924024,619.9671220347179
