name,transf,client,payoff,total
test_month_sac_gen_I_f_248,743.9378197916004,1468.334912,147.8419170286109,576.5551751797886
