name,transf,client,payoff,total
test_month_sac_gen_J_o_279,694.1047754758947,1468.334912,149.17516390639216,625.0549726177131
