name,transf,client,payoff,total
train_month_sac_gen_I_k_175,2044.6922041012417,4306.918592,422.3108412815719,1839.9155466171865
