name,transf,client,payoff,total
test_month_sac_gen_I_z_48,751.3847070011504,1468.334912,149.17516390639216,567.7750410924574
