name,transf,client,payoff,total,sessions
test_6month_sac_gen_j_98,3066.340573894461,9929.387430399998,886.8210602299855,5976.225796275552,df_elaad_preproc_l6months.csv
