name,transf,client,payoff,total
train_month_sac_gen_J_c_6,2480.469502068223,4306.918592,422.3108412815719,1404.1382486502052
