name,transf,client,payoff,total
test_month_sac_gen_I_e_0,852.3826429778965,1468.334912,148.50825484764397,467.4440141744596
