name,transf,client,payoff,total
val_month_sac_gen_I_f_384,651.899185119978,1488.30912,158.8282254603323,677.5817094196896
