name,transf,client,payoff,total
train_month_sac_gen_I_u_103,-1.2054941990229509,4306.918592,422.3108412815719,3885.813244917451
