name,transf,client,payoff,total,sessions
test_6month_sac_gen_2l_187,2919.4164338675973,9929.387430399998,886.8210602299855,6123.149936302416,df_elaad_preproc_l6months.csv
