name,transf,client,payoff,total
test_month_sac_gen_I_i_481,721.8480332552822,1468.334912,149.17516390639216,597.3117148383257
