name,transf,client,payoff,total,sessions
test_6month_sac_gen_h_82,3028.2709663553596,9929.387430399998,886.8210602299855,6014.295403814653,df_elaad_preproc_l6months.csv
