name,transf,client,payoff,total,sessions
test_6month_sac_gen_1m_47,3155.2429803497826,9929.387430399998,886.8210602299855,5887.323389820231,df_elaad_preproc_l6months.csv
