name,transf,client,payoff,total
val_month_sac_c_387,1832.2356756528102,2277.450960542104,145.3079860330326,299.9072988562612
