name,transf,client,payoff,total
val_month_sac_gen_I_c_105,670.0037329114372,1488.30912,159.56135988924024,658.7440271993225
