name,transf,client,payoff,total
train_month_sac_gen_J_k_46,2001.5307162862573,4306.918592,422.3108412815719,1883.0770344321709
