name,transf,client,payoff,total
val_month_sac_gen_I_o_4,786.6696241310506,1488.30912,159.56135988924024,542.078135979709
