name,transf,client,payoff,total
test_month_sac_gen_I_o_204,736.594397870337,1468.334912,149.17516390639216,582.5653502232708
