name,transf,client,payoff,total,sessions
test_6month_sac_pred_noise_5a_269,2932.1869451684906,9929.387430399998,881.6875054342313,6115.512979797277,df_elaad_preproc_l6months.csv
