name,transf,client,payoff,total
val_month_sac_gen_J_w_184,570.508003717415,1488.30912,155.96206259448996,761.839053688095
