name,transf,client,payoff,total
train_month_sac_gen_I_u_315,-114.25744362451573,4306.918592,422.3108412815719,3998.865194342944
