name,transf,client,payoff,total
test_month_sac_gen_I_d_60,698.5999530289102,1468.334912,149.17516390639216,620.5597950646976
