name,transf,client,payoff,total
val_month_sac_gen_I_f_236,658.4650779156905,1488.30912,158.8282254603323,671.0158166239771
