name,transf,client,payoff,total
test_month_sac_gen_J_w_158,603.2866330057924,1468.334912,148.50825484764397,716.5400241465636
