name,transf,client,payoff,total
val_month_sac_gen_J_c_398,657.4953265879933,1488.30912,159.56135988924024,671.2524335227663
