name,transf,client,payoff,total
train_month_sac_gen_J_g_176,2045.940501016035,4306.918592,422.3108412815719,1838.6672497023933
