name,transf,client,payoff,total
test_month_sac_gen_I_h_160,718.9985752256136,1468.334912,149.17516390639216,600.1611728679942
