name,transf,client,payoff,total,sessions
test_6month_sac_gen_1o_159,2848.844644557691,9929.387430399998,886.8210602299855,6193.721725612322,df_elaad_preproc_l6months.csv
