name,transf,client,payoff,total
train_month_sac_gen_I_d_126,2020.0320974383071,4306.918592,422.3108412815719,1864.575653280121
