name,transf,client,payoff,total
test_month_sac_gen_J_l_273,643.5356273958671,1468.334912,149.17516390639216,675.6241206977408
