name,transf,client,payoff,total,sessions
test_6month_sac_gen_f_34,3209.4311547772936,9929.387430399998,886.8210602299855,5833.135215392718,df_elaad_preproc_l6months.csv
