name,transf,client,payoff,total,sessions
test_6month_sac_gen_1m_126,2983.0289581327515,9929.387430399998,893.2217503396156,6053.136721927631,df_elaad_preproc_l6months.csv
