name,transf,client,payoff,total
test_month_sac_gen_I_u_261,679.8386810014091,1468.334912,149.17516390639216,639.3210670921987
