name,transf,client,payoff,total
train_month_sac_gen_J_b_154,2056.628639523899,4306.918592,422.3108412815719,1827.9791111945292
