name,transf,client,payoff,total,sessions
test_6month_sac_pred_noise_3e_182,5310.690140710839,9929.387430399998,889.2877424740021,3729.409547215157,df_elaad_preproc_l6months.csv
