name,transf,client,payoff,total
test_month_sac_gen_I_a_423,689.704314886829,1468.334912,149.17516390639216,629.4554332067788
