name,transf,client,payoff,total
val_month_sac_gen_I_b_335,622.9462902327523,1488.30912,159.56135988924024,705.8014698780073
