name,transf,client,payoff,total
val_month_sac_gen_I_r_103,627.1174783998467,1488.30912,159.56135988924024,701.6302817109129
