name,transf,client,payoff,total
test_month_sac_gen_J_m_58,726.0804421861803,1468.334912,149.17516390639216,593.0793059074275
