name,transf,client,payoff,total
val_month_sac_gen_I_w_481,660.7260863098618,1488.30912,159.56135988924024,668.0216738008978
