name,transf,client,payoff,total
train_month_sac_gen_I_d_98,2057.816982503031,4306.918592,422.3108412815719,1826.7907682153973
