name,transf,client,payoff,total
test_month_sac_gen_J_z_273,589.2042380129467,1468.334912,148.50825484764397,730.6224191394094
