name,transf,client,payoff,total
test_month_sac_gen_J_r_440,673.9605131590126,1468.334912,149.17516390639216,645.1992349345952
