name,transf,client,payoff,total
val_month_sac_gen_G_a_139,655.4773128856086,1488.30912,155.96206259448996,676.8697445199014
