name,transf,client,payoff,total,sessions
test_6month_sac_gen_1l_84,2937.9101174109846,9929.387430399998,886.8210602299855,6104.656252759029,df_elaad_preproc_l6months.csv
