name,transf,client,payoff,total
train_month_sac_gen_J_h_241,2063.0891962334663,4306.918592,422.3108412815719,1821.518554484962
