name,transf,client,payoff,total
val_month_sac_gen_I_h_436,632.9907527846192,1488.30912,159.56135988924024,695.7570073261404
