name,transf,client,payoff,total
test_month_sac_gen_I_c_385,673.6666680286683,1468.334912,149.17516390639216,645.4930800649396
