name,transf,client,payoff,total
train_month_sac_gen_I_k_377,2006.8460316285655,4306.918592,422.3108412815719,1877.7617190898627
