name,transf,client,payoff,total
test_month_sac_gen_I_i_37,761.9168366212515,1468.334912,149.17516390639216,557.2429114723564
