name,transf,client,payoff,total
val_month_sac_gen_J_o_463,646.9419311063491,1488.30912,159.56135988924024,681.8058290044105
