name,transf,client,payoff,total,sessions
test_6month_sac_gen_i_183,2735.6583991340326,9929.387430399998,886.8210602299855,6306.90797103598,df_elaad_preproc_l6months.csv
