name,transf,client,payoff,total
test_month_sac_gen_I_k_314,682.2757624969597,1468.334912,149.17516390639216,636.8839855966481
