name,transf,client,payoff,total
train_month_sac_gen_I_k_488,2030.5811021136194,4306.918592,422.3108412815719,1854.0266486048085
