name,transf,client,payoff,total
test_month_sac_gen_I_y_214,678.2714553042917,1468.334912,149.17516390639216,640.8882927893161
