name,transf,client,payoff,total
test_month_sac_gen_a_49,773.7888932993196,1488.30912,159.56135988924024,554.95886681144
