name,transf,client,payoff,total
test_month_sac_gen_I_n_455,649.2844010964459,1468.334912,149.17516390639216,669.875346997162
