name,transf,client,payoff,total
test_month_sac_c_513,1028.206478515319,1469.5622144,135.21440678133106,306.1413291033498
