name,transf,client,payoff,total,sessions
test_6month_sac_pred_noise_3e_131,5316.067831677406,9929.387430399998,889.2877424740021,3724.0318562485904,df_elaad_preproc_l6months.csv
