name,transf,client,payoff,total,sessions
test_6month_sac_gen_1o_101,2981.2462649652707,9929.387430399998,886.8210602299855,6061.3201052047425,df_elaad_preproc_l6months.csv
