name,transf,client,payoff,total,sessions
test_6month_sac_gen_b_83,2985.832199603383,9929.387430399998,886.8210602299855,6056.7341705666295,df_elaad_preproc_l6months.csv
