name,transf,client,payoff,total,sessions
test_6month_sac_pred_noise_1b_63,3266.3937564150247,9929.387430399998,893.2217503396156,5769.771923645358,df_elaad_preproc_l6months.csv
