name,transf,client,payoff,total
val_month_sac_gen_I_w_233,666.707072023657,1488.30912,159.56135988924024,662.0406880871026
