name,transf,client,payoff,total
test_month_sac_gen_I_u_462,670.7605211216588,1468.334912,149.17516390639216,648.399226971949
