name,transf,client,payoff,total
val_month_sac_gen_J_l_136,625.7142457678398,1488.30912,159.56135988924024,703.03351434292
