name,transf,client,payoff,total
train_month_sac_c_45,1239.4688090259783,2289.492687923877,157.2012507240518,892.8226281738469
