name,transf,client,payoff,total
train_month_sac_gen_I_v_15,378.2622025519947,4306.918592,422.510270647579,3506.1461188004264
