name,transf,client,payoff,total
test_month_sac_gen_I_g_279,877.5507788106386,1468.334912,149.17516390639216,441.60896928296927
