name,transf,client,payoff,total
train_month_sac_gen_J_m_292,1815.5420836252747,4306.918592,422.3108412815719,2069.0656670931535
