name,transf,client,payoff,total
val_month_sac_gen_I_c_239,636.0559653373621,1488.30912,159.56135988924024,692.6917947733975
