name,transf,client,payoff,total
train_month_sac_gen_J_m_272,1813.5633009752642,4306.918592,422.3108412815719,2071.044449743164
