name,transf,client,payoff,total
test_month_sac_gen_I_v_181,687.7557374998914,1468.334912,149.17516390639216,631.4040105937164
