name,transf,client,payoff,total
train_month_sac_gen_J_t_403,2014.1291915482288,4306.918592,417.9096673275943,1874.8797331241767
