name,transf,client,payoff,total
val_month_sac_gen_I_q_436,734.6013794543397,1488.30912,159.56135988924024,594.14638065642
