name,transf,client,payoff,total
val_month_sac_gen_I_w_472,660.1653072515742,1488.30912,159.56135988924024,668.5824528591854
