name,transf,client,payoff,total,sessions
test_6month_sac_pred_noise_5a_141,2835.010994626493,9929.387430399998,881.6875054342313,6212.6889303392745,df_elaad_preproc_l6months.csv
