name,transf,client,payoff,total
val_month_sac_gen_J_v_156,615.2817791575726,1488.30912,155.96206259448996,717.0652782479374
