name,transf,client,payoff,total,sessions
test_6month_sac_gen_5m_156,2917.834140248681,9929.387430399998,886.8210602299855,6124.732229921332,df_elaad_preproc_l6months.csv
