name,transf,client,payoff,total
train_month_sac_gen_J_q_488,2021.525835703516,4306.918592,422.3108412815719,1863.0819150149123
