name,transf,client,payoff,total
val_month_sac_gen_I_l_226,651.6731950869502,1488.30912,159.56135988924024,677.0745650238096
