name,transf,client,payoff,total
val_month_sac_gen_J_h_463,657.4274824107057,1488.30912,159.56135988924024,671.320277700054
