name,transf,client,payoff,total
test_month_sac_gen_I_g_451,901.1855363900002,1468.334912,149.17516390639216,417.9742117036077
