name,transf,client,payoff,total,sessions
test_6month_sac_pred_noise_1d_97,4615.846757931152,9929.387430399998,893.2217503396156,4420.3189221292305,df_elaad_preproc_l6months.csv
