name,transf,client,payoff,total
train_month_sac_gen_J_q_424,1997.7787272855635,4306.918592,422.3108412815719,1886.8290234328647
