name,transf,client,payoff,total
test_month_sac_gen_J_v_457,616.5213833867969,1468.334912,148.50825484764397,703.3052737655591
