name,transf,client,payoff,total,sessions
train_month_sac_gen_G_c_216,889.7387511116488,1349.0472576000002,123.25391819408517,336.0545882942663,df_elaad_preproc_feb.csv
