name,transf,client,payoff,total
train_month_sac_gen_J_r_54,2100.091301689631,4306.918592,422.3108412815719,1784.516449028797
