name,transf,client,payoff,total
train_month_sac_gen_J_l_363,1823.5536137405277,4306.918592,422.3108412815719,2061.0541369779003
