name,transf,client,payoff,total
train_month_sac_gen_a_12,1274.5268701490795,1469.5622144,138.5610864331635,56.47425781775689
