name,transf,client,payoff,total
test_month_sac_gen_J_g_225,681.1700184520273,1468.334912,149.17516390639216,637.9897296415805
