name,transf,client,payoff,total
test_month_sac_gen_J_g_175,685.6239868386525,1468.334912,149.17516390639216,633.5357612549553
