name,transf,client,payoff,total
val_month_sac_gen_J_o_420,644.9491288870817,1488.30912,159.56135988924024,683.7986312236781
