name,transf,client,payoff,total,sessions
test_6month_sac_gen_1m_53,3126.1832446202043,9929.387430399998,886.8210602299855,5916.383125549808,df_elaad_preproc_l6months.csv
