name,transf,client,payoff,total
test_month_sac_gen_G_a_106,661.8397237096763,1468.334912,148.50825484764397,657.9869334426799
