name,transf,client,payoff,total,sessions
6month_sac_disagg_1d_LD,2860.662778915599,9929.387430399998,886.8210602299855,6181.903591254413,df_elaad_preproc_l6months.csv
