name,transf,client,payoff,total
val_month_sac_gen_J_l_261,599.6953428179298,1488.30912,159.56135988924024,729.0524172928299
