name,transf,client,payoff,total
test_month_sac_gen_c_32,759.6123687050997,1488.30912,159.56135988924024,569.1353914056599
