name,transf,client,payoff,total
train_month_sac_gen_J_a_427,1983.0794951790751,4306.918592,422.3108412815719,1901.5282555393533
