name,transf,client,payoff,total
train_month_sac_gen_I_e_346,2043.7528562988628,4306.918592,417.9096673275943,1845.2560683735428
