name,transf,client,payoff,total
test_month_sac_gen_I_b_295,699.9115878065961,1468.334912,149.17516390639216,619.2481602870117
