name,transf,client,payoff,total
test_month_sac_gen_b_80,736.60660729763,1488.30912,159.56135988924024,592.1411528131296
