name,transf,client,payoff,total
train_month_sac_gen_I_l_182,2045.2023021704658,4306.918592,422.3108412815719,1839.4054485479624
