name,transf,client,payoff,total
test_month_sac_gen_I_p_72,774.7304335375277,1468.334912,149.17516390639216,544.4293145560802
