name,transf,client,payoff,total
test_month_sac_gen_I_p_173,762.6585376964904,1468.334912,149.17516390639216,556.5012103971175
