name,transf,client,payoff,total
test_month_sac_gen_G_a_245,634.3227490618999,1468.334912,148.50825484764397,685.5039080904562
