name,transf,client,payoff,total,sessions
test_6month_sac_pred_noise_5d_101,4649.6993429132635,9929.387430399998,881.6875054342313,4398.000582052504,df_elaad_preproc_l6months.csv
