name,transf,client,payoff,total
train_month_sac_gen_J_t_243,2037.6113793283562,4306.918592,417.9096673275943,1851.3975453440494
