name,transf,client,payoff,total
test_month_sac_gen_I_v_302,677.3966232484449,1468.334912,149.17516390639216,641.7631248451629
