name,transf,client,payoff,total
val_month_sac_gen_J_n_186,617.1609572496457,1488.30912,159.56135988924024,711.5868028611139
