name,transf,client,payoff,total
test_month_sac_gen_J_f_99,674.732514779705,1468.334912,149.17516390639216,644.4272333139029
