name,transf,client,payoff,total
train_month_sac_gen_J_y_18,645.7872128182908,1349.0472576000002,121.05417419449888,582.2058705872106
