name,transf,client,payoff,total
test_month_sac_gen_I_e_101,645.6827518011547,1468.334912,148.50825484764397,674.1439053512013
