name,transf,client,payoff,total
test_month_sac_gen_I_i_422,710.638691095163,1468.334912,149.17516390639216,608.5210569984448
