name,transf,client,payoff,total,sessions
test_6month_sac_gen_5m_52,2948.2616456594887,9929.387430399998,881.6875054342313,6099.438279306278,df_elaad_preproc_l6months.csv
