name,transf,client,payoff,total
train_month_sac_gen_J_h_322,2051.1048923957924,4306.918592,422.3108412815719,1833.5028583226358
