name,transf,client,payoff,total,sessions
test_6month_sac_gen_1m_21,3301.774644564778,9929.387430399998,886.8210602299855,5740.791725605235,df_elaad_preproc_l6months.csv
