name,transf,client,payoff,total
test_month_sac_gen_J_v_37,708.7178534053442,1468.334912,148.50825484764397,611.108803747012
