name,transf,client,payoff,total
train_month_sac_gen_I_t_309,1850.1776695489561,4306.918592,425.5773943118802,2031.1635281391636
