name,transf,client,payoff,total
val_month_sac_gen_J_s_369,535.7586672895876,1488.30912,155.96206259448996,796.5883901159223
