name,transf,client,payoff,total
val_month_sac_gen_I_k_414,651.7648695675905,1488.30912,159.56135988924024,676.9828905431691
