name,transf,client,payoff,total
val_month_sac_gen_J_l_287,592.6927802340689,1488.30912,159.56135988924024,736.0549798766908
