name,transf,client,payoff,total
train_month_sac_gen_J_n_359,1805.9617536395472,4306.918592,422.3108412815719,2078.645997078881
