name,transf,client,payoff,total
val_month_sac_gen_J_x_8,797.3010222534492,1488.30912,159.56135988924024,531.4467378573104
