name,transf,client,payoff,total,sessions
test_6month_sac_pred_noise_5c_79,3538.5123209947196,9929.387430399998,881.6875054342313,5509.187603971048,df_elaad_preproc_l6months.csv
