name,transf,client,payoff,total,sessions
test_6month_sac_pred_noise_2a_109,2890.473000692605,9929.387430399998,897.4875555656347,6141.426874141758,df_elaad_preproc_l6months.csv
