name,transf,client,payoff,total
val_month_sac_gen_J_y_285,586.5498973193767,1488.30912,155.96206259448996,745.7971600861333
