name,transf,client,payoff,total,sessions
test_6month_sac_pred_noise_3c_190,3517.7656881679786,9929.387430399998,889.2877424740021,5522.333999758018,df_elaad_preproc_l6months.csv
