name,transf,client,payoff,total
test_month_sac_gen_I_m_425,665.6067030165539,1468.334912,149.17516390639216,653.553045077054
