name,transf,client,payoff,total
val_month_sac_gen_J_k_193,582.4471681122145,1488.30912,159.56135988924024,746.3005919985451
