name,transf,client,payoff,total
test_month_sac_gen_I_l_400,686.4508371789314,1468.334912,149.17516390639216,632.7089109146765
