name,transf,client,payoff,total,sessions
train_month_sac_pred_noise_d_33,804.0633958131502,1349.0472576000002,118.52071394291204,426.4631478439379,df_elaad_preproc_feb.csv
