name,transf,client,payoff,total
val_month_sac_gen_I_f_455,648.2307825559072,1488.30912,158.8282254603323,681.2501119837603
