name,transf,client,payoff,total
val_month_sac_gen_J_n_487,578.6004451166705,1488.30912,159.56135988924024,750.1473149940891
