name,transf,client,payoff,total
train_month_sac_gen_J_n_289,1830.0576143837052,4306.918592,422.3108412815719,2054.550136334723
