name,transf,client,payoff,total
val_month_sac_gen_I_b_2,790.2934181593449,1488.30912,159.56135988924024,538.4543419514148
