name,transf,client,payoff,total
test_month_sac_gen_G_b_7,982.3747287820839,1468.334912,148.64140204911905,337.31878116879705
