name,transf,client,payoff,total
test_month_sac_gen_J_k_61,675.976615859365,1468.334912,149.17516390639216,643.1831322342429
