name,transf,client,payoff,total
train_month_sac_gen_I_e_201,2062.1590886169897,4306.918592,417.9096673275943,1826.8498360554158
