name,transf,client,payoff,total
val_month_sac_gen_I_u_141,660.9006136342762,1488.30912,159.56135988924024,667.8471464764834
