name,transf,client,payoff,total
train_month_sac_gen_I_g_161,2531.954400782159,4306.918592,422.3108412815719,1352.653349936269
