name,transf,client,payoff,total
val_month_sac_gen_J_e_100,671.1017323766349,1488.30912,159.56135988924024,657.6460277341248
