name,transf,client,payoff,total,sessions
test_6month_sac_gen_g_291,3070.740572243145,9929.387430399998,886.8210602299855,5971.825797926867,df_elaad_preproc_l6months.csv
