name,transf,client,payoff,total
test_month_sac_gen_I_o_90,754.5305477661811,1468.334912,149.17516390639216,564.6292003274267
