name,transf,client,payoff,total
train_month_sac_gen_I_v_307,208.58523978010248,4306.918592,426.30975616637795,3672.023596053519
