name,transf,client,payoff,total
test_month_sac_gen_I_v_231,685.9568597344002,1468.334912,149.17516390639216,633.2028883592077
