name,transf,client,payoff,total,sessions
test_6month_sac_pred_noise_2d_107,4565.295822189786,9929.387430399998,897.4875555656347,4466.604052644578,df_elaad_preproc_l6months.csv
