name,transf,client,payoff,total
train_month_sac_gen_J_v_461,2015.9108444799613,4306.918592,417.9096673275943,1873.0980801924443
