name,transf,client,payoff,total,sessions
test_6month_sac_gen_i_178,2752.7145676524033,9929.387430399998,886.8210602299855,6289.851802517609,df_elaad_preproc_l6months.csv
