name,transf,client,payoff,total
val_month_sac_gen_J_r_64,666.124251374334,1488.30912,159.56135988924024,662.6235087364257
