name,transf,client,payoff,total
test_month_sac_gen_I_a_108,710.3432936382867,1468.334912,149.17516390639216,608.8164544553211
