name,transf,client,payoff,total,sessions
test_6month_sac_gen_h_100,2976.226842005071,9929.387430399998,886.8210602299855,6066.339528164941,df_elaad_preproc_l6months.csv
