name,transf,client,payoff,total
test_month_sac_gen_J_j_435,626.335049246144,1468.334912,149.17516390639216,692.8246988474639
