name,transf,client,payoff,total,sessions
test_6month_sac_pred_noise_4c_199,3531.538343778746,9929.387430399998,891.2211003728393,5506.627986248413,df_elaad_preproc_l6months.csv
