name,transf,client,payoff,total
val_month_sac_gen_J_o_235,653.5511170353683,1488.30912,159.56135988924024,675.1966430753914
