name,transf,client,payoff,total
test_month_sac_gen_I_h_134,724.2307012671338,1468.334912,149.17516390639216,594.9290468264741
