name,transf,client,payoff,total
val_month_sac_gen_J_c_379,655.4525890372306,1488.30912,159.56135988924024,673.295171073529
