name,transf,client,payoff,total
test_month_sac_gen_I_f_246,750.1843857881711,1468.334912,147.8419170286109,570.3086091832181
