name,transf,client,payoff,total,sessions
test_6month_sac_gen_2l_242,2886.9586333898046,9929.387430399998,886.8210602299855,6155.607736780208,df_elaad_preproc_l6months.csv
