name,transf,client,payoff,total
train_month_sac_gen_I_n_169,1916.1961102991675,4306.918592,422.3108412815719,1968.411640419261
