name,transf,client,payoff,total,sessions
6month_sac_disagg_5c_HLL,3023.911712169832,9929.387430399998,886.8210602299855,6018.654658000181,df_elaad_preproc_l6months.csv
