name,transf,client,payoff,total,sessions
test_6month_sac_gen_3m_79,3069.2638783848342,9929.387430399998,886.8210602299855,5973.302491785178,df_elaad_preproc_l6months.csv
