name,transf,client,payoff,total,sessions
test_6month_sac_pred_noise_4e_32,5137.603096300042,9929.387430399998,891.2211003728393,3900.5632337271168,df_elaad_preproc_l6months.csv
