name,transf,client,payoff,total
val_month_sac_gen_J_k_217,579.6007658379746,1488.30912,159.56135988924024,749.1469942727852
