name,transf,client,payoff,total
train_month_sac_gen_I_o_223,2142.4462697448816,4306.918592,422.3108412815719,1742.1614809735465
