name,transf,client,payoff,total
val_month_sac_gen_J_q_490,644.7459740042286,1488.30912,159.56135988924024,684.001786106531
