name,transf,client,payoff,total
test_month_sac_gen_I_s_490,672.0100808155148,1468.334912,149.17516390639216,647.149667278093
