name,transf,client,payoff,total
val_month_sac_gen_J_l_203,604.1609787341849,1488.30912,159.56135988924024,724.5867813765747
