name,transf,client,payoff,total
test_month_sac_gen_J_m_240,675.2647799448631,1468.334912,149.17516390639216,643.8949681487447
