name,transf,client,payoff,total,sessions
test_6month_sac_gen_i_38,3037.4675656097843,9929.387430399998,886.8210602299855,6005.098804560228,df_elaad_preproc_l6months.csv
