name,transf,client,payoff,total
test_month_sac_gen_J_s_427,566.7434085225586,1468.334912,148.50825484764397,753.0832486297975
