name,transf,client,payoff,total
train_month_sac_gen_G_a_107,936.8879619488237,1469.5622144,138.29462191797757,394.3796305331987
