name,transf,client,payoff,total
test_month_sac_gen_J_w_10,803.0878124643999,1468.334912,148.50825484764397,516.7388446879561
