name,transf,client,payoff,total
val_month_sac_gen_I_s_474,648.475126642863,1488.30912,159.56135988924024,680.2726334678966
