name,transf,client,payoff,total
train_month_sac_gen_I_a_343,2018.5625381532518,4306.918592,422.3108412815719,1866.0452125651764
