name,transf,client,payoff,total
val_month_sac_gen_J_z_223,596.0446079951535,1488.30912,155.96206259448996,736.3024494103565
