name,transf,client,payoff,total
val_month_sac_gen_I_n_310,597.9733510821775,1488.30912,159.56135988924024,730.7744090285821
