name,transf,client,payoff,total
val_month_sac_gen_J_w_53,632.7812568976137,1488.30912,155.96206259448996,699.5658005078963
