name,transf,client,payoff,total,sessions
test_6month_sac_pred_noise_2b_181,3018.2055013523013,9929.387430399998,897.4875555656347,6013.6943734820625,df_elaad_preproc_l6months.csv
