name,transf,client,payoff,total
val_month_sac_gen_J_d_415,650.4736333076257,1488.30912,159.56135988924024,678.2741268031339
