name,transf,client,payoff,total,sessions
test_6month_sac_gen_2m_83,3101.7170593764104,9929.387430399998,886.8210602299855,5940.849310793603,df_elaad_preproc_l6months.csv
