name,transf,client,payoff,total
val_month_sac_gen_I_v_234,656.993126865875,1488.30912,159.56135988924024,671.7546332448846
