name,transf,client,payoff,total
train_month_sac_gen_J_h_235,2068.4751662311555,4306.918592,422.3108412815719,1816.1325844872727
