name,transf,client,payoff,total,sessions
test_6month_sac_pred_noise_1c_151,3609.284275022586,9929.387430399998,893.2217503396156,5426.881405037796,df_elaad_preproc_l6months.csv
