name,transf,client,payoff,total
val_month_sac_gen_J_u_95,603.7272566943511,1488.30912,155.96206259448996,728.6198007111589
