name,transf,client,payoff,total
val_month_sac_gen_I_c_75,688.5341528036125,1488.30912,159.56135988924024,640.2136073071472
