name,transf,client,payoff,total,sessions
test_6month_sac_pred_noise_2c_226,3518.5610432253366,9929.387430399998,897.4875555656347,5513.338831609028,df_elaad_preproc_l6months.csv
