name,transf,client,payoff,total
test_month_sac_gen_J_f_417,658.1882456542357,1468.334912,149.17516390639216,660.9715024393721
