name,transf,client,payoff,total
train_month_sac_gen_I_s_490,1619.4430034418529,4306.918592,422.3108412815719,2265.1647472765753
