name,transf,client,payoff,total
val_month_sac_gen_J_l_21,732.0371797304593,1488.30912,159.56135988924024,596.7105803803004
