name,transf,client,payoff,total,sessions
test_6month_sac_pred_noise_5e_39,5236.539472334914,9929.387430399998,881.6875054342313,3811.1604526308533,df_elaad_preproc_l6months.csv
