name,transf,client,payoff,total
test_month_sac_gen_J_x_279,749.7037437038587,1468.334912,149.17516390639216,569.4560043897492
