name,transf,client,payoff,total
train_month_sac_gen_J_r_462,1994.320078390262,4306.918592,422.3108412815719,1890.287672328166
