name,transf,client,payoff,total
val_month_sac_gen_J_v_343,600.6374461278592,1488.30912,155.96206259448996,731.7096112776508
