name,transf,client,payoff,total
test_month_sac_gen_J_w_278,590.1554663967647,1468.334912,148.50825484764397,729.6711907555914
