name,transf,client,payoff,total
month_sac_c,928.302999894277,1469.5622144,135.74775384278877,405.5114606629341
