name,transf,client,payoff,total
test_month_sac_gen_I_w_271,663.9658835675511,1468.334912,149.17516390639216,655.1938645260567
