name,transf,client,payoff,total
val_month_sac_gen_G_a_158,655.8959759237258,1488.30912,155.96206259448996,676.4510814817841
