name,transf,client,payoff,total
train_month_sac_gen_I_n_238,1902.374875161499,4306.918592,422.3108412815719,1982.2328755569292
