name,transf,client,payoff,total
test_month_sac_gen_J_q_440,675.4513090267369,1468.334912,149.17516390639216,643.7084390668709
