name,transf,client,payoff,total,sessions
test_6month_sac_pred_noise_5a_163,2804.520643077962,9929.387430399998,881.6875054342313,6243.179281887806,df_elaad_preproc_l6months.csv
