name,transf,client,payoff,total
val_month_sac_gen_I_w_56,708.0800094121514,1488.30912,159.56135988924024,620.6677506986082
