name,transf,client,payoff,total
train_month_sac_gen_J_w_409,1846.7425320354696,4306.918592,424.9777600378286,2035.1982999267018
