name,transf,client,payoff,total,sessions
test_6month_sac_gen_1l_180,2802.6502121926283,9929.387430399998,886.8210602299855,6239.9161579773845,df_elaad_preproc_l6months.csv
