name,transf,client,payoff,total
val_month_sac_gen_I_p_476,714.0165954954973,1488.30912,159.56135988924024,614.7311646152623
