name,transf,client,payoff,total,sessions
test_6month_sac_pred_noise_2e_130,5218.505746345185,9929.387430399998,897.4875555656347,3813.394128489179,df_elaad_preproc_l6months.csv
