name,transf,client,payoff,total
train_month_sac_gen_J_o_214,2044.5797960119967,4306.918592,422.3108412815719,1840.0279547064315
