name,transf,client,payoff,total,sessions
test_6month_sac_pred_noise_1e_118,5384.420056983114,9929.387430399998,893.2217503396156,3651.745623077269,df_elaad_preproc_l6months.csv
