name,transf,client,payoff,total,sessions
test_6month_sac_pred_noise_1b_23,3493.0735384422674,9929.387430399998,893.2217503396156,5543.0921416181145,df_elaad_preproc_l6months.csv
