name,transf,client,payoff,total,sessions
test_6month_sac_gen_3l_50,2938.5387376525323,9929.387430399998,886.8210602299855,6104.02763251748,df_elaad_preproc_l6months.csv
