name,transf,client,payoff,total,sessions
test_6month_sac_gen_1l_6,4330.5334234672555,9929.387430399998,886.8210602299855,4712.032946702757,df_elaad_preproc_l6months.csv
