name,transf,client,payoff,total
test_month_sac_gen_J_n_248,679.0453679078973,1468.334912,149.17516390639216,640.1143801857105
