name,transf,client,payoff,total
train_month_sac_gen_J_q_313,2021.2354878863182,4306.918592,422.3108412815719,1863.3722628321102
