name,transf,client,payoff,total,sessions
test_6month_sac_pred_noise_1a_139,2975.139723998431,9929.387430399998,893.2217503396156,6061.025956061952,df_elaad_preproc_l6months.csv
