name,transf,client,payoff,total
test_month_sac_gen_J_w_457,579.3348276709198,1468.334912,148.50825484764397,740.4918294814363
