name,transf,client,payoff,total,sessions
test_6month_sac_pred_noise_1b_99,3102.182171128604,9929.387430399998,893.2217503396156,5933.9835089317785,df_elaad_preproc_l6months.csv
