name,transf,client,payoff,total
train_month_sac_gen_J_k_290,1786.7600145672855,4306.918592,422.3108412815719,2097.8477361511427
