name,transf,client,payoff,total
test_month_sac_gen_I_q_2,957.1365639903577,1468.334912,149.17516390639216,362.0231841032502
