name,transf,client,payoff,total
val_month_sac_gen_I_w_196,673.5398948641307,1488.30912,159.56135988924024,655.2078652466289
