name,transf,client,payoff,total
val_month_sac_gen_J_v_183,616.7309264450946,1488.30912,155.96206259448996,715.6161309604154
