name,transf,client,payoff,total
val_month_sac_gen_I_g_317,788.7138595035663,1488.30912,159.56135988924024,540.0339006071933
