name,transf,client,payoff,total,sessions
test_6month_sac_pred_noise_2b_59,3166.0499713387408,9929.387430399998,897.4875555656347,5865.849903495623,df_elaad_preproc_l6months.csv
