name,transf,client,payoff,total
train_month_sac_gen_I_p_110,2236.7453626474407,4306.918592,422.3108412815719,1647.8623880709874
