name,transf,client,payoff,total
month_sac_IX_h,1180.4651569799585,1469.5622144,136.5484755645569,152.54858185548454
