name,transf,client,payoff,total,sessions
test_6month_sac_pred_noise_5e_76,5168.015253305513,9929.387430399998,881.6875054342313,3879.6846716602536,df_elaad_preproc_l6months.csv
