name,transf,client,payoff,total
train_sac_c_86,67327.09101440475,149467.68812980913,8931.975524612415,73208.62159079197
