name,transf,client,payoff,total
test_month_sac_gen_I_n_45,666.2717059175031,1468.334912,149.17516390639216,652.8880421761047
