name,transf,client,payoff,total
test_month_sac_gen_J_t_260,647.8097490084399,1468.334912,148.50825484764397,672.0169081439162
