name,transf,client,payoff,total
val_month_sac_gen_J_v_217,608.6274270891586,1488.30912,155.96206259448996,723.7196303163514
