name,transf,client,payoff,total
val_month_sac_gen_J_u_18,646.770511642031,1488.30912,155.96206259448996,685.5765457634789
