name,transf,client,payoff,total
val_month_sac_gen_J_j_205,616.1990910072986,1488.30912,159.56135988924024,712.548669103461
