name,transf,client,payoff,total
test_month_sac_gen_J_v_328,625.5900461435431,1468.334912,148.50825484764397,694.236611008813
