name,transf,client,payoff,total
val_month_sac_gen_J_d_368,648.6023200200382,1488.30912,159.56135988924024,680.1454400907214
