name,transf,client,payoff,total
test_month_sac_gen_J_t_42,725.9452883353989,1468.334912,148.50825484764397,593.8813688169571
