name,transf,client,payoff,total
val_month_sac_c_904,1825.7528902806355,2277.450960542104,145.3079860330326,306.3900842284359
