name,transf,client,payoff,total
train_month_sac_gen_G_b_12,705.7549472126109,1349.0472576000002,121.18774327015291,522.1045671172365
