name,transf,client,payoff,total
val_month_sac_gen_I_k_440,647.8379473049326,1488.30912,159.56135988924024,680.909812805827
