name,transf,client,payoff,total,sessions
test_6month_sac_gen_b_187,2952.501465446073,9929.387430399998,886.8210602299855,6090.06490472394,df_elaad_preproc_l6months.csv
