name,transf,client,payoff,total
val_month_sac_gen_I_z_330,713.717577180425,1488.30912,159.56135988924024,615.0301829303346
