name,transf,client,payoff,total,sessions
test_6month_sac_pred_noise_3d_39,4729.8130745075505,9929.387430399998,889.2877424740021,4310.286613418446,df_elaad_preproc_l6months.csv
