name,transf,client,payoff,total
test_month_sac_gen_J_f_371,658.7735488361436,1468.334912,149.17516390639216,660.3861992574642
