name,transf,client,payoff,total
train_month_sac_gen_I_v_441,39.43034180699942,4306.918592,419.37754482199193,3848.1107053710084
