name,transf,client,payoff,total
train_month_sac_gen_J_j_261,1850.4781797233447,4306.918592,422.3108412815719,2034.1295709950837
