name,transf,client,payoff,total,sessions
train_month_sac_gen_G_d_110,577.0260878865846,1349.0472576000002,117.92128917813274,654.0998805352829,df_elaad_preproc_feb.csv
