name,transf,client,payoff,total,sessions
test_6month_sac_pred_noise_1d_256,4785.723911405089,9929.387430399998,893.2217503396156,4250.441768655293,df_elaad_preproc_l6months.csv
