name,transf,client,payoff,total
train_month_sac_gen_I_h_115,2053.5759756828097,4306.918592,422.3108412815719,1831.0317750356185
