name,transf,client,payoff,total
train_month_sac_gen_I_g_497,2620.4828526020283,4306.918592,422.3108412815719,1264.1248981164
