name,transf,client,payoff,total
test_month_sac_gen_J_v_358,620.4931522595432,1468.334912,148.50825484764397,699.3335048928129
