name,transf,client,payoff,total
test_month_sac_gen_J_h_249,744.4786917511776,1468.334912,149.17516390639216,574.6810563424302
