name,transf,client,payoff,total
train_month_sac_gen_I_u_332,-123.14016455670782,4306.918592,422.3108412815719,4007.7479152751357
