name,transf,client,payoff,total
test_month_sac_gen_J_d_121,711.1796796536657,1468.334912,149.17516390639216,607.9800684399421
