name,transf,client,payoff,total
val_month_sac_gen_I_h_90,660.386121143157,1488.30912,159.56135988924024,668.3616389676026
