name,transf,client,payoff,total
train_month_sac_gen_I_z_125,388.569405198586,4306.918592,422.4446435168645,3495.9045432845496
