name,transf,client,payoff,total
test_month_sac_gen_J_d_381,704.1184057728685,1468.334912,149.17516390639216,615.0413423207393
