name,transf,client,payoff,total
train_month_sac_gen_I_p_207,2198.9078541028252,4306.918592,422.3108412815719,1685.699896615603
