name,transf,client,payoff,total
test_month_sac_gen_I_e_365,628.1397065943177,1468.334912,148.50825484764397,691.6869505580385
