name,transf,client,payoff,total
test_month_sac_gen_I_o_221,730.3146967153923,1468.334912,149.17516390639216,588.8450513782155
