name,transf,client,payoff,total
test_month_sac_gen_J_l_150,690.4105734101009,1468.334912,149.17516390639216,628.7491746835069
