name,transf,client,payoff,total
val_month_sac_gen_J_b_300,642.1077993592154,1488.30912,159.56135988924024,686.6399607515443
