name,transf,client,payoff,total,sessions
train_month_sac_gen_G_e_90,550.3719210593981,1349.0472576000002,123.25436684514581,675.4209696954563,df_elaad_preproc_feb.csv
