name,transf,client,payoff,total,sessions
test_6month_sac_gen_1l_66,3029.5090313282826,9929.387430399998,886.8210602299855,6013.057338841731,df_elaad_preproc_l6months.csv
