name,transf,client,payoff,total
val_month_sac_gen_J_i_276,637.0925412167765,1488.30912,159.56135988924024,691.6552188939831
