name,transf,client,payoff,total
val_month_sac_gen_I_o_252,698.5673288093749,1488.30912,159.56135988924024,630.1804313013847
