name,transf,client,payoff,total,sessions
test_6month_sac_pred_noise_2a_250,2900.8623109769105,9929.387430399998,897.4875555656347,6131.037563857453,df_elaad_preproc_l6months.csv
