name,transf,client,payoff,total
test_month_sac_gen_I_l_99,713.4097151674357,1468.334912,149.17516390639216,605.7500329261721
