name,transf,client,payoff,total,sessions
test_6month_sac_gen_k_210,2836.81126709828,9929.387430399998,886.8210602299855,6205.755103071733,df_elaad_preproc_l6months.csv
