name,transf,client,payoff,total
val_month_sac_gen_J_z_204,606.8387812796542,1488.30912,155.96206259448996,725.5082761258557
