name,transf,client,payoff,total
test_month_sac_gen_I_n_105,672.0235169033996,1468.334912,149.17516390639216,647.1362311902083
