name,transf,client,payoff,total
test_month_sac_gen_c_7,708.8898988900235,1488.30912,159.56135988924024,619.8578612207361
