name,transf,client,payoff,total
train_month_sac_gen_I_z_400,305.7791196435238,4306.918592,415.3102545941263,3585.82921776235
