name,transf,client,payoff,total
train_month_sac_gen_I_q_104,2311.174270731436,4306.918592,422.3108412815719,1573.433479986992
