name,transf,client,payoff,total
train_month_sac_gen_I_w_306,-7635.732474177869,4306.918592,422.3108412815719,11520.340224896298
