name,transf,client,payoff,total,sessions
test_6month_sac_pred_noise_3a_119,2988.345296661939,9929.387430399998,889.2877424740021,6051.754391264058,df_elaad_preproc_l6months.csv
