name,transf,client,payoff,total
test_month_sac_gen_J_c_140,708.0441749009249,1468.334912,149.17516390639216,611.115573192683
