name,transf,client,payoff,total
train_month_sac_gen_J_i_23,2247.747812685292,4306.918592,422.3108412815719,1636.8599380331361
