name,transf,client,payoff,total
train_month_sac_gen_I_o_248,2139.7589530930177,4306.918592,422.3108412815719,1744.8487976254105
