name,transf,client,payoff,total
val_month_sac_gen_I_u_397,647.9865949536942,1488.30912,159.56135988924024,680.7611651570655
