name,transf,client,payoff,total
val_month_sac_gen_I_q_280,736.47693090609,1488.30912,159.56135988924024,592.2708292046696
