name,transf,client,payoff,total
test_month_sac_gen_I_k_368,681.6480470284769,1468.334912,149.17516390639216,637.511701065131
