name,transf,client,payoff,total
test_month_sac_gen_J_u_391,581.5641390709029,1468.334912,148.50825484764397,738.2625180814532
