name,transf,client,payoff,total
train_month_sac_gen_J_s_225,1892.1671321612985,4306.918592,424.10998346836334,1990.6414763703383
