name,transf,client,payoff,total,sessions
test_6month_sac_pred_noise_2e_268,5039.771697742797,9929.387430399998,897.4875555656347,3992.1281770915666,df_elaad_preproc_l6months.csv
