name,transf,client,payoff,total
test_month_sac_gen_I_t_467,713.3334333520414,1468.334912,149.17516390639216,605.8263147415664
