name,transf,client,payoff,total,sessions
6month_sac_disagg_2o_PF,2912.0177403264347,9929.387430399998,886.8210602299855,6130.548629843577,df_elaad_preproc_l6months.csv
