name,transf,client,payoff,total
val_month_sac_gen_I_z_22,710.3916459923214,1488.30912,159.56135988924024,618.3561141184382
