name,transf,client,payoff,total
test_month_sac_gen_I_q_145,780.1954500606469,1468.334912,149.17516390639216,538.964298032961
