name,transf,client,payoff,total,sessions
test_6month_sac_pred_noise_5e_107,5233.168040456846,9929.387430399998,881.6875054342313,3814.531884508921,df_elaad_preproc_l6months.csv
