name,transf,client,payoff,total,sessions
test_6month_sac_pred_noise_5a_116,2933.0308188153067,9929.387430399998,881.6875054342313,6114.669106150461,df_elaad_preproc_l6months.csv
