name,transf,client,payoff,total
train_month_sac_gen_I_w_67,-7364.77487647295,4306.918592,422.3108412815719,11249.382627191377
