name,transf,client,payoff,total
test_month_sac_gen_J_p_215,656.9638678138803,1468.334912,149.17516390639216,662.1958802797276
