name,transf,client,payoff,total
val_month_sac_gen_I_h_449,634.702175465058,1488.30912,159.56135988924024,694.0455846457016
