name,transf,client,payoff,total
test_month_sac_gen_I_b_444,685.9312771909874,1468.334912,149.17516390639216,633.2284709026204
