name,transf,client,payoff,total,sessions
test_6month_sac_gen_2m_18,3873.5656183094666,9929.387430399998,886.8210602299855,5169.000751860545,df_elaad_preproc_l6months.csv
