name,transf,client,payoff,total
val_month_sac_gen_I_b_283,623.6796012258735,1488.30912,159.56135988924024,705.0681588848861
