name,transf,client,payoff,total
test_month_sac_gen_J_q_492,698.7415937819704,1468.334912,149.17516390639216,620.4181543116374
