name,transf,client,payoff,total
val_month_sac_gen_J_g_456,631.7784827259195,1488.30912,159.56135988924024,696.9692773848401
