name,transf,client,payoff,total
test_month_sac_gen_J_e_485,691.7452062341279,1468.334912,149.17516390639216,627.41454185948
