name,transf,client,payoff,total
test_month_sac_gen_J_j_332,640.1695473916532,1468.334912,149.17516390639216,678.9902007019547
