name,transf,client,payoff,total,sessions
test_6month_sac_pred_noise_3d_234,4597.945409887056,9929.387430399998,889.2877424740021,4442.154278038941,df_elaad_preproc_l6months.csv
