name,transf,client,payoff,total,sessions
test_6month_sac_gen_2n_87,3109.733644736198,9929.387430399998,886.8210602299855,5932.832725433815,df_elaad_preproc_l6months.csv
