name,transf,client,payoff,total
test_month_sac_gen_I_t_85,746.8014462714661,1468.334912,149.17516390639216,572.3583018221417
