name,transf,client,payoff,total
train_month_sac_gen_I_y_439,112.67156715290608,4306.918592,418.0432575295838,3776.20376731751
