name,transf,client,payoff,total
val_month_sac_gen_I_s_426,645.9121746791334,1488.30912,159.56135988924024,682.8355854316262
