name,transf,client,payoff,total
test_month_sac_gen_J_d_273,710.6101412551862,1468.334912,149.17516390639216,608.5496068384216
