name,transf,client,payoff,total,sessions
test_6month_sac_gen_i_191,2729.065674992595,9929.387430399998,886.8210602299855,6313.500695177418,df_elaad_preproc_l6months.csv
