name,transf,client,payoff,total
val_month_sac_gen_J_s_491,536.7935676655773,1488.30912,155.96206259448996,795.5534897399327
