name,transf,client,payoff,total
test_month_sac_gen_J_n_375,660.3705068258546,1468.334912,149.17516390639216,658.7892412677533
