name,transf,client,payoff,total
val_month_sac_gen_J_b_36,705.0059631387833,1488.30912,159.56135988924024,623.7417969719763
