name,transf,client,payoff,total
test_month_sac_gen_J_z_43,757.1376698433276,1468.334912,148.50825484764397,562.6889873090286
