name,transf,client,payoff,total
test_month_sac_gen_I_w_108,688.3908559181566,1468.334912,149.17516390639216,630.7688921754512
