name,transf,client,payoff,total
test_month_sac_gen_J_t_436,638.5096974061687,1468.334912,148.50825484764397,681.3169597461874
