name,transf,client,payoff,total
train_month_sac_gen_J_l_186,1872.7283189422023,4306.918592,422.3108412815719,2011.8794317762258
