name,transf,client,payoff,total
train_month_sac_gen_J_t_2,2666.643755400728,4306.918592,417.9096673275943,1222.3651692716776
