name,transf,client,payoff,total
val_month_sac_c_359,1842.8990948205044,2277.450960542104,145.3079860330326,289.243879688567
