name,transf,client,payoff,total
val_month_sac_gen_I_l_75,683.1406521434076,1488.30912,159.56135988924024,645.607107967352
