name,transf,client,payoff,total
test_month_sac_gen_J_l_472,651.9489954925746,1468.334912,149.17516390639216,667.2107526010333
