name,transf,client,payoff,total
val_month_sac_gen_J_l_239,598.1642091799665,1488.30912,159.56135988924024,730.5835509307931
