name,transf,client,payoff,total,sessions
test_6month_sac_pred_noise_2c_150,3545.615887490217,9929.387430399998,897.4875555656347,5486.283987344146,df_elaad_preproc_l6months.csv
