name,transf,client,payoff,total
train_month_sac_gen_I_y_243,-80.08297772629305,4306.918592,423.777169566546,3963.2244001597473
