name,transf,client,payoff,total
train_month_sac_gen_J_o_252,2031.9061258478564,4306.918592,422.3108412815719,1852.7016248705718
