name,transf,client,payoff,total,sessions
test_6month_sac_gen_c_227,2938.4678021459213,9929.387430399998,886.8210602299855,6104.098568024092,df_elaad_preproc_l6months.csv
