name,transf,client,payoff,total
test_month_sac_gen_J_l_61,761.4177263700888,1468.334912,149.17516390639216,557.7420217235191
