name,transf,client,payoff,total,sessions
test_6month_sac_gen_2m_178,2758.192660395671,9929.387430399998,897.4875555656347,6273.707214438693,df_elaad_preproc_l6months.csv
