name,transf,client,payoff,total
val_month_sac_gen_J_n_236,607.0116156873279,1488.30912,159.56135988924024,721.7361444234318
