name,transf,client,payoff,total
test_month_sac_gen_J_n_150,702.1204428304814,1468.334912,149.17516390639216,617.0393052631265
