name,transf,client,payoff,total
val_month_sac_gen_J_u_303,544.9244732114887,1488.30912,155.96206259448996,787.4225841940213
