name,transf,client,payoff,total,sessions
test_6month_sac_pred_noise_3c_104,3703.3264659883316,9929.387430399998,889.2877424740021,5336.773221937665,df_elaad_preproc_l6months.csv
