name,transf,client,payoff,total
test_month_sac_gen_J_d_41,748.0268351979157,1468.334912,149.17516390639216,571.1329128956921
