name,transf,client,payoff,total
val_month_sac_gen_J_b_440,638.2731564978975,1488.30912,159.56135988924024,690.4746036128622
