name,transf,client,payoff,total
train_month_sac_c_358,1053.592893890922,2289.492687923877,157.2012507240518,1078.6985433089033
