name,transf,client,payoff,total
train_month_sac_gen_c_2,-1482.492526955572,1469.5622144,140.89505454222137,2811.1596868133506
