name,transf,client,payoff,total
test_month_sac_gen_I_f_298,733.9373398066583,1468.334912,147.8419170286109,586.5556551647308
