name,transf,client,payoff,total
train_month_sac_gen_I_l_406,2011.1133187144792,4306.918592,422.3108412815719,1873.494432003949
