name,transf,client,payoff,total
train_month_sac_gen_J_o_382,2012.901216108275,4306.918592,422.3108412815719,1871.706534610153
