name,transf,client,payoff,total
test_month_sac_gen_J_b_176,700.5231788179415,1468.334912,149.17516390639216,618.6365692756664
