name,transf,client,payoff,total
test_month_sac_gen_J_b_153,696.4531308419926,1468.334912,149.17516390639216,622.7066172516153
