name,transf,client,payoff,total
val_month_sac_gen_I_c_112,670.8933533041557,1488.30912,159.56135988924024,657.854406806604
