name,transf,client,payoff,total
train_month_sac_gen_I_y_454,-88.87436563199321,4306.918592,418.44380496328233,3977.3491526687108
