name,transf,client,payoff,total
train_month_sac_gen_G_b_238,574.2368307674617,1488.30912,161.22810511232416,752.8441841202141
