name,transf,client,payoff,total
train_month_sac_gen_J_l_128,1915.1202015099552,4306.918592,422.3108412815719,1969.487549208473
