name,transf,client,payoff,total
val_month_sac_gen_d_9,704.2045139291441,1349.0472576000002,118.32161810264896,526.5211255682071
