name,transf,client,payoff,total,sessions
test_6month_sac_pred_noise_3c_152,3565.2217252323817,9929.387430399998,889.2877424740021,5474.877962693615,df_elaad_preproc_l6months.csv
