name,transf,client,payoff,total
val_month_sac_gen_I_e_356,605.8485206892324,1488.30912,155.96206259448996,726.4985367162776
