name,transf,client,payoff,total
val_month_sac_gen_J_i_205,643.6423404126868,1488.30912,159.56135988924024,685.1054196980729
