name,transf,client,payoff,total
train_month_sac_c_609,1027.7026199125457,2289.492687923877,157.2012507240518,1104.5888172872794
