name,transf,client,payoff,total
test_month_sac_gen_J_q_284,687.4848351921196,1468.334912,149.17516390639216,631.6749129014883
