name,transf,client,payoff,total
test_month_sac_gen_c_17,751.1794537694877,1488.30912,159.56135988924024,577.5683063412719
