name,transf,client,payoff,total,sessions
test_6month_sac_gen_1n_122,2942.2894669979128,9929.387430399998,886.8210602299855,6100.2769031721,df_elaad_preproc_l6months.csv
