name,transf,client,payoff,total
val_month_sac_gen_J_v_241,606.2327387630041,1488.30912,155.96206259448996,726.1143186425059
