name,transf,client,payoff,total
test_month_sac_gen_J_a_178,695.7931740447932,1468.334912,149.17516390639216,623.3665740488146
