name,transf,client,payoff,total,sessions
test_6month_sac_gen_1o_150,2933.8502142846028,9929.387430399998,886.8210602299855,6108.7161558854095,df_elaad_preproc_l6months.csv
