name,transf,client,payoff,total
train_month_sac_gen_a_37,1017.2685365130102,1469.5622144,138.5610864331635,313.7325914538262
