name,transf,client,payoff,total
train_month_sac_gen_J_v_395,2025.1941038582215,4306.918592,417.9096673275943,1863.8148208141838
