name,transf,client,payoff,total
test_month_sac_gen_c_78,721.7684133480388,1488.30912,159.56135988924024,606.9793467627208
