name,transf,client,payoff,total
month_sac_IX_c,930.8027569450195,1469.5622144,137.88112672692372,400.87833072805665
