name,transf,client,payoff,total,sessions
test_6month_sac_gen_2n_126,2927.2501284702785,9929.387430399998,886.8210602299855,6115.316241699735,df_elaad_preproc_l6months.csv
