name,transf,client,payoff,total,sessions
test_6month_sac_gen_h_110,2945.3553520846017,9929.387430399998,886.8210602299855,6097.211018085411,df_elaad_preproc_l6months.csv
