name,transf,client,payoff,total
test_month_sac_gen_J_d_70,739.0002432979014,1468.334912,149.17516390639216,580.1595047957064
