name,transf,client,payoff,total
train_month_sac_gen_J_z_77,949.9337789143185,1469.5622144,142.0284642277886,377.5999712578928
