name,transf,client,payoff,total
test_month_sac_gen_I_c_169,693.2871153802334,1468.334912,149.17516390639216,625.8726327133744
