name,transf,client,payoff,total
test_month_sac_gen_I_c_263,683.5666051228325,1468.334912,149.17516390639216,635.5931429707754
