name,transf,client,payoff,total
train_month_sac_gen_J_n_437,1790.110708982246,4306.918592,422.3108412815719,2094.497041736182
