name,transf,client,payoff,total
val_month_sac_gen_I_m_341,629.6949406572529,1488.30912,159.56135988924024,699.0528194535068
