name,transf,client,payoff,total
train_month_sac_gen_I_w_41,-7122.140166276723,4306.918592,422.3108412815719,11006.74791699515
