name,transf,client,payoff,total
train_month_sac_gen_J_c_129,2174.0444198695864,4306.918592,422.3108412815719,1710.5633308488418
