name,transf,client,payoff,total,sessions
test_6month_sac_pred_noise_2e_170,5075.012405297563,9929.387430399998,897.4875555656347,3956.8874695368004,df_elaad_preproc_l6months.csv
