name,transf,client,payoff,total
train_month_sac_gen_I_s_16,1991.283167671526,4306.918592,422.3108412815719,1893.3245830469023
