name,transf,client,payoff,total
test_month_sac_gen_I_v_74,699.5724201790872,1468.334912,149.17516390639216,619.5873279145206
