name,transf,client,payoff,total,sessions
test_6month_sac_gen_4m_124,3051.2183915012415,9929.387430399998,886.8210602299855,5991.347978668771,df_elaad_preproc_l6months.csv
