name,transf,client,payoff,total
train_month_sac_gen_I_p_174,2215.2649779187113,4306.918592,422.3108412815719,1669.3427727997168
