name,transf,client,payoff,total
val_month_sac_gen_I_h_217,646.3558298184864,1488.30912,159.56135988924024,682.3919302922732
