name,transf,client,payoff,total,sessions
test_6month_sac_gen_k_49,3218.1804524790164,9929.387430399998,886.8210602299855,5824.3859176909955,df_elaad_preproc_l6months.csv
