name,transf,client,payoff,total
val_month_sac_gen_J_r_18,690.0006229702371,1488.30912,159.56135988924024,638.7471371405225
