name,transf,client,payoff,total
val_month_sac_gen_J_x_40,725.3807927212196,1488.30912,159.56135988924024,603.3669673895402
