name,transf,client,payoff,total,sessions
test_6month_sac_gen_4m_179,2939.790825363356,9929.387430399998,891.2211003728393,6098.375504663803,df_elaad_preproc_l6months.csv
