name,transf,client,payoff,total,sessions
test_6month_sac_pred_noise_2d_160,4542.0850381293185,9929.387430399998,897.4875555656347,4489.814836705045,df_elaad_preproc_l6months.csv
