name,transf,client,payoff,total,sessions
test_6month_sac_gen_5m_80,2950.210387772031,9929.387430399998,881.6875054342313,6097.489537193736,df_elaad_preproc_l6months.csv
