name,transf,client,payoff,total
test_month_sac_gen_I_m_430,660.3518842616802,1468.334912,149.17516390639216,658.8078638319276
