name,transf,client,payoff,total
train_month_sac_gen_J_z_167,510.5492339232269,1349.0472576000002,119.65465212179417,718.8433715549792
