name,transf,client,payoff,total
month_sac_IX_h,1205.6139646506679,1469.5622144,138.41504837746038,125.53320137187166
