name,transf,client,payoff,total
val_month_sac_gen_J_f_297,640.1264412114899,1488.30912,159.56135988924024,688.6213188992697
