name,transf,client,payoff,total
val_month_sac_gen_I_k_376,646.3740235281111,1488.30912,159.56135988924024,682.3737365826485
