name,transf,client,payoff,total,sessions
test_6month_sac_pred_noise_5c_155,3513.221097965841,9929.387430399998,881.6875054342313,5534.478826999926,df_elaad_preproc_l6months.csv
