name,transf,client,payoff,total
test_month_sac_gen_I_l_164,697.7361728202025,1468.334912,149.17516390639216,621.4235752734054
