name,transf,client,payoff,total
train_month_sac_gen_I_r_352,1941.6773603198749,4306.918592,419.37754482199193,1945.8636868581332
