name,transf,client,payoff,total
val_month_sac_gen_J_e_405,655.9023728563047,1488.30912,159.56135988924024,672.8453872544549
