name,transf,client,payoff,total,sessions
test_6month_sac_pred_noise_4a_235,2923.3038289529577,9929.387430399998,891.2211003728393,6114.862501074202,df_elaad_preproc_l6months.csv
