name,transf,client,payoff,total,sessions
test_6month_sac_gen_2n_53,3004.1003033183315,9929.387430399998,886.8210602299855,6038.466066851681,df_elaad_preproc_l6months.csv
