name,transf,client,payoff,total
test_month_sac_gen_I_f_396,727.519433340434,1468.334912,147.8419170286109,592.9735616309551
