name,transf,client,payoff,total,sessions
test_6month_sac_gen_3m_83,3040.4155297683265,9929.387430399998,886.8210602299855,6002.150840401686,df_elaad_preproc_l6months.csv
