name,transf,client,payoff,total
val_month_sac_gen_J_p_410,637.3947326238648,1488.30912,159.56135988924024,691.3530274868949
