name,transf,client,payoff,total
test_month_sac_gen_J_s_416,567.7691075381066,1468.334912,148.50825484764397,752.0575496142494
