name,transf,client,payoff,total
val_month_sac_gen_J_r_130,655.7247398700865,1488.30912,159.56135988924024,673.0230202406731
