name,transf,client,payoff,total
val_month_sac_gen_J_a_26,745.7699688278299,1488.30912,159.56135988924024,582.9777912829297
