name,transf,client,payoff,total
val_month_sac_gen_I_a_80,698.0484756334504,1488.30912,159.56135988924024,630.6992844773092
