name,transf,client,payoff,total
train_month_sac_gen_J_p_51,2148.19686620724,4306.918592,422.3108412815719,1736.4108845111882
