name,transf,client,payoff,total
val_month_sac_gen_I_z_109,696.968877454892,1488.30912,159.56135988924024,631.7788826558676
