name,transf,client,payoff,total
test_month_sac_gen_J_d_394,700.1450921508251,1468.334912,149.17516390639216,619.0146559427827
