name,transf,client,payoff,total,sessions
test_6month_sac_gen_1n_116,2929.0312574870504,9929.387430399998,886.8210602299855,6113.535112682963,df_elaad_preproc_l6months.csv
