name,transf,client,payoff,total
test_month_sac_gen_c_36,766.4656102166447,1488.30912,159.56135988924024,562.282149894115
