name,transf,client,payoff,total
train_month_sac_gen_I_y_163,44.04803329689162,4306.918592,416.2431547704197,3846.6274039326886
