name,transf,client,payoff,total
train_month_sac_gen_I_h_15,2228.496505898822,4306.918592,422.3108412815719,1656.1112448196063
