name,transf,client,payoff,total
month_sac_IX_e,927.1654769334323,1469.5622144,136.14845349765795,406.2482839689097
