name,transf,client,payoff,total
train_month_sac_gen_I_r_171,1984.592304004932,4306.918592,418.7769702765704,1903.5493177184976
