name,transf,client,payoff,total,sessions
test_6month_sac_gen_b_175,2941.079295434675,9929.387430399998,886.8210602299855,6101.487074735338,df_elaad_preproc_l6months.csv
