name,transf,client,payoff,total,sessions
test_6month_sac_gen_3m_74,2911.8279183048608,9929.387430399998,889.2877424740021,6128.271769621136,df_elaad_preproc_l6months.csv
