name,transf,client,payoff,total,sessions
test_6month_sac_gen_1l_156,2836.875449767958,9929.387430399998,886.8210602299855,6205.690920402054,df_elaad_preproc_l6months.csv
