name,transf,client,payoff,total
test_month_sac_gen_I_y_58,705.1242353430277,1468.334912,149.17516390639216,614.0355127505801
