name,transf,client,payoff,total
train_month_sac_c_962,1028.9909879089114,2289.492687923877,157.2012507240518,1103.3004492909138
