name,transf,client,payoff,total,sessions
test_6month_sac_gen_1l_113,2898.6224283230385,9929.387430399998,886.8210602299855,6143.943941846974,df_elaad_preproc_l6months.csv
