name,transf,client,payoff,total,sessions
test_6month_sac_gen_k_88,3037.448557863915,9929.387430399998,886.8210602299855,6005.117812306098,df_elaad_preproc_l6months.csv
