name,transf,client,payoff,total
train_month_sac_gen_I_v_180,-122.91785655653277,4306.918592,428.1108023234274,4001.725646233105
