name,transf,client,payoff,total
test_month_sac_gen_I_d_255,669.950345310496,1468.334912,149.17516390639216,649.2094027831118
