name,transf,client,payoff,total,sessions
test_6month_sac_gen_e_141,2822.493751432567,9929.387430399998,886.8210602299855,6220.072618737446,df_elaad_preproc_l6months.csv
