name,transf,client,payoff,total
test_month_sac_gen_J_d_272,705.5692963396405,1468.334912,149.17516390639216,613.5904517539674
