name,transf,client,payoff,total
train_month_sac_gen_c_54,-2535.221726100727,1469.5622144,138.62813623279877,3866.1558042679285
