name,transf,client,payoff,total
test_month_sac_gen_I_d_309,666.6636706100549,1468.334912,149.17516390639216,652.496077483553
