name,transf,client,payoff,total
test_month_sac_gen_I_f_144,754.9064569655932,1468.334912,147.8419170286109,565.586538005796
