name,transf,client,payoff,total,sessions
test_6month_sac_gen_i_212,2734.9503875939427,9929.387430399998,886.8210602299855,6307.61598257607,df_elaad_preproc_l6months.csv
