name,transf,client,payoff,total,sessions
test_6month_sac_pred_noise_5d_187,4467.061697958232,9929.387430399998,881.6875054342313,4580.6382270075355,df_elaad_preproc_l6months.csv
