name,transf,client,payoff,total,sessions
test_6month_sac_gen_2n_37,3047.1537345571787,9929.387430399998,886.8210602299855,5995.4126356128345,df_elaad_preproc_l6months.csv
