name,transf,client,payoff,total
val_month_sac_gen_I_a_416,643.0113885602121,1488.30912,159.56135988924024,685.7363715505476
