name,transf,client,payoff,total,sessions
test_6month_sac_pred_noise_2d_192,4603.721254855474,9929.387430399998,897.4875555656347,4428.178619978889,df_elaad_preproc_l6months.csv
