name,transf,client,payoff,total
test_month_sac_gen_G_a_11,808.5239318690093,1468.334912,148.50825484764397,511.3027252833468
