name,transf,client,payoff,total
test_month_sac_gen_J_i_169,757.2169534141696,1468.334912,149.17516390639216,561.9427946794383
