name,transf,client,payoff,total,sessions
test_6month_sac_pred_noise_3e_239,5320.2203743697555,9929.387430399998,889.2877424740021,3719.8793135562405,df_elaad_preproc_l6months.csv
