name,transf,client,payoff,total
val_month_sac_gen_I_o_294,693.0255864726674,1488.30912,159.56135988924024,635.7221736380923
