name,transf,client,payoff,total
test_month_sac_gen_I_p_387,756.0294018156173,1468.334912,149.17516390639216,563.1303462779905
