name,transf,client,payoff,total,sessions
test_6month_sac_gen_2o_114,2869.0980687034444,9929.387430399998,886.8210602299855,6173.468301466568,df_elaad_preproc_l6months.csv
