name,transf,client,payoff,total
val_month_sac_c_438,1829.985664358324,2277.450960542104,145.3079860330326,302.1573101507475
