name,transf,client,payoff,total
test_month_sac_gen_J_d_321,703.2754469015586,1468.334912,149.17516390639216,615.8843011920493
