name,transf,client,payoff,total
test_month_sac_gen_I_t_106,717.5021050835096,1468.334912,149.17516390639216,601.6576430100982
