name,transf,client,payoff,total
train_month_sac_gen_J_d_146,2077.256757651788,4306.918592,422.3108412815719,1807.35099306664
