name,transf,client,payoff,total
train_month_sac_gen_I_r_454,1930.0031451374846,4306.918592,418.11014248789365,1958.805304374622
