name,transf,client,payoff,total
val_month_sac_gen_J_k_68,624.181122729224,1488.30912,159.56135988924024,704.5666373815357
