name,transf,client,payoff,total,sessions
test_6month_sac_gen_5m_57,2956.3979920694383,9929.387430399998,881.6875054342313,6091.301932896329,df_elaad_preproc_l6months.csv
