name,transf,client,payoff,total
val_month_sac_gen_e_23,630.3018100395732,1349.0472576000002,118.32161810264896,600.4238294577781
