name,transf,client,payoff,total
val_month_sac_gen_I_y_391,659.445275530474,1488.30912,159.56135988924024,669.3024845802856
