name,transf,client,payoff,total
train_month_sac_gen_I_v_425,151.32635648562223,4306.918592,422.510270647579,3733.0819648667984
