name,transf,client,payoff,total,sessions
test_6month_sac_gen_g_281,2977.781050176194,9929.387430399998,886.8210602299855,6064.785319993818,df_elaad_preproc_l6months.csv
