name,transf,client,payoff,total,sessions
test_6month_sac_gen_2m_102,3057.754891712934,9929.387430399998,886.8210602299855,5984.811478457079,df_elaad_preproc_l6months.csv
