name,transf,client,payoff,total
test_month_sac_gen_J_e_436,677.0562202892843,1468.334912,149.17516390639216,642.1035278043236
