name,transf,client,payoff,total
val_month_sac_gen_I_z_334,711.0351117165382,1488.30912,159.56135988924024,617.7126483942216
