name,transf,client,payoff,total
test_month_sac_gen_J_r_48,702.806300394951,1468.334912,149.17516390639216,616.3534476986569
