name,transf,client,payoff,total,sessions
test_6month_sac_gen_3m_10,4650.778365677154,9929.387430399998,886.8210602299855,4391.788004492859,df_elaad_preproc_l6months.csv
