name,transf,client,payoff,total,sessions
test_6month_sac_pred_noise_1a_156,2954.9913414481744,9929.387430399998,893.2217503396156,6081.174338612208,df_elaad_preproc_l6months.csv
