name,transf,client,payoff,total
train_month_sac_gen_J_f_29,2189.195194829662,4306.918592,422.3108412815719,1695.4125558887663
