name,transf,client,payoff,total
test_month_sac_gen_I_g_17,757.1217644864167,1468.334912,149.17516390639216,562.0379836071911
