name,transf,client,payoff,total,sessions
test_6month_sac_pred_noise_4e_259,5429.669101883473,9929.387430399998,891.2211003728393,3608.4972281436862,df_elaad_preproc_l6months.csv
