name,transf,client,payoff,total
train_month_sac_gen_J_t_216,2046.9352436934341,4306.918592,417.9096673275943,1842.0736809789714
