name,transf,client,payoff,total
train_month_sac_gen_J_n_110,1979.1439142597333,4306.918592,422.3108412815719,1905.463836458695
