name,transf,client,payoff,total
val_month_sac_gen_I_p_87,730.3358716093683,1488.30912,159.56135988924024,598.4118885013913
