name,transf,client,payoff,total
test_month_sac_gen_I_d_276,670.9535314070898,1468.334912,149.17516390639216,648.206216686518
