name,transf,client,payoff,total
test_month_sac_gen_J_k_307,618.745063233479,1468.334912,149.17516390639216,700.4146848601289
