name,transf,client,payoff,total,sessions
test_6month_sac_pred_noise_5b_128,2970.0673823136503,9929.387430399998,881.6875054342313,6077.632542652116,df_elaad_preproc_l6months.csv
