name,transf,client,payoff,total
val_month_sac_gen_J_e_318,653.6150788828174,1488.30912,159.56135988924024,675.1326812279422
