name,transf,client,payoff,total
train_month_sac_gen_G_b_205,520.5797344461066,1349.0472576000002,122.98724274180975,705.4802804120839
