name,transf,client,payoff,total
month_sac_IX_j,1037.6609509680663,1469.5622144,138.681164716446,293.22009871548755
