name,transf,client,payoff,total,sessions
test_6month_sac_pred_noise_3d_25,4803.561508806376,9929.387430399998,889.2877424740021,4236.5381791196205,df_elaad_preproc_l6months.csv
