name,transf,client,payoff,total
val_month_sac_gen_I_b_136,632.8326479565335,1488.30912,159.56135988924024,695.9151121542261
