name,transf,client,payoff,total
train_month_sac_gen_I_z_452,351.2744050955365,4306.918592,426.1107377530932,3529.5334491513704
