name,transf,client,payoff,total
val_month_sac_gen_I_j_170,664.4916475465621,1488.30912,159.56135988924024,664.2561125641976
