name,transf,client,payoff,total,sessions
test_6month_sac_pred_noise_5b_209,3098.991459131195,9929.387430399998,881.6875054342313,5948.708465834572,df_elaad_preproc_l6months.csv
