name,transf,client,payoff,total
test_month_sac_gen_J_q_302,689.4054163726698,1468.334912,149.17516390639216,629.754331720938
