name,transf,client,payoff,total
train_month_sac_gen_J_m_13,2447.4802304660643,4306.918592,422.3108412815719,1437.1275202523639
