name,transf,client,payoff,total
train_month_sac_gen_J_z_237,484.71368741939966,1349.0472576000002,119.25427084848326,745.0792993321172
