name,transf,client,payoff,total
val_month_sac_gen_I_b_56,671.1421362524189,1488.30912,159.56135988924024,657.6056238583408
