name,transf,client,payoff,total
val_month_sac_gen_J_j_69,652.4881808450065,1488.30912,159.56135988924024,676.2595792657532
