name,transf,client,payoff,total
month_sac_IX_i,869.8662562525005,1469.5622144,138.08128037914943,461.6146777683499
