name,transf,client,payoff,total
val_month_sac_gen_I_o_59,725.0651925243033,1488.30912,159.56135988924024,603.6825675864563
