name,transf,client,payoff,total
test_month_sac_gen_G_a_164,663.7703329331425,1468.334912,148.50825484764397,656.0563242192136
