name,transf,client,payoff,total,sessions
test_6month_sac_gen_5m_127,2790.54227368114,9929.387430399998,881.6875054342313,6257.157651284628,df_elaad_preproc_l6months.csv
