name,transf,client,payoff,total,sessions
test_6month_sac_pred_noise_4d_26,4628.825999931809,9929.387430399998,891.2211003728393,4409.3403300953505,df_elaad_preproc_l6months.csv
