name,transf,client,payoff,total
train_month_sac_gen_I_l_164,2045.2043559015146,4306.918592,422.3108412815719,1839.4033948169135
