name,transf,client,payoff,total
train_month_sac_gen_J_e_129,2053.5267869993672,4306.918592,422.3108412815719,1831.080963719061
