name,transf,client,payoff,total
train_month_sac_gen_J_t_347,2021.315363502905,4306.918592,417.9096673275943,1867.6935611695008
