name,transf,client,payoff,total,sessions
test_6month_sac_gen_4l_177,2923.2140324377315,9929.387430399998,886.8210602299855,6119.352337732282,df_elaad_preproc_l6months.csv
