name,transf,client,payoff,total
val_month_sac_gen_J_u_335,545.5554119369501,1488.30912,155.96206259448996,786.7916454685599
