name,transf,client,payoff,total
train_month_sac_gen_J_e_35,2251.067109648183,4306.918592,422.3108412815719,1633.5406410702453
