name,transf,client,payoff,total
train_month_sac_gen_I_b_271,1972.807670186983,4306.918592,422.3108412815719,1911.800080531445
