name,transf,client,payoff,total
train_month_sac_gen_J_w_199,1879.9192559453534,4306.918592,418.84363914097383,2008.155696913673
