name,transf,client,payoff,total
test_month_sac_b_16,1347.9490497824436,1469.5622144,135.21440678133106,-13.601242163774742
