name,transf,client,payoff,total
test_month_sac_gen_d_7,805.263588593129,1488.30912,159.56135988924024,523.4841715176306
