name,transf,client,payoff,total
train_month_sac_gen_J_u_393,1860.8097762207237,4306.918592,418.7767869416955,2027.332028837581
