name,transf,client,payoff,total,sessions
test_6month_sac_pred_noise_1e_120,5135.9978991420085,9929.387430399998,893.2217503396156,3900.1677809183743,df_elaad_preproc_l6months.csv
