name,transf,client,payoff,total
test_month_sac_gen_J_i_21,834.2414875279356,1468.334912,149.17516390639216,484.9182605656722
