name,transf,client,payoff,total,sessions
test_6month_sac_gen_1m_71,3256.9043464797196,9929.387430399998,886.8210602299855,5785.662023690293,df_elaad_preproc_l6months.csv
