name,transf,client,payoff,total
test_month_sac_gen_J_j_79,679.624968726444,1468.334912,149.17516390639216,639.5347793671639
