name,transf,client,payoff,total
train_month_sac_gen_I_j_393,2020.0088749068618,4306.918592,422.3108412815719,1864.5988758115664
