name,transf,client,payoff,total
train_month_sac_gen_J_p_253,2007.325885771195,4306.918592,422.3108412815719,1877.2818649472329
