name,transf,client,payoff,total,sessions
test_6month_sac_gen_i_49,3038.1794696999814,9929.387430399998,886.8210602299855,6004.386900470032,df_elaad_preproc_l6months.csv
