name,transf,client,payoff,total
test_month_sac_gen_I_s_267,676.393626896927,1468.334912,149.17516390639216,642.7661211966808
