name,transf,client,payoff,total
val_month_sac_gen_I_x_345,708.2831292099098,1488.30912,159.56135988924024,620.4646309008499
