name,transf,client,payoff,total
val_month_sac_gen_J_q_141,658.6166890957466,1488.30912,159.56135988924024,670.131071015013
