name,transf,client,payoff,total
test_month_sac_gen_J_a_494,695.7136908551594,1468.334912,149.17516390639216,623.4460572384485
