name,transf,client,payoff,total
val_month_sac_gen_I_m_160,652.2139618011271,1488.30912,159.56135988924024,676.5337983096326
