name,transf,client,payoff,total
test_month_sac_gen_I_y_70,711.2626455949508,1468.334912,149.17516390639216,607.8971024986571
