name,transf,client,payoff,total
test_month_sac_gen_I_f_219,752.1040553848795,1468.334912,147.8419170286109,568.3889395865097
