name,transf,client,payoff,total
train_month_sac_gen_J_l_140,1916.1210543897946,4306.918592,422.3108412815719,1968.4866963286336
