name,transf,client,payoff,total,sessions
test_6month_sac_pred_noise_5b_52,3119.849582427929,9929.387430399998,881.6875054342313,5927.8503425378385,df_elaad_preproc_l6months.csv
