name,transf,client,payoff,total
val_month_sac_b_5,2171.981362149805,2277.450960542104,145.3079860330326,-39.83838764073374
