name,transf,client,payoff,total
val_month_sac_gen_J_o_117,662.8931167103059,1488.30912,159.56135988924024,665.8546434004538
