name,transf,client,payoff,total,sessions
test_6month_sac_pred_noise_4a_249,2898.7839781681314,9929.387430399998,891.2211003728393,6139.382351859028,df_elaad_preproc_l6months.csv
