name,transf,client,payoff,total
val_month_sac_gen_I_c_397,635.9453199400273,1488.30912,159.56135988924024,692.8024401707323
