name,transf,client,payoff,total
val_month_sac_gen_J_u_264,554.5193000645091,1488.30912,155.96206259448996,777.8277573410007
