name,transf,client,payoff,total
test_month_sac_gen_I_p_107,766.7161367543299,1468.334912,149.17516390639216,552.4436113392779
