name,transf,client,payoff,total
val_month_sac_gen_I_m_41,667.6668167765444,1488.30912,159.56135988924024,661.0809433342154
