name,transf,client,payoff,total
test_month_sac_c_961,1017.6989632851855,1469.5622144,135.21440678133106,316.64884433348334
