name,transf,client,payoff,total
val_month_sac_gen_J_m_82,637.5818760908046,1488.30912,159.56135988924024,691.165884019955
