name,transf,client,payoff,total
test_month_sac_gen_I_s_225,679.4517870199702,1468.334912,149.17516390639216,639.7079610736376
