name,transf,client,payoff,total,sessions
test_6month_sac_pred_noise_4a_208,2893.2832619295623,9929.387430399998,891.2211003728393,6144.883068097597,df_elaad_preproc_l6months.csv
