name,transf,client,payoff,total
val_month_sac_gen_J_p_63,679.230514409966,1488.30912,159.56135988924024,649.5172457007936
