name,transf,client,payoff,total
test_month_sac_gen_J_b_28,771.86489237058,1468.334912,149.17516390639216,547.2948557230278
