name,transf,client,payoff,total
train_month_sac_gen_I_g_472,2549.841108436791,4306.918592,422.3108412815719,1334.7666422816374
