name,transf,client,payoff,total
train_month_sac_gen_J_s_207,1871.921648456595,4306.918592,421.5783036642921,2013.418639879113
