name,transf,client,payoff,total
val_month_sac_gen_I_u_49,695.801122756867,1488.30912,159.56135988924024,632.9466373538926
