name,transf,client,payoff,total
test_sac_c_70,7883.957521641427,18301.238246399997,1736.5228628156017,8680.757861942968
