name,transf,client,payoff,total
train_month_sac_gen_G_a_13,1131.5965352697765,1469.5622144,142.36162954107664,195.60404958914677
