name,transf,client,payoff,total
test_month_sac_gen_I_h_82,730.1458074264933,1468.334912,149.17516390639216,589.0139406671145
