name,transf,client,payoff,total
val_month_sac_gen_J_c_471,649.5745011426345,1488.30912,159.56135988924024,679.1732589681251
