name,transf,client,payoff,total
test_month_sac_gen_I_t_160,707.3255881793084,1468.334912,149.17516390639216,611.8341599142994
