name,transf,client,payoff,total
test_month_sac_gen_I_t_153,700.3206458492164,1468.334912,149.17516390639216,618.8391022443915
