name,transf,client,payoff,total
train_month_sac_gen_I_s_162,1677.9646135155845,4306.918592,422.3108412815719,2206.6431372028437
