name,transf,client,payoff,total,sessions
test_6month_sac_gen_3m_158,2780.350902770544,9929.387430399998,889.2877424740021,6259.748785155452,df_elaad_preproc_l6months.csv
