name,transf,client,payoff,total
train_month_sac_gen_J_m_471,1785.3781702285773,4306.918592,422.3108412815719,2099.229580489851
