name,transf,client,payoff,total
train_month_sac_gen_I_d_84,2068.201654128987,4306.918592,422.3108412815719,1816.4060965894414
