name,transf,client,payoff,total
test_month_sac_c_12,1220.5268395783357,1469.5622144,135.21440678133106,113.8209680403331
