name,transf,client,payoff,total
val_month_sac_gen_I_m_228,636.7104382508136,1488.30912,159.56135988924024,692.0373218599461
