name,transf,client,payoff,total,sessions
test_6month_sac_pred_noise_2b_210,3012.7995674176145,9929.387430399998,897.4875555656347,6019.100307416749,df_elaad_preproc_l6months.csv
