name,transf,client,payoff,total
val_month_sac_gen_J_v_114,625.6093814553293,1488.30912,155.96206259448996,706.7376759501806
