name,transf,client,payoff,total,sessions
test_6month_sac_gen_1m_24,3487.943765719934,9929.387430399998,893.2217503396156,5548.221914340448,df_elaad_preproc_l6months.csv
