name,transf,client,payoff,total
train_month_sac_gen_J_r_214,2030.0605572387044,4306.918592,422.3108412815719,1854.5471934797238
