name,transf,client,payoff,total,sessions
test_6month_sac_gen_i_6,3764.2339840715103,9929.387430399998,886.8210602299855,5278.332386098502,df_elaad_preproc_l6months.csv
