name,transf,client,payoff,total
test_month_sac_gen_I_u_70,712.7329875999694,1468.334912,149.17516390639216,606.4267604936384
