name,transf,client,payoff,total
test_month_sac_gen_I_y_288,685.8288375421417,1468.334912,149.17516390639216,633.3309105514661
