name,transf,client,payoff,total
train_month_sac_gen_J_v_413,2022.9291195326168,4306.918592,417.9096673275943,1866.0798051397887
