name,transf,client,payoff,total
test_month_sac_gen_J_p_478,670.171721216718,1468.334912,149.17516390639216,648.9880268768899
