name,transf,client,payoff,total
val_month_sac_gen_I_j_146,661.2343198905452,1488.30912,159.56135988924024,667.5134402202145
