name,transf,client,payoff,total
test_month_sac_gen_I_g_128,766.9154157288149,1468.334912,149.17516390639216,552.244332364793
