name,transf,client,payoff,total
test_month_sac_gen_J_d_126,724.7215414436203,1468.334912,149.17516390639216,594.4382066499876
