name,transf,client,payoff,total
test_month_sac_gen_I_v_246,677.4073034387968,1468.334912,149.17516390639216,641.752444654811
