name,transf,client,payoff,total
val_month_sac_gen_G_b_232,598.4295757276454,1488.30912,159.09496226131247,730.784582011042
