name,transf,client,payoff,total
train_month_sac_gen_G_b_109,541.1943072120921,1349.0472576000002,121.38736447721556,686.4655859106925
