name,transf,client,payoff,total
val_month_sac_gen_J_x_134,727.233470226669,1488.30912,159.56135988924024,601.5142898840907
