name,transf,client,payoff,total
train_month_sac_gen_I_i_384,2051.8920781629636,4306.918592,422.3108412815719,1832.7156725554646
