name,transf,client,payoff,total,sessions
test_6month_sac_gen_4m_39,3184.31042163618,9929.387430399998,886.8210602299855,5858.255948533833,df_elaad_preproc_l6months.csv
