name,transf,client,payoff,total
test_month_sac_c_890,1020.2554585776729,1469.5622144,135.21440678133106,314.09234904099594
