name,transf,client,payoff,total
val_month_sac_gen_J_c_381,659.2251995705541,1488.30912,159.56135988924024,669.5225605402056
