name,transf,client,payoff,total
train_month_sac_gen_I_w_101,-7471.431949156892,4306.918592,422.3108412815719,11356.039699875319
