name,transf,client,payoff,total,sessions
test_6month_sac_gen_3m_89,2948.362881835995,9929.387430399998,889.2877424740021,6091.736806090002,df_elaad_preproc_l6months.csv
