name,transf,client,payoff,total
test_month_sac_gen_I_l_121,700.6985958034675,1468.334912,149.17516390639216,618.4611522901404
