name,transf,client,payoff,total
train_month_sac_gen_I_z_178,366.73165238774004,4306.918592,422.4446435168645,3517.7422960953954
