name,transf,client,payoff,total
train_month_sac_gen_G_a_218,911.6959178899288,1469.5622144,141.09452808244586,416.77176842762526
