name,transf,client,payoff,total
val_month_sac_gen_J_f_429,632.9964933982474,1488.30912,159.56135988924024,695.7512667125122
