name,transf,client,payoff,total,sessions
test_6month_sac_pred_noise_1b_106,3086.817233793936,9929.387430399998,893.2217503396156,5949.348446266446,df_elaad_preproc_l6months.csv
