name,transf,client,payoff,total
test_month_sac_gen_d_48,886.4448730002833,1488.30912,159.56135988924024,442.3028871104763
