name,transf,client,payoff,total
jul_NoV2G,479.295075839047,1233.9716736,0,754.676597760953
