name,transf,client,payoff,total
test_month_sac_gen_J_f_37,694.8167899274838,1468.334912,149.17516390639216,624.342958166124
