name,transf,client,payoff,total,sessions
test_6month_sac_gen_f_112,2971.2311906014775,9929.387430399998,886.8210602299855,6071.335179568536,df_elaad_preproc_l6months.csv
