name,transf,client,payoff,total
val_month_sac_gen_J_e_354,652.0387136075852,1488.30912,159.56135988924024,676.7090465031745
