name,transf,client,payoff,total
train_month_sac_gen_J_z_25,601.0275740115655,1349.0472576000002,122.12082293822803,625.8988606502066
