name,transf,client,payoff,total
train_month_sac_gen_J_e_36,2248.487081056133,4306.918592,422.3108412815719,1636.1206696622953
