name,transf,client,payoff,total,sessions
test_6month_sac_pred_noise_2a_144,2860.6810725210935,9929.387430399998,897.4875555656347,6171.21880231327,df_elaad_preproc_l6months.csv
