name,transf,client,payoff,total
test_month_sac_gen_J_k_191,637.8619865064716,1468.334912,149.17516390639216,681.2977615871363
