name,transf,client,payoff,total,sessions
test_6month_sac_pred_noise_3b_142,3145.9244838632508,9929.387430399998,889.2877424740021,5894.175204062745,df_elaad_preproc_l6months.csv
