name,transf,client,payoff,total
test_month_sac_gen_J_q_373,682.8612388460078,1468.334912,149.17516390639216,636.2985092476
