name,transf,client,payoff,total
test_month_sac_gen_I_o_276,733.6189173428611,1468.334912,149.17516390639216,585.5408307507467
