name,transf,client,payoff,total
train_month_sac_gen_I_d_394,1969.894124722406,4306.918592,422.3108412815719,1914.713625996022
