name,transf,client,payoff,total
test_month_sac_gen_I_m_429,664.2846988702629,1468.334912,149.17516390639216,654.875049223345
