name,transf,client,payoff,total,sessions
test_6month_sac_pred_noise_4e_233,5143.171588204177,9929.387430399998,891.2211003728393,3894.9947418229817,df_elaad_preproc_l6months.csv
