name,transf,client,payoff,total
test_month_sac_gen_J_x_249,744.3767902550244,1468.334912,149.17516390639216,574.7829578385835
