name,transf,client,payoff,total
train_month_sac_gen_J_l_407,1809.216593163621,4306.918592,422.3108412815719,2075.3911575548073
