name,transf,client,payoff,total
test_month_sac_gen_I_w_473,652.1816424789242,1468.334912,149.17516390639216,666.9781056146836
