name,transf,client,payoff,total,sessions
test_6month_sac_gen_3l_297,2820.0007314497416,9929.387430399998,886.8210602299855,6222.565638720271,df_elaad_preproc_l6months.csv
