name,transf,client,payoff,total
test_month_sac_gen_I_z_170,731.3869948336626,1468.334912,149.17516390639216,587.7727532599453
