name,transf,client,payoff,total
val_month_sac_gen_J_v_267,606.3241537069323,1488.30912,155.96206259448996,726.0229036985777
