name,transf,client,payoff,total
train_month_sac_gen_G_b_171,619.8549308257565,1488.30912,156.69454956167317,711.7596396125703
