name,transf,client,payoff,total
test_month_sac_gen_J_p_302,656.3834659931547,1468.334912,149.17516390639216,662.7762821004532
