name,transf,client,payoff,total
val_month_sac_c_941,1824.3804463999445,2277.450960542104,145.3079860330326,307.7625281091269
