name,transf,client,payoff,total
test_month_sac_gen_I_g_288,842.5861028577226,1468.334912,149.17516390639216,476.57364523588524
