name,transf,client,payoff,total
train_month_sac_gen_I_q_498,2283.917782293941,4306.918592,422.3108412815719,1600.6899684244872
