name,transf,client,payoff,total,sessions
test_6month_sac_gen_1o_148,2917.9087249527915,9929.387430399998,886.8210602299855,6124.657645217221,df_elaad_preproc_l6months.csv
