name,transf,client,payoff,total
test_month_sac_gen_I_k_489,693.1313169990078,1468.334912,149.17516390639216,626.0284310946
