name,transf,client,payoff,total,sessions
test_6month_sac_pred_noise_1e_205,5042.076701695152,9929.387430399998,893.2217503396156,3994.0889783652306,df_elaad_preproc_l6months.csv
