name,transf,client,payoff,total
train_month_sac_gen_I_n_440,1882.7846952861123,4306.918592,422.3108412815719,2001.8230554323159
