name,transf,client,payoff,total
val_month_sac_gen_I_x_281,701.3735414088324,1488.30912,159.56135988924024,627.3742187019272
