name,transf,client,payoff,total
train_month_sac_gen_J_g_56,2134.141921244578,4306.918592,422.3108412815719,1750.4658294738501
