name,transf,client,payoff,total,sessions
train_month_sac_pred_noise_b_135,552.212759993948,1349.0472576000002,120.32105381356293,676.5134437924893,df_elaad_preproc_feb.csv
