name,transf,client,payoff,total,sessions
test_6month_sac_pred_noise_1b_55,3297.2793038080836,9929.387430399998,893.2217503396156,5738.886376252299,df_elaad_preproc_l6months.csv
