name,transf,client,payoff,total
train_month_sac_gen_I_u_40,197.56351363608843,4306.918592,422.3108412815719,3687.0442370823394
