name,transf,client,payoff,total
train_month_sac_gen_J_e_69,2132.298137635126,4306.918592,422.3108412815719,1752.3096130833023
