name,transf,client,payoff,total,sessions
test_6month_sac_pred_noise_2b_52,3280.1977430566003,9929.387430399998,897.4875555656347,5751.7021317777635,df_elaad_preproc_l6months.csv
