name,transf,client,payoff,total
val_month_sac_gen_I_t_455,676.8977748120485,1488.30912,159.56135988924024,651.8499852987111
