name,transf,client,payoff,total
train_month_sac_gen_I_w_459,-7676.494612486877,4306.918592,422.3108412815719,11561.102363205304
