name,transf,client,payoff,total,sessions
test_6month_sac_pred_noise_3a_175,2854.175261922952,9929.387430399998,889.2877424740021,6185.924426003045,df_elaad_preproc_l6months.csv
