name,transf,client,payoff,total
test_month_sac_gen_J_d_234,697.3543728097891,1468.334912,149.17516390639216,621.8053752838188
