name,transf,client,payoff,total
train_month_sac_gen_J_h_195,2084.5372071883144,4306.918592,422.3108412815719,1800.0705435301138
