name,transf,client,payoff,total
test_month_sac_gen_I_f_200,749.0070137849696,1468.334912,147.8419170286109,571.4859811864196
