name,transf,client,payoff,total
test_month_sac_gen_I_h_426,694.2370011696247,1468.334912,149.17516390639216,624.9227469239831
