name,transf,client,payoff,total
test_month_sac_gen_J_a_317,690.2390883287644,1468.334912,149.17516390639216,628.9206597648434
