name,transf,client,payoff,total
train_month_sac_gen_J_d_20,2214.012428893083,4306.918592,422.3108412815719,1670.5953218253453
