name,transf,client,payoff,total,sessions
test_6month_sac_pred_noise_5e_156,5062.315957485368,9929.387430399998,881.6875054342313,3985.383967480399,df_elaad_preproc_l6months.csv
