name,transf,client,payoff,total
train_month_sac_gen_I_o_377,2129.5805950661843,4306.918592,422.3108412815719,1755.027155652244
