name,transf,client,payoff,total,sessions
test_6month_sac_pred_noise_2a_216,2829.9993241295588,9929.387430399998,897.4875555656347,6201.900550704805,df_elaad_preproc_l6months.csv
