name,transf,client,payoff,total
val_month_sac_gen_I_e_435,600.3151246103429,1488.30912,155.96206259448996,732.031932795167
