name,transf,client,payoff,total
train_month_sac_gen_J_f_219,2007.2057656716847,4306.918592,422.3108412815719,1877.4019850467434
