name,transf,client,payoff,total
train_month_sac_gen_J_l_91,1951.103045625907,4306.918592,422.3108412815719,1933.5047050925214
