name,transf,client,payoff,total,sessions
test_6month_sac_pred_noise_2b_182,3038.8590025006224,9929.387430399998,897.4875555656347,5993.040872333741,df_elaad_preproc_l6months.csv
