name,transf,client,payoff,total,sessions
test_6month_sac_pred_noise_2b_160,3013.228362411858,9929.387430399998,897.4875555656347,6018.671512422506,df_elaad_preproc_l6months.csv
