name,transf,client,payoff,total,sessions
test_6month_sac_pred_noise_3a_104,2900.0157110313203,9929.387430399998,889.2877424740021,6140.083976894676,df_elaad_preproc_l6months.csv
