name,transf,client,payoff,total
train_month_sac_gen_J_j_233,1858.7474745842999,4306.918592,422.3108412815719,2025.860276134128
