name,transf,client,payoff,total
val_month_sac_gen_G_b_118,628.3659384767627,1488.30912,159.09496226131247,700.8482192619247
