name,transf,client,payoff,total
train_month_sac_gen_J_y_127,943.2721116206324,1469.5622144,142.42761779974958,383.862484979618
