name,transf,client,payoff,total
train_month_sac_gen_I_g_87,2540.76249838068,4306.918592,422.3108412815719,1343.8452523377482
