name,transf,client,payoff,total
val_month_sac_c_342,1836.7758876783132,2277.450960542104,145.3079860330326,295.3670868307582
