name,transf,client,payoff,total,sessions
test_6month_sac_gen_4m_124,2967.4504483490177,9929.387430399998,891.2211003728393,6070.715881678141,df_elaad_preproc_l6months.csv
