name,transf,client,payoff,total
val_month_sac_gen_J_l_321,594.0688775066167,1488.30912,159.56135988924024,734.6788826041429
