name,transf,client,payoff,total
val_month_sac_gen_J_h_33,712.9220822016398,1488.30912,159.56135988924024,615.8256779091198
