name,transf,client,payoff,total
train_month_sac_gen_I_s_292,1621.6304544306258,4306.918592,422.3108412815719,2262.9772962878023
