name,transf,client,payoff,total
test_month_sac_gen_J_m_480,659.846359477753,1468.334912,149.17516390639216,659.3133886158548
