name,transf,client,payoff,total
val_month_sac_gen_I_n_6,721.533699742095,1488.30912,159.56135988924024,607.2140603686646
