name,transf,client,payoff,total
val_month_sac_gen_I_a_275,657.3047895823095,1488.30912,159.56135988924024,671.4429705284501
