name,transf,client,payoff,total
train_month_sac_c_584,1031.1674064870297,2289.492687923877,157.2012507240518,1101.1240307127955
