name,transf,client,payoff,total
train_month_sac_gen_J_m_80,1974.1617415531596,4306.918592,422.3108412815719,1910.4460091652686
