name,transf,client,payoff,total
test_month_sac_gen_I_w_2,761.1948012457079,1468.334912,149.17516390639216,557.9649468478999
