name,transf,client,payoff,total
test_month_sac_gen_I_c_477,684.3766069729445,1468.334912,149.17516390639216,634.7831411206633
