name,transf,client,payoff,total
train_month_sac_gen_I_c_322,2057.6664695293885,4306.918592,422.3108412815719,1826.9412811890397
