name,transf,client,payoff,total
val_month_sac_gen_J_m_410,598.6169608578605,1488.30912,159.56135988924024,730.1307992528991
