name,transf,client,payoff,total
test_month_sac_gen_J_n_68,747.1200375282915,1468.334912,149.17516390639216,572.0397105653163
