name,transf,client,payoff,total,sessions
test_6month_sac_pred_noise_5d_39,4543.9784898384005,9929.387430399998,881.6875054342313,4503.721435127367,df_elaad_preproc_l6months.csv
