name,transf,client,payoff,total
val_month_sac_gen_I_t_453,676.2741064351892,1488.30912,159.56135988924024,652.4736536755704
