name,transf,client,payoff,total
val_month_sac_gen_J_m_258,607.0981736309416,1488.30912,159.56135988924024,721.649586479818
