name,transf,client,payoff,total
val_month_sac_gen_I_x_62,718.6185789773119,1488.30912,159.56135988924024,610.1291811334477
