name,transf,client,payoff,total
train_month_sac_gen_I_h_365,2001.6622595238923,4306.918592,422.3108412815719,1882.9454911945359
