name,transf,client,payoff,total
val_month_sac_gen_I_n_30,651.4409857045159,1488.30912,159.56135988924024,677.3067744062437
