name,transf,client,payoff,total
val_month_sac_gen_I_j_242,654.8831583032725,1488.30912,159.56135988924024,673.8646018074871
