name,transf,client,payoff,total
train_month_sac_gen_I_r_74,2092.1790234300283,4306.918592,421.9103615637023,1792.8292070062694
