name,transf,client,payoff,total
val_month_sac_gen_J_x_285,676.445722819788,1488.30912,159.56135988924024,652.3020372909716
