name,transf,client,payoff,total
val_month_sac_gen_J_g_188,655.9698007453555,1488.30912,159.56135988924024,672.7779593654041
