name,transf,client,payoff,total
test_month_sac_gen_I_g_190,857.604353801942,1468.334912,149.17516390639216,461.55539429166583
