name,transf,client,payoff,total,sessions
test_6month_sac_gen_2l_158,2855.5137648633563,9929.387430399998,886.8210602299855,6187.052605306657,df_elaad_preproc_l6months.csv
