name,transf,client,payoff,total
val_month_sac_gen_I_f_496,651.928226301018,1488.30912,158.8282254603323,677.5526682386496
