name,transf,client,payoff,total
train_month_sac_gen_I_n_410,1886.3935148902447,4306.918592,422.3108412815719,1998.2142358281835
