name,transf,client,payoff,total
train_month_sac_gen_I_g_221,2595.8276662812414,4306.918592,422.3108412815719,1288.7800844371868
