name,transf,client,payoff,total
val_month_sac_gen_J_x_162,721.067152294119,1488.30912,159.56135988924024,607.6806078166408
