name,transf,client,payoff,total
train_month_sac_gen_I_b_157,2009.10777225411,4306.918592,422.3108412815719,1875.4999784643182
