name,transf,client,payoff,total,sessions
test_6month_sac_pred_noise_5c_222,3549.6667444389627,9929.387430399998,881.6875054342313,5498.033180526805,df_elaad_preproc_l6months.csv
