name,transf,client,payoff,total
val_month_sac_gen_I_d_481,631.7086869805692,1488.30912,159.56135988924024,697.0390731301904
