name,transf,client,payoff,total
train_month_sac_gen_I_l_444,2010.4321069203825,4306.918592,422.3108412815719,1874.1756437980457
