name,transf,client,payoff,total,sessions
test_6month_sac_gen_4l_26,3181.064644120791,9929.387430399998,886.8210602299855,5861.501726049222,df_elaad_preproc_l6months.csv
