name,transf,client,payoff,total
train_month_sac_gen_I_s_182,1656.3779327578013,4306.918592,422.3108412815719,2228.229817960627
