name,transf,client,payoff,total
val_month_sac_gen_I_g_65,784.7783089328548,1488.30912,159.56135988924024,543.9694511779048
