name,transf,client,payoff,total
val_month_sac_gen_J_v_393,599.1323391173635,1488.30912,155.96206259448996,733.2147182881465
