name,transf,client,payoff,total
val_month_sac_gen_b_22,680.9357283312625,1349.0472576000002,118.32161810264896,549.7899111660888
