name,transf,client,payoff,total
test_month_sac_gen_J_d_33,733.3331639692528,1468.334912,149.17516390639216,585.826584124355
