name,transf,client,payoff,total
train_month_sac_gen_I_q_190,2289.147669029312,4306.918592,422.3108412815719,1595.4600816891161
