name,transf,client,payoff,total
val_month_sac_gen_J_w_144,576.4262789637608,1488.30912,155.96206259448996,755.9207784417492
