name,transf,client,payoff,total
train_month_sac_gen_I_x_263,-7344.369297525045,4306.918592,420.44353913438783,11230.844350390656
