name,transf,client,payoff,total
val_month_sac_gen_J_i_375,637.1656330714446,1488.30912,159.56135988924024,691.5821270393151
