name,transf,client,payoff,total,sessions
test_6month_sac_pred_noise_1e_216,5189.154974161058,9929.387430399998,893.2217503396156,3847.010705899325,df_elaad_preproc_l6months.csv
