name,transf,client,payoff,total
train_month_sac_c_543,1034.200282606683,2289.492687923877,157.2012507240518,1098.0911545931422
