name,transf,client,payoff,total
train_month_sac_c_955,1025.196642087124,2289.492687923877,157.2012507240518,1107.0947951127011
