name,transf,client,payoff,total,sessions
test_6month_sac_gen_3l_119,2911.0697365565984,9929.387430399998,886.8210602299855,6131.496633613415,df_elaad_preproc_l6months.csv
