name,transf,client,payoff,total
test_month_sac_gen_J_c_78,726.4234539020883,1468.334912,149.17516390639216,592.7362941915195
