name,transf,client,payoff,total
train_month_sac_gen_I_p_236,2199.4289998633813,4306.918592,422.3108412815719,1685.178750855047
