name,transf,client,payoff,total
test_month_sac_gen_J_c_323,681.1467981166271,1468.334912,149.17516390639216,638.0129499769807
