name,transf,client,payoff,total
test_month_sac_gen_I_y_93,713.1494360657575,1468.334912,149.17516390639216,606.0103120278503
