name,transf,client,payoff,total
test_month_sac_gen_I_l_350,692.699548172417,1468.334912,149.17516390639216,626.4601999211908
