name,transf,client,payoff,total,sessions
test_6month_sac_pred_noise_4b_128,3184.949263609183,9929.387430399998,891.2211003728393,5853.217066417976,df_elaad_preproc_l6months.csv
