name,transf,client,payoff,total
month_sac_IX_g,1165.2245176418896,1469.5622144,137.68117199411714,166.65652476399313
