name,transf,client,payoff,total
test_month_sac_gen_I_r_86,655.8939471363896,1468.334912,149.17516390639216,663.2658009572183
