name,transf,client,payoff,total
val_month_sac_c_711,1819.3362468196515,2277.450960542104,145.3079860330326,312.8067276894199
