name,transf,client,payoff,total
val_month_sac_gen_I_y_225,659.6577578331842,1488.30912,159.56135988924024,669.0900022775754
