name,transf,client,payoff,total,sessions
test_6month_sac_gen_2l_85,2978.6817692090967,9929.387430399998,886.8210602299855,6063.884600960915,df_elaad_preproc_l6months.csv
