name,transf,client,payoff,total
train_month_sac_gen_J_e_246,2029.365868248649,4306.918592,422.3108412815719,1855.2418824697793
