name,transf,client,payoff,total
val_month_sac_gen_J_c_442,649.1505930579999,1488.30912,159.56135988924024,679.5971670527597
