name,transf,client,payoff,total
train_month_sac_gen_J_m_110,1911.788522050183,4306.918592,422.3108412815719,1972.8192286682452
