name,transf,client,payoff,total
test_month_sac_gen_J_d_477,711.2958510233373,1468.334912,149.17516390639216,607.8638970702706
