name,transf,client,payoff,total
train_month_sac_gen_I_q_338,2257.153958948631,4306.918592,422.3108412815719,1627.4537917697971
