name,transf,client,payoff,total
val_month_sac_gen_G_b_263,585.5210753167314,1488.30912,159.09496226131247,743.693082421956
