name,transf,client,payoff,total
train_month_sac_gen_I_h_242,2024.3241677583112,4306.918592,422.3108412815719,1860.2835829601172
