name,transf,client,payoff,total
train_month_sac_gen_J_m_449,1781.087193832026,4306.918592,422.3108412815719,2103.520556886402
