name,transf,client,payoff,total
train_month_sac_gen_J_b_119,2085.4609775709423,4306.918592,422.3108412815719,1799.1467731474859
