name,transf,client,payoff,total
test_month_sac_gen_J_k_312,621.0850477371134,1468.334912,149.17516390639216,698.0747003564944
