name,transf,client,payoff,total,sessions
test_6month_sac_gen_2n_168,2912.6206937915917,9929.387430399998,886.8210602299855,6129.94567637842,df_elaad_preproc_l6months.csv
