name,transf,client,payoff,total
val_month_sac_gen_I_c_294,638.0181609383649,1488.30912,159.56135988924024,690.7295991723947
