name,transf,client,payoff,total,sessions
test_6month_sac_pred_noise_5d_157,4661.791964794325,9929.387430399998,881.6875054342313,4385.907960171442,df_elaad_preproc_l6months.csv
