name,transf,client,payoff,total,sessions
test_6month_sac_gen_h_268,2971.9685432670476,9929.387430399998,886.8210602299855,6070.597826902966,df_elaad_preproc_l6months.csv
