name,transf,client,payoff,total
train_month_sac_gen_J_c_252,2081.3580407091317,4306.918592,422.3108412815719,1803.2497100092965
