name,transf,client,payoff,total,sessions
test_6month_sac_pred_noise_5b_75,3295.4778375425753,9929.387430399998,881.6875054342313,5752.222087423192,df_elaad_preproc_l6months.csv
