name,transf,client,payoff,total,sessions
test_6month_sac_pred_noise_3d_201,4449.607605374823,9929.387430399998,889.2877424740021,4590.492082551174,df_elaad_preproc_l6months.csv
