name,transf,client,payoff,total
train_month_sac_gen_I_r_303,1955.1540064981778,4306.918592,419.7094692112909,1932.0551162905313
