name,transf,client,payoff,total
train_month_sac_gen_I_k_149,2046.7618087440787,4306.918592,422.3108412815719,1837.8459419743494
