name,transf,client,payoff,total,sessions
test_6month_sac_pred_noise_4b_288,3086.7277167415555,9929.387430399998,891.2211003728393,5951.438613285603,df_elaad_preproc_l6months.csv
