name,transf,client,payoff,total
val_month_sac_gen_J_s_207,553.3839393274397,1488.30912,155.96206259448996,778.9631180780702
