name,transf,client,payoff,total
test_month_sac_gen_J_t_498,652.3611108321797,1468.334912,148.50825484764397,667.4655463201764
