name,transf,client,payoff,total
test_month_sac_gen_I_e_123,645.1692762593375,1468.334912,148.50825484764397,674.6573808930186
