name,transf,client,payoff,total
train_month_sac_gen_I_m_33,2090.1431554812416,4306.918592,422.3108412815719,1794.4645952371866
