name,transf,client,payoff,total
test_month_sac_gen_c_51,704.6231709408,1488.30912,159.56135988924024,624.1245891699596
