name,transf,client,payoff,total
train_month_sac_gen_J_b_114,2086.876163063,4306.918592,422.3108412815719,1797.731587655428
