name,transf,client,payoff,total,sessions
test_6month_sac_pred_noise_2e_112,5347.5010686650185,9929.387430399998,897.4875555656347,3684.3988061693453,df_elaad_preproc_l6months.csv
