name,transf,client,payoff,total
train_month_sac_gen_I_d_447,1959.7909013713413,4306.918592,422.3108412815719,1924.8168493470866
