name,transf,client,payoff,total
test_month_sac_gen_J_g_372,678.1816022506339,1468.334912,149.17516390639216,640.978145842974
