name,transf,client,payoff,total
test_month_sac_gen_I_l_97,712.8375987621074,1468.334912,149.17516390639216,606.3221493315004
