name,transf,client,payoff,total,sessions
test_6month_sac_gen_b_16,3549.297160194572,9929.387430399998,886.8210602299855,5493.26920997544,df_elaad_preproc_l6months.csv
