name,transf,client,payoff,total
test_month_sac_gen_I_t_478,717.9829129836697,1468.334912,149.17516390639216,601.1768351099381
