name,transf,client,payoff,total
train_sac_c_72,67117.17825212574,149467.68812980913,8931.975524612415,73418.53435307098
