name,transf,client,payoff,total
train_month_sac_gen_I_w_323,-7642.876786066105,4306.918592,422.3108412815719,11527.484536784532
