name,transf,client,payoff,total,sessions
test_6month_sac_pred_noise_2a_78,3022.9030747332677,9929.387430399998,897.4875555656347,6008.996800101097,df_elaad_preproc_l6months.csv
