name,transf,client,payoff,total
test_month_sac_gen_I_g_359,866.3385953516614,1468.334912,149.17516390639216,452.82115274194643
