name,transf,client,payoff,total
train_month_sac_gen_I_t_183,1934.4823552852092,4306.918592,419.2436818404789,1953.1925548743116
