name,transf,client,payoff,total
test_month_sac_gen_I_l_16,794.3532842410011,1468.334912,149.17516390639216,524.8064638526067
