name,transf,client,payoff,total
test_month_sac_gen_I_q_308,770.1249802648965,1468.334912,149.17516390639216,549.0347678287113
