name,transf,client,payoff,total
train_month_sac_gen_J_b_311,2012.921104874475,4306.918592,422.3108412815719,1871.686645843953
