name,transf,client,payoff,total,sessions
test_6month_sac_gen_4l_62,3040.915010666584,9929.387430399998,886.8210602299855,6001.6513595034285,df_elaad_preproc_l6months.csv
