name,transf,client,payoff,total,sessions
test_6month_sac_pred_noise_5c_187,3481.3410354952384,9929.387430399998,881.6875054342313,5566.358889470528,df_elaad_preproc_l6months.csv
