name,transf,client,payoff,total,sessions
test_6month_sac_gen_1o_44,3372.5113717851355,9929.387430399998,886.8210602299855,5670.054998384878,df_elaad_preproc_l6months.csv
