name,transf,client,payoff,total
train_month_sac_gen_I_o_246,2139.9566371899136,4306.918592,422.3108412815719,1744.6511135285145
