name,transf,client,payoff,total,sessions
test_6month_sac_gen_1m_30,3348.3153135451466,9929.387430399998,893.2217503396156,5687.850366515236,df_elaad_preproc_l6months.csv
