name,transf,client,payoff,total
test_month_sac_gen_I_g_369,869.477120843216,1468.334912,149.17516390639216,449.6826272503919
