name,transf,client,payoff,total,sessions
test_6month_sac_gen_5l_63,3124.603742624965,9929.387430399998,886.8210602299855,5917.962627545048,df_elaad_preproc_l6months.csv
