name,transf,client,payoff,total
val_month_sac_gen_J_m_33,690.3228691697078,1488.30912,159.56135988924024,638.4248909410519
