name,transf,client,payoff,total
train_month_sac_gen_I_r_51,2134.4673238162886,4306.918592,414.24357654948454,1758.2076916342269
