name,transf,client,payoff,total
train_month_sac_gen_J_x_87,708.2297695169923,1488.30912,158.62811850635504,621.4512319766526
