name,transf,client,payoff,total
train_month_sac_gen_J_c_55,2295.865611243241,4306.918592,422.3108412815719,1588.7421394751873
