name,transf,client,payoff,total
test_month_sac_gen_J_z_291,588.6296243285353,1468.334912,148.50825484764397,731.1970328238208
