name,transf,client,payoff,total,sessions
train_month_sac_pred_noise_a_91,528.3087329447486,1349.0472576000002,122.52130013206676,698.2172245231848,df_elaad_preproc_feb.csv
