name,transf,client,payoff,total,sessions
test_6month_sac_pred_noise_5a_150,2874.8147490136075,9929.387430399998,881.6875054342313,6172.88517595216,df_elaad_preproc_l6months.csv
