name,transf,client,payoff,total,sessions
test_6month_sac_gen_1n_135,2866.351987548781,9929.387430399998,886.8210602299855,6176.214382621232,df_elaad_preproc_l6months.csv
