name,transf,client,payoff,total
test_month_sac_gen_I_z_97,736.3475906411608,1468.334912,149.17516390639216,582.8121574524471
