name,transf,client,payoff,total,sessions
test_6month_sac_pred_noise_4b_176,3183.2582410201235,9929.387430399998,891.2211003728393,5854.908089007036,df_elaad_preproc_l6months.csv
