name,transf,client,payoff,total
val_month_sac_gen_J_o_413,644.810650942943,1488.30912,159.56135988924024,683.9371091678167
