name,transf,client,payoff,total,sessions
train_month_sac_gen_G_c_82,584.9309061935896,1349.0472576000002,119.72097846054359,644.3953729458669,df_elaad_preproc_feb.csv
