name,transf,client,payoff,total
val_month_sac_gen_I_c_391,635.3530572103334,1488.30912,159.56135988924024,693.3947029004262
