name,transf,client,payoff,total
val_month_sac_gen_J_j_178,623.678055311183,1488.30912,159.56135988924024,705.0697047995766
