name,transf,client,payoff,total
test_month_sac_gen_I_d_491,679.552554389493,1468.334912,149.17516390639216,639.6071937041148
