name,transf,client,payoff,total
val_month_sac_gen_J_c_200,686.8922654566489,1488.30912,159.56135988924024,641.8554946541108
