name,transf,client,payoff,total
train_month_sac_gen_I_t_39,2074.453165365244,4306.918592,421.70971711650003,1810.755709518256
