name,transf,client,payoff,total
val_month_sac_gen_J_d_287,649.5024950665434,1488.30912,159.56135988924024,679.2452650442162
