name,transf,client,payoff,total
train_month_sac_gen_I_d_344,1975.8721953954678,4306.918592,422.3108412815719,1908.7355553229604
