name,transf,client,payoff,total
train_month_sac_gen_I_w_220,-7618.95573367486,4306.918592,422.3108412815719,11503.563484393288
