name,transf,client,payoff,total
train_month_sac_gen_I_z_212,364.88338246815033,4306.918592,426.64388589513175,3515.3913236367175
