name,transf,client,payoff,total
train_month_sac_gen_J_i_273,1973.5171712123968,4306.918592,422.3108412815719,1911.0905795060316
