name,transf,client,payoff,total
val_month_sac_gen_J_m_63,660.1713462291937,1488.30912,159.56135988924024,668.5764138815659
