name,transf,client,payoff,total
test_month_sac_gen_c_61,726.905669743796,1488.30912,159.56135988924024,601.8420903669637
