name,transf,client,payoff,total
test_month_sac_gen_J_j_66,693.6938807057641,1468.334912,149.17516390639216,625.4658673878438
