name,transf,client,payoff,total
val_month_sac_gen_J_r_399,629.0585424989929,1488.30912,159.56135988924024,699.6892176117667
