name,transf,client,payoff,total,sessions
test_6month_sac_pred_noise_2e_146,5210.735833268263,9929.387430399998,897.4875555656347,3821.1640415661004,df_elaad_preproc_l6months.csv
