name,transf,client,payoff,total
val_month_sac_gen_I_v_26,698.483246995291,1488.30912,159.56135988924024,630.2645131154686
