name,transf,client,payoff,total,sessions
test_6month_sac_gen_b_66,3061.86013684355,9929.387430399998,886.8210602299855,5980.706233326462,df_elaad_preproc_l6months.csv
