name,transf,client,payoff,total
val_month_sac_gen_d_26,820.6296219353314,1349.0472576000002,118.32161810264896,410.0960175620198
