name,transf,client,payoff,total,sessions
test_6month_sac_gen_2n_148,2991.620929714276,9929.387430399998,886.8210602299855,6050.945440455736,df_elaad_preproc_l6months.csv
