name,transf,client,payoff,total
train_month_sac_gen_J_b_213,2037.3146661869466,4306.918592,422.3108412815719,1847.2930845314813
