name,transf,client,payoff,total
test_month_sac_gen_J_l_170,683.098098439702,1468.334912,149.17516390639216,636.0616496539059
