name,transf,client,payoff,total
val_month_sac_gen_I_g_142,789.6800082202573,1488.30912,159.56135988924024,539.0677518905024
