name,transf,client,payoff,total
val_month_sac_gen_I_i_395,654.9909024127523,1488.30912,159.56135988924024,673.7568576980073
