name,transf,client,payoff,total
val_month_sac_gen_J_m_405,598.9299437478767,1488.30912,159.56135988924024,729.8178163628829
