name,transf,client,payoff,total
train_month_sac_gen_I_v_304,-38.605901954732474,4306.918592,422.24393267289565,3923.2805612818374
