name,transf,client,payoff,total
test_month_sac_gen_J_w_253,591.1831894409082,1468.334912,148.50825484764397,728.6434677114478
