name,transf,client,payoff,total
test_month_sac_gen_I_t_113,705.3654064256516,1468.334912,149.17516390639216,613.7943416679562
