name,transf,client,payoff,total,sessions
test_6month_sac_gen_g_88,3189.758062036479,9929.387430399998,886.8210602299855,5852.8083081335335,df_elaad_preproc_l6months.csv
