name,transf,client,payoff,total
train_month_sac_gen_I_q_268,2266.647335486767,4306.918592,422.3108412815719,1617.960415231661
