name,transf,client,payoff,total
train_month_sac_gen_I_w_60,-7349.538058914379,4306.918592,422.3108412815719,11234.145809632806
