name,transf,client,payoff,total
test_month_sac_gen_J_h_59,774.3794414688691,1468.334912,149.17516390639216,544.7803066247387
