name,transf,client,payoff,total,sessions
test_6month_sac_gen_3m_118,3014.2660095612805,9929.387430399998,886.8210602299855,6028.300360608731,df_elaad_preproc_l6months.csv
