name,transf,client,payoff,total
val_month_sac_gen_J_z_61,661.8599380412575,1488.30912,155.96206259448996,670.4871193642525
