name,transf,client,payoff,total
train_month_sac_gen_J_t_80,2132.935393992734,4306.918592,417.9096673275943,1756.0735306796714
