name,transf,client,payoff,total
val_month_sac_gen_I_f_10,742.2317893785786,1488.30912,158.8282254603323,587.249105161089
