name,transf,client,payoff,total
train_month_sac_gen_I_q_106,2311.8612018138674,4306.918592,422.3108412815719,1572.7465489045608
