name,transf,client,payoff,total
month_sac_IX_c,953.3265635213643,1469.5622144,138.54811057986427,377.68754029877135
