name,transf,client,payoff,total,sessions
test_6month_sac_gen_2l_209,2854.7449534285706,9929.387430399998,886.8210602299855,6187.821416741443,df_elaad_preproc_l6months.csv
