name,transf,client,payoff,total
train_month_sac_gen_J_j_194,1875.8963526595765,4306.918592,422.3108412815719,2008.711398058852
