name,transf,client,payoff,total
train_month_sac_gen_I_w_425,-7701.196825512858,4306.918592,422.3108412815719,11585.804576231285
