name,transf,client,payoff,total
val_month_sac_gen_I_r_463,592.7757690329307,1488.30912,159.56135988924024,735.971991077829
