name,transf,client,payoff,total,sessions
test_6month_sac_pred_noise_5e_90,5255.2490586787035,9929.387430399998,881.6875054342313,3792.4508662870635,df_elaad_preproc_l6months.csv
