name,transf,client,payoff,total
train_month_sac_gen_J_e_296,2013.6573638101775,4306.918592,422.3108412815719,1870.950386908251
