name,transf,client,payoff,total
train_month_sac_gen_J_d_11,2224.0044362045096,4306.918592,422.3108412815719,1660.6033145139186
