name,transf,client,payoff,total
val_month_sac_gen_I_j_421,649.6417999545308,1488.30912,159.56135988924024,679.1059601562288
