name,transf,client,payoff,total
train_month_sac_gen_I_q_46,2419.021097291233,4306.918592,422.3108412815719,1465.586653427195
