name,transf,client,payoff,total
train_month_sac_gen_J_z_153,509.82655767802294,1349.0472576000002,121.32096526582033,717.899734656157
