name,transf,client,payoff,total
train_month_sac_gen_I_v_274,57.14997302042828,4306.918592,420.9102109696564,3828.858408009915
