name,transf,client,payoff,total,sessions
test_6month_sac_gen_1l_294,2873.196334974775,9929.387430399998,886.8210602299855,6169.3700351952375,df_elaad_preproc_l6months.csv
