name,transf,client,payoff,total
train_month_sac_gen_I_d_431,1965.958179139396,4306.918592,422.3108412815719,1918.6495715790325
