name,transf,client,payoff,total
val_month_sac_gen_J_p_463,638.4745559320298,1488.30912,159.56135988924024,690.2732041787299
