name,transf,client,payoff,total
train_month_sac_gen_I_j_216,2037.6266463580018,4306.918592,422.3108412815719,1846.9811043604263
