name,transf,client,payoff,total,sessions
test_6month_sac_gen_h_288,2962.8578808240572,9929.387430399998,886.8210602299855,6079.708489345956,df_elaad_preproc_l6months.csv
