name,transf,client,payoff,total
test_month_sac_gen_J_i_240,753.9781337999698,1468.334912,149.17516390639216,565.1816142936381
