name,transf,client,payoff,total
test_month_sac_gen_I_k_479,690.3447218974828,1468.334912,149.17516390639216,628.815026196125
