name,transf,client,payoff,total
test_month_sac_gen_J_b_206,696.4862206273235,1468.334912,149.17516390639216,622.6735274662843
