name,transf,client,payoff,total
test_month_sac_gen_I_d_464,670.7315888835253,1468.334912,149.17516390639216,648.4281592100825
