name,transf,client,payoff,total
val_month_sac_gen_J_t_308,594.2565884982419,1488.30912,155.96206259448996,738.0904689072681
