name,transf,client,payoff,total
val_month_sac_gen_I_b_247,625.382708680278,1488.30912,159.56135988924024,703.3650514304816
