name,transf,client,payoff,total,sessions
test_6month_sac_gen_1o_159,2886.280539757245,9929.387430399998,886.8210602299855,6156.285830412768,df_elaad_preproc_l6months.csv
