name,transf,client,payoff,total
val_month_sac_gen_J_v_171,614.095863075361,1488.30912,155.96206259448996,718.251194330149
