name,transf,client,payoff,total
train_month_sac_gen_J_i_362,1961.045509011137,4306.918592,422.3108412815719,1923.562241707291
