name,transf,client,payoff,total,sessions
test_6month_sac_gen_3l_211,2816.809040865033,9929.387430399998,886.8210602299855,6225.757329304979,df_elaad_preproc_l6months.csv
