name,transf,client,payoff,total
train_month_sac_gen_J_f_259,2003.9940210525854,4306.918592,422.3108412815719,1880.6137296658426
