name,transf,client,payoff,total
test_month_sac_c_262,1059.5603520199006,1469.5622144,135.21440678133106,274.78745559876825
