name,transf,client,payoff,total,sessions
test_6month_sac_pred_noise_3b_162,3069.7883730295853,9929.387430399998,889.2877424740021,5970.311314896411,df_elaad_preproc_l6months.csv
