name,transf,client,payoff,total,sessions
test_6month_sac_pred_noise_4a_138,2872.521813097937,9929.387430399998,891.2211003728393,6165.644516929222,df_elaad_preproc_l6months.csv
