name,transf,client,payoff,total,sessions
test_6month_sac_pred_noise_2c_77,3645.0428085134217,9929.387430399998,897.4875555656347,5386.857066320942,df_elaad_preproc_l6months.csv
