name,transf,client,payoff,total
month_sac_IX_h,1231.6212370533276,1469.5622144,139.94813195372626,97.99284539294604
