name,transf,client,payoff,total
test_month_sac_c_555,1016.5532074530317,1469.5622144,135.21440678133106,317.7946001656371
