name,transf,client,payoff,total
test_month_sac_gen_J_a_308,694.5813316071404,1468.334912,149.17516390639216,624.5784164864674
