name,transf,client,payoff,total
test_month_sac_gen_I_s_287,671.3888571796717,1468.334912,149.17516390639216,647.7708909139361
