name,transf,client,payoff,total,sessions
test_6month_sac_pred_noise_5e_142,5209.072066918331,9929.387430399998,881.6875054342313,3838.627858047436,df_elaad_preproc_l6months.csv
