name,transf,client,payoff,total,sessions
test_6month_sac_pred_noise_5c_153,3499.0135009227133,9929.387430399998,881.6875054342313,5548.686424043053,df_elaad_preproc_l6months.csv
