name,transf,client,payoff,total
train_month_sac_gen_a_49,1025.08722662859,1469.5622144,138.5610864331635,305.9139013382463
