name,transf,client,payoff,total,sessions
test_6month_sac_gen_1l_188,2832.6718942099083,9929.387430399998,886.8210602299855,6209.894475960104,df_elaad_preproc_l6months.csv
