name,transf,client,payoff,total
train_month_sac_gen_I_s_408,1593.8162083172872,4306.918592,422.3108412815719,2290.7915424011408
