name,transf,client,payoff,total,sessions
test_6month_sac_pred_noise_2c_295,3573.1861893405553,9929.387430399998,897.4875555656347,5458.713685493809,df_elaad_preproc_l6months.csv
