name,transf,client,payoff,total,sessions
test_6month_sac_gen_5l_27,3550.3104941281345,9929.387430399998,886.8210602299855,5492.255876041878,df_elaad_preproc_l6months.csv
