name,transf,client,payoff,total
test_month_sac_gen_I_l_47,723.2544389720408,1468.334912,149.17516390639216,595.905309121567
