name,transf,client,payoff,total
test_month_sac_gen_I_o_156,743.8189911933279,1468.334912,149.17516390639216,575.34075690028
