name,transf,client,payoff,total
train_month_sac_gen_I_z_264,295.1705460814002,4306.918592,419.37754482199193,3592.3705010966078
