name,transf,client,payoff,total
test_month_sac_gen_J_e_9,777.1287645958562,1468.334912,149.17516390639216,542.0309834977517
