name,transf,client,payoff,total,sessions
test_6month_sac_pred_noise_2c_117,3543.1983254741563,9929.387430399998,897.4875555656347,5488.7015493602075,df_elaad_preproc_l6months.csv
