name,transf,client,payoff,total
train_month_sac_gen_J_l_412,1809.3703081303674,4306.918592,422.3108412815719,2075.2374425880607
