name,transf,client,payoff,total,sessions
test_6month_sac_gen_2n_166,2878.8857900751354,9929.387430399998,886.8210602299855,6163.680580094877,df_elaad_preproc_l6months.csv
