name,transf,client,payoff,total
train_month_sac_gen_G_a_161,526.3389541736332,1349.0472576000002,119.78766148167406,702.920641944693
