name,transf,client,payoff,total
train_month_sac_gen_J_q_476,2007.4982672472931,4306.918592,422.3108412815719,1877.1094834711348
