name,transf,client,payoff,total
train_month_sac_gen_I_w_151,-7554.224173131448,4306.918592,422.3108412815719,11438.831923849875
