name,transf,client,payoff,total,sessions
test_6month_sac_pred_noise_2c_189,3571.2426233266287,9929.387430399998,897.4875555656347,5460.657251507735,df_elaad_preproc_l6months.csv
