name,transf,client,payoff,total
test_month_sac_gen_J_n_282,677.1401035983849,1468.334912,149.17516390639216,642.0196444952229
