name,transf,client,payoff,total
val_month_sac_gen_J_m_84,638.1782955071358,1488.30912,159.56135988924024,690.5694646036238
