name,transf,client,payoff,total
test_month_sac_gen_I_o_402,716.8874186570882,1468.334912,149.17516390639216,602.2723294365196
