name,transf,client,payoff,total
test_month_sac_gen_I_h_158,719.3146343940934,1468.334912,149.17516390639216,599.8451136995144
