name,transf,client,payoff,total
test_month_sac_gen_J_m_69,724.0690170991217,1468.334912,149.17516390639216,595.0907309944862
