name,transf,client,payoff,total
test_month_sac_gen_J_e_414,679.0416530587399,1468.334912,149.17516390639216,640.1180950348679
