name,transf,client,payoff,total
val_month_sac_gen_a_46,737.7575417115916,1349.0472576000002,118.32161810264896,492.9680977857597
