name,transf,client,payoff,total
train_month_sac_gen_I_z_69,314.965954074854,4306.918592,423.0439827888433,3568.9086551363025
