name,transf,client,payoff,total
train_month_sac_gen_J_i_423,1955.152159940026,4306.918592,422.3108412815719,1929.4555907784024
