name,transf,client,payoff,total
test_month_sac_gen_J_m_439,664.6294089038631,1468.334912,149.17516390639216,654.5303391897447
