name,transf,client,payoff,total,sessions
test_6month_sac_gen_1l_8,4129.935661008249,9929.387430399998,886.8210602299855,4912.630709161764,df_elaad_preproc_l6months.csv
