name,transf,client,payoff,total
val_month_sac_gen_b_21,687.251841931853,1349.0472576000002,118.32161810264896,543.4737975654982
