name,transf,client,payoff,total
train_month_sac_gen_J_f_15,2242.541672059117,4306.918592,422.3108412815719,1642.0660786593112
