name,transf,client,payoff,total
val_month_sac_gen_J_p_87,669.6380488054388,1488.30912,159.56135988924024,659.1097113053208
