name,transf,client,payoff,total
test_month_sac_gen_J_i_181,751.7907717062944,1468.334912,149.17516390639216,567.3689763873134
