name,transf,client,payoff,total
val_month_sac_gen_I_k_201,656.4213092876497,1488.30912,159.56135988924024,672.32645082311
