name,transf,client,payoff,total
test_month_sac_gen_J_h_355,732.2074908993536,1468.334912,149.17516390639216,586.9522571942542
