name,transf,client,payoff,total
train_month_sac_gen_I_e_186,2067.3160466222753,4306.918592,417.9096673275943,1821.6928780501303
