name,transf,client,payoff,total
train_month_sac_gen_I_t_24,2111.3308895694427,4306.918592,421.71069508620843,1773.8770073443488
