name,transf,client,payoff,total
val_month_sac_gen_J_p_345,638.6622461613912,1488.30912,159.56135988924024,690.0855139493685
