name,transf,client,payoff,total
test_month_sac_gen_I_t_121,702.0848035702408,1468.334912,149.17516390639216,617.0749445233671
