name,transf,client,payoff,total
test_month_sac_c_83,1165.731086040188,1469.5622144,135.21440678133106,168.61672157848076
