name,transf,client,payoff,total
test_month_sac_gen_J_k_145,632.0453616295066,1468.334912,149.17516390639216,687.1143864641012
