name,transf,client,payoff,total
val_month_sac_gen_I_u_36,718.6672682909309,1488.30912,159.56135988924024,610.0804918198287
