name,transf,client,payoff,total
val_month_sac_gen_J_l_433,587.8252040892114,1488.30912,159.56135988924024,740.9225560215482
