name,transf,client,payoff,total
train_month_sac_gen_I_f_168,2111.8011886106324,4306.918592,421.11038371791597,1774.0070196714516
