name,transf,client,payoff,total
val_month_sac_gen_J_o_174,653.9252661783844,1488.30912,159.56135988924024,674.8224939323752
