name,transf,client,payoff,total
val_month_sac_gen_J_e_117,662.5958684385732,1488.30912,159.56135988924024,666.1518916721864
