name,transf,client,payoff,total
val_month_sac_c_479,1817.886415600181,2277.450960542104,145.3079860330326,314.25655890889044
