name,transf,client,payoff,total
test_month_sac_gen_I_z_59,740.1504906763515,1468.334912,149.17516390639216,579.0092574172563
