name,transf,client,payoff,total
test_month_sac_gen_J_f_1,829.4971907901019,1468.334912,149.17516390639216,489.662557303506
