name,transf,client,payoff,total
train_month_sac_gen_J_u_477,1842.175256662243,4306.918592,421.1110081317587,2043.632327205998
