name,transf,client,payoff,total
val_month_sac_gen_I_q_74,775.1164193417209,1488.30912,159.56135988924024,553.6313407690388
