name,transf,client,payoff,total
val_month_sac_gen_I_p_151,717.4393680291506,1488.30912,159.56135988924024,611.3083920816091
