name,transf,client,payoff,total,sessions
test_6month_sac_gen_4m_0,6741.793847673938,9929.387430399998,886.8210602299855,2300.7725224960745,df_elaad_preproc_l6months.csv
