name,transf,client,payoff,total
test_month_sac_gen_I_t_390,712.560889075864,1468.334912,149.17516390639216,606.5988590177438
