name,transf,client,payoff,total
train_month_sac_gen_J_m_116,1907.088927906209,4306.918592,422.3108412815719,1977.5188228122192
