name,transf,client,payoff,total
val_month_sac_gen_J_p_302,641.6835151607045,1488.30912,159.56135988924024,687.0642449500551
