name,transf,client,payoff,total
month_sac_IX_j,1031.7313551402701,1469.5622144,135.41457448152875,302.41628477820103
