name,transf,client,payoff,total
test_month_sac_gen_I_h_6,802.2266267740349,1468.334912,149.17516390639216,516.9331213195729
