name,transf,client,payoff,total
val_month_sac_gen_I_d_36,670.7909194735323,1488.30912,159.56135988924024,657.9568406372273
