name,transf,client,payoff,total
val_month_sac_gen_G_b_115,627.3371532011697,1488.30912,159.09496226131247,701.8770045375177
