name,transf,client,payoff,total
val_month_sac_gen_J_k_254,577.1636615314125,1488.30912,159.56135988924024,751.5840985793473
