name,transf,client,payoff,total,sessions
test_6month_sac_gen_1l_197,2819.1857031699,9929.387430399998,886.8210602299855,6223.380667000112,df_elaad_preproc_l6months.csv
