name,transf,client,payoff,total
test_month_sac_gen_J_l_469,652.6779368069259,1468.334912,149.17516390639216,666.4818112866819
