name,transf,client,payoff,total
val_month_sac_gen_I_l_222,649.2596088211147,1488.30912,159.56135988924024,679.488151289645
