name,transf,client,payoff,total
val_month_sac_gen_J_z_93,659.9330003736906,1488.30912,155.96206259448996,672.4140570318193
