name,transf,client,payoff,total
val_month_sac_gen_J_l_427,587.9448569921808,1488.30912,159.56135988924024,740.8029031185788
