name,transf,client,payoff,total
val_month_sac_gen_J_p_34,700.341428592383,1488.30912,159.56135988924024,628.4063315183766
