name,transf,client,payoff,total
test_month_sac_gen_J_n_33,787.0522578231486,1468.334912,149.17516390639216,532.1074902704593
