name,transf,client,payoff,total
test_month_sac_gen_J_r_237,695.5828432564886,1468.334912,149.17516390639216,623.5769048371193
