name,transf,client,payoff,total
train_month_sac_gen_J_r_154,2045.7355763546734,4306.918592,422.3108412815719,1838.8721743637548
