name,transf,client,payoff,total
test_month_sac_gen_J_n_160,708.3120644611595,1468.334912,149.17516390639216,610.8476836324484
