name,transf,client,payoff,total
train_month_sac_gen_J_d_141,2085.8799743416603,4306.918592,422.3108412815719,1798.727776376768
