name,transf,client,payoff,total,sessions
train_6month_sac_gen_2m_169,3222.8134455955933,8371.850816,845.3681621478867,4303.6692082565205,df_elaad_preproc_f6months.csv
