name,transf,client,payoff,total
val_month_sac_gen_J_o_282,654.0604281017605,1488.30912,159.56135988924024,674.6873320089992
