name,transf,client,payoff,total
val_month_sac_gen_G_b_298,589.825645355606,1488.30912,159.09496226131247,739.3885123830814
