name,transf,client,payoff,total,sessions
test_6month_sac_pred_noise_2d_236,4357.744083601105,9929.387430399998,897.4875555656347,4674.155791233259,df_elaad_preproc_l6months.csv
