name,transf,client,payoff,total,sessions
train_6month_sac_gen_5m_150,3234.0836320552244,8371.850816,844.8346232453735,4292.9325606994025,df_elaad_preproc_f6months.csv
