name,transf,client,payoff,total
train_month_sac_gen_I_a_125,2083.3791926769472,4306.918592,422.3108412815719,1801.228558041481
