name,transf,client,payoff,total
val_month_sac_gen_J_t_64,644.88305191223,1488.30912,155.96206259448996,687.46400549328
