name,transf,client,payoff,total,sessions
test_6month_sac_pred_noise_1d_240,4539.413520396103,9929.387430399998,893.2217503396156,4496.752159664279,df_elaad_preproc_l6months.csv
