name,transf,client,payoff,total
val_month_sac_gen_J_e_461,652.4946937533118,1488.30912,159.56135988924024,676.2530663574478
