name,transf,client,payoff,total
train_month_sac_gen_J_m_347,1798.2857268301104,4306.918592,422.3108412815719,2086.3220238883177
