name,transf,client,payoff,total
test_month_sac_gen_I_d_111,680.3672719984266,1468.334912,149.17516390639216,638.7924760951812
