name,transf,client,payoff,total
val_month_sac_gen_I_k_210,654.2623477015502,1488.30912,159.56135988924024,674.4854124092094
