name,transf,client,payoff,total
test_month_sac_gen_I_r_106,652.4774218694117,1468.334912,149.17516390639216,666.6823262241961
