name,transf,client,payoff,total
val_month_sac_gen_I_c_2,745.128872969851,1488.30912,159.56135988924024,583.6188871409086
