name,transf,client,payoff,total
train_month_sac_gen_J_b_158,2054.218019543069,4306.918592,422.3108412815719,1830.389731175359
