name,transf,client,payoff,total
val_month_sac_gen_I_r_60,644.748282260785,1488.30912,159.56135988924024,683.9994778499747
