name,transf,client,payoff,total
val_month_sac_gen_J_k_215,577.0121489022246,1488.30912,159.56135988924024,751.7356112085351
