name,transf,client,payoff,total
train_month_sac_gen_J_l_304,1840.6056727663104,4306.918592,422.3108412815719,2044.0020779521178
