name,transf,client,payoff,total,sessions
test_6month_sac_pred_noise_1b_28,3357.399571085147,9929.387430399998,893.2217503396156,5678.7661089752355,df_elaad_preproc_l6months.csv
