name,transf,client,payoff,total
val_month_sac_gen_J_u_152,583.928430205842,1488.30912,155.96206259448996,748.418627199668
