name,transf,client,payoff,total
test_month_sac_gen_J_t_287,646.814823204211,1468.334912,148.50825484764397,673.0118339481451
