name,transf,client,payoff,total
train_month_sac_gen_J_d_288,2034.3093776462958,4306.918592,422.3108412815719,1850.2983730721326
