name,transf,client,payoff,total
val_month_sac_gen_J_e_434,651.1416617884599,1488.30912,159.56135988924024,677.6060983222997
