name,transf,client,payoff,total
train_month_sac_gen_I_c_452,2049.776478041231,4306.918592,422.3108412815719,1834.8312726771974
