name,transf,client,payoff,total
val_month_sac_gen_J_w_19,701.8734598771006,1488.30912,155.96206259448996,630.4735975284093
