name,transf,client,payoff,total,sessions
test_6month_sac_pred_noise_4d_218,4435.496726563915,9929.387430399998,891.2211003728393,4602.669603463244,df_elaad_preproc_l6months.csv
