name,transf,client,payoff,total,sessions
test_6month_sac_pred_noise_5a_156,2807.375587821805,9929.387430399998,881.6875054342313,6240.324337143962,df_elaad_preproc_l6months.csv
