name,transf,client,payoff,total
val_month_sac_gen_J_x_291,679.5187148181739,1488.30912,159.56135988924024,649.2290452925859
