name,transf,client,payoff,total
test_month_sac_gen_I_y_199,683.5912509159514,1468.334912,149.17516390639216,635.5684971776565
