name,transf,client,payoff,total,sessions
test_6month_sac_pred_noise_5c_38,3729.9401574253634,9929.387430399998,881.6875054342313,5317.759767540403,df_elaad_preproc_l6months.csv
