name,transf,client,payoff,total
val_month_sac_gen_J_i_155,653.1967782542008,1488.30912,159.56135988924024,675.5509818565588
