name,transf,client,payoff,total
test_month_sac_gen_J_w_447,577.6634335017054,1468.334912,148.50825484764397,742.1632236506507
