name,transf,client,payoff,total
test_month_sac_gen_J_h_289,739.4041957098627,1468.334912,149.17516390639216,579.7555523837451
