name,transf,client,payoff,total,sessions
test_6month_sac_pred_noise_5a_155,2843.644349543454,9929.387430399998,881.6875054342313,6204.055575422313,df_elaad_preproc_l6months.csv
