name,transf,client,payoff,total
val_month_sac_gen_I_n_309,598.8322764719812,1488.30912,159.56135988924024,729.9154836387784
