name,transf,client,payoff,total
train_month_sac_gen_a_93,971.0268248211385,1469.5622144,138.5610864331635,359.97430314569795
