name,transf,client,payoff,total
train_month_sac_gen_J_o_478,2034.732064396148,4306.918592,422.3108412815719,1849.8756863222802
