name,transf,client,payoff,total,sessions
test_6month_sac_gen_1n_164,2815.652940813283,9929.387430399998,886.8210602299855,6226.9134293567295,df_elaad_preproc_l6months.csv
