name,transf,client,payoff,total
train_month_sac_gen_I_p_44,2323.271138886148,4306.918592,422.3108412815719,1561.3366118322801
