name,transf,client,payoff,total
train_month_sac_gen_J_l_9,2353.5888448356454,4306.918592,422.3108412815719,1531.0189058827827
