name,transf,client,payoff,total
train_month_sac_gen_J_q_85,2100.393582081207,4306.918592,422.3108412815719,1784.214168637221
