name,transf,client,payoff,total
train_month_sac_gen_J_c_116,2189.84954706238,4306.918592,422.3108412815719,1694.758203656048
