name,transf,client,payoff,total
val_month_sac_gen_J_a_154,654.6541852453497,1488.30912,159.56135988924024,674.0935748654099
