name,transf,client,payoff,total
train_month_sac_gen_J_r_25,2165.268377276824,4306.918592,422.3108412815719,1719.339373441604
