name,transf,client,payoff,total,sessions
test_6month_sac_gen_2m_130,3012.466625763591,9929.387430399998,897.4875555656347,6019.433249070773,df_elaad_preproc_l6months.csv
