name,transf,client,payoff,total
train_month_sac_gen_I_y_116,231.073319343361,4306.918592,424.1106003101132,3651.7346723465257
