name,transf,client,payoff,total
train_month_sac_gen_d_87,1294.5706311040449,1469.5622144,142.0274972882919,32.96408600766313
