name,transf,client,payoff,total
val_month_sac_gen_d_25,651.7495869470742,1349.0472576000002,118.32161810264896,578.976052550277
