name,transf,client,payoff,total
val_month_sac_gen_I_a_417,643.3645570053728,1488.30912,159.56135988924024,685.3832031053869
