name,transf,client,payoff,total
test_month_sac_gen_I_v_335,685.1232837820008,1468.334912,149.17516390639216,634.036464311607
