name,transf,client,payoff,total
train_sac_c_64,66947.47346156556,149467.68812980913,8931.975524612415,73588.23914363116
