name,transf,client,payoff,total
val_month_sac_gen_J_b_313,642.3719742159258,1488.30912,159.56135988924024,686.3757858948338
