name,transf,client,payoff,total
val_month_sac_c_594,1826.820879710849,2277.450960542104,145.3079860330326,305.3220947982223
