name,transf,client,payoff,total,sessions
test_6month_sac_pred_noise_4c_77,3630.5123062722537,9929.387430399998,891.2211003728393,5407.654023754905,df_elaad_preproc_l6months.csv
