name,transf,client,payoff,total
val_month_sac_gen_J_s_38,663.3777041084255,1488.30912,155.96206259448996,668.9693532970844
