name,transf,client,payoff,total
test_month_sac_gen_b_92,726.6721160243696,1488.30912,159.56135988924024,602.07564408639
