name,transf,client,payoff,total
test_month_sac_gen_I_x_298,746.5982485677179,1468.334912,149.17516390639216,572.56149952589
