name,transf,client,payoff,total
test_month_sac_gen_I_d_81,699.1415092367337,1468.334912,149.17516390639216,620.0182388568742
