name,transf,client,payoff,total
train_month_sac_gen_I_w_259,-7619.4291694167405,4306.918592,422.3108412815719,11504.036920135168
