name,transf,client,payoff,total
train_month_sac_gen_J_w_417,1855.6633782803183,4306.918592,417.71069923280265,2033.544514486879
