name,transf,client,payoff,total
val_month_sac_gen_J_s_304,545.3061739870682,1488.30912,155.96206259448996,787.0408834184418
