name,transf,client,payoff,total
val_month_sac_gen_I_z_187,701.6325234029886,1488.30912,159.56135988924024,627.1152367077711
