name,transf,client,payoff,total
val_month_sac_gen_J_c_371,655.5298860541196,1488.30912,159.56135988924024,673.2178740566401
