name,transf,client,payoff,total
train_month_sac_gen_J_t_417,2016.5100236463913,4306.918592,417.9096673275943,1872.4989010260142
