name,transf,client,payoff,total
val_month_sac_gen_J_c_281,668.1389289454165,1488.30912,159.56135988924024,660.6088311653432
