name,transf,client,payoff,total
val_month_sac_gen_I_g_25,725.8565197243606,1488.30912,159.56135988924024,602.891240386399
