name,transf,client,payoff,total
train_month_sac_gen_J_d_351,2025.6013071504797,4306.918592,422.3108412815719,1859.0064435679487
