name,transf,client,payoff,total
test_month_sac_gen_J_b_381,700.7420118937687,1468.334912,149.17516390639216,618.4177361998392
