name,transf,client,payoff,total
test_month_sac_gen_J_o_296,686.120132016495,1468.334912,149.17516390639216,633.0396160771129
