name,transf,client,payoff,total,sessions
train_month_sac_gen_G_e_136,540.86101605524,1349.0472576000002,120.12137125779552,688.0648702869646,df_elaad_preproc_feb.csv
