name,transf,client,payoff,total,sessions
test_6month_sac_gen_j_271,2968.248831902016,9929.387430399998,886.8210602299855,6074.3175382679965,df_elaad_preproc_l6months.csv
