name,transf,client,payoff,total
test_month_sac_gen_J_q_430,678.2573892835741,1468.334912,149.17516390639216,640.9023588100338
