name,transf,client,payoff,total
test_month_sac_gen_J_w_104,625.7074511799608,1468.334912,148.50825484764397,694.1192059723953
