name,transf,client,payoff,total
test_month_sac_gen_J_q_330,681.3226566578041,1468.334912,149.17516390639216,637.8370914358037
