name,transf,client,payoff,total
train_month_sac_gen_f_9,1520.537695648655,2818.609472,264.14933314768723,1033.9224432036578
