name,transf,client,payoff,total
test_month_sac_gen_I_w_197,663.4614164050321,1468.334912,149.17516390639216,655.6983316885758
