name,transf,client,payoff,total
train_month_sac_gen_I_u_401,-127.97426008976498,4306.918592,422.3108412815719,4012.5820108081934
