name,transf,client,payoff,total,sessions
6month_sac_disagg_2c_LL,2951.257022587426,9929.387430399998,886.8210602299855,6091.309347582586,df_elaad_preproc_l6months.csv
