name,transf,client,payoff,total
train_month_sac_gen_J_u_470,1839.6339446558663,4306.918592,422.711189302122,2044.5734580420117
