name,transf,client,payoff,total
test_month_sac_gen_I_v_481,688.322122792463,1468.334912,149.17516390639216,630.8376253011448
