name,transf,client,payoff,total
test_month_sac_gen_G_b_172,655.4654092382118,1468.334912,148.64140204911905,664.2281007126692
