name,transf,client,payoff,total,sessions
test_6month_sac_pred_noise_1e_161,5289.065565487526,9929.387430399998,893.2217503396156,3747.1001145728565,df_elaad_preproc_l6months.csv
