name,transf,client,payoff,total
val_month_sac_gen_J_g_66,691.1445477411153,1488.30912,159.56135988924024,637.6032123696443
