name,transf,client,payoff,total
train_month_sac_gen_J_n_57,2140.3703414800307,4306.918592,422.3108412815719,1744.2374092383975
