name,transf,client,payoff,total
val_month_sac_gen_J_l_113,628.4284501857137,1488.30912,159.56135988924024,700.3193099250459
