name,transf,client,payoff,total
val_month_sac_gen_I_h_427,635.1498695560322,1488.30912,159.56135988924024,693.5978905547274
