name,transf,client,payoff,total,sessions
test_6month_sac_pred_noise_1c_68,3737.3508479275665,9929.387430399998,893.2217503396156,5298.814832132816,df_elaad_preproc_l6months.csv
