name,transf,client,payoff,total
val_month_sac_gen_I_e_67,643.0346485139389,1488.30912,155.96206259448996,689.3124088915711
