name,transf,client,payoff,total
val_month_sac_gen_I_r_181,607.3010351729733,1488.30912,159.56135988924024,721.4467249377863
