name,transf,client,payoff,total
train_month_sac_gen_I_y_2,989.101506295868,4306.918592,421.9103615637023,2895.9067241404296
