name,transf,client,payoff,total
train_month_sac_gen_I_i_247,2066.060950357914,4306.918592,422.3108412815719,1818.5468003605142
