name,transf,client,payoff,total
train_month_sac_gen_I_k_131,2062.959393616738,4306.918592,422.3108412815719,1821.6483571016902
