name,transf,client,payoff,total
test_month_sac_gen_J_k_104,649.1530146599144,1468.334912,149.17516390639216,670.0067334336934
