name,transf,client,payoff,total
test_month_sac_gen_I_y_458,676.9738846806333,1468.334912,149.17516390639216,642.1858634129745
