name,transf,client,payoff,total
test_month_sac_gen_J_g_241,681.516970653698,1468.334912,149.17516390639216,637.6427774399099
