name,transf,client,payoff,total
train_month_sac_gen_I_k_252,2022.0131133775947,4306.918592,422.3108412815719,1862.5946373408333
