name,transf,client,payoff,total
test_month_sac_c_855,1021.547224766926,1469.5622144,135.21440678133106,312.8005828517429
