name,transf,client,payoff,total
val_month_sac_gen_J_t_483,594.0827447902928,1488.30912,155.96206259448996,738.264312615217
