name,transf,client,payoff,total,sessions
test_6month_sac_pred_noise_4e_162,5115.5613400805105,9929.387430399998,891.2211003728393,3922.6049899466484,df_elaad_preproc_l6months.csv
