name,transf,client,payoff,total
test_month_sac_gen_J_u_406,577.4944747131849,1468.334912,148.50825484764397,742.3321824391712
