name,transf,client,payoff,total
train_month_sac_gen_I_m_243,2018.7256074601178,4306.918592,422.3108412815719,1865.8821432583104
