name,transf,client,payoff,total
test_month_sac_gen_I_g_254,889.1026542349911,1468.334912,149.17516390639216,430.0570938586168
