name,transf,client,payoff,total
val_month_sac_gen_J_d_144,668.8779547852591,1488.30912,159.56135988924024,659.8698053255005
