name,transf,client,payoff,total
val_month_sac_gen_I_d_147,639.5071469893778,1488.30912,159.56135988924024,689.2406131213818
