name,transf,client,payoff,total
val_month_sac_gen_J_r_312,631.3379959880122,1488.30912,159.56135988924024,697.4097641227474
