name,transf,client,payoff,total
test_month_sac_gen_I_k_338,683.8683666067146,1468.334912,149.17516390639216,635.2913814868932
