name,transf,client,payoff,total
test_month_sac_gen_J_l_398,640.2862061140381,1468.334912,149.17516390639216,678.8735419795697
