name,transf,client,payoff,total
test_month_sac_gen_J_n_262,681.6227974288752,1468.334912,149.17516390639216,637.5369506647327
