name,transf,client,payoff,total
val_month_sac_gen_I_l_170,650.9787357043447,1488.30912,159.56135988924024,677.7690244064149
