name,transf,client,payoff,total
train_month_sac_gen_I_v_80,-229.15553136314344,4306.918592,426.9106693943604,4109.163453968783
