name,transf,client,payoff,total
train_month_sac_gen_G_b_98,608.2176015148598,1488.30912,157.7610647952912,722.3304536898489
