name,transf,client,payoff,total
test_month_sac_gen_I_y_122,704.71632591361,1468.334912,149.17516390639216,614.4434221799978
