name,transf,client,payoff,total
test_month_sac_gen_I_s_243,670.7078191530898,1468.334912,149.17516390639216,648.4519289405181
