name,transf,client,payoff,total
train_month_sac_gen_I_q_35,2411.188597659765,4306.918592,422.3108412815719,1473.4191530586631
