name,transf,client,payoff,total,sessions
test_6month_sac_gen_1m_89,3144.8893960698606,9929.387430399998,893.2217503396156,5891.276283990522,df_elaad_preproc_l6months.csv
