name,transf,client,payoff,total
val_month_sac_gen_I_g_310,772.6736647150165,1488.30912,159.56135988924024,556.0740953957431
