name,transf,client,payoff,total
test_month_sac_gen_J_f_245,665.4033024580162,1468.334912,149.17516390639216,653.7564456355916
