name,transf,client,payoff,total
val_sac_c_22,14675.688272239682,30125.305835959498,1762.9897063291792,13686.627857390637
