name,transf,client,payoff,total
test_month_sac_gen_I_n_415,650.9597299357176,1468.334912,149.17516390639216,668.2000181578902
