name,transf,client,payoff,total
test_month_sac_gen_J_l_427,651.2910231185343,1468.334912,149.17516390639216,667.8687249750735
