name,transf,client,payoff,total
train_month_sac_gen_J_l_463,1800.64725528411,4306.918592,422.3108412815719,2083.960495434318
