name,transf,client,payoff,total
test_month_sac_gen_J_t_389,638.7675633507878,1468.334912,148.50825484764397,681.0590938015682
