name,transf,client,payoff,total,sessions
test_6month_sac_gen_1o_0,5733.451346179379,9929.387430399998,886.8210602299855,3309.115023990634,df_elaad_preproc_l6months.csv
