name,transf,client,payoff,total,sessions
test_6month_sac_gen_5l_144,2868.895107532608,9929.387430399998,886.8210602299855,6173.671262637405,df_elaad_preproc_l6months.csv
