name,transf,client,payoff,total
test_month_sac_gen_I_i_453,706.0803895307492,1468.334912,149.17516390639216,613.0793585628586
