name,transf,client,payoff,total
val_month_sac_gen_J_h_360,663.4477156229267,1488.30912,159.56135988924024,665.300044487833
