name,transf,client,payoff,total,sessions
test_6month_sac_pred_noise_1b_287,3128.9227035834815,9929.387430399998,893.2217503396156,5907.242976476901,df_elaad_preproc_l6months.csv
