name,transf,client,payoff,total,sessions
train_month_sac_pred_noise_a_261,511.6723299040197,1349.0472576000002,122.52106554461088,714.8538621513695,df_elaad_preproc_feb.csv
