name,transf,client,payoff,total
train_month_sac_gen_J_i_109,2048.077778800616,4306.918592,422.3108412815719,1836.529971917812
