name,transf,client,payoff,total
val_month_sac_gen_J_l_103,633.4376767277556,1488.30912,159.56135988924024,695.310083383004
