name,transf,client,payoff,total
test_month_sac_gen_J_o_492,691.2983412081778,1468.334912,149.17516390639216,627.86140688543
