name,transf,client,payoff,total
test_month_sac_gen_I_p_422,753.9527171124222,1468.334912,149.17516390639216,565.2070309811857
