name,transf,client,payoff,total
train_month_sac_gen_J_j_465,1831.346044064616,4306.918592,422.3108412815719,2053.2617066538123
