name,transf,client,payoff,total
test_month_sac_gen_I_n_376,653.1786494036614,1468.334912,149.17516390639216,665.9810986899464
