name,transf,client,payoff,total
test_month_sac_gen_J_s_152,589.4690160036989,1468.334912,148.50825484764397,730.3576411486572
