name,transf,client,payoff,total,sessions
test_6month_sac_pred_noise_4a_103,2930.367110717405,9929.387430399998,891.2211003728393,6107.799219309754,df_elaad_preproc_l6months.csv
