name,transf,client,payoff,total
test_month_sac_c_987,1008.5307527907015,1469.5622144,135.21440678133106,325.81705482796735
