name,transf,client,payoff,total
train_month_sac_c_18,1498.5481911036677,1469.5622144,135.21440678133106,-164.20038348499887
