name,transf,client,payoff,total
test_month_sac_gen_J_k_412,610.7452633287578,1468.334912,149.17516390639216,708.41448476485
