name,transf,client,payoff,total
val_month_sac_gen_I_g_99,784.2958662653539,1488.30912,159.56135988924024,544.4518938454057
