name,transf,client,payoff,total
test_month_sac_c_284,1056.0063980491896,1469.5622144,135.21440678133106,278.3414095694793
