name,transf,client,payoff,total
val_month_sac_gen_J_v_223,606.8093484366672,1488.30912,155.96206259448996,725.5377089688427
