name,transf,client,payoff,total,sessions
test_6month_sac_pred_noise_4b_142,3186.3255220258766,9929.387430399998,891.2211003728393,5851.840808001283,df_elaad_preproc_l6months.csv
