name,transf,client,payoff,total
val_month_sac_gen_I_e_123,621.1797965572412,1488.30912,155.96206259448996,711.1672608482688
