name,transf,client,payoff,total
val_month_sac_gen_I_e_10,707.8438606300065,1488.30912,155.96206259448996,624.5031967755035
