name,transf,client,payoff,total
train_month_sac_gen_I_a_266,2035.3549680491424,4306.918592,422.3108412815719,1849.2527826692858
