name,transf,client,payoff,total
train_month_sac_gen_I_q_142,2289.014698769992,4306.918592,422.3108412815719,1595.5930519484364
