name,transf,client,payoff,total,sessions
test_6month_sac_pred_noise_3e_167,5306.501741117507,9929.387430399998,889.2877424740021,3733.5979468084893,df_elaad_preproc_l6months.csv
