name,transf,client,payoff,total
train_month_sac_gen_I_d_183,2000.1005991103223,4306.918592,422.3108412815719,1884.5071516081061
