name,transf,client,payoff,total
val_month_sac_gen_I_n_77,631.7952713621804,1488.30912,159.56135988924024,696.9524887485793
