name,transf,client,payoff,total
train_month_sac_gen_J_i_113,2049.2361748577177,4306.918592,422.3108412815719,1835.3715758607104
