name,transf,client,payoff,total
test_month_sac_gen_I_v_170,691.2012206843234,1468.334912,149.17516390639216,627.9585274092844
