name,transf,client,payoff,total
test_month_sac_gen_J_u_340,591.3994657642219,1468.334912,148.50825484764397,728.4271913881341
