name,transf,client,payoff,total
val_month_sac_gen_J_d_100,672.1154149366744,1488.30912,159.56135988924024,656.6323451740852
