name,transf,client,payoff,total
train_month_sac_gen_J_a_67,2135.16004770195,4306.918592,422.3108412815719,1749.447703016478
