name,transf,client,payoff,total
val_month_sac_gen_I_w_107,696.1697576125114,1488.30912,159.56135988924024,632.5780024982482
