name,transf,client,payoff,total
val_month_sac_gen_J_a_277,648.8793337712824,1488.30912,159.56135988924024,679.8684263394773
