name,transf,client,payoff,total
train_month_sac_c_373,1054.4258202998653,2289.492687923877,157.2012507240518,1077.8656168999598
