name,transf,client,payoff,total,sessions
train_month_sac_gen_G_c_60,631.4787752779752,1349.0472576000002,120.32105381356293,597.2474285084621,df_elaad_preproc_feb.csv
