name,transf,client,payoff,total
test_month_sac_gen_I_i_296,708.8686868375293,1468.334912,149.17516390639216,610.2910612560786
