name,transf,client,payoff,total
train_month_sac_gen_I_d_230,1992.4129431998979,4306.918592,422.3108412815719,1892.19480751853
