name,transf,client,payoff,total
val_month_sac_gen_I_i_232,656.0393643226628,1488.30912,159.56135988924024,672.7083957880968
