name,transf,client,payoff,total
test_month_sac_gen_I_a_232,700.1719890613631,1468.334912,149.17516390639216,618.9877590322448
