name,transf,client,payoff,total
test_month_sac_gen_J_m_243,680.5479187350162,1468.334912,149.17516390639216,638.6118293585916
