name,transf,client,payoff,total
train_month_sac_gen_J_q_2,2658.814105123353,4306.918592,422.3108412815719,1225.7936455950753
