name,transf,client,payoff,total
test_month_sac_c_894,1018.4940287082504,1469.5622144,135.21440678133106,315.85377891041844
