name,transf,client,payoff,total
val_month_sac_gen_I_d_109,649.7872979447031,1488.30912,159.56135988924024,678.9604621660565
