name,transf,client,payoff,total,sessions
test_6month_sac_pred_noise_1a_251,2959.649596451656,9929.387430399998,893.2217503396156,6076.516083608726,df_elaad_preproc_l6months.csv
