name,transf,client,payoff,total
train_month_sac_gen_I_w_24,-6971.562557862445,4306.918592,422.3108412815719,10856.170308580871
