name,transf,client,payoff,total
test_month_sac_gen_J_j_13,770.3150624190472,1468.334912,149.17516390639216,548.8446856745607
