name,transf,client,payoff,total
test_month_sac_gen_I_q_421,770.8089173123212,1468.334912,149.17516390639216,548.3508307812866
