name,transf,client,payoff,total
test_month_sac_gen_J_e_20,749.0778353012245,1468.334912,149.17516390639216,570.0819127923834
