name,transf,client,payoff,total
val_month_sac_gen_I_d_160,637.7781525465086,1488.30912,159.56135988924024,690.969607564251
