name,transf,client,payoff,total
test_month_sac_gen_J_f_159,673.21018866342,1468.334912,149.17516390639216,645.9495594301878
