name,transf,client,payoff,total
test_month_sac_gen_I_f_357,730.3039657173401,1468.334912,147.8419170286109,590.189029254049
