name,transf,client,payoff,total,sessions
test_6month_sac_pred_noise_5b_297,3286.6762048258643,9929.387430399998,881.6875054342313,5761.023720139903,df_elaad_preproc_l6months.csv
