name,transf,client,payoff,total
val_month_sac_gen_I_p_72,729.5303660390753,1488.30912,159.56135988924024,599.2173940716843
