name,transf,client,payoff,total
train_month_sac_gen_J_l_259,1847.7462186312216,4306.918592,422.3108412815719,2036.8615320872068
