name,transf,client,payoff,total
train_month_sac_gen_J_n_420,1787.7931344633557,4306.918592,422.3108412815719,2096.8146162550725
