name,transf,client,payoff,total,sessions
test_6month_sac_gen_k_105,2955.6045149310776,9929.387430399998,886.8210602299855,6086.961855238935,df_elaad_preproc_l6months.csv
