name,transf,client,payoff,total,sessions
test_6month_sac_pred_noise_3c_34,3878.0733594058174,9929.387430399998,889.2877424740021,5162.026328520179,df_elaad_preproc_l6months.csv
