name,transf,client,payoff,total
train_month_sac_gen_J_j_15,2290.6133207706007,4306.918592,422.3108412815719,1593.9944299478275
