name,transf,client,payoff,total
train_month_sac_gen_J_d_382,2022.826766156124,4306.918592,422.3108412815719,1861.7809845623042
