name,transf,client,payoff,total,sessions
test_6month_sac_gen_c_30,3338.861377188896,9929.387430399998,886.8210602299855,5703.704992981116,df_elaad_preproc_l6months.csv
