name,transf,client,payoff,total,sessions
test_6month_sac_pred_noise_5b_181,3011.6824381867923,9929.387430399998,881.6875054342313,6036.017486778976,df_elaad_preproc_l6months.csv
