name,transf,client,payoff,total
test_month_sac_gen_I_t_227,693.9056321530295,1468.334912,149.17516390639216,625.2541159405783
