name,transf,client,payoff,total
month_sac_IX_g,1134.9903783678308,1469.5622144,137.28109362657534,197.2907424055938
