name,transf,client,payoff,total
val_month_sac_gen_I_m_471,630.626703688024,1488.30912,159.56135988924024,698.1210564227356
