name,transf,client,payoff,total
test_month_sac_gen_I_c_400,668.185923327118,1468.334912,149.17516390639216,650.9738247664899
