name,transf,client,payoff,total
train_month_sac_gen_J_v_55,2259.9163315994983,4306.918592,417.9096673275943,1629.0925930729072
