name,transf,client,payoff,total
test_month_sac_gen_J_h_178,753.1579364246634,1468.334912,149.17516390639216,566.0018116689445
