name,transf,client,payoff,total,sessions
test_6month_sac_pred_noise_2d_20,4711.637532932659,9929.387430399998,897.4875555656347,4320.2623419017045,df_elaad_preproc_l6months.csv
