name,transf,client,payoff,total
test_month_sac_gen_I_y_158,695.7285190337927,1468.334912,149.17516390639216,623.4312290598151
