name,transf,client,payoff,total
test_month_sac_gen_J_q_169,685.7995079182398,1468.334912,149.17516390639216,633.3602401753681
