name,transf,client,payoff,total
train_month_sac_gen_J_o_383,2013.995263634599,4306.918592,422.3108412815719,1870.6124870838294
