name,transf,client,payoff,total
val_month_sac_gen_I_g_434,797.4586237352551,1488.30912,159.56135988924024,531.2891363755045
