name,transf,client,payoff,total
val_month_sac_gen_J_r_365,627.1163688173131,1488.30912,159.56135988924024,701.6313912934465
