name,transf,client,payoff,total,sessions
test_6month_sac_pred_noise_3e_141,5281.6097831191555,9929.387430399998,889.2877424740021,3758.4899048068405,df_elaad_preproc_l6months.csv
