name,transf,client,payoff,total,sessions
test_6month_sac_pred_noise_3e_175,5324.683631237774,9929.387430399998,889.2877424740021,3715.4160566882224,df_elaad_preproc_l6months.csv
