name,transf,client,payoff,total
train_month_sac_gen_J_d_268,2040.4152013445828,4306.918592,422.3108412815719,1844.1925493738454
