name,transf,client,payoff,total
val_month_sac_gen_I_q_329,734.4018954247142,1488.30912,159.56135988924024,594.3458646860454
