name,transf,client,payoff,total
val_month_sac_gen_I_d_254,633.7707861289424,1488.30912,159.56135988924024,694.9769739818173
