name,transf,client,payoff,total
val_month_sac_gen_J_v_315,601.9432695879915,1488.30912,155.96206259448996,730.4037878175184
