name,transf,client,payoff,total
month_sac_IX_h,1190.4746324158805,1469.5622144,139.34802515539923,139.7395568287202
