name,transf,client,payoff,total
month_sac_IX_h,1221.9046879875928,1469.5622144,139.21464084243732,108.44288556996983
