name,transf,client,payoff,total
test_month_sac_gen_I_v_95,696.6918946209632,1468.334912,149.17516390639216,622.4678534726446
