name,transf,client,payoff,total,sessions
train_month_sac_gen_G_e_193,507.103211296793,1349.0472576000002,121.0541978448653,720.8898484583419,df_elaad_preproc_feb.csv
