name,transf,client,payoff,total,sessions
test_6month_sac_pred_noise_4d_157,4561.557981143527,9929.387430399998,891.2211003728393,4476.608348883632,df_elaad_preproc_l6months.csv
