name,transf,client,payoff,total
test_month_sac_gen_J_o_476,681.1550891691554,1468.334912,149.17516390639216,638.0046589244524
