name,transf,client,payoff,total
test_month_sac_gen_I_l_9,819.6995069342045,1468.334912,149.17516390639216,499.4602411594034
