name,transf,client,payoff,total
test_month_sac_gen_J_f_282,665.5813652912793,1468.334912,149.17516390639216,653.5783828023285
