name,transf,client,payoff,total
test_month_sac_gen_J_z_199,598.7305025157007,1468.334912,148.50825484764397,721.0961546366555
