name,transf,client,payoff,total
test_month_sac_gen_J_m_384,665.411724972285,1468.334912,149.17516390639216,653.7480231213228
