name,transf,client,payoff,total
janfebmar_NoV2G,2066.8352987665503,4306.918592,0,2240.0832932334497
