name,transf,client,payoff,total,sessions
test_6month_sac_gen_j_201,2994.9241510901516,9929.387430399998,886.8210602299855,6047.64221907986,df_elaad_preproc_l6months.csv
