name,transf,client,payoff,total
train_month_sac_gen_J_o_387,2013.026116783462,4306.918592,422.3108412815719,1871.5816339349662
