name,transf,client,payoff,total
val_month_sac_gen_J_h_295,667.8085843049646,1488.30912,159.56135988924024,660.939175805795
