name,transf,client,payoff,total
test_month_sac_gen_I_m_33,682.4604948368374,1468.334912,149.17516390639216,636.6992532567705
