name,transf,client,payoff,total
train_month_sac_gen_J_i_5,2436.6178750219506,4306.918592,422.3108412815719,1447.9898756964776
