name,transf,client,payoff,total
test_month_sac_gen_J_d_37,737.8435408642257,1468.334912,149.17516390639216,581.3162072293821
