name,transf,client,payoff,total
val_month_sac_gen_J_t_30,681.1335192485692,1488.30912,155.96206259448996,651.2135381569408
