name,transf,client,payoff,total
test_month_sac_gen_J_b_46,741.3821302832899,1468.334912,149.17516390639216,577.7776178103179
