name,transf,client,payoff,total
val_month_sac_gen_I_m_121,658.0012960185195,1488.30912,159.56135988924024,670.7464640922401
