name,transf,client,payoff,total
test_month_sac_gen_I_w_406,650.8372094280376,1468.334912,149.17516390639216,668.3225386655703
