name,transf,client,payoff,total
train_month_sac_gen_J_f_371,1987.6504535565748,4306.918592,422.3108412815719,1896.9572971618536
