name,transf,client,payoff,total
test_month_sac_gen_J_t_106,691.8575727380821,1468.334912,148.50825484764397,627.969084414274
