name,transf,client,payoff,total,sessions
test_6month_sac_gen_j_256,2999.296594065714,9929.387430399998,886.8210602299855,6043.269776104298,df_elaad_preproc_l6months.csv
