name,transf,client,payoff,total,sessions
test_6month_sac_pred_noise_5c_51,3656.4197790415706,9929.387430399998,881.6875054342313,5391.280145924196,df_elaad_preproc_l6months.csv
