name,transf,client,payoff,total
train_month_sac_gen_I_l_416,2018.3144040278664,4306.918592,422.3108412815719,1866.2933466905615
