name,transf,client,payoff,total
test_month_sac_gen_I_q_316,775.7937851087677,1468.334912,149.17516390639216,543.3659629848402
