name,transf,client,payoff,total
test_month_sac_gen_I_r_264,636.6323747820459,1468.334912,149.17516390639216,682.527373311562
