name,transf,client,payoff,total
train_month_sac_gen_I_g_73,2486.3811671652043,4306.918592,422.3108412815719,1398.226583553224
