name,transf,client,payoff,total
test_month_sac_gen_J_p_142,663.4568700532909,1468.334912,149.17516390639216,655.7028780403169
