name,transf,client,payoff,total
train_month_sac_gen_I_u_248,-85.12864597314228,4306.918592,422.3108412815719,3969.73639669157
