name,transf,client,payoff,total,sessions
test_6month_sac_pred_noise_5d_125,4535.593937553202,9929.387430399998,881.6875054342313,4512.105987412566,df_elaad_preproc_l6months.csv
