name,transf,client,payoff,total
test_month_sac_gen_I_q_240,776.0064505973592,1468.334912,149.17516390639216,543.1532974962487
