name,transf,client,payoff,total
train_month_sac_c_47,1236.6292175475453,2289.492687923877,157.2012507240518,895.6622196522799
