name,transf,client,payoff,total
val_month_sac_gen_I_v_364,646.367021457602,1488.30912,159.56135988924024,682.3807386531576
