name,transf,client,payoff,total
train_month_sac_gen_J_j_291,1848.7754077090044,4306.918592,422.3108412815719,2035.8323430094238
