name,transf,client,payoff,total
val_month_sac_c_701,1835.526357030486,2277.450960542104,145.3079860330326,296.6166174785854
