name,transf,client,payoff,total
val_month_sac_c_297,1842.0846748932058,2277.450960542104,145.3079860330326,290.05829961586556
