name,transf,client,payoff,total
test_month_sac_gen_J_q_371,678.5546423806795,1468.334912,149.17516390639216,640.6051057129283
