name,transf,client,payoff,total
train_month_sac_gen_I_w_158,-7518.586282012886,4306.918592,422.3108412815719,11403.194032731313
