name,transf,client,payoff,total
test_month_sac_gen_I_h_126,721.64948269675,1468.334912,149.17516390639216,597.5102653968578
