name,transf,client,payoff,total
train_month_sac_gen_J_h_296,2057.037611789354,4306.918592,422.3108412815719,1827.5701389290743
