name,transf,client,payoff,total
test_month_sac_gen_I_k_199,705.5903789667998,1468.334912,149.17516390639216,613.569369126808
