name,transf,client,payoff,total
train_month_sac_gen_I_v_282,-51.68408867252974,4306.918592,419.7094692112909,3938.8932114612385
