name,transf,client,payoff,total
train_sac_gen_a_30,72540.04291978701,149467.68812980913,8931.975524612415,67995.66968540971
