name,transf,client,payoff,total
test_month_sac_gen_I_e_498,647.2503676011754,1468.334912,148.50825484764397,672.5762895511807
