name,transf,client,payoff,total
test_month_sac_gen_I_a_268,701.6666675389077,1468.334912,149.17516390639216,617.4930805547001
