name,transf,client,payoff,total,sessions
test_6month_sac_gen_h_61,3034.2580591819114,9929.387430399998,886.8210602299855,6008.308310988101,df_elaad_preproc_l6months.csv
