name,transf,client,payoff,total
train_month_sac_gen_J_o_394,2013.1974780299017,4306.918592,422.3108412815719,1871.4102726885267
