name,transf,client,payoff,total,sessions
test_6month_sac_gen_5l_195,2780.635056519979,9929.387430399998,886.8210602299855,6261.931313650033,df_elaad_preproc_l6months.csv
