name,transf,client,payoff,total
train_month_sac_gen_I_n_212,1909.2404393797133,4306.918592,422.3108412815719,1975.367311338715
