name,transf,client,payoff,total
train_month_sac_gen_J_e_354,2010.682472212324,4306.918592,422.3108412815719,1873.9252785061044
