name,transf,client,payoff,total,sessions
test_6month_sac_gen_3l_81,2994.107641182556,9929.387430399998,886.8210602299855,6048.458728987456,df_elaad_preproc_l6months.csv
