name,transf,client,payoff,total
train_month_sac_gen_I_v_162,56.93708830521709,4306.918592,418.0436307839677,3831.9378729108153
