name,transf,client,payoff,total
train_month_sac_gen_J_n_438,1790.1043337753783,4306.918592,422.3108412815719,2094.50341694305
