name,transf,client,payoff,total
month_sac_IX_g,1701.1200129900305,1469.5622144,139.21488503228764,-370.77268362231825
