name,transf,client,payoff,total,sessions
test_6month_sac_gen_b_130,2946.70736803092,9929.387430399998,886.8210602299855,6095.859002139092,df_elaad_preproc_l6months.csv
