name,transf,client,payoff,total,sessions
train_month_sac_pred_noise_d_156,672.661519194615,1349.0472576000002,119.72097846054359,556.6647599448415,df_elaad_preproc_feb.csv
