name,transf,client,payoff,total,sessions
test_6month_sac_gen_3l_16,3406.1460532671335,9929.387430399998,886.8210602299855,5636.420316902879,df_elaad_preproc_l6months.csv
