name,transf,client,payoff,total
train_month_sac_gen_J_t_44,2189.9589986961937,4306.918592,417.9096673275943,1699.0499259762119
