name,transf,client,payoff,total
val_month_sac_gen_J_g_78,669.5264499872094,1488.30912,159.56135988924024,659.2213101235502
