name,transf,client,payoff,total
train_month_sac_gen_I_j_112,2107.6565767839666,4306.918592,422.3108412815719,1776.9511739344616
