name,transf,client,payoff,total,sessions
test_6month_sac_gen_2l_46,3215.1075689528852,9929.387430399998,886.8210602299855,5827.458801217128,df_elaad_preproc_l6months.csv
