name,transf,client,payoff,total,sessions
test_6month_sac_gen_3l_67,3010.511524020958,9929.387430399998,886.8210602299855,6032.054846149054,df_elaad_preproc_l6months.csv
