name,transf,client,payoff,total
train_month_sac_gen_J_q_55,2127.385174797334,4306.918592,422.3108412815719,1757.2225759210942
