name,transf,client,payoff,total
test_month_sac_gen_I_d_492,680.9989858112548,1468.334912,149.17516390639216,638.1607622823531
