name,transf,client,payoff,total
val_month_sac_gen_J_g_404,636.5652473316334,1488.30912,159.56135988924024,692.1825127791262
