name,transf,client,payoff,total
test_month_sac_gen_I_c_162,701.8858156023028,1468.334912,149.17516390639216,617.273932491305
