name,transf,client,payoff,total,sessions
test_6month_sac_pred_noise_2a_194,2769.416298562366,9929.387430399998,897.4875555656347,6262.483576271998,df_elaad_preproc_l6months.csv
