name,transf,client,payoff,total
train_month_sac_gen_I_y_149,297.45320137616886,4306.918592,420.9113287025066,3588.5540619213243
