name,transf,client,payoff,total
val_month_sac_gen_I_m_42,665.6817073354019,1488.30912,159.56135988924024,663.0660527753578
