name,transf,client,payoff,total,sessions
test_6month_sac_gen_1m_32,3249.3223191086513,9929.387430399998,893.2217503396156,5786.8433609517315,df_elaad_preproc_l6months.csv
