name,transf,client,payoff,total,sessions
test_6month_sac_gen_1m_20,3405.005333139715,9929.387430399998,893.2217503396156,5631.1603469206675,df_elaad_preproc_l6months.csv
