name,transf,client,payoff,total
val_month_sac_gen_J_t_48,658.9159088082595,1488.30912,155.96206259448996,673.4311485972505
