name,transf,client,payoff,total
test_month_sac_gen_J_x_84,779.9430896887903,1468.334912,149.17516390639216,539.2166584048175
