name,transf,client,payoff,total,sessions
test_6month_sac_pred_noise_1c_135,3562.8606735470403,9929.387430399998,893.2217503396156,5473.305006513342,df_elaad_preproc_l6months.csv
