name,transf,client,payoff,total,sessions
test_6month_sac_gen_4l_111,3016.168615526435,9929.387430399998,886.8210602299855,6026.397754643578,df_elaad_preproc_l6months.csv
