name,transf,client,payoff,total
train_month_sac_gen_J_d_249,2043.824257088226,4306.918592,422.3108412815719,1840.7834936302024
