name,transf,client,payoff,total
val_month_sac_b_9,2130.898883313882,2277.450960542104,145.3079860330326,1.244091195189469
