name,transf,client,payoff,total
month_sac_IX_a,1128.5203071023825,1469.5622144,135.94843598832935,205.09347130928805
