name,transf,client,payoff,total
val_month_sac_gen_J_f_85,666.225166260366,1488.30912,159.56135988924024,662.5225938503936
