name,transf,client,payoff,total
test_month_sac_gen_J_p_168,660.1298403340994,1468.334912,149.17516390639216,659.0299077595084
