name,transf,client,payoff,total
train_month_sac_gen_J_x_276,954.7619400459237,1469.5622144,142.094741946743,372.70553240733324
