name,transf,client,payoff,total
train_month_sac_gen_J_r_424,2001.3358686671043,4306.918592,422.3108412815719,1883.2718820513237
