name,transf,client,payoff,total
test_month_sac_gen_G_a_18,744.9821284632708,1468.334912,148.50825484764397,574.8445286890853
