name,transf,client,payoff,total
test_month_sac_gen_I_o_295,733.3642691648101,1468.334912,149.17516390639216,585.7954789287977
