name,transf,client,payoff,total
val_month_sac_gen_I_q_216,740.0130769988867,1488.30912,159.56135988924024,588.734683111873
