name,transf,client,payoff,total
test_month_sac_c_627,1014.768447264899,1469.5622144,135.21440678133106,319.57936035376986
