name,transf,client,payoff,total
test_month_sac_gen_J_e_327,686.2018871953103,1468.334912,149.17516390639216,632.9578608982976
