name,transf,client,payoff,total,sessions
test_6month_sac_gen_j_256,3002.9537563338945,9929.387430399998,886.8210602299855,6039.612613836118,df_elaad_preproc_l6months.csv
