name,transf,client,payoff,total
val_month_sac_gen_I_a_277,658.8870111210357,1488.30912,159.56135988924024,669.860748989724
