name,transf,client,payoff,total
train_month_sac_gen_I_l_396,2008.1337477106836,4306.918592,422.3108412815719,1876.4740030077446
