name,transf,client,payoff,total
train_month_sac_gen_I_r_43,2158.4015569826115,4306.918592,425.31041030328936,1723.2066247140992
