name,transf,client,payoff,total,sessions
test_6month_sac_gen_5m_50,3146.5148142939033,9929.387430399998,886.8210602299855,5896.051555876109,df_elaad_preproc_l6months.csv
