name,transf,client,payoff,total,sessions
test_6month_sac_gen_k_36,3338.888142717236,9929.387430399998,886.8210602299855,5703.678227452776,df_elaad_preproc_l6months.csv
