name,transf,client,payoff,total,sessions
test_6month_sac_pred_noise_3c_18,4119.274772708839,9929.387430399998,889.2877424740021,4920.8249152171575,df_elaad_preproc_l6months.csv
