name,transf,client,payoff,total
test_month_sac_gen_I_b_212,703.4286873597671,1468.334912,149.17516390639216,615.7310607338408
