name,transf,client,payoff,total
train_month_sac_gen_J_m_312,1802.3729332595371,4306.918592,422.3108412815719,2082.234817458891
