name,transf,client,payoff,total,sessions
test_6month_sac_gen_j_48,3005.5296082802247,9929.387430399998,886.8210602299855,6037.036761889787,df_elaad_preproc_l6months.csv
