name,transf,client,payoff,total
train_month_sac_gen_I_g_318,2473.196630507614,4306.918592,422.3108412815719,1411.4111202108143
