name,transf,client,payoff,total
train_month_sac_gen_J_z_290,572.3626874940462,1488.30912,160.5615953736022,755.3848371323515
