name,transf,client,payoff,total
train_month_sac_gen_I_t_219,1953.1110204803933,4306.918592,416.9773603426844,1936.8302111769221
