name,transf,client,payoff,total,sessions
test_6month_sac_pred_noise_2e_182,5026.776221756063,9929.387430399998,897.4875555656347,4005.123653078301,df_elaad_preproc_l6months.csv
