name,transf,client,payoff,total
val_month_sac_gen_J_x_156,718.163299214938,1488.30912,159.56135988924024,610.5844608958216
