name,transf,client,payoff,total
val_month_sac_gen_J_l_109,630.8861043102619,1488.30912,159.56135988924024,697.8616558004978
