name,transf,client,payoff,total
test_month_sac_gen_J_r_429,676.7857990296623,1468.334912,149.17516390639216,642.3739490639456
