name,transf,client,payoff,total
train_month_sac_gen_J_k_237,1810.2166402103885,4306.918592,422.3108412815719,2074.3911105080397
