name,transf,client,payoff,total
val_month_sac_gen_J_o_401,644.7378948447251,1488.30912,159.56135988924024,684.0098652660345
