name,transf,client,payoff,total
test_month_sac_gen_J_p_452,653.2343215561539,1468.334912,149.17516390639216,665.925426537454
