name,transf,client,payoff,total
train_month_sac_gen_I_r_433,1944.6518372582843,4306.918592,419.2436818404789,1943.023072901237
