name,transf,client,payoff,total
train_month_sac_gen_d_11,-1632.5917950373419,1469.5622144,142.094741946743,2960.059267490599
