name,transf,client,payoff,total
test_month_sac_gen_J_h_339,736.1454389319881,1468.334912,149.17516390639216,583.0143091616197
