name,transf,client,payoff,total
train_month_sac_gen_J_h_383,2048.7810084976068,4306.918592,422.3108412815719,1835.8267422208214
