name,transf,client,payoff,total,sessions
test_6month_sac_pred_noise_4d_282,4409.500532181862,9929.387430399998,891.2211003728393,4628.665797845298,df_elaad_preproc_l6months.csv
