name,transf,client,payoff,total
test_month_sac_gen_I_y_388,675.4317761980808,1468.334912,149.17516390639216,643.727971895527
