name,transf,client,payoff,total
val_month_sac_gen_J_s_2,796.7040213309122,1488.30912,155.96206259448996,535.6430360745978
