name,transf,client,payoff,total
val_month_sac_c_95,1945.9075012754656,2277.450960542104,145.3079860330326,186.23547323360577
