name,transf,client,payoff,total
val_month_sac_gen_I_o_429,693.3908064055017,1488.30912,159.56135988924024,635.3569537052579
