name,transf,client,payoff,total
train_month_sac_gen_I_e_292,2048.6288089929158,4306.918592,417.9096673275943,1840.3801156794898
