name,transf,client,payoff,total
test_month_sac_gen_I_o_180,753.2701312067575,1468.334912,149.17516390639216,565.8896168868504
