name,transf,client,payoff,total
test_month_sac_gen_J_e_192,687.7685031157396,1468.334912,149.17516390639216,631.3912449778683
