name,transf,client,payoff,total
train_month_sac_gen_J_n_52,2215.204259546127,4306.918592,422.3108412815719,1669.403491172301
