name,transf,client,payoff,total
test_month_sac_gen_I_j_31,803.387748816949,1468.334912,149.17516390639216,515.7719992766588
