name,transf,client,payoff,total
train_month_sac_gen_I_r_82,2060.1479059015064,4306.918592,419.64414295604405,1827.1265431424495
