name,transf,client,payoff,total
val_month_sac_gen_J_e_294,654.8849248982144,1488.30912,159.56135988924024,673.8628352125452
