name,transf,client,payoff,total
test_month_sac_gen_I_h_296,708.8985510585784,1468.334912,149.17516390639216,610.2611970350295
