name,transf,client,payoff,total
train_month_sac_c_838,1024.9450170242997,2289.492687923877,157.2012507240518,1107.3464201755255
