name,transf,client,payoff,total
train_month_sac_gen_I_l_78,2109.8939689772933,4306.918592,422.3108412815719,1774.7137817411349
