name,transf,client,payoff,total,sessions
test_6month_sac_gen_c_34,3249.1673636554456,9929.387430399998,886.8210602299855,5793.399006514566,df_elaad_preproc_l6months.csv
