name,transf,client,payoff,total
val_month_sac_gen_I_m_114,659.3210436276413,1488.30912,159.56135988924024,669.4267164831183
