name,transf,client,payoff,total,sessions
test_6month_sac_pred_noise_3c_119,3655.257891567852,9929.387430399998,889.2877424740021,5384.841796358145,df_elaad_preproc_l6months.csv
