name,transf,client,payoff,total
train_month_sac_gen_I_t_138,1926.0584562177364,4306.918592,420.44353913438783,1960.4165966478758
