name,transf,client,payoff,total
train_month_sac_gen_J_x_280,654.8406096772617,1488.30912,158.62811850635504,674.8403918163832
