name,transf,client,payoff,total
train_month_sac_gen_J_h_103,2141.1739991954864,4306.918592,422.3108412815719,1743.4337515229417
