name,transf,client,payoff,total
train_month_sac_gen_I_m_345,1989.9082611517592,4306.918592,422.3108412815719,1894.699489566669
