name,transf,client,payoff,total
train_month_sac_gen_J_n_151,1910.532382416608,4306.918592,422.3108412815719,1974.0753683018202
