name,transf,client,payoff,total
val_month_sac_gen_I_t_362,675.0903432616815,1488.30912,159.56135988924024,653.6574168490781
