name,transf,client,payoff,total,sessions
test_6month_sac_pred_noise_2e_157,5090.451812203351,9929.387430399998,897.4875555656347,3941.4480626310124,df_elaad_preproc_l6months.csv
