name,transf,client,payoff,total
test_month_sac_gen_I_u_134,695.1174768616618,1468.334912,149.17516390639216,624.0422712319461
