name,transf,client,payoff,total
val_month_sac_gen_d_85,805.0171962409548,1349.0472576000002,118.32161810264896,425.70844325639644
