name,transf,client,payoff,total
test_month_sac_gen_J_u_191,614.1602539459716,1468.334912,148.50825484764397,705.6664032063845
