name,transf,client,payoff,total
val_month_sac_gen_I_b_445,615.5215542647018,1488.30912,159.56135988924024,713.2262058460578
