name,transf,client,payoff,total
test_month_sac_gen_J_t_174,659.0462081448579,1468.334912,148.50825484764397,660.7804490074982
