name,transf,client,payoff,total
val_month_sac_gen_J_e_279,654.3525609617217,1488.30912,159.56135988924024,674.395199149038
