name,transf,client,payoff,total
test_month_sac_gen_J_q_396,682.9907563552475,1468.334912,149.17516390639216,636.1689917383603
