name,transf,client,payoff,total
train_month_sac_gen_I_c_45,2172.1402133446013,4306.918592,422.3108412815719,1712.4675373738269
