name,transf,client,payoff,total
train_month_sac_gen_I_u_192,-71.90117581306146,4306.918592,422.3108412815719,3956.50892653149
