name,transf,client,payoff,total,sessions
test_6month_sac_gen_g_23,3305.6184298563744,9929.387430399998,886.8210602299855,5736.947940313637,df_elaad_preproc_l6months.csv
