name,transf,client,payoff,total
val_month_sac_gen_I_z_81,706.6914228318858,1488.30912,159.56135988924024,622.0563372788738
