name,transf,client,payoff,total
val_month_sac_gen_J_d_263,651.8881590150056,1488.30912,159.56135988924024,676.859601095754
