name,transf,client,payoff,total,sessions
test_6month_sac_pred_noise_3b_143,3067.134929639671,9929.387430399998,889.2877424740021,5972.964758286325,df_elaad_preproc_l6months.csv
