name,transf,client,payoff,total
train_month_sac_gen_I_o_355,2131.1375187178355,4306.918592,422.3108412815719,1753.4702320005927
