name,transf,client,payoff,total,sessions
test_6month_sac_gen_e_226,2735.011941689638,9929.387430399998,886.8210602299855,6307.554428480375,df_elaad_preproc_l6months.csv
