name,transf,client,payoff,total,sessions
test_6month_sac_pred_noise_5b_181,3124.828764246734,9929.387430399998,881.6875054342313,5922.871160719033,df_elaad_preproc_l6months.csv
