name,transf,client,payoff,total
val_month_sac_gen_I_i_202,656.8420797529009,1488.30912,159.56135988924024,671.9056803578587
