name,transf,client,payoff,total
train_month_sac_gen_I_g_290,2484.9040435977668,4306.918592,422.3108412815719,1399.7037071206614
