name,transf,client,payoff,total
val_month_sac_gen_J_w_414,545.210186116784,1488.30912,155.96206259448996,787.1368712887258
