name,transf,client,payoff,total,sessions
test_6month_sac_pred_noise_5e_41,5316.0788121431615,9929.387430399998,881.6875054342313,3731.6211128226055,df_elaad_preproc_l6months.csv
