name,transf,client,payoff,total,sessions
test_6month_sac_pred_noise_2e_191,5223.5141147281465,9929.387430399998,897.4875555656347,3808.3857601062173,df_elaad_preproc_l6months.csv
