name,transf,client,payoff,total,sessions
test_6month_sac_pred_noise_2e_102,5321.813107760976,9929.387430399998,897.4875555656347,3710.086767073388,df_elaad_preproc_l6months.csv
