name,transf,client,payoff,total
val_month_sac_gen_I_b_216,626.9391467044654,1488.30912,159.56135988924024,701.8086134062942
