name,transf,client,payoff,total
val_month_sac_gen_J_m_188,619.4487806473603,1488.30912,159.56135988924024,709.2989794633993
