name,transf,client,payoff,total,sessions
test_6month_sac_pred_noise_4d_224,4566.361008550473,9929.387430399998,891.2211003728393,4471.805321476686,df_elaad_preproc_l6months.csv
