name,transf,client,payoff,total,sessions
test_6month_sac_gen_1n_185,2817.8773541758646,9929.387430399998,886.8210602299855,6224.689015994149,df_elaad_preproc_l6months.csv
