name,transf,client,payoff,total
month_sac_IX_c,969.7393841514104,1469.5622144,137.08126400645415,362.7415662421354
