name,transf,client,payoff,total,sessions
test_6month_sac_gen_j_69,3108.617909692136,9929.387430399998,886.8210602299855,5933.948460477877,df_elaad_preproc_l6months.csv
