name,transf,client,payoff,total
train_month_sac_gen_J_q_308,2031.3950090709443,4306.918592,422.3108412815719,1853.212741647484
