name,transf,client,payoff,total
test_month_sac_gen_J_j_202,646.1413422009159,1468.334912,149.17516390639216,673.0184058926919
