name,transf,client,payoff,total,sessions
test_6month_sac_pred_noise_4e_55,5256.700300879204,9929.387430399998,891.2211003728393,3781.4660291479545,df_elaad_preproc_l6months.csv
