name,transf,client,payoff,total
val_month_sac_gen_J_v_238,605.4485055487439,1488.30912,155.96206259448996,726.8985518567661
