name,transf,client,payoff,total
test_month_sac_gen_I_y_22,729.6441382178667,1468.334912,149.17516390639216,589.5156098757411
