name,transf,client,payoff,total
train_month_sac_gen_J_a_236,2005.5158267065115,4306.918592,422.3108412815719,1879.0919240119165
