name,transf,client,payoff,total
val_month_sac_gen_I_a_238,661.2339139824493,1488.30912,159.56135988924024,667.5138461283104
