name,transf,client,payoff,total
test_month_sac_gen_J_a_452,681.6356175848994,1468.334912,149.17516390639216,637.5241305087085
