name,transf,client,payoff,total
test_month_sac_gen_I_y_431,682.9510304533767,1468.334912,149.17516390639216,636.2087176402312
