name,transf,client,payoff,total
test_month_sac_gen_J_f_443,655.4829420771532,1468.334912,149.17516390639216,663.6768060164546
