name,transf,client,payoff,total
val_month_sac_gen_I_v_165,661.634431153348,1488.30912,159.56135988924024,667.1133289574116
