name,transf,client,payoff,total
train_month_sac_gen_I_v_94,92.81875648537579,4306.918592,421.70971711650003,3792.390118398124
