name,transf,client,payoff,total
train_month_sac_gen_I_x_386,-7389.364395080309,4306.918592,421.37738775662854,11274.90559932368
