name,transf,client,payoff,total
test_month_sac_gen_I_y_327,681.0434621773322,1468.334912,149.17516390639216,638.1162859162756
