name,transf,client,payoff,total
test_month_sac_gen_I_j_485,720.3882779929016,1468.334912,149.17516390639216,598.7714701007062
