name,transf,client,payoff,total
train_month_sac_gen_I_p_131,2225.6491649837003,4306.918592,422.3108412815719,1658.9585857347279
