name,transf,client,payoff,total,sessions
test_6month_sac_pred_noise_4c_295,3718.5390156299773,9929.387430399998,891.2211003728393,5319.627314397182,df_elaad_preproc_l6months.csv
