name,transf,client,payoff,total
val_month_sac_gen_J_n_213,616.2180476437403,1488.30912,159.56135988924024,712.5297124670194
