name,transf,client,payoff,total,sessions
test_6month_sac_gen_3m_80,3042.4597301194317,9929.387430399998,886.8210602299855,6000.106640050581,df_elaad_preproc_l6months.csv
