name,transf,client,payoff,total
test_month_sac_gen_I_e_266,634.8710011533566,1468.334912,148.50825484764397,684.9556559989994
