name,transf,client,payoff,total,sessions
test_6month_sac_gen_g_128,2982.685660488094,9929.387430399998,886.8210602299855,6059.880709681918,df_elaad_preproc_l6months.csv
