name,transf,client,payoff,total
val_month_sac_gen_I_f_152,674.8313748507564,1488.30912,158.8282254603323,654.6495196889111
