name,transf,client,payoff,total
test_month_sac_gen_I_c_442,669.2968325178925,1468.334912,149.17516390639216,649.8629155757153
