name,transf,client,payoff,total
test_month_sac_gen_I_b_486,707.5414100318629,1468.334912,149.17516390639216,611.6183380617449
