name,transf,client,payoff,total
train_month_sac_b_37,1527.7947386747023,2289.492687923877,157.2012507240518,604.4966985251228
