name,transf,client,payoff,total,sessions
test_6month_sac_pred_noise_5c_170,3531.0195417273712,9929.387430399998,881.6875054342313,5516.680383238396,df_elaad_preproc_l6months.csv
