name,transf,client,payoff,total
test_sac_c_17,7310.399965829889,18301.238246399997,1736.5228628156017,9254.315417754506
