name,transf,client,payoff,total
val_month_sac_gen_I_h_122,653.2101823653833,1488.30912,159.56135988924024,675.5375777453764
