name,transf,client,payoff,total
val_month_sac_c_37,2038.2214417629673,2277.450960542104,145.3079860330326,93.9215327461041
