name,transf,client,payoff,total
test_month_sac_gen_J_k_460,618.4480507257107,1468.334912,149.17516390639216,700.7116973678972
