name,transf,client,payoff,total
test_month_sac_gen_I_u_162,684.4892576815207,1468.334912,149.17516390639216,634.6704904120871
