name,transf,client,payoff,total,sessions
test_6month_sac_gen_2n_101,3106.61408553373,9929.387430399998,886.8210602299855,5935.952284636283,df_elaad_preproc_l6months.csv
