name,transf,client,payoff,total
val_month_sac_gen_c_7,627.8619059458638,1349.0472576000002,118.32161810264896,602.8637335514875
