name,transf,client,payoff,total
test_month_sac_gen_J_l_459,649.1539393010689,1468.334912,149.17516390639216,670.0058087925389
