name,transf,client,payoff,total
val_month_sac_gen_I_e_241,605.5427545871216,1488.30912,155.96206259448996,726.8043028183884
