name,transf,client,payoff,total,sessions
test_6month_sac_gen_b_9,3895.7950906577416,9929.387430399998,886.8210602299855,5146.771279512272,df_elaad_preproc_l6months.csv
