name,transf,client,payoff,total,sessions
test_6month_sac_pred_noise_3e_168,5053.108883049605,9929.387430399998,889.2877424740021,3986.9908048763914,df_elaad_preproc_l6months.csv
