name,transf,client,payoff,total
test_month_sac_gen_I_n_158,668.7875179157377,1468.334912,149.17516390639216,650.3722301778702
