name,transf,client,payoff,total,sessions
test_6month_sac_pred_noise_2b_170,2998.6941263609024,9929.387430399998,897.4875555656347,6033.205748473461,df_elaad_preproc_l6months.csv
