name,transf,client,payoff,total
val_month_sac_gen_J_z_16,755.0013823578183,1488.30912,155.96206259448996,577.3456750476917
