name,transf,client,payoff,total
test_month_sac_gen_J_w_185,593.5339438739802,1468.334912,148.50825484764397,726.2927132783759
