name,transf,client,payoff,total,sessions
test_6month_sac_pred_noise_3b_142,3090.2207296349566,9929.387430399998,889.2877424740021,5949.878958291039,df_elaad_preproc_l6months.csv
