name,transf,client,payoff,total
test_month_sac_gen_J_d_110,721.3109123225836,1468.334912,149.17516390639216,597.8488357710243
