name,transf,client,payoff,total,sessions
test_6month_sac_gen_5l_72,3090.2633302517324,9929.387430399998,886.8210602299855,5952.303039918281,df_elaad_preproc_l6months.csv
