name,transf,client,payoff,total
train_month_sac_gen_J_z_197,618.814681718808,1488.30912,160.2282613758956,709.2661769052963
