name,transf,client,payoff,total
train_month_sac_gen_I_n_168,1927.443328842879,4306.918592,422.3108412815719,1957.1644218755491
