name,transf,client,payoff,total
test_month_sac_gen_I_b_109,708.6198087526369,1468.334912,149.17516390639216,610.5399393409709
