name,transf,client,payoff,total
test_month_sac_gen_J_e_405,681.7637911412785,1468.334912,149.17516390639216,637.3959569523294
