name,transf,client,payoff,total
test_month_sac_gen_J_w_227,589.6357858762832,1468.334912,148.50825484764397,730.1908712760728
