name,transf,client,payoff,total,sessions
test_6month_sac_gen_1m_76,3188.432228952924,9929.387430399998,886.8210602299855,5854.134141217088,df_elaad_preproc_l6months.csv
