name,transf,client,payoff,total,sessions
test_6month_sac_gen_2m_2,5728.777321941194,9929.387430399998,886.8210602299855,3313.789048228819,df_elaad_preproc_l6months.csv
