name,transf,client,payoff,total
train_month_sac_gen_J_d_22,2211.6807588247884,4306.918592,422.3108412815719,1672.9269918936398
