name,transf,client,payoff,total
val_month_sac_gen_J_x_193,698.8811638568593,1488.30912,159.56135988924024,629.8665962539003
