name,transf,client,payoff,total
test_month_sac_gen_G_a_87,662.3639879445283,1468.334912,148.50825484764397,657.4626692078277
