name,transf,client,payoff,total
val_month_sac_gen_I_s_170,659.2607188519278,1488.30912,159.56135988924024,669.4870412588318
