name,transf,client,payoff,total
train_month_sac_gen_I_e_122,2099.803448528386,4306.918592,417.9096673275943,1789.2054761440195
