name,transf,client,payoff,total,sessions
test_6month_sac_gen_2o_133,2871.6333961329788,9929.387430399998,886.8210602299855,6170.932974037034,df_elaad_preproc_l6months.csv
