name,transf,client,payoff,total,sessions
test_6month_sac_gen_2m_163,2973.7051627740266,9929.387430399998,886.8210602299855,6068.861207395987,df_elaad_preproc_l6months.csv
