name,transf,client,payoff,total
val_month_sac_gen_I_p_82,728.9106117723207,1488.30912,159.56135988924024,599.837148338439
