name,transf,client,payoff,total
val_month_sac_gen_J_q_154,657.444842871242,1488.30912,159.56135988924024,671.3029172395177
