name,transf,client,payoff,total
val_month_sac_gen_a_48,848.9178453322425,1349.0472576000002,118.32161810264896,381.8077941651088
