name,transf,client,payoff,total,sessions
test_6month_sac_gen_g_284,2960.050742049775,9929.387430399998,886.8210602299855,6082.515628120238,df_elaad_preproc_l6months.csv
