name,transf,client,payoff,total,sessions
train_month_sac_pred_noise_d_248,697.3105342615147,1349.0472576000002,121.32141331439661,530.4153100240889,df_elaad_preproc_feb.csv
