name,transf,client,payoff,total
test_month_sac_gen_J_a_251,693.4821680924667,1468.334912,149.17516390639216,625.6775800011411
