name,transf,client,payoff,total
test_month_sac_gen_J_m_167,686.6763199168,1468.334912,149.17516390639216,632.4834281768078
