name,transf,client,payoff,total
train_month_sac_gen_I_e_190,2069.9786808436033,4306.918592,417.9096673275943,1819.0302438288022
