name,transf,client,payoff,total
test_month_sac_gen_I_p_168,767.1608606418273,1468.334912,149.17516390639216,551.9988874517805
