name,transf,client,payoff,total
train_month_sac_gen_I_p_441,2174.0014890472826,4306.918592,422.3108412815719,1710.6062616711456
