name,transf,client,payoff,total
val_month_sac_gen_J_n_468,577.8986708952344,1488.30912,159.56135988924024,750.8490892155253
