name,transf,client,payoff,total
train_month_sac_gen_I_z_256,384.64676932970764,4306.918592,419.5104613878593,3502.761361282433
