name,transf,client,payoff,total
train_month_sac_gen_J_y_37,1028.4135363474625,1469.5622144,142.36137525510256,298.7873027974349
