name,transf,client,payoff,total
val_month_sac_gen_I_r_149,610.9038670756793,1488.30912,159.56135988924024,717.8438930350803
