name,transf,client,payoff,total
val_month_sac_gen_I_z_462,702.4590588695457,1488.30912,159.56135988924024,626.2887012412139
