name,transf,client,payoff,total,sessions
test_6month_sac_gen_2l_189,2896.084863165205,9929.387430399998,886.8210602299855,6146.481507004808,df_elaad_preproc_l6months.csv
