name,transf,client,payoff,total
val_month_sac_gen_J_s_286,545.4979779593837,1488.30912,155.96206259448996,786.8490794461263
