name,transf,client,payoff,total
test_month_sac_gen_J_f_239,664.4250375199631,1468.334912,149.17516390639216,654.7347105736447
