name,transf,client,payoff,total
test_month_sac_gen_J_n_474,636.1254548065403,1468.334912,149.17516390639216,683.0342932870675
