name,transf,client,payoff,total,sessions
test_6month_sac_gen_1m_76,3014.635078672327,9929.387430399998,893.2217503396156,6021.530601388055,df_elaad_preproc_l6months.csv
