name,transf,client,payoff,total
train_month_sac_gen_I_j_365,2018.6566552877043,4306.918592,422.3108412815719,1865.9510954307239
