name,transf,client,payoff,total
val_month_sac_gen_I_l_41,695.8530268167692,1488.30912,159.56135988924024,632.8947332939904
