name,transf,client,payoff,total
val_month_sac_gen_I_s_64,692.89180124246,1488.30912,159.56135988924024,635.8559588682997
