name,transf,client,payoff,total
test_month_sac_gen_I_r_237,642.6744538794983,1468.334912,149.17516390639216,676.4852942141096
