name,transf,client,payoff,total
train_month_sac_gen_d_7,1151.2231382655916,1469.5622144,137.1613975975868,181.17767853682147
