name,transf,client,payoff,total
test_month_sac_gen_J_n_429,619.740356351248,1468.334912,149.17516390639216,699.4193917423598
