name,transf,client,payoff,total
month_sac_IX_b,1068.9564422904148,1469.5622144,141.28153719695382,259.3242349126313
