name,transf,client,payoff,total
test_month_sac_gen_I_y_271,679.6734896519373,1468.334912,149.17516390639216,639.4862584416705
