name,transf,client,payoff,total
val_month_sac_gen_J_q_448,632.6561772916973,1488.30912,159.56135988924024,696.0915828190623
