name,transf,client,payoff,total,sessions
test_6month_sac_gen_2o_73,3011.7234984209617,9929.387430399998,886.8210602299855,6030.8428717490515,df_elaad_preproc_l6months.csv
