name,transf,client,payoff,total,sessions
test_6month_sac_gen_3m_119,2944.212604562068,9929.387430399998,886.8210602299855,6098.353765607944,df_elaad_preproc_l6months.csv
