name,transf,client,payoff,total,sessions
test_6month_sac_pred_noise_3a_128,2848.0178955291567,9929.387430399998,889.2877424740021,6192.08179239684,df_elaad_preproc_l6months.csv
