name,transf,client,payoff,total,sessions
test_6month_sac_gen_i_163,2755.2308011250916,9929.387430399998,886.8210602299855,6287.335569044921,df_elaad_preproc_l6months.csv
