name,transf,client,payoff,total
train_month_sac_gen_J_e_485,2023.8502568305776,4306.918592,422.3108412815719,1860.7574938878506
