name,transf,client,payoff,total
train_month_sac_gen_J_r_235,2019.7668160577869,4306.918592,422.3108412815719,1864.8409346606413
