name,transf,client,payoff,total
test_month_sac_gen_I_z_229,737.1858869385183,1468.334912,149.17516390639216,581.9738611550896
