name,transf,client,payoff,total
train_month_sac_gen_J_j_181,1880.7471814963583,4306.918592,422.3108412815719,2003.86056922207
