name,transf,client,payoff,total
train_month_sac_gen_a_70,1006.047118996338,1469.5622144,138.5610864331635,324.9540089704984
