name,transf,client,payoff,total
val_month_sac_gen_I_x_463,699.3074674245444,1488.30912,159.56135988924024,629.4402926862153
