name,transf,client,payoff,total,sessions
test_6month_sac_gen_5m_115,2841.698762252723,9929.387430399998,881.6875054342313,6206.001162713044,df_elaad_preproc_l6months.csv
