name,transf,client,payoff,total,sessions
test_6month_sac_pred_noise_5d_180,4568.378931316842,9929.387430399998,881.6875054342313,4479.320993648926,df_elaad_preproc_l6months.csv
