name,transf,client,payoff,total
val_month_sac_gen_G_a_106,623.4600178218257,1488.30912,155.96206259448996,708.8870395836843
