name,transf,client,payoff,total
train_month_sac_gen_I_v_242,80.53226740957467,4306.918592,420.4438324377625,3805.9424921526625
