name,transf,client,payoff,total
val_month_sac_gen_J_y_295,588.943286608667,1488.30912,155.96206259448996,743.403770796843
