name,transf,client,payoff,total
train_month_sac_gen_I_k_211,2032.157739066603,4306.918592,422.3108412815719,1852.4500116518252
