name,transf,client,payoff,total
test_month_sac_gen_J_t_309,642.2683469543249,1468.334912,148.50825484764397,677.5583101980312
