name,transf,client,payoff,total
test_month_sac_gen_I_a_192,705.6114778514532,1468.334912,149.17516390639216,613.5482702421547
