name,transf,client,payoff,total
test_month_sac_gen_I_q_482,784.7615253730836,1468.334912,149.17516390639216,534.3982227205242
