name,transf,client,payoff,total
val_month_sac_gen_I_d_315,628.7894249693521,1488.30912,159.56135988924024,699.9583351414076
