name,transf,client,payoff,total
train_month_sac_gen_J_x_90,704.6538563636802,1488.30912,158.62811850635504,625.0271451299647
