name,transf,client,payoff,total
val_month_sac_gen_J_n_72,676.5680380698977,1488.30912,159.56135988924024,652.1797220408619
