name,transf,client,payoff,total
test_month_sac_gen_I_c_384,674.0382412332162,1468.334912,149.17516390639216,645.1215068603916
