name,transf,client,payoff,total
val_month_sac_gen_e_48,604.9660782804922,1349.0472576000002,118.32161810264896,625.7595612168591
