name,transf,client,payoff,total
train_month_sac_gen_J_k_305,1788.9327713306468,4306.918592,422.3108412815719,2095.6749793877816
