name,transf,client,payoff,total
test_month_sac_gen_I_v_407,686.9166873546119,1468.334912,149.17516390639216,632.243060738996
