name,transf,client,payoff,total,sessions
test_6month_sac_pred_noise_5a_195,2826.281668316525,9929.387430399998,881.6875054342313,6221.418256649242,df_elaad_preproc_l6months.csv
