name,transf,client,payoff,total
val_month_sac_gen_I_l_263,645.1745523541945,1488.30912,159.56135988924024,683.5732077565651
