name,transf,client,payoff,total
train_month_sac_gen_I_i_376,2054.2221213902994,4306.918592,422.3108412815719,1830.3856293281287
