name,transf,client,payoff,total,sessions
test_6month_sac_gen_e_99,2943.365687305836,9929.387430399998,886.8210602299855,6099.200682864177,df_elaad_preproc_l6months.csv
