name,transf,client,payoff,total,sessions
test_6month_sac_gen_3m_192,2789.540926263342,9929.387430399998,889.2877424740021,6250.558761662654,df_elaad_preproc_l6months.csv
