name,transf,client,payoff,total
val_month_sac_gen_I_y_154,665.7931285524744,1488.30912,159.56135988924024,662.9546315582852
