name,transf,client,payoff,total
val_month_sac_gen_I_v_34,696.1872062379441,1488.30912,159.56135988924024,632.5605538728155
