name,transf,client,payoff,total
train_month_sac_gen_I_n_75,1980.2673215422146,4306.918592,422.3108412815719,1904.3404291762135
