name,transf,client,payoff,total
val_month_sac_gen_J_x_62,730.4218636617752,1488.30912,159.56135988924024,598.3258964489844
