name,transf,client,payoff,total,sessions
test_6month_sac_pred_noise_1a_129,2898.4588821386756,9929.387430399998,893.2217503396156,6137.706797921707,df_elaad_preproc_l6months.csv
