name,transf,client,payoff,total
test_month_sac_gen_c_51,740.1805526398741,1488.30912,159.56135988924024,588.5672074708855
