name,transf,client,payoff,total
test_month_sac_gen_J_k_260,623.9666080734588,1468.334912,149.17516390639216,695.193140020149
