name,transf,client,payoff,total,sessions
test_6month_sac_gen_k_111,2897.838571798767,9929.387430399998,886.8210602299855,6144.727798371245,df_elaad_preproc_l6months.csv
