name,transf,client,payoff,total
val_month_sac_gen_I_d_26,680.761198694464,1488.30912,159.56135988924024,647.9865614162957
