name,transf,client,payoff,total
test_month_sac_gen_I_a_424,692.5172702008049,1468.334912,149.17516390639216,626.642477892803
