name,transf,client,payoff,total
val_month_sac_gen_J_w_233,562.1724896378709,1488.30912,155.96206259448996,770.174567767639
