name,transf,client,payoff,total
test_month_sac_gen_I_n_155,669.1497545257096,1468.334912,149.17516390639216,650.0099935678983
