name,transf,client,payoff,total
test_month_sac_gen_I_c_393,667.0289376191487,1468.334912,149.17516390639216,652.1308104744592
