name,transf,client,payoff,total
train_month_sac_gen_I_q_146,2286.682774119158,4306.918592,422.3108412815719,1597.9249765992704
