name,transf,client,payoff,total
test_month_sac_gen_I_d_427,663.8903419470685,1468.334912,149.17516390639216,655.2694061465394
