name,transf,client,payoff,total
train_month_sac_gen_I_i_273,2061.6438783444983,4306.918592,422.3108412815719,1822.96387237393
