name,transf,client,payoff,total,sessions
test_6month_sac_gen_2m_184,2730.4364597843614,9929.387430399998,897.4875555656347,6301.463415050002,df_elaad_preproc_l6months.csv
