name,transf,client,payoff,total,sessions
test_6month_sac_gen_3m_57,2991.147108389916,9929.387430399998,886.8210602299855,6051.419261780096,df_elaad_preproc_l6months.csv
