name,transf,client,payoff,total
test_month_sac_gen_I_t_282,705.1825534223481,1468.334912,149.17516390639216,613.9771946712598
