name,transf,client,payoff,total
test_month_sac_gen_J_v_478,620.7178720556522,1468.334912,148.50825484764397,699.108785096704
