name,transf,client,payoff,total,sessions
test_6month_sac_pred_noise_2c_83,3570.849607722406,9929.387430399998,897.4875555656347,5461.0502671119575,df_elaad_preproc_l6months.csv
