name,transf,client,payoff,total
test_month_sac_gen_I_a_249,699.0911884753476,1468.334912,149.17516390639216,620.0685596182602
