name,transf,client,payoff,total
month_sac_IX_c,924.3041124090296,1469.5622144,135.947849272825,409.3102527181453
