name,transf,client,payoff,total
val_month_sac_gen_G_b_222,602.4990698465085,1488.30912,159.09496226131247,726.7150878921789
