name,transf,client,payoff,total
test_month_sac_gen_I_d_342,667.0110697725893,1468.334912,149.17516390639216,652.1486783210186
