name,transf,client,payoff,total
train_month_sac_gen_I_h_448,1991.689914023128,4306.918592,422.3108412815719,1892.9178366953001
