name,transf,client,payoff,total
test_month_sac_gen_I_h_434,690.3919136590832,1468.334912,149.17516390639216,628.7678344345246
