name,transf,client,payoff,total
val_month_sac_gen_J_w_390,546.3508529129572,1488.30912,155.96206259448996,785.9962044925528
