name,transf,client,payoff,total
test_month_sac_gen_I_g_59,762.149063879724,1468.334912,149.17516390639216,557.0106842138838
