name,transf,client,payoff,total,sessions
test_6month_sac_pred_noise_5d_232,4539.050263809126,9929.387430399998,881.6875054342313,4508.649661156642,df_elaad_preproc_l6months.csv
