name,transf,client,payoff,total,sessions
test_6month_sac_gen_5m_122,2917.438242097731,9929.387430399998,886.8210602299855,6125.1281280722815,df_elaad_preproc_l6months.csv
