name,transf,client,payoff,total,sessions
test_6month_sac_pred_noise_3e_71,5201.807226903064,9929.387430399998,889.2877424740021,3838.2924610229325,df_elaad_preproc_l6months.csv
