name,transf,client,payoff,total
test_month_sac_gen_I_w_408,649.0834186747475,1468.334912,149.17516390639216,670.0763294188604
