name,transf,client,payoff,total
train_month_sac_gen_b_55,857.2613873096498,1469.5622144,142.094741946743,470.20608514360714
