name,transf,client,payoff,total,sessions
test_6month_sac_pred_noise_4a_34,3112.8076876842806,9929.387430399998,891.2211003728393,5925.358642342879,df_elaad_preproc_l6months.csv
