name,transf,client,payoff,total
test_month_sac_gen_I_f_170,756.8512546937785,1468.334912,147.8419170286109,563.6417402776106
