name,transf,client,payoff,total
val_month_sac_gen_I_t_338,678.0403446280247,1488.30912,159.56135988924024,650.7074154827349
