name,transf,client,payoff,total
val_month_sac_gen_J_y_257,613.9803177550492,1488.30912,155.96206259448996,718.3667396504607
