name,transf,client,payoff,total
val_month_sac_gen_I_x_175,713.7888297068715,1488.30912,159.56135988924024,614.9589304038882
