name,transf,client,payoff,total,sessions
train_month_sac_gen_G_e_248,493.7683143244949,1349.0472576000002,121.12082961341477,734.1581136620905,df_elaad_preproc_feb.csv
