name,transf,client,payoff,total
test_month_sac_gen_J_p_176,657.5197552980837,1468.334912,149.17516390639216,661.6399927955241
