name,transf,client,payoff,total
test_month_sac_gen_J_w_44,684.5753788768004,1468.334912,148.50825484764397,635.2512782755557
