name,transf,client,payoff,total
val_month_sac_gen_I_j_67,697.2207328442828,1488.30912,159.56135988924024,631.5270272664768
