name,transf,client,payoff,total
train_month_sac_gen_J_f_148,2028.0062205320753,4306.918592,422.3108412815719,1856.6015301863526
