name,transf,client,payoff,total
test_month_sac_gen_J_s_125,605.6982087301583,1468.334912,148.50825484764397,714.1284484221978
