name,transf,client,payoff,total
val_month_sac_gen_J_o_379,649.3184453605178,1488.30912,159.56135988924024,679.4293147502419
