name,transf,client,payoff,total,sessions
test_6month_sac_gen_3m_44,3039.1999859732005,9929.387430399998,889.2877424740021,6000.899701952796,df_elaad_preproc_l6months.csv
