name,transf,client,payoff,total,sessions
test_6month_sac_pred_noise_4a_161,2917.553712061341,9929.387430399998,891.2211003728393,6120.612617965819,df_elaad_preproc_l6months.csv
