name,transf,client,payoff,total,sessions
test_6month_sac_pred_noise_5d_89,4413.482781770278,9929.387430399998,881.6875054342313,4634.2171431954885,df_elaad_preproc_l6months.csv
