name,transf,client,payoff,total
val_month_sac_gen_I_l_29,703.5259128121012,1488.30912,159.56135988924024,625.2218472986585
