name,transf,client,payoff,total,sessions
test_6month_sac_pred_noise_4c_155,3602.420744208631,9929.387430399998,891.2211003728393,5435.7455858185285,df_elaad_preproc_l6months.csv
