name,transf,client,payoff,total,sessions
test_6month_sac_gen_1m_152,2877.0744224955793,9929.387430399998,893.2217503396156,6159.091257564803,df_elaad_preproc_l6months.csv
