name,transf,client,payoff,total
test_month_sac_gen_J_k_333,613.4824645708911,1468.334912,149.17516390639216,705.6772835227167
