name,transf,client,payoff,total
val_month_sac_gen_J_y_226,641.5341913495445,1488.30912,155.96206259448996,690.8128660559655
