name,transf,client,payoff,total
val_month_sac_gen_J_o_395,644.1769702455674,1488.30912,159.56135988924024,684.5707898651922
