name,transf,client,payoff,total
val_month_sac_gen_J_j_22,742.281894066027,1488.30912,159.56135988924024,586.4658660447326
