name,transf,client,payoff,total
val_month_sac_gen_J_m_448,585.3427100939265,1488.30912,159.56135988924024,743.4050500168332
