name,transf,client,payoff,total
test_month_sac_gen_J_f_215,673.95513108182,1468.334912,149.17516390639216,645.2046170117878
