name,transf,client,payoff,total
val_month_sac_gen_J_l_385,589.2402030649253,1488.30912,159.56135988924024,739.5075570458343
