name,transf,client,payoff,total
test_month_sac_gen_I_y_40,718.3641109601222,1468.334912,149.17516390639216,600.7956371334857
