name,transf,client,payoff,total
test_month_sac_gen_J_n_193,698.2593582408122,1468.334912,149.17516390639216,620.9003898527957
