name,transf,client,payoff,total
train_month_sac_gen_I_n_356,1892.5420408008292,4306.918592,422.3108412815719,1992.0657099175987
