name,transf,client,payoff,total,sessions
test_6month_sac_pred_noise_4c_205,3581.350859024463,9929.387430399998,891.2211003728393,5456.8154710026965,df_elaad_preproc_l6months.csv
