name,transf,client,payoff,total,sessions
test_6month_sac_gen_1l_99,2935.292362694381,9929.387430399998,886.8210602299855,6107.274007475631,df_elaad_preproc_l6months.csv
