name,transf,client,payoff,total
val_month_sac_gen_I_n_122,622.4289530043964,1488.30912,159.56135988924024,706.3188071063632
