name,transf,client,payoff,total
test_month_sac_gen_J_b_4,845.0981701493677,1468.334912,149.17516390639216,474.0615779442402
