name,transf,client,payoff,total
test_month_sac_gen_I_i_89,734.4753883301255,1468.334912,149.17516390639216,584.6843597634823
