name,transf,client,payoff,total
train_month_sac_gen_I_y_56,307.95897256443385,4306.918592,424.1106003101132,3574.849019125453
