name,transf,client,payoff,total
test_month_sac_gen_I_y_240,682.9688471106815,1468.334912,149.17516390639216,636.1909009829263
