name,transf,client,payoff,total,sessions
test_6month_sac_gen_4l_94,3037.5470194889494,9929.387430399998,886.8210602299855,6005.019350681063,df_elaad_preproc_l6months.csv
