name,transf,client,payoff,total
test_month_sac_gen_J_r_252,685.3922278047605,1468.334912,149.17516390639216,633.7675202888473
