name,transf,client,payoff,total
test_month_sac_gen_I_z_283,718.940565617813,1468.334912,149.17516390639216,600.2191824757948
