name,transf,client,payoff,total,sessions
6month_sac_disagg_4a_LD,2868.5652018292353,9929.387430399998,886.8210602299855,6174.001168340777,df_elaad_preproc_l6months.csv
