name,transf,client,payoff,total
train_month_sac_gen_I_h_389,1998.147849770849,4306.918592,422.3108412815719,1886.4599009475792
