name,transf,client,payoff,total
train_month_sac_gen_I_w_471,-7668.8982729333675,4306.918592,422.3108412815719,11553.506023651795
