name,transf,client,payoff,total
train_month_sac_gen_J_n_198,1883.5598095720427,4306.918592,422.3108412815719,2001.0479411463857
