name,transf,client,payoff,total
test_month_sac_gen_J_d_171,709.628264938791,1468.334912,149.17516390639216,609.5314831548169
