name,transf,client,payoff,total
train_month_sac_gen_J_w_268,1896.4732795167847,4306.918592,421.9772335702539,1988.4680789129613
