name,transf,client,payoff,total
val_month_sac_gen_I_o_243,700.042368862604,1488.30912,159.56135988924024,628.7053912481556
