name,transf,client,payoff,total,sessions
test_6month_sac_pred_noise_5d_107,4360.068427813781,9929.387430399998,881.6875054342313,4687.631497151986,df_elaad_preproc_l6months.csv
