name,transf,client,payoff,total
test_month_sac_gen_G_b_18,829.3837210640579,1468.334912,148.64140204911905,490.30978888682307
