name,transf,client,payoff,total
val_month_sac_gen_J_u_79,623.0390963379493,1488.30912,155.96206259448996,709.3079610675607
