name,transf,client,payoff,total
train_month_sac_gen_d_11,1052.9041338845636,1469.5622144,143.4278302362295,273.23025027920676
