name,transf,client,payoff,total
train_month_sac_gen_I_b_274,1980.9747886479024,4306.918592,422.3108412815719,1903.6329620705255
