name,transf,client,payoff,total
train_month_sac_gen_G_b_21,635.9403074943973,1349.0472576000002,117.45451769333668,595.6524324122662
