name,transf,client,payoff,total
test_month_sac_gen_I_x_130,758.4011563865673,1468.334912,149.17516390639216,560.7585917070405
