name,transf,client,payoff,total
train_month_sac_gen_J_b_255,2018.9582025446548,4306.918592,422.3108412815719,1865.6495481737734
