name,transf,client,payoff,total
test_month_sac_gen_I_n_31,684.1836398145084,1468.334912,149.17516390639216,634.9761082790994
