name,transf,client,payoff,total
test_month_sac_gen_J_u_190,616.6799714879938,1468.334912,148.50825484764397,703.1466856643622
