name,transf,client,payoff,total,sessions
test_6month_sac_pred_noise_5e_101,5058.179227810235,9929.387430399998,881.6875054342313,3989.520697155532,df_elaad_preproc_l6months.csv
