name,transf,client,payoff,total
train_month_sac_gen_J_i_141,2016.5916592600881,4306.918592,422.3108412815719,1868.0160914583403
