name,transf,client,payoff,total
train_month_sac_gen_G_b_124,556.0136614637463,1349.0472576000002,119.78765500579493,673.245941130459
