name,transf,client,payoff,total
test_month_sac_gen_J_t_388,635.3547779958858,1468.334912,148.50825484764397,684.4718791564703
