name,transf,client,payoff,total
train_month_sac_gen_I_g_273,2517.907077443332,4306.918592,422.3108412815719,1366.700673275096
