name,transf,client,payoff,total
train_month_sac_gen_J_s_424,1830.779801925702,4306.918592,416.3113037006006,2059.8274863736974
