name,transf,client,payoff,total
val_month_sac_gen_I_v_228,657.9698169408169,1488.30912,159.56135988924024,670.7779431699428
