name,transf,client,payoff,total
train_month_sac_gen_J_d_307,2027.129304130005,4306.918592,422.3108412815719,1857.4784465884231
