name,transf,client,payoff,total
train_month_sac_gen_J_b_271,2014.8005272475107,4306.918592,422.3108412815719,1869.8072234709175
