name,transf,client,payoff,total,sessions
test_6month_sac_pred_noise_4d_117,4519.394790939614,9929.387430399998,891.2211003728393,4518.7715390875455,df_elaad_preproc_l6months.csv
