name,transf,client,payoff,total
val_month_sac_gen_J_a_166,649.8984110654751,1488.30912,159.56135988924024,678.8493490452845
