name,transf,client,payoff,total
val_month_sac_gen_I_k_182,666.065184028882,1488.30912,159.56135988924024,662.6825760818776
