name,transf,client,payoff,total
test_month_sac_gen_I_z_345,716.9203949101973,1468.334912,149.17516390639216,602.2393531834106
