name,transf,client,payoff,total
test_month_sac_gen_J_n_295,674.6425369604754,1468.334912,149.17516390639216,644.5172111331325
