name,transf,client,payoff,total
test_month_sac_gen_I_l_361,694.868652380623,1468.334912,149.17516390639216,624.2910957129849
