name,transf,client,payoff,total,sessions
test_6month_sac_gen_1m_148,2969.2048221320074,9929.387430399998,893.2217503396156,6066.960857928375,df_elaad_preproc_l6months.csv
