name,transf,client,payoff,total
test_month_sac_gen_J_r_161,693.9670973013838,1468.334912,149.17516390639216,625.1926507922241
