name,transf,client,payoff,total
train_month_sac_gen_J_u_41,2143.803863276553,4306.918592,420.3113116804318,1742.8034170430153
