name,transf,client,payoff,total
test_month_sac_gen_J_w_174,600.5819450127237,1468.334912,148.50825484764397,719.2447121396324
