name,transf,client,payoff,total
train_month_sac_gen_J_y_217,952.6740588259086,1469.5622144,138.82843864807631,378.059716926015
