name,transf,client,payoff,total
train_month_sac_gen_J_n_286,1833.1665309483085,4306.918592,422.3108412815719,2051.4412197701195
