name,transf,client,payoff,total,sessions
test_6month_sac_gen_h_7,3904.906353991274,9929.387430399998,886.8210602299855,5137.660016178739,df_elaad_preproc_l6months.csv
