name,transf,client,payoff,total,sessions
test_6month_sac_gen_j_236,2950.733950329407,9929.387430399998,886.8210602299855,6091.832419840606,df_elaad_preproc_l6months.csv
