name,transf,client,payoff,total
test_month_sac_gen_d_19,769.1724003847653,1488.30912,159.56135988924024,559.5753597259943
