name,transf,client,payoff,total
val_month_sac_gen_J_f_38,691.6758241875381,1488.30912,159.56135988924024,637.0719359232216
