name,transf,client,payoff,total
val_month_sac_gen_J_y_201,648.8329462211761,1488.30912,155.96206259448996,683.5141111843338
