name,transf,client,payoff,total
val_month_sac_gen_I_b_289,626.6597084596001,1488.30912,159.56135988924024,702.0880516511595
