name,transf,client,payoff,total
train_month_sac_gen_I_a_221,2037.2883204620166,4306.918592,422.3108412815719,1847.3194302564116
