name,transf,client,payoff,total
val_month_sac_gen_I_n_163,610.0155471328369,1488.30912,159.56135988924024,718.7322129779227
