name,transf,client,payoff,total
train_month_sac_gen_I_i_393,2053.3386993339695,4306.918592,422.3108412815719,1831.2690513844586
