name,transf,client,payoff,total,sessions
6month_sac_disagg_3m_MD,3139.4587766589148,9929.387430399998,886.8210602299855,5903.1075935110985,df_elaad_preproc_l6months.csv
