name,transf,client,payoff,total
train_month_sac_gen_I_s_13,2031.5740984320487,4306.918592,422.3108412815719,1853.0336522863795
