name,transf,client,payoff,total
test_month_sac_gen_I_p_278,762.818159982439,1468.334912,149.17516390639216,556.3415881111688
