name,transf,client,payoff,total
val_month_sac_gen_J_q_51,685.9622232155543,1488.30912,159.56135988924024,642.7855368952053
