name,transf,client,payoff,total
test_month_sac_gen_I_k_75,744.8045749561725,1468.334912,149.17516390639216,574.3551731374354
