name,transf,client,payoff,total
train_month_sac_c_395,1050.9280541964642,2289.492687923877,157.2012507240518,1081.363383003361
