name,transf,client,payoff,total
train_month_sac_gen_J_u_275,1897.855197432125,4306.918592,416.91082389217837,1992.1525706756968
