name,transf,client,payoff,total
test_month_sac_gen_I_e_221,630.8489844256683,1468.334912,148.50825484764397,688.9776727266878
