name,transf,client,payoff,total,sessions
test_6month_sac_gen_3m_147,2871.845109897968,9929.387430399998,886.8210602299855,6170.721260272045,df_elaad_preproc_l6months.csv
