name,transf,client,payoff,total
val_month_sac_gen_J_r_43,679.2937729947412,1488.30912,159.56135988924024,649.4539871160184
