name,transf,client,payoff,total
test_month_sac_gen_I_t_35,726.7392814914707,1468.334912,149.17516390639216,592.4204666021371
