name,transf,client,payoff,total
test_month_sac_gen_J_m_31,725.1827809518185,1468.334912,149.17516390639216,593.9769671417894
