name,transf,client,payoff,total
val_month_sac_gen_I_g_421,798.153341881198,1488.30912,159.56135988924024,530.5944182295616
