name,transf,client,payoff,total
val_month_sac_gen_J_m_106,620.3990431164943,1488.30912,159.56135988924024,708.3487169942653
