name,transf,client,payoff,total
train_month_sac_gen_I_z_467,425.0848931728246,4306.918592,418.84445852238747,3462.989240304788
