name,transf,client,payoff,total
val_month_sac_gen_I_x_89,733.3787888653766,1488.30912,159.56135988924024,595.3689712453831
