name,transf,client,payoff,total
train_month_sac_gen_I_w_59,-7328.284660475267,4306.918592,422.3108412815719,11212.892411193694
