name,transf,client,payoff,total
train_month_sac_gen_J_r_325,2002.3013570413384,4306.918592,422.3108412815719,1882.3063936770895
