name,transf,client,payoff,total
train_month_sac_gen_I_y_495,-25.366961027263557,4306.918592,418.11014248789365,3914.17541053937
