name,transf,client,payoff,total,sessions
test_6month_sac_pred_noise_4d_115,4605.261081364569,9929.387430399998,891.2211003728393,4432.905248662591,df_elaad_preproc_l6months.csv
