name,transf,client,payoff,total,sessions
test_6month_sac_gen_5m_74,2870.5024136113852,9929.387430399998,881.6875054342313,6177.197511354381,df_elaad_preproc_l6months.csv
