name,transf,client,payoff,total
train_month_sac_gen_c_74,-1999.262196390456,1469.5622144,140.09460258221648,3328.7298082082393
