name,transf,client,payoff,total,sessions
test_6month_sac_pred_noise_2e_117,5176.126806090913,9929.387430399998,897.4875555656347,3855.7730687434505,df_elaad_preproc_l6months.csv
