name,transf,client,payoff,total
train_month_sac_gen_I_z_495,382.83784159757556,4306.918592,418.0432575295838,3506.0374928728406
