name,transf,client,payoff,total
val_month_sac_gen_J_h_245,670.7906240853193,1488.30912,159.56135988924024,657.9571360254404
