name,transf,client,payoff,total
train_month_sac_gen_J_b_376,2001.7969656199111,4306.918592,422.3108412815719,1882.810785098517
