name,transf,client,payoff,total
test_month_sac_gen_J_c_353,681.3449900132234,1468.334912,149.17516390639216,637.8147580803844
