name,transf,client,payoff,total
train_month_sac_gen_I_v_74,-38.58254036459837,4306.918592,419.84382946365963,3925.6573029009387
