name,transf,client,payoff,total,sessions
6month_sac_disagg_4e_LD,5034.721274281523,9929.387430399998,891.2211003728393,4003.445055745636,df_elaad_preproc_l6months.csv
