name,transf,client,payoff,total,sessions
test_6month_sac_gen_f_32,3250.4662564220407,9929.387430399998,886.8210602299855,5792.1001137479725,df_elaad_preproc_l6months.csv
