name,transf,client,payoff,total
val_month_sac_gen_I_y_11,725.9213554937598,1488.30912,159.56135988924024,602.8264046169998
