name,transf,client,payoff,total
test_month_sac_gen_J_m_348,669.3099177111642,1468.334912,149.17516390639216,649.8498303824437
