name,transf,client,payoff,total
train_month_sac_gen_J_e_154,2043.8079527855086,4306.918592,422.3108412815719,1840.7997979329193
