name,transf,client,payoff,total,sessions
test_6month_sac_gen_1l_27,3311.8344363902606,9929.387430399998,886.8210602299855,5730.731933779753,df_elaad_preproc_l6months.csv
