name,transf,client,payoff,total
train_month_sac_gen_I_g_491,2571.023651214618,4306.918592,422.3108412815719,1313.5840995038102
