name,transf,client,payoff,total
train_month_sac_gen_I_f_162,2117.387382778673,4306.918592,421.11038371791597,1768.4208255034112
