name,transf,client,payoff,total
val_month_sac_gen_I_z_222,706.5374738682785,1488.30912,159.56135988924024,622.2102862424811
