name,transf,client,payoff,total
test_month_sac_gen_I_m_37,694.9446301999737,1468.334912,149.17516390639216,624.2151178936341
