name,transf,client,payoff,total
test_month_sac_gen_I_o_178,747.035852059767,1468.334912,149.17516390639216,572.1238960338409
