name,transf,client,payoff,total
test_month_sac_gen_J_p_263,652.986393717691,1468.334912,149.17516390639216,666.1733543759168
