name,transf,client,payoff,total
val_month_sac_gen_J_o_439,643.6993568079558,1488.30912,159.56135988924024,685.0484033028038
