name,transf,client,payoff,total,sessions
test_6month_sac_gen_1m_139,2920.0778027542606,9929.387430399998,893.2217503396156,6116.087877306122,df_elaad_preproc_l6months.csv
