name,transf,client,payoff,total
test_month_sac_gen_J_j_440,631.4601997308419,1468.334912,149.17516390639216,687.699548362766
