name,transf,client,payoff,total
test_month_sac_gen_I_x_226,754.1352465142752,1468.334912,149.17516390639216,565.0245015793327
