name,transf,client,payoff,total
val_month_sac_gen_J_t_28,684.3253790524227,1488.30912,155.96206259448996,648.0216783530873
