name,transf,client,payoff,total,sessions
test_6month_sac_gen_4m_53,3005.173858107631,9929.387430399998,891.2211003728393,6032.992471919528,df_elaad_preproc_l6months.csv
