name,transf,client,payoff,total
test_month_sac_gen_I_i_84,731.290698408921,1468.334912,149.17516390639216,587.8690496846868
