name,transf,client,payoff,total
train_month_sac_gen_J_n_486,1783.1564756771497,4306.918592,422.3108412815719,2101.4512750412787
