name,transf,client,payoff,total
test_month_sac_gen_I_x_291,745.4166074693107,1468.334912,149.17516390639216,573.7431406242971
