name,transf,client,payoff,total
test_month_sac_gen_J_s_301,576.2292921390773,1468.334912,148.50825484764397,743.5973650132787
