name,transf,client,payoff,total
test_month_sac_gen_c_13,723.9554865447496,1488.30912,159.56135988924024,604.79227356601
