name,transf,client,payoff,total,sessions
test_6month_sac_pred_noise_1b_197,3037.862346280073,9929.387430399998,893.2217503396156,5998.303333780309,df_elaad_preproc_l6months.csv
