name,transf,client,payoff,total,sessions
test_6month_sac_gen_3m_74,2927.939100790428,9929.387430399998,886.8210602299855,6114.627269379585,df_elaad_preproc_l6months.csv
