name,transf,client,payoff,total,sessions
test_6month_sac_gen_2m_29,3589.593959158878,9929.387430399998,886.8210602299855,5452.972411011135,df_elaad_preproc_l6months.csv
