name,transf,client,payoff,total
train_month_sac_gen_J_q_178,2059.0552384907583,4306.918592,422.3108412815719,1825.55251222767
