name,transf,client,payoff,total,sessions
test_6month_sac_pred_noise_5b_116,3118.095497502828,9929.387430399998,881.6875054342313,5929.6044274629385,df_elaad_preproc_l6months.csv
