name,transf,client,payoff,total
val_month_sac_gen_J_a_259,645.7307686296766,1488.30912,159.56135988924024,683.0169914810831
