name,transf,client,payoff,total
test_month_sac_gen_I_c_159,701.7882917197433,1468.334912,149.17516390639216,617.3714563738646
