name,transf,client,payoff,total
train_month_sac_gen_J_a_235,2001.0175392732908,4306.918592,422.3108412815719,1883.5902114451374
