name,transf,client,payoff,total,sessions
test_6month_sac_gen_3m_37,3442.8323049926094,9929.387430399998,886.8210602299855,5599.734065177403,df_elaad_preproc_l6months.csv
