name,transf,client,payoff,total
train_month_sac_gen_I_v_402,23.07104091418678,4306.918592,420.9102109696564,3862.937340116157
