name,transf,client,payoff,total,sessions
test_6month_sac_pred_noise_2c_156,3590.4141913014223,9929.387430399998,897.4875555656347,5441.485683532941,df_elaad_preproc_l6months.csv
