name,transf,client,payoff,total
val_month_sac_gen_J_z_74,657.7611354413116,1488.30912,155.96206259448996,674.5859219641984
