name,transf,client,payoff,total
test_month_sac_gen_I_y_392,676.2740651980687,1468.334912,149.17516390639216,642.8856828955392
