name,transf,client,payoff,total,sessions
test_6month_sac_gen_2l_152,2850.079917986806,9929.387430399998,886.8210602299855,6192.486452183206,df_elaad_preproc_l6months.csv
