name,transf,client,payoff,total
test_month_sac_gen_I_y_357,676.156138490826,1468.334912,149.17516390639216,643.0036096027818
