name,transf,client,payoff,total,sessions
test_6month_sac_pred_noise_2c_25,3794.5766964666873,9929.387430399998,897.4875555656347,5237.3231783676765,df_elaad_preproc_l6months.csv
