name,transf,client,payoff,total
train_month_sac_gen_I_k_471,2014.4097553999527,4306.918592,422.3108412815719,1870.1979953184755
