name,transf,client,payoff,total
train_month_sac_gen_c_71,-2863.1731307392643,1469.5622144,139.69490959548398,4193.04043554378
