name,transf,client,payoff,total
train_month_sac_gen_J_e_140,2051.117212829701,4306.918592,422.3108412815719,1833.490537888727
