name,transf,client,payoff,total
val_month_sac_gen_I_s_221,662.3593691323548,1488.30912,159.56135988924024,666.3883909784049
