name,transf,client,payoff,total,sessions
test_6month_sac_gen_3m_163,2920.4419531484527,9929.387430399998,886.8210602299855,6122.12441702156,df_elaad_preproc_l6months.csv
