name,transf,client,payoff,total
test_month_sac_gen_I_s_31,713.9259308481521,1468.334912,149.17516390639216,605.2338172454557
