name,transf,client,payoff,total,sessions
test_6month_sac_gen_1m_154,3017.202738511704,9929.387430399998,886.8210602299855,6025.363631658309,df_elaad_preproc_l6months.csv
