name,transf,client,payoff,total
train_month_sac_gen_I_u_475,-113.98151490723455,4306.918592,422.3108412815719,3998.589265625663
