name,transf,client,payoff,total
test_month_sac_gen_I_m_142,688.651416782676,1468.334912,149.17516390639216,630.5083313109318
