name,transf,client,payoff,total
test_month_sac_gen_J_b_1,875.2901206507247,1468.334912,149.17516390639216,443.86962744288314
