name,transf,client,payoff,total,sessions
test_6month_sac_pred_noise_2e_166,5226.763363179249,9929.387430399998,897.4875555656347,3805.136511655115,df_elaad_preproc_l6months.csv
