name,transf,client,payoff,total
train_month_sac_gen_I_c_305,2056.650566128231,4306.918592,422.3108412815719,1827.9571845901974
