name,transf,client,payoff,total
train_month_sac_gen_J_y_17,743.3732126365335,1488.30912,155.76153063981846,589.1743767236479
