name,transf,client,payoff,total
train_month_sac_gen_J_r_359,1997.098452324141,4306.918592,422.3108412815719,1887.5092983942873
