name,transf,client,payoff,total,sessions
test_6month_sac_gen_k_281,2911.081448008611,9929.387430399998,886.8210602299855,6131.484922161402,df_elaad_preproc_l6months.csv
