name,transf,client,payoff,total
test_month_sac_gen_I_v_145,676.0860022639545,1468.334912,149.17516390639216,643.0737458296534
