name,transf,client,payoff,total
train_month_sac_gen_I_y_280,0.2950536506176036,4306.918592,419.64414295604405,3886.979395393338
