name,transf,client,payoff,total,sessions
test_6month_sac_pred_noise_3e_176,5363.832986818519,9929.387430399998,889.2877424740021,3676.266701107477,df_elaad_preproc_l6months.csv
