name,transf,client,payoff,total
val_month_sac_gen_I_t_314,676.2039468346923,1488.30912,159.56135988924024,652.5438132760673
