name,transf,client,payoff,total
test_month_sac_gen_I_t_379,707.8821714523476,1468.334912,149.17516390639216,611.2775766412602
