name,transf,client,payoff,total
val_month_sac_gen_I_p_335,704.028587271143,1488.30912,159.56135988924024,624.7191728396167
