name,transf,client,payoff,total
val_month_sac_gen_a_83,855.2141450748356,1349.0472576000002,118.32161810264896,375.5114944225156
