name,transf,client,payoff,total
test_month_sac_gen_I_k_81,739.434357271519,1468.334912,149.17516390639216,579.7253908220888
