name,transf,client,payoff,total
val_month_sac_gen_J_h_282,670.003332692213,1488.30912,159.56135988924024,658.7444274185466
