name,transf,client,payoff,total
test_month_sac_gen_I_f_410,724.2890046529544,1468.334912,147.8419170286109,596.2039903184348
