name,transf,client,payoff,total
val_month_sac_gen_I_w_350,661.6819767966939,1488.30912,159.56135988924024,667.0657833140658
