name,transf,client,payoff,total
val_month_sac_gen_J_y_75,673.0675701164157,1488.30912,155.96206259448996,659.2794872890943
