name,transf,client,payoff,total,sessions
test_6month_sac_pred_noise_5c_161,3560.576199319399,9929.387430399998,881.6875054342313,5487.123725646368,df_elaad_preproc_l6months.csv
