name,transf,client,payoff,total,sessions
test_6month_sac_gen_d_211,2723.3724610079244,9929.387430399998,886.8210602299855,6319.193909162088,df_elaad_preproc_l6months.csv
