name,transf,client,payoff,total
month_sac_IX_c,922.6880868415226,1469.5622144,138.681164716446,408.1929628420313
