name,transf,client,payoff,total,sessions
test_6month_sac_pred_noise_3b_292,3283.3777282237015,9929.387430399998,889.2877424740021,5756.721959702295,df_elaad_preproc_l6months.csv
