name,transf,client,payoff,total
train_month_sac_gen_I_u_185,-54.9300452900477,4306.918592,422.3108412815719,3939.537796008476
