name,transf,client,payoff,total
test_month_sac_gen_I_q_11,847.2202239333054,1468.334912,149.17516390639216,471.9395241603024
