name,transf,client,payoff,total
test_month_sac_gen_I_m_441,661.7199544664995,1468.334912,149.17516390639216,657.4397936271083
