name,transf,client,payoff,total,sessions
test_6month_sac_gen_2l_239,2893.629720653592,9929.387430399998,886.8210602299855,6148.936649516421,df_elaad_preproc_l6months.csv
