name,transf,client,payoff,total
month_sac_IX_i,921.5079727517492,1469.5622144,140.01431375215287,408.0399278960978
