name,transf,client,payoff,total,sessions
test_6month_sac_pred_noise_3c_164,3661.4974606617325,9929.387430399998,889.2877424740021,5378.602227264264,df_elaad_preproc_l6months.csv
