name,transf,client,payoff,total
test_month_sac_gen_I_n_9,743.4406602717913,1468.334912,149.17516390639216,575.7190878218165
