name,transf,client,payoff,total
val_month_sac_gen_J_k_90,602.8796144642146,1488.30912,159.56135988924024,725.8681456465451
