name,transf,client,payoff,total
val_month_sac_gen_I_f_26,710.4498908191031,1488.30912,158.8282254603323,619.0310037205645
