name,transf,client,payoff,total,sessions
test_6month_sac_pred_noise_3e_275,5029.141130023453,9929.387430399998,889.2877424740021,4010.958557902543,df_elaad_preproc_l6months.csv
