name,transf,client,payoff,total,sessions
test_6month_sac_gen_2m_133,2834.8223435723335,9929.387430399998,897.4875555656347,6197.07753126203,df_elaad_preproc_l6months.csv
