name,transf,client,payoff,total
test_month_sac_gen_I_h_272,712.031339471215,1468.334912,149.17516390639216,607.1284086223928
