name,transf,client,payoff,total
train_month_sac_gen_I_h_54,2105.2934799117343,4306.918592,422.3108412815719,1779.314270806694
