name,transf,client,payoff,total,sessions
test_6month_sac_pred_noise_3e_280,5301.719952431652,9929.387430399998,889.2877424740021,3738.379735494344,df_elaad_preproc_l6months.csv
