name,transf,client,payoff,total
val_month_sac_gen_J_m_12,735.5322912600319,1488.30912,159.56135988924024,593.2154688507278
