name,transf,client,payoff,total
val_month_sac_gen_I_z_195,700.8250529549395,1488.30912,159.56135988924024,627.9227071558203
