name,transf,client,payoff,total
val_month_sac_gen_I_r_275,595.8564099226382,1488.30912,159.56135988924024,732.8913501881214
