name,transf,client,payoff,total
val_month_sac_gen_J_r_236,635.3499954333266,1488.30912,159.56135988924024,693.3977646774331
