name,transf,client,payoff,total,sessions
test_6month_sac_pred_noise_3a_176,2930.254905140849,9929.387430399998,889.2877424740021,6109.844782785147,df_elaad_preproc_l6months.csv
