name,transf,client,payoff,total,sessions
test_6month_sac_pred_noise_2d_188,4358.5928724652795,9929.387430399998,897.4875555656347,4673.307002369084,df_elaad_preproc_l6months.csv
