name,transf,client,payoff,total
val_month_sac_gen_I_q_288,738.8153285111421,1488.30912,159.56135988924024,589.9324315996175
