name,transf,client,payoff,total
train_month_sac_gen_I_s_80,1737.7316624596676,4306.918592,422.3108412815719,2146.8760882587603
