name,transf,client,payoff,total
val_month_sac_gen_J_w_484,548.9470202055179,1488.30912,155.96206259448996,783.4000371999921
