name,transf,client,payoff,total
test_month_sac_gen_J_t_31,727.7205029700847,1468.334912,148.50825484764397,592.1061541822714
