name,transf,client,payoff,total
test_month_sac_gen_J_n_461,639.0183692445582,1468.334912,149.17516390639216,680.1413788490496
