name,transf,client,payoff,total,sessions
test_6month_sac_gen_4m_28,3396.494307052065,9929.387430399998,891.2211003728393,5641.6720229750945,df_elaad_preproc_l6months.csv
