name,transf,client,payoff,total
train_month_sac_gen_J_n_446,1790.6392528102392,4306.918592,422.3108412815719,2093.968497908189
