name,transf,client,payoff,total
val_month_sac_gen_J_k_53,639.1461368095129,1488.30912,159.56135988924024,689.6016233012467
