name,transf,client,payoff,total
val_month_sac_gen_J_w_142,575.0602079923534,1488.30912,155.96206259448996,757.2868494131565
