name,transf,client,payoff,total
test_month_sac_gen_I_u_214,688.709880185684,1468.334912,149.17516390639216,630.4498679079238
