name,transf,client,payoff,total
val_month_sac_gen_I_p_147,717.444459568326,1488.30912,159.56135988924024,611.3033005424336
