name,transf,client,payoff,total
test_month_sac_gen_J_m_173,689.8674872410731,1468.334912,149.17516390639216,629.2922608525347
