name,transf,client,payoff,total
test_month_sac_gen_J_i_163,750.5159902593549,1468.334912,149.17516390639216,568.6437578342529
