name,transf,client,payoff,total
test_month_sac_gen_J_e_304,682.2501160336828,1468.334912,149.17516390639216,636.909632059925
