name,transf,client,payoff,total
train_month_sac_gen_J_m_86,1958.456389379159,4306.918592,422.3108412815719,1926.151361339269
