name,transf,client,payoff,total
train_month_sac_gen_I_k_260,2022.1256266004846,4306.918592,422.3108412815719,1862.4821241179434
