name,transf,client,payoff,total
test_month_sac_gen_I_u_224,687.7778245368348,1468.334912,149.17516390639216,631.381923556773
