name,transf,client,payoff,total
test_month_sac_gen_J_a_231,693.5215091111675,1468.334912,149.17516390639216,625.6382389824404
