name,transf,client,payoff,total,sessions
test_6month_sac_gen_3m_75,2928.831364840131,9929.387430399998,889.2877424740021,6111.268323085866,df_elaad_preproc_l6months.csv
