name,transf,client,payoff,total
test_month_sac_gen_J_s_29,664.3614008349186,1468.334912,148.50825484764397,655.4652563174375
