name,transf,client,payoff,total
val_month_sac_gen_I_l_0,844.0472018477216,1488.30912,159.56135988924024,484.7005582630381
