name,transf,client,payoff,total
val_month_sac_gen_J_c_490,653.7773806340034,1488.30912,159.56135988924024,674.9703794767563
