name,transf,client,payoff,total
val_month_sac_gen_J_l_435,589.3987031631357,1488.30912,159.56135988924024,739.3490569476239
