name,transf,client,payoff,total
train_month_sac_gen_I_k_143,2054.2260879341675,4306.918592,422.3108412815719,1830.3816627842607
