name,transf,client,payoff,total
train_month_sac_gen_I_s_237,1627.6087869897037,4306.918592,422.3108412815719,2256.9989637287244
