name,transf,client,payoff,total
val_month_sac_gen_J_a_286,641.7006527769743,1488.30912,159.56135988924024,687.0471073337853
