name,transf,client,payoff,total
test_month_sac_gen_I_h_83,726.5737778285663,1468.334912,149.17516390639216,592.5859702650415
