name,transf,client,payoff,total
test_month_sac_gen_I_r_107,651.0138573411728,1468.334912,149.17516390639216,668.1458907524351
