name,transf,client,payoff,total,sessions
test_6month_sac_pred_noise_1b_62,3222.5150404953124,9929.387430399998,893.2217503396156,5813.6506395650695,df_elaad_preproc_l6months.csv
