name,transf,client,payoff,total,sessions
test_6month_sac_pred_noise_4b_154,3113.9509396316776,9929.387430399998,891.2211003728393,5924.215390395482,df_elaad_preproc_l6months.csv
