name,transf,client,payoff,total,sessions
test_6month_sac_gen_a_191,2963.048527828739,9929.387430399998,886.8210602299855,6079.517842341273,df_elaad_preproc_l6months.csv
