name,transf,client,payoff,total
train_month_sac_gen_c_52,747.855507571021,1469.5622144,142.094741946743,579.611964882236
