name,transf,client,payoff,total,sessions
test_6month_sac_pred_noise_1e_167,5299.70625324599,9929.387430399998,893.2217503396156,3736.4594268143924,df_elaad_preproc_l6months.csv
