name,transf,client,payoff,total
test_month_sac_gen_I_a_342,701.4802906088285,1468.334912,149.17516390639216,617.6794574847794
