name,transf,client,payoff,total
val_month_sac_gen_J_p_143,652.0512851638878,1488.30912,159.56135988924024,676.6964749468718
