name,transf,client,payoff,total
val_month_sac_gen_I_d_39,672.2084011859143,1488.30912,159.56135988924024,656.5393589248454
