name,transf,client,payoff,total
val_month_sac_gen_I_a_207,665.8541020244954,1488.30912,159.56135988924024,662.8936580862642
