name,transf,client,payoff,total
train_month_sac_gen_I_z_120,483.5010168655067,4306.918592,422.510270647579,3400.907304486914
