name,transf,client,payoff,total
val_month_sac_gen_I_d_271,633.4982436463888,1488.30912,159.56135988924024,695.2495164643708
