name,transf,client,payoff,total,sessions
test_6month_sac_gen_1m_160,2998.5181353225526,9929.387430399998,886.8210602299855,6044.04823484746,df_elaad_preproc_l6months.csv
