name,transf,client,payoff,total
test_month_sac_gen_I_p_236,768.4208470954345,1468.334912,149.17516390639216,550.7389009981733
