name,transf,client,payoff,total
test_month_sac_gen_J_g_481,694.3546659421193,1468.334912,149.17516390639216,624.8050821514886
