name,transf,client,payoff,total
val_month_sac_c_114,1913.1787065384005,2277.450960542104,145.3079860330326,218.96426797067085
