name,transf,client,payoff,total
test_month_sac_gen_I_p_13,818.0183045616498,1468.334912,149.17516390639216,501.1414435319581
