name,transf,client,payoff,total,sessions
test_6month_sac_pred_noise_1c_164,3568.0355167213584,9929.387430399998,893.2217503396156,5468.130163339024,df_elaad_preproc_l6months.csv
