name,transf,client,payoff,total
test_month_sac_gen_I_r_378,639.5464563308458,1468.334912,149.17516390639216,679.6132917627621
