name,transf,client,payoff,total
train_month_sac_gen_I_w_439,-7691.634062815151,4306.918592,422.3108412815719,11576.241813533577
