name,transf,client,payoff,total
test_month_sac_gen_I_x_297,741.5468770714803,1468.334912,149.17516390639216,577.6128710221276
