name,transf,client,payoff,total,sessions
test_6month_sac_gen_2m_105,2922.986157300969,9929.387430399998,897.4875555656347,6108.913717533394,df_elaad_preproc_l6months.csv
