name,transf,client,payoff,total
train_month_sac_gen_I_l_241,2034.4218161707302,4306.918592,422.3108412815719,1850.1859345476978
