name,transf,client,payoff,total,sessions
test_6month_sac_pred_noise_1e_241,5185.064116181883,9929.387430399998,893.2217503396156,3851.1015638784997,df_elaad_preproc_l6months.csv
