name,transf,client,payoff,total,sessions
test_6month_sac_gen_5m_22,3581.3078348376666,9929.387430399998,886.8210602299855,5461.258535332347,df_elaad_preproc_l6months.csv
