name,transf,client,payoff,total
val_month_sac_gen_I_y_451,662.8514419466942,1488.30912,159.56135988924024,665.8963181640654
