name,transf,client,payoff,total
test_month_sac_gen_I_f_323,732.6522908712047,1468.334912,147.8419170286109,587.8407041001844
