name,transf,client,payoff,total
val_month_sac_gen_J_k_311,570.7290801880969,1488.30912,159.56135988924024,758.0186799226628
