name,transf,client,payoff,total,sessions
test_6month_sac_gen_b_2,4872.467751335411,9929.387430399998,886.8210602299855,4170.098618834601,df_elaad_preproc_l6months.csv
