name,transf,client,payoff,total
val_month_sac_gen_J_k_240,577.3885174825288,1488.30912,159.56135988924024,751.359242628231
