name,transf,client,payoff,total
test_month_sac_gen_J_o_257,693.237635775085,1468.334912,149.17516390639216,625.9221123185229
