name,transf,client,payoff,total,sessions
test_6month_sac_pred_noise_1c_13,3944.9043946622614,9929.387430399998,893.2217503396156,5091.261285398121,df_elaad_preproc_l6months.csv
