name,transf,client,payoff,total
train_month_sac_gen_I_y_60,202.03759047903137,4306.918592,416.2438188041474,3688.637182716821
