name,transf,client,payoff,total,sessions
test_6month_sac_pred_noise_4c_37,3758.719276275857,9929.387430399998,891.2211003728393,5279.4470537513025,df_elaad_preproc_l6months.csv
