name,transf,client,payoff,total
test_month_sac_gen_I_z_422,721.2845488997746,1468.334912,149.17516390639216,597.8751991938333
