name,transf,client,payoff,total,sessions
test_6month_sac_gen_5m_145,2883.7462984623044,9929.387430399998,886.8210602299855,6158.820071707709,df_elaad_preproc_l6months.csv
