name,transf,client,payoff,total
test_month_sac_gen_J_f_342,661.4383771995094,1468.334912,149.17516390639216,657.7213708940984
