name,transf,client,payoff,total
val_month_sac_gen_I_j_324,654.6419280970858,1488.30912,159.56135988924024,674.1058320136738
