name,transf,client,payoff,total
test_month_sac_gen_J_f_334,665.429082885028,1468.334912,149.17516390639216,653.7306652085798
