name,transf,client,payoff,total
val_month_sac_gen_J_o_448,645.7947275655968,1488.30912,159.56135988924024,682.9530325451628
