name,transf,client,payoff,total
test_month_sac_gen_I_i_21,774.9588408218826,1468.334912,149.17516390639216,544.2009072717252
