name,transf,client,payoff,total
val_month_sac_gen_I_k_191,660.3658652678326,1488.30912,159.56135988924024,668.3818948429271
