name,transf,client,payoff,total
train_month_sac_gen_J_y_290,587.14305352615,1488.30912,160.4952147645115,740.6708517093384
