name,transf,client,payoff,total
test_month_sac_gen_I_e_107,645.1332016674696,1468.334912,148.50825484764397,674.6934554848865
