name,transf,client,payoff,total,sessions
test_6month_sac_pred_noise_3d_142,4522.626611364955,9929.387430399998,889.2877424740021,4517.473076561041,df_elaad_preproc_l6months.csv
