name,transf,client,payoff,total
train_month_sac_c_779,1024.884954206169,2289.492687923877,157.2012507240518,1107.4064829936563
