name,transf,client,payoff,total,sessions
test_6month_sac_pred_noise_2d_271,4666.3072318181385,9929.387430399998,897.4875555656347,4365.592643016225,df_elaad_preproc_l6months.csv
