name,transf,client,payoff,total
test_month_sac_gen_J_q_477,690.1047273749659,1468.334912,149.17516390639216,629.0550207186419
