name,transf,client,payoff,total,sessions
test_6month_sac_gen_k_202,2861.1617519445545,9929.387430399998,886.8210602299855,6181.404618225459,df_elaad_preproc_l6months.csv
