name,transf,client,payoff,total,sessions
test_6month_sac_pred_noise_4d_117,4526.828599554164,9929.387430399998,891.2211003728393,4511.337730472996,df_elaad_preproc_l6months.csv
