name,transf,client,payoff,total
train_month_sac_gen_I_v_37,31.516608916371013,4306.918592,415.70985056411735,3859.6921325195112
