name,transf,client,payoff,total
test_month_sac_gen_J_q_12,763.2415730751104,1468.334912,149.17516390639216,555.9181750184974
