name,transf,client,payoff,total
test_month_sac_gen_I_h_441,693.3600252451515,1468.334912,149.17516390639216,625.7997228484563
