name,transf,client,payoff,total
val_month_sac_gen_I_z_388,715.2739580280863,1488.30912,159.56135988924024,613.4738020826733
