name,transf,client,payoff,total
val_month_sac_gen_J_l_326,595.068642207008,1488.30912,159.56135988924024,733.6791179037516
