name,transf,client,payoff,total
train_month_sac_gen_J_z_209,897.2769776299698,1469.5622144,139.49472976886094,432.7905070011692
