name,transf,client,payoff,total
val_month_sac_gen_J_s_408,535.2881149451996,1488.30912,155.96206259448996,797.0589424603104
