name,transf,client,payoff,total
train_month_sac_gen_J_m_373,1791.4307538851572,4306.918592,422.3108412815719,2093.176996833271
