name,transf,client,payoff,total
test_month_sac_gen_J_j_179,648.4972112342592,1468.334912,149.17516390639216,670.6625368593486
