name,transf,client,payoff,total,sessions
test_6month_sac_pred_noise_3a_174,2961.069660494939,9929.387430399998,889.2877424740021,6079.0300274310575,df_elaad_preproc_l6months.csv
