name,transf,client,payoff,total
test_month_sac_gen_I_h_68,733.1219492205995,1468.334912,149.17516390639216,586.0377988730083
