name,transf,client,payoff,total
val_month_sac_gen_J_e_58,687.7437555378954,1488.30912,159.56135988924024,641.0040045728642
