name,transf,client,payoff,total
test_month_sac_gen_J_h_276,746.7814634170386,1468.334912,149.17516390639216,572.3782846765693
