name,transf,client,payoff,total
test_month_sac_gen_I_s_449,662.0947201529261,1468.334912,149.17516390639216,657.0650279406817
