name,transf,client,payoff,total
test_month_sac_gen_J_f_185,665.5583630931568,1468.334912,149.17516390639216,653.601385000451
