name,transf,client,payoff,total
train_month_sac_gen_I_h_29,2155.5985410180438,4306.918592,422.3108412815719,1729.0092097003844
