name,transf,client,payoff,total
train_month_sac_gen_J_j_356,1846.3939768648843,4306.918592,422.3108412815719,2038.213773853544
