name,transf,client,payoff,total
month_sac_IX_b,1100.7687466297425,1469.5622144,137.54758179212766,231.24588597812973
