name,transf,client,payoff,total
train_month_sac_gen_I_l_343,2011.5029417628634,4306.918592,422.3108412815719,1873.1048089555647
