name,transf,client,payoff,total
val_month_sac_gen_I_x_107,723.0275596088015,1488.30912,159.56135988924024,605.7202005019581
