name,transf,client,payoff,total
train_month_sac_gen_J_n_216,1863.6616776559729,4306.918592,422.3108412815719,2020.946073062455
