name,transf,client,payoff,total
train_month_sac_gen_J_g_354,2009.2892084753473,4306.918592,422.3108412815719,1875.3185422430806
