name,transf,client,payoff,total
test_month_sac_gen_J_p_83,677.6991300804866,1468.334912,149.17516390639216,641.4606180131212
