name,transf,client,payoff,total,sessions
test_6month_sac_gen_b_61,3099.379272134005,9929.387430399998,886.8210602299855,5943.187098036007,df_elaad_preproc_l6months.csv
