name,transf,client,payoff,total
test_month_sac_gen_J_m_451,668.3520488086649,1468.334912,149.17516390639216,650.8076992849429
