name,transf,client,payoff,total
test_month_sac_gen_I_k_6,784.6724548617627,1468.334912,149.17516390639216,534.4872932318451
