name,transf,client,payoff,total
train_month_sac_gen_J_t_420,2012.3349390128824,4306.918592,417.9096673275943,1876.6739856595232
