name,transf,client,payoff,total,sessions
test_6month_sac_pred_noise_1e_171,5143.588353081599,9929.387430399998,893.2217503396156,3892.5773269787837,df_elaad_preproc_l6months.csv
