name,transf,client,payoff,total
test_month_sac_gen_J_n_482,642.0197771993833,1468.334912,149.17516390639216,677.1399708942246
