name,transf,client,payoff,total
val_month_sac_gen_J_x_262,676.7868607994661,1488.30912,159.56135988924024,651.9608993112936
