name,transf,client,payoff,total,sessions
test_6month_sac_gen_2l_74,3090.0250607668227,9929.387430399998,886.8210602299855,5952.54130940319,df_elaad_preproc_l6months.csv
