name,transf,client,payoff,total
train_month_sac_gen_I_v_299,-23.473465651054653,4306.918592,416.2431547704197,3914.148902880635
