name,transf,client,payoff,total
test_month_sac_gen_J_t_335,637.8550129942452,1468.334912,148.50825484764397,681.9716441581108
