name,transf,client,payoff,total,sessions
test_6month_sac_pred_noise_5d_217,4443.936845525298,9929.387430399998,881.6875054342313,4603.763079440469,df_elaad_preproc_l6months.csv
