name,transf,client,payoff,total
val_month_sac_gen_I_n_236,607.5362640810238,1488.30912,159.56135988924024,721.2114960297358
