name,transf,client,payoff,total,sessions
test_6month_sac_gen_1m_149,2895.003000200964,9929.387430399998,886.8210602299855,6147.563369969048,df_elaad_preproc_l6months.csv
