name,transf,client,payoff,total
test_month_sac_gen_I_m_130,677.0665892507668,1468.334912,149.17516390639216,642.093158842841
