name,transf,client,payoff,total
train_month_sac_gen_I_l_385,2014.5350993616642,4306.918592,422.3108412815719,1870.0726513567643
