name,transf,client,payoff,total
test_month_sac_gen_J_j_47,710.1540705796309,1468.334912,149.17516390639216,609.0056775139769
