name,transf,client,payoff,total
test_sac_b_c_26,7497.297473933084,18301.238246399997,1736.5228628156017,9067.41790965131
