name,transf,client,payoff,total
test_month_sac_gen_I_w_284,656.6715634953664,1468.334912,149.17516390639216,662.4881845982414
