name,transf,client,payoff,total
test_month_sac_gen_J_s_123,604.9361097050149,1468.334912,148.50825484764397,714.8905474473411
