name,transf,client,payoff,total
test_month_sac_gen_I_y_252,680.0418502940022,1468.334912,149.17516390639216,639.1178977996057
