name,transf,client,payoff,total
test_month_sac_gen_I_w_7,789.3576150853135,1468.334912,149.17516390639216,529.8021330082944
