name,transf,client,payoff,total
train_month_sac_c_240,1075.8338695621906,2289.492687923877,157.2012507240518,1056.4575676376346
