name,transf,client,payoff,total
train_month_sac_gen_J_m_145,1888.902460522003,4306.918592,422.3108412815719,1995.7052901964253
