name,transf,client,payoff,total
test_month_sac_gen_I_h_108,722.129280030375,1468.334912,149.17516390639216,597.0304680632329
