name,transf,client,payoff,total
train_month_sac_gen_I_f_467,2075.931951998553,4306.918592,421.11038371791597,1809.8762562835311
