name,transf,client,payoff,total,sessions
test_6month_sac_gen_2l_98,2976.5932223068507,9929.387430399998,886.8210602299855,6065.973147863162,df_elaad_preproc_l6months.csv
