name,transf,client,payoff,total
test_month_sac_gen_J_j_26,731.0365681168608,1468.334912,149.17516390639216,588.123179976747
