name,transf,client,payoff,total
val_month_sac_gen_J_p_122,661.619136867893,1488.30912,159.56135988924024,667.1286232428668
