name,transf,client,payoff,total
val_month_sac_gen_J_l_495,591.1658701245157,1488.30912,159.56135988924024,737.581889986244
