name,transf,client,payoff,total
train_month_sac_gen_J_q_315,2016.0902713198388,4306.918592,422.3108412815719,1868.5174793985893
