name,transf,client,payoff,total
val_month_sac_gen_J_b_352,645.276337809237,1488.30912,159.56135988924024,683.4714223015226
