name,transf,client,payoff,total,sessions
test_6month_sac_gen_2l_220,2812.458990336692,9929.387430399998,886.8210602299855,6230.10737983332,df_elaad_preproc_l6months.csv
