name,transf,client,payoff,total
test_month_sac_gen_d_45,920.3784482099227,1488.30912,159.56135988924024,408.369311900837
