name,transf,client,payoff,total,sessions
test_6month_sac_pred_noise_3c_214,3649.8244651532787,9929.387430399998,889.2877424740021,5390.275222772718,df_elaad_preproc_l6months.csv
