name,transf,client,payoff,total
train_month_sac_gen_I_k_395,2003.8714274403474,4306.918592,422.3108412815719,1880.7363232780808
