name,transf,client,payoff,total
val_month_sac_gen_I_s_49,701.494899501241,1488.30912,159.56135988924024,627.2528606095186
