name,transf,client,payoff,total
val_month_sac_gen_I_w_328,661.8605556131566,1488.30912,159.56135988924024,666.8872044976031
