name,transf,client,payoff,total
val_month_sac_gen_I_l_46,703.328984858015,1488.30912,159.56135988924024,625.4187752527446
