name,transf,client,payoff,total
test_month_sac_gen_I_q_283,771.3732075018745,1468.334912,149.17516390639216,547.7865405917333
