name,transf,client,payoff,total
train_month_sac_gen_I_g_291,2486.783387709169,4306.918592,422.3108412815719,1397.8243630092593
