name,transf,client,payoff,total
train_month_sac_gen_I_c_489,2064.664501690326,4306.918592,422.3108412815719,1819.9432490281024
