name,transf,client,payoff,total
val_month_sac_gen_J_r_40,677.1848086932102,1488.30912,159.56135988924024,651.5629514175494
