name,transf,client,payoff,total
test_month_sac_gen_I_c_151,705.3595915062908,1468.334912,149.17516390639216,613.800156587317
