name,transf,client,payoff,total
test_month_sac_gen_J_n_217,694.9904844074242,1468.334912,149.17516390639216,624.1692636861836
