name,transf,client,payoff,total,sessions
test_6month_sac_pred_noise_2e_151,5451.012029482062,9929.387430399998,897.4875555656347,3580.887845352302,df_elaad_preproc_l6months.csv
