name,transf,client,payoff,total
train_month_sac_gen_I_e_235,2057.237430311864,4306.918592,417.9096673275943,1831.7714943605415
