name,transf,client,payoff,total
train_month_sac_gen_I_z_23,694.1388177783563,4306.918592,418.97733031155303,3193.8024439100905
