name,transf,client,payoff,total
train_month_sac_gen_J_r_190,2041.0881964043672,4306.918592,422.3108412815719,1843.5195543140608
