name,transf,client,payoff,total,sessions
test_6month_sac_pred_noise_1a_299,2975.6292857671797,9929.387430399998,893.2217503396156,6060.536394293203,df_elaad_preproc_l6months.csv
