name,transf,client,payoff,total
val_month_sac_gen_J_h_169,669.3212898513491,1488.30912,159.56135988924024,659.4264702594105
