name,transf,client,payoff,total,sessions
test_6month_sac_pred_noise_4a_279,3026.0082156216527,9929.387430399998,891.2211003728393,6012.158114405507,df_elaad_preproc_l6months.csv
