name,transf,client,payoff,total,sessions
test_6month_sac_gen_2n_138,2923.2722932450033,9929.387430399998,886.8210602299855,6119.294076925009,df_elaad_preproc_l6months.csv
