name,transf,client,payoff,total
test_month_sac_c_134,1105.0204664747575,1469.5622144,135.21440678133106,229.3273411439113
