name,transf,client,payoff,total
train_month_sac_gen_I_w_278,-7607.78561170956,4306.918592,422.3108412815719,11492.393362427987
