name,transf,client,payoff,total
train_month_sac_gen_J_w_253,1862.2717997901836,4306.918592,422.6436774059385,2022.003114803878
