name,transf,client,payoff,total
test_month_sac_gen_I_h_321,704.6631930465093,1468.334912,149.17516390639216,614.4965550470986
