name,transf,client,payoff,total
test_month_sac_gen_J_w_300,589.1479509446164,1468.334912,148.50825484764397,730.6787062077397
