name,transf,client,payoff,total,sessions
test_6month_sac_gen_3m_155,2909.9486409826536,9929.387430399998,886.8210602299855,6132.617729187359,df_elaad_preproc_l6months.csv
