name,transf,client,payoff,total
test_month_sac_gen_J_s_189,587.2751357973698,1468.334912,148.50825484764397,732.5515213549863
