name,transf,client,payoff,total
val_month_sac_gen_J_l_163,614.2931151393907,1488.30912,159.56135988924024,714.4546449713689
