name,transf,client,payoff,total
val_month_sac_gen_I_g_226,832.0797615682604,1488.30912,159.56135988924024,496.6679985424992
