name,transf,client,payoff,total,sessions
test_6month_sac_gen_4m_121,3008.1711545681833,9929.387430399998,886.8210602299855,6034.3952156018295,df_elaad_preproc_l6months.csv
