name,transf,client,payoff,total
val_month_sac_c_494,1830.1680267651334,2277.450960542104,145.3079860330326,301.974947743938
