name,transf,client,payoff,total
val_month_sac_gen_J_u_82,616.6310058212118,1488.30912,155.96206259448996,715.7160515842982
