name,transf,client,payoff,total
train_month_sac_gen_I_i_34,2175.2595442681386,4306.918592,422.3108412815719,1709.3482064502896
