name,transf,client,payoff,total
test_month_sac_gen_J_x_201,735.4967884098332,1468.334912,149.17516390639216,583.6629596837746
