name,transf,client,payoff,total
train_month_sac_gen_I_h_70,2083.5990235752915,4306.918592,422.3108412815719,1801.0087271431366
