name,transf,client,payoff,total
val_month_sac_gen_I_d_87,661.0217818525263,1488.30912,159.56135988924024,667.7259782582335
