name,transf,client,payoff,total
train_month_sac_gen_J_c_257,2076.1339792019835,4306.918592,422.3108412815719,1808.4737715164447
