name,transf,client,payoff,total
val_month_sac_gen_J_t_8,711.8234421051054,1488.30912,155.96206259448996,620.5236153004046
