name,transf,client,payoff,total,sessions
6month_sac_disagg_1d_P,4371.210931764996,9929.387430399998,893.2217503396156,4664.954748295387,df_elaad_preproc_l6months.csv
