name,transf,client,payoff,total,sessions
test_6month_sac_gen_i_54,2995.1356623039674,9929.387430399998,886.8210602299855,6047.430707866046,df_elaad_preproc_l6months.csv
