name,transf,client,payoff,total
test_month_sac_gen_I_q_417,770.8473158482891,1468.334912,149.17516390639216,548.3124322453187
