name,transf,client,payoff,total
test_month_sac_gen_J_s_156,596.9560686553937,1468.334912,148.50825484764397,722.8705884969625
