name,transf,client,payoff,total
train_month_sac_gen_I_p_294,2196.80395448528,4306.918592,422.3108412815719,1687.8037962331482
