name,transf,client,payoff,total,sessions
test_6month_sac_pred_noise_4c_187,3506.5093511218556,9929.387430399998,891.2211003728393,5531.656978905304,df_elaad_preproc_l6months.csv
