name,transf,client,payoff,total
test_month_sac_gen_I_t_84,748.0533669454869,1468.334912,149.17516390639216,571.1063811481209
