name,transf,client,payoff,total
train_month_sac_gen_I_u_121,-23.561362911005006,4306.918592,422.3108412815719,3908.169113629433
