name,transf,client,payoff,total
train_month_sac_gen_I_l_107,2091.181436361513,4306.918592,422.3108412815719,1793.426314356915
