name,transf,client,payoff,total
test_month_sac_gen_I_y_318,677.9798735041894,1468.334912,149.17516390639216,641.1798745894184
