name,transf,client,payoff,total,sessions
test_6month_sac_gen_2m_177,2964.102035471884,9929.387430399998,886.8210602299855,6078.464334698128,df_elaad_preproc_l6months.csv
