name,transf,client,payoff,total
test_month_sac_gen_I_q_35,778.1647481004516,1468.334912,149.17516390639216,540.9949999931563
