name,transf,client,payoff,total
val_month_sac_gen_J_n_7,792.767593081659,1488.30912,159.56135988924024,535.9801670291006
