name,transf,client,payoff,total
val_month_sac_gen_J_e_308,656.9332868059798,1488.30912,159.56135988924024,671.8144733047798
