name,transf,client,payoff,total
val_month_sac_gen_J_e_343,656.0978417469262,1488.30912,159.56135988924024,672.6499183638334
