name,transf,client,payoff,total
val_month_sac_gen_I_i_480,657.8944126479912,1488.30912,159.56135988924024,670.8533474627684
