name,transf,client,payoff,total,sessions
test_6month_sac_pred_noise_2b_90,3094.6045137023166,9929.387430399998,897.4875555656347,5937.295361132047,df_elaad_preproc_l6months.csv
