name,transf,client,payoff,total
train_month_sac_gen_J_w_82,2021.3322060335995,4306.918592,419.4432142053772,1866.1431717610233
