name,transf,client,payoff,total,sessions
test_6month_sac_gen_2o_23,3161.763483159344,9929.387430399998,886.8210602299855,5880.802887010668,df_elaad_preproc_l6months.csv
