name,transf,client,payoff,total
test_month_sac_c_673,1015.6782665021622,1469.5622144,135.21440678133106,318.6695411165067
