name,transf,client,payoff,total
val_month_sac_gen_J_q_343,641.5924026275968,1488.30912,159.56135988924024,687.1553574831628
