name,transf,client,payoff,total,sessions
test_6month_sac_pred_noise_2e_127,5159.953414373082,9929.387430399998,897.4875555656347,3871.946460461282,df_elaad_preproc_l6months.csv
