name,transf,client,payoff,total,sessions
test_6month_sac_pred_noise_3e_183,4959.2943863578275,9929.387430399998,889.2877424740021,4080.8053015681685,df_elaad_preproc_l6months.csv
