name,transf,client,payoff,total
test_month_sac_gen_J_n_5,976.8696391451339,1468.334912,149.17516390639216,342.29010894847397
