name,transf,client,payoff,total
train_month_sac_c_20,1362.485673650206,2289.492687923877,157.2012507240518,769.8057635496191
