name,transf,client,payoff,total
train_month_sac_gen_I_y_435,-79.14349495479416,4306.918592,419.4444092564507,3966.617677698343
