name,transf,client,payoff,total
test_month_sac_gen_I_z_264,727.022241823288,1468.334912,149.17516390639216,592.1375062703198
