name,transf,client,payoff,total
val_month_sac_gen_J_u_227,561.3259130347396,1488.30912,155.96206259448996,771.0211443707703
