name,transf,client,payoff,total
val_month_sac_gen_I_d_415,627.0213928541759,1488.30912,159.56135988924024,701.7263672565837
