name,transf,client,payoff,total
train_month_sac_gen_J_x_67,1057.0952600457529,1469.5622144,142.094741946743,270.37221240750404
