name,transf,client,payoff,total
test_month_sac_gen_J_q_279,687.8589534197863,1468.334912,149.17516390639216,631.3007946738215
