name,transf,client,payoff,total
train_month_sac_gen_I_z_245,181.3022583694738,4306.918592,423.9102216728261,3701.7061119577
