name,transf,client,payoff,total,sessions
test_6month_sac_pred_noise_2e_194,4887.210752977009,9929.387430399998,897.4875555656347,4144.689121857355,df_elaad_preproc_l6months.csv
