name,transf,client,payoff,total,sessions
test_6month_sac_pred_noise_3a_29,3398.2812531556533,9929.387430399998,889.2877424740021,5641.818434770343,df_elaad_preproc_l6months.csv
