name,transf,client,payoff,total
train_month_sac_gen_I_m_42,2087.749821561248,4306.918592,422.3108412815719,1796.85792915718
