name,transf,client,payoff,total,sessions
test_6month_sac_gen_1l_85,2967.1602158020096,9929.387430399998,886.8210602299855,6075.406154368004,df_elaad_preproc_l6months.csv
