name,transf,client,payoff,total
val_month_sac_gen_I_l_350,642.9784157840951,1488.30912,159.56135988924024,685.7693443266646
