name,transf,client,payoff,total,sessions
train_6month_sac_gen_1l_260,3160.5929311498853,8371.850816,852.3014899060606,4358.9563949440535,df_elaad_preproc_f6months.csv
