name,transf,client,payoff,total
test_month_sac_gen_J_w_181,592.4444062842636,1468.334912,148.50825484764397,727.3822508680926
