name,transf,client,payoff,total,sessions
test_6month_sac_gen_k_46,3210.9778508454638,9929.387430399998,886.8210602299855,5831.5885193245485,df_elaad_preproc_l6months.csv
