name,transf,client,payoff,total
test_month_sac_gen_I_h_276,706.4679983976389,1468.334912,149.17516390639216,612.691749695969
