name,transf,client,payoff,total,sessions
test_6month_sac_pred_noise_2c_50,3713.0417403481183,9929.387430399998,897.4875555656347,5318.858134486245,df_elaad_preproc_l6months.csv
