name,transf,client,payoff,total
train_month_sac_gen_J_l_340,1832.6358504529044,4306.918592,422.3108412815719,2051.971900265524
