name,transf,client,payoff,total
month_sac_IX_h,1212.381209636643,1469.5622144,136.14785717975917,121.03314758359772
