name,transf,client,payoff,total
val_month_sac_gen_J_w_341,544.1319938135637,1488.30912,155.96206259448996,788.2150635919463
