name,transf,client,payoff,total
train_month_sac_gen_J_u_100,2044.745388459242,4306.918592,423.3108346063852,1838.8623689343729
