name,transf,client,payoff,total
train_month_sac_gen_J_v_163,2100.4593242026262,4306.918592,417.9096673275943,1788.5496004697793
