name,transf,client,payoff,total,sessions
test_6month_sac_pred_noise_4d_137,4374.106429834146,9929.387430399998,891.2211003728393,4664.059900193013,df_elaad_preproc_l6months.csv
