name,transf,client,payoff,total
test_month_sac_gen_I_e_400,624.9569675530406,1468.334912,148.50825484764397,694.8696895993155
