name,transf,client,payoff,total
val_month_sac_gen_J_x_176,709.8131813128437,1488.30912,159.56135988924024,618.934578797916
