name,transf,client,payoff,total
val_month_sac_gen_I_m_337,626.860352833414,1488.30912,159.56135988924024,701.8874072773456
