name,transf,client,payoff,total
test_month_sac_gen_I_s_372,666.6897075873263,1468.334912,149.17516390639216,652.4700405062815
