name,transf,client,payoff,total
train_month_sac_gen_a_91,1240.886603859792,1469.5622144,138.5610864331635,90.1145241070443
