name,transf,client,payoff,total
test_month_sac_gen_I_v_75,702.5410426644812,1468.334912,149.17516390639216,616.6187054291266
