name,transf,client,payoff,total
val_month_sac_c_678,1840.3812345561473,2277.450960542104,145.3079860330326,291.7617399529241
