name,transf,client,payoff,total,sessions
test_6month_sac_pred_noise_5e_54,5181.295214914788,9929.387430399998,881.6875054342313,3866.4047100509792,df_elaad_preproc_l6months.csv
