name,transf,client,payoff,total
val_month_sac_gen_J_f_163,653.7112358999324,1488.30912,159.56135988924024,675.0365242108273
