name,transf,client,payoff,total
train_month_sac_gen_I_k_402,1997.254105068172,4306.918592,422.3108412815719,1887.353645650256
