name,transf,client,payoff,total
test_month_sac_gen_I_t_265,702.5017145793191,1468.334912,149.17516390639216,616.6580335142887
