name,transf,client,payoff,total
test_month_sac_c_730,1030.033308585998,1469.5622144,135.21440678133106,304.31449903267094
