name,transf,client,payoff,total,sessions
test_6month_sac_pred_noise_1b_193,3021.4673116931044,9929.387430399998,893.2217503396156,6014.698368367278,df_elaad_preproc_l6months.csv
