name,transf,client,payoff,total
test_month_sac_gen_I_v_363,688.9573487781165,1468.334912,149.17516390639216,630.2023993154913
