name,transf,client,payoff,total
train_month_sac_gen_I_z_274,304.0838116630513,4306.918592,415.3102545941263,3587.5245257428223
