name,transf,client,payoff,total,sessions
test_6month_sac_pred_noise_1e_129,4959.607690496927,9929.387430399998,893.2217503396156,4076.557989563456,df_elaad_preproc_l6months.csv
