name,transf,client,payoff,total,sessions
test_6month_sac_pred_noise_1a_195,2899.972780208557,9929.387430399998,893.2217503396156,6136.192899851825,df_elaad_preproc_l6months.csv
