name,transf,client,payoff,total
val_month_sac_gen_J_b_116,666.4104726401545,1488.30912,159.56135988924024,662.3372874706051
