name,transf,client,payoff,total
train_month_sac_gen_J_v_161,2103.3009622235304,4306.918592,417.9096673275943,1785.7079624488752
