name,transf,client,payoff,total
train_month_sac_gen_I_i_134,2090.329966783409,4306.918592,422.3108412815719,1794.2777839350192
