name,transf,client,payoff,total,sessions
test_6month_sac_gen_4m_135,2944.948984795623,9929.387430399998,886.8210602299855,6097.617385374389,df_elaad_preproc_l6months.csv
