name,transf,client,payoff,total
train_month_sac_gen_I_t_357,1893.8579520765184,4306.918592,421.37738775662854,1991.683252166853
