name,transf,client,payoff,total
val_month_sac_gen_I_g_109,789.8440066025403,1488.30912,159.56135988924024,538.9037535082193
