name,transf,client,payoff,total,sessions
test_6month_sac_pred_noise_3a_285,3039.939740592057,9929.387430399998,889.2877424740021,6000.159947333939,df_elaad_preproc_l6months.csv
