name,transf,client,payoff,total
test_month_sac_gen_J_i_172,752.5909039370459,1468.334912,149.17516390639216,566.5688441565619
