name,transf,client,payoff,total
train_month_sac_gen_J_i_105,2054.629955033529,4306.918592,422.3108412815719,1829.9777956848993
