name,transf,client,payoff,total,sessions
test_6month_sac_gen_1n_88,3018.7404953918285,9929.387430399998,886.8210602299855,6023.825874778184,df_elaad_preproc_l6months.csv
