name,transf,client,payoff,total
test_month_sac_gen_J_b_309,686.6478990537049,1468.334912,149.17516390639216,632.5118490399029
