name,transf,client,payoff,total,sessions
test_6month_sac_pred_noise_5a_94,2938.9191355010107,9929.387430399998,881.6875054342313,6108.780789464756,df_elaad_preproc_l6months.csv
