name,transf,client,payoff,total
train_month_sac_gen_I_c_498,2068.6765065595055,4306.918592,422.3108412815719,1815.9312441589227
