name,transf,client,payoff,total
val_month_sac_gen_J_d_43,694.4350821099476,1488.30912,159.56135988924024,634.312678000812
