name,transf,client,payoff,total
test_month_sac_gen_I_y_251,681.2118734748186,1468.334912,149.17516390639216,637.9478746187892
