name,transf,client,payoff,total,sessions
test_6month_sac_pred_noise_3d_207,4447.0551717316375,9929.387430399998,889.2877424740021,4593.044516194359,df_elaad_preproc_l6months.csv
