name,transf,client,payoff,total
val_month_sac_gen_J_m_147,630.2301705949724,1488.30912,159.56135988924024,698.5175895157872
