name,transf,client,payoff,total
train_month_sac_d_2,1198.7035519683077,1469.5622144,135.21440678133106,135.64425565036115
