name,transf,client,payoff,total
train_month_sac_gen_I_l_266,2027.272816554911,4306.918592,422.3108412815719,1857.3349341635171
