name,transf,client,payoff,total,sessions
test_6month_sac_gen_2l_260,2918.798090625174,9929.387430399998,886.8210602299855,6123.768279544838,df_elaad_preproc_l6months.csv
