name,transf,client,payoff,total
val_month_sac_gen_J_o_325,651.700630229479,1488.30912,159.56135988924024,677.0471298812806
