name,transf,client,payoff,total
train_month_sac_gen_I_z_391,307.13993887327086,4306.918592,417.9111059660337,3581.8675471606957
