name,transf,client,payoff,total
test_month_sac_gen_I_n_462,656.3283104308474,1468.334912,149.17516390639216,662.8314376627604
