name,transf,client,payoff,total
val_month_sac_gen_I_u_266,650.6569509309761,1488.30912,159.56135988924024,678.0908091797835
