name,transf,client,payoff,total
test_month_sac_gen_J_q_277,682.6370581013932,1468.334912,149.17516390639216,636.5226899922146
