name,transf,client,payoff,total
train_month_sac_gen_I_t_102,2048.336258587931,4306.918592,421.7766900916413,1836.8056433204279
