name,transf,client,payoff,total
test_month_sac_gen_J_v_112,664.6101296421082,1468.334912,148.50825484764397,655.2165275102479
