name,transf,client,payoff,total,sessions
test_6month_sac_gen_1o_196,2869.6389438919914,9929.387430399998,886.8210602299855,6172.927426278022,df_elaad_preproc_l6months.csv
