name,transf,client,payoff,total,sessions
test_6month_sac_gen_3m_86,2871.6829697695366,9929.387430399998,889.2877424740021,6168.41671815646,df_elaad_preproc_l6months.csv
