name,transf,client,payoff,total
test_month_sac_gen_I_w_395,651.911684714885,1468.334912,149.17516390639216,667.2480633787228
