name,transf,client,payoff,total,sessions
test_6month_sac_gen_b_148,2963.1849121965215,9929.387430399998,886.8210602299855,6079.381457973492,df_elaad_preproc_l6months.csv
