name,transf,client,payoff,total
val_month_sac_gen_I_s_189,661.7470207400947,1488.30912,159.56135988924024,667.0007393706649
