name,transf,client,payoff,total
val_month_sac_gen_J_j_108,630.5183293160406,1488.30912,159.56135988924024,698.2294307947191
