name,transf,client,payoff,total
train_month_sac_gen_I_x_128,-7012.078350758358,4306.918592,417.5107208496297,10901.486221908728
