name,transf,client,payoff,total,sessions
test_6month_sac_gen_4m_107,2969.439244715354,9929.387430399998,886.8210602299855,6073.127125454659,df_elaad_preproc_l6months.csv
