name,transf,client,payoff,total
val_month_sac_gen_a_17,854.2812213455836,1349.0472576000002,118.32161810264896,376.44441815176765
