name,transf,client,payoff,total
test_month_sac_gen_I_f_11,845.1426384744968,1468.334912,147.8419170286109,475.3503564968923
