name,transf,client,payoff,total
test_month_sac_gen_I_m_27,707.5777935005963,1468.334912,149.17516390639216,611.5819545930116
