name,transf,client,payoff,total
train_month_sac_gen_J_j_132,1920.8245325957353,4306.918592,422.3108412815719,1963.7832181226931
