name,transf,client,payoff,total
train_month_sac_gen_I_l_344,2014.7574227735956,4306.918592,422.3108412815719,1869.8503279448323
