name,transf,client,payoff,total
train_month_sac_gen_I_r_0,3399.7838983897927,4306.918592,416.9773603426844,490.15733326752286
