name,transf,client,payoff,total
val_month_sac_gen_I_c_241,640.8247323738096,1488.30912,159.56135988924024,687.92302773695
