name,transf,client,payoff,total
train_month_sac_gen_I_t_457,1954.0026366389736,4306.918592,421.04415329969436,1931.871802061332
