name,transf,client,payoff,total
test_month_sac_gen_J_q_5,844.5486623062402,1468.334912,149.17516390639216,474.61108578736764
