name,transf,client,payoff,total
val_month_sac_gen_I_b_191,630.6222167215847,1488.30912,159.56135988924024,698.1255433891749
