name,transf,client,payoff,total
test_month_sac_gen_J_z_191,611.8678331627824,1468.334912,148.50825484764397,707.9588239895736
