name,transf,client,payoff,total
val_month_sac_gen_I_c_33,712.6467038293799,1488.30912,159.56135988924024,616.1010562813797
