name,transf,client,payoff,total,sessions
test_6month_sac_pred_noise_2d_19,4440.5340183795415,9929.387430399998,897.4875555656347,4591.365856454822,df_elaad_preproc_l6months.csv
