name,transf,client,payoff,total
test_month_sac_gen_J_v_302,623.9809374603309,1468.334912,148.50825484764397,695.8457196920251
