name,transf,client,payoff,total,sessions
test_6month_sac_gen_4l_17,3356.8355525208585,9929.387430399998,886.8210602299855,5685.730817649153,df_elaad_preproc_l6months.csv
