name,transf,client,payoff,total
test_month_sac_gen_J_n_126,707.7048575575357,1468.334912,149.17516390639216,611.4548905360722
