name,transf,client,payoff,total,sessions
test_6month_sac_gen_2m_80,2974.821827896272,9929.387430399998,897.4875555656347,6057.078046938092,df_elaad_preproc_l6months.csv
