name,transf,client,payoff,total
val_month_sac_gen_I_v_178,656.522078207325,1488.30912,159.56135988924024,672.2256819034346
