name,transf,client,payoff,total
test_month_sac_gen_I_x_124,744.7404089366993,1468.334912,149.17516390639216,574.4193391569086
