name,transf,client,payoff,total
val_month_sac_gen_J_j_3,769.0974405849088,1488.30912,159.56135988924024,559.6503195258508
