name,transf,client,payoff,total
test_month_sac_gen_I_r_225,641.0914069021284,1468.334912,149.17516390639216,678.0683411914795
