name,transf,client,payoff,total
train_month_sac_gen_I_x_469,-6923.620149916624,4306.918592,422.3108412815719,10808.22790063505
