name,transf,client,payoff,total
train_month_sac_gen_G_b_58,651.2359129392862,1488.30912,159.02813744673864,678.0450696139751
