name,transf,client,payoff,total,sessions
test_6month_sac_pred_noise_5e_125,5208.759749309262,9929.387430399998,881.6875054342313,3838.9401756565053,df_elaad_preproc_l6months.csv
