name,transf,client,payoff,total
test_month_sac_gen_I_i_159,721.436231563871,1468.334912,149.17516390639216,597.7235165297368
