name,transf,client,payoff,total
test_month_sac_gen_J_w_366,590.6380323319577,1468.334912,148.50825484764397,729.1886248203984
