name,transf,client,payoff,total
test_month_sac_gen_I_a_324,703.75302521279,1468.334912,149.17516390639216,615.4067228808178
