name,transf,client,payoff,total
train_month_sac_gen_I_b_29,2210.8912077795853,4306.918592,422.3108412815719,1673.7165429388428
