name,transf,client,payoff,total
val_month_sac_gen_J_l_271,597.5221657437706,1488.30912,159.56135988924024,731.2255943669891
