name,transf,client,payoff,total
val_month_sac_gen_J_k_414,559.4377878869634,1488.30912,159.56135988924024,769.3099722237962
