name,transf,client,payoff,total
val_month_sac_gen_I_b_410,616.1931234333738,1488.30912,159.56135988924024,712.5546366773858
