name,transf,client,payoff,total
test_month_sac_gen_I_w_441,645.1128819485072,1468.334912,149.17516390639216,674.0468661451007
