name,transf,client,payoff,total
train_month_sac_gen_J_u_201,1910.921891422319,4306.918592,422.31154553766885,1973.685155040012
