name,transf,client,payoff,total
train_month_sac_c_208,1088.647015207945,2289.492687923877,157.2012507240518,1043.64442199188
