name,transf,client,payoff,total
test_month_sac_gen_J_q_225,690.8167185860083,1468.334912,149.17516390639216,628.3430295075996
