name,transf,client,payoff,total
val_month_sac_gen_I_k_161,667.6387624013821,1488.30912,159.56135988924024,661.1089977093775
