name,transf,client,payoff,total
test_month_sac_gen_I_p_330,761.2454336964727,1468.334912,149.17516390639216,557.9143143971352
