name,transf,client,payoff,total
test_month_sac_gen_d_59,913.217521105612,1488.30912,159.56135988924024,415.5302390051476
