name,transf,client,payoff,total,sessions
test_6month_sac_pred_noise_1d_182,4413.057528042331,9929.387430399998,893.2217503396156,4623.108152018051,df_elaad_preproc_l6months.csv
