name,transf,client,payoff,total,sessions
test_6month_sac_gen_3l_178,2782.488126903485,9929.387430399998,886.8210602299855,6260.078243266527,df_elaad_preproc_l6months.csv
