name,transf,client,payoff,total
train_month_sac_gen_J_u_371,1823.8165391642442,4306.918592,417.70994262791106,2065.392110207845
