name,transf,client,payoff,total
test_month_sac_gen_J_m_269,691.6980487233947,1468.334912,149.17516390639216,627.4616993702132
