name,transf,client,payoff,total
train_month_sac_gen_I_p_9,2444.9875303710132,4306.918592,422.3108412815719,1439.620220347415
