name,transf,client,payoff,total
train_month_sac_gen_I_m_326,1988.3529607598773,4306.918592,422.3108412815719,1896.2547899585506
