name,transf,client,payoff,total
train_month_sac_gen_I_c_262,2075.5367768144415,4306.918592,422.3108412815719,1809.0709739039867
