name,transf,client,payoff,total,sessions
test_6month_sac_gen_2m_116,2880.046759149907,9929.387430399998,897.4875555656347,6151.8531156844565,df_elaad_preproc_l6months.csv
