name,transf,client,payoff,total
train_month_sac_gen_I_t_104,2010.3216175928656,4306.918592,418.37718976673574,1878.2197846403988
