name,transf,client,payoff,total
val_month_sac_gen_J_f_471,637.3435024038828,1488.30912,159.56135988924024,691.4042577068769
