name,transf,client,payoff,total
test_month_sac_gen_I_h_23,750.3877699667349,1468.334912,149.17516390639216,568.7719781268729
