name,transf,client,payoff,total,sessions
test_6month_sac_pred_noise_1c_164,3576.6935674355805,9929.387430399998,893.2217503396156,5459.472112624801,df_elaad_preproc_l6months.csv
