name,transf,client,payoff,total
val_month_sac_gen_J_f_111,660.9754038186134,1488.30912,159.56135988924024,667.7723562921462
