name,transf,client,payoff,total
month_sac_IX_a,1154.675726178145,1469.5622144,137.4808554221126,177.40563279974236
