name,transf,client,payoff,total,sessions
test_6month_sac_pred_noise_4e_185,5275.035636016259,9929.387430399998,891.2211003728393,3763.1306940109002,df_elaad_preproc_l6months.csv
