name,transf,client,payoff,total
val_month_sac_gen_d_45,898.6658416461141,1349.0472576000002,118.32161810264896,332.05979785123714
