name,transf,client,payoff,total
test_month_sac_gen_J_r_375,686.3886259418782,1468.334912,149.17516390639216,632.7711221517296
