name,transf,client,payoff,total
val_month_sac_gen_I_i_110,667.0545461128545,1488.30912,159.56135988924024,661.6932139979051
