name,transf,client,payoff,total
val_month_sac_gen_J_i_150,654.3060509482668,1488.30912,159.56135988924024,674.4417091624928
