name,transf,client,payoff,total
val_month_sac_gen_J_d_135,667.8607901962752,1488.30912,159.56135988924024,660.8869699144846
