name,transf,client,payoff,total,sessions
test_6month_sac_pred_noise_5e_22,5186.525758834328,9929.387430399998,881.6875054342313,3861.1741661314386,df_elaad_preproc_l6months.csv
