name,transf,client,payoff,total
val_month_sac_gen_J_r_304,632.7022896163492,1488.30912,159.56135988924024,696.0454704944104
