name,transf,client,payoff,total
train_month_sac_gen_I_f_414,2069.8327306755477,4306.918592,421.11038371791597,1815.9754776065363
