name,transf,client,payoff,total,sessions
test_6month_sac_pred_noise_1d_113,4555.963758080032,9929.387430399998,893.2217503396156,4480.201921980351,df_elaad_preproc_l6months.csv
