name,transf,client,payoff,total
val_month_sac_gen_J_j_395,597.3832534725641,1488.30912,159.56135988924024,731.3645066381955
