name,transf,client,payoff,total,sessions
test_6month_sac_pred_noise_4e_133,5270.2111406469485,9929.387430399998,891.2211003728393,3767.9551893802104,df_elaad_preproc_l6months.csv
