name,transf,client,payoff,total
month_sac_IX_j,988.9669661122314,1469.5622144,137.48152966071905,343.1137186270495
