name,transf,client,payoff,total
val_month_sac_gen_c_59,647.9476080118159,1349.0472576000002,118.32161810264896,582.7780314855354
