name,transf,client,payoff,total
train_month_sac_gen_J_f_99,2054.616673986824,4306.918592,422.3108412815719,1829.9910767316042
