name,transf,client,payoff,total
train_month_sac_gen_I_a_433,2000.1666929844937,4306.918592,422.3108412815719,1884.4410577339345
