name,transf,client,payoff,total
test_month_sac_gen_J_m_118,678.3475710699902,1468.334912,149.17516390639216,640.8121770236177
