name,transf,client,payoff,total
test_month_sac_gen_J_h_250,741.1155597930422,1468.334912,149.17516390639216,578.0441883005657
