name,transf,client,payoff,total
train_month_sac_gen_I_r_291,1917.5651386031805,4306.918592,423.9102216728261,1965.4432317239934
