name,transf,client,payoff,total
test_month_sac_gen_J_w_439,578.2183296699479,1468.334912,148.50825484764397,741.6083274824082
