name,transf,client,payoff,total,sessions
test_6month_sac_pred_noise_3c_162,3567.8091030706382,9929.387430399998,889.2877424740021,5472.290584855358,df_elaad_preproc_l6months.csv
