name,transf,client,payoff,total,sessions
test_6month_sac_gen_5m_36,3017.5658087495367,9929.387430399998,881.6875054342313,6030.13411621623,df_elaad_preproc_l6months.csv
