name,transf,client,payoff,total
val_month_sac_gen_I_n_162,613.0589322164197,1488.30912,159.56135988924024,715.68882789434
