name,transf,client,payoff,total
test_month_sac_gen_I_a_356,695.2653786994783,1468.334912,149.17516390639216,623.8943693941295
