name,transf,client,payoff,total
val_month_sac_gen_I_o_261,697.3225573394382,1488.30912,159.56135988924024,631.4252027713214
