name,transf,client,payoff,total
month_sac_IX_g,1635.6290615473956,1469.5622144,135.21440678133106,-301.28125392872676
