name,transf,client,payoff,total
train_month_sac_gen_I_l_234,2032.1772138252109,4306.918592,422.3108412815719,1852.4305368932173
