name,transf,client,payoff,total
train_month_sac_gen_J_a_191,2020.9116181686386,4306.918592,422.3108412815719,1863.6961325497896
