name,transf,client,payoff,total,sessions
test_6month_sac_pred_noise_2c_209,3588.9812329719844,9929.387430399998,897.4875555656347,5442.918641862379,df_elaad_preproc_l6months.csv
