name,transf,client,payoff,total
test_month_sac_gen_J_t_224,655.5232530367252,1468.334912,148.50825484764397,664.3034041156309
