name,transf,client,payoff,total
test_month_sac_gen_J_k_218,637.7524371585914,1468.334912,149.17516390639216,681.4073109350164
