name,transf,client,payoff,total
val_month_sac_gen_J_s_187,559.9068049470993,1488.30912,155.96206259448996,772.4402524584107
