name,transf,client,payoff,total
test_month_sac_gen_J_l_488,659.0357539216665,1468.334912,149.17516390639216,660.1239941719414
