name,transf,client,payoff,total
train_month_sac_gen_I_o_255,2137.769453134897,4306.918592,422.3108412815719,1746.8382975835311
