name,transf,client,payoff,total
test_month_sac_gen_I_z_180,745.4225179978234,1468.334912,149.17516390639216,573.7372300957844
