name,transf,client,payoff,total
val_month_sac_gen_I_r_382,594.6589191658512,1488.30912,159.56135988924024,734.0888409449085
