name,transf,client,payoff,total
val_month_sac_gen_I_m_414,623.1618062032459,1488.30912,159.56135988924024,705.5859539075138
