name,transf,client,payoff,total
train_month_sac_gen_J_l_276,1844.6828818627237,4306.918592,422.3108412815719,2039.9248688557045
