name,transf,client,payoff,total
val_month_sac_gen_I_f_216,662.6012320849796,1488.30912,158.8282254603323,666.879662454688
