name,transf,client,payoff,total
test_month_sac_gen_J_c_179,704.8913988744266,1468.334912,149.17516390639216,614.2683492191812
