name,transf,client,payoff,total,sessions
6month_sac_disagg_1c_LL,3478.842311906896,9929.387430399998,893.2217503396156,5557.323368153487,df_elaad_preproc_l6months.csv
