name,transf,client,payoff,total
train_month_sac_gen_J_a_402,1983.0985541945452,4306.918592,422.3108412815719,1901.509196523883
