name,transf,client,payoff,total
train_month_sac_c_22,1487.349533266853,1469.5622144,135.21440678133106,-153.00172564818425
