name,transf,client,payoff,total
val_month_sac_gen_J_b_286,643.6632136140995,1488.30912,159.56135988924024,685.0845464966601
