name,transf,client,payoff,total
test_month_sac_gen_J_n_46,794.7248919688748,1468.334912,149.17516390639216,524.4348561247331
