name,transf,client,payoff,total,sessions
test_6month_sac_gen_a_23,3239.688271010357,9929.387430399998,886.8210602299855,5802.878099159656,df_elaad_preproc_l6months.csv
