name,transf,client,payoff,total
val_month_sac_gen_I_r_294,594.2042500710123,1488.30912,159.56135988924024,734.5435100397474
