name,transf,client,payoff,total
test_month_sac_gen_I_c_407,670.7110979369961,1468.334912,149.17516390639216,648.4486501566117
