name,transf,client,payoff,total
test_month_sac_gen_I_l_409,691.1125758202779,1468.334912,149.17516390639216,628.0471722733299
