name,transf,client,payoff,total,sessions
test_6month_sac_pred_noise_1e_109,5307.883041999218,9929.387430399998,893.2217503396156,3728.2826380611646,df_elaad_preproc_l6months.csv
