name,transf,client,payoff,total,sessions
test_6month_sac_pred_noise_3e_38,5091.818704771786,9929.387430399998,889.2877424740021,3948.2809831542104,df_elaad_preproc_l6months.csv
