name,transf,client,payoff,total
val_month_sac_gen_I_y_367,659.2728297825107,1488.30912,159.56135988924024,669.474930328249
