name,transf,client,payoff,total
train_month_sac_gen_I_q_339,2257.1553497604627,4306.918592,422.3108412815719,1627.4524009579654
