name,transf,client,payoff,total,sessions
test_6month_sac_gen_c_41,3207.780018130419,9929.387430399998,886.8210602299855,5834.786352039593,df_elaad_preproc_l6months.csv
