name,transf,client,payoff,total
train_month_sac_gen_I_g_298,2491.2509153281035,4306.918592,422.3108412815719,1393.3568353903247
