name,transf,client,payoff,total
val_month_sac_gen_J_l_292,597.4519257244492,1488.30912,159.56135988924024,731.2958343863104
