name,transf,client,payoff,total
test_month_sac_gen_I_h_99,724.3745979932496,1468.334912,149.17516390639216,594.7851501003582
