name,transf,client,payoff,total
test_month_sac_gen_J_l_248,662.424249051114,1468.334912,149.17516390639216,656.7354990424939
