name,transf,client,payoff,total
test_month_sac_gen_I_n_265,659.6157970357838,1468.334912,149.17516390639216,659.5439510578241
