name,transf,client,payoff,total
test_month_sac_gen_I_g_405,830.8302719607786,1468.334912,149.17516390639216,488.3294761328292
