name,transf,client,payoff,total
val_month_sac_gen_J_q_208,659.4757322540188,1488.30912,159.56135988924024,669.2720278567408
