name,transf,client,payoff,total
test_month_sac_gen_J_r_46,705.6365019474081,1468.334912,149.17516390639216,613.5232461461998
