name,transf,client,payoff,total,sessions
test_6month_sac_gen_4l_103,3003.9113240743104,9929.387430399998,886.8210602299855,6038.655046095702,df_elaad_preproc_l6months.csv
