name,transf,client,payoff,total,sessions
test_6month_sac_pred_noise_1a_156,2857.4510220204243,9929.387430399998,893.2217503396156,6178.714658039958,df_elaad_preproc_l6months.csv
