name,transf,client,payoff,total
train_month_sac_gen_J_w_255,1866.6825073870502,4306.918592,419.0438983161218,2021.1921862968277
