name,transf,client,payoff,total
test_month_sac_gen_J_t_257,648.7002764301233,1468.334912,148.50825484764397,671.1263807222329
