name,transf,client,payoff,total
train_month_sac_gen_I_b_421,1963.8894824255756,4306.918592,422.3108412815719,1920.7182682928524
