name,transf,client,payoff,total
test_month_sac_gen_J_r_463,678.181842641074,1468.334912,149.17516390639216,640.9779054525338
