name,transf,client,payoff,total
val_month_sac_c_91,1956.6925243790595,2277.450960542104,145.3079860330326,175.45045013001192
