name,transf,client,payoff,total
test_month_sac_gen_J_q_116,708.6008000771373,1468.334912,149.17516390639216,610.5589480164706
