name,transf,client,payoff,total
train_month_sac_gen_J_e_15,2307.092405080556,4306.918592,422.3108412815719,1577.515345637872
