name,transf,client,payoff,total
train_month_sac_gen_I_e_85,2113.9572451183703,4306.918592,417.9096673275943,1775.0516795540352
