name,transf,client,payoff,total
val_month_sac_gen_I_r_453,593.3393785817977,1488.30912,159.56135988924024,735.4083815289619
