name,transf,client,payoff,total
test_month_sac_gen_I_k_95,736.5125006309752,1468.334912,149.17516390639216,582.6472474626327
