name,transf,client,payoff,total
val_month_sac_gen_I_h_389,634.691068397739,1488.30912,159.56135988924024,694.0566917130207
