name,transf,client,payoff,total
train_month_sac_gen_I_c_360,2056.789602410623,4306.918592,422.3108412815719,1827.8181483078051
