name,transf,client,payoff,total
train_month_sac_gen_I_e_469,2043.822688560123,4306.918592,417.9096673275943,1845.1862361122826
