name,transf,client,payoff,total
test_month_sac_gen_I_a_42,753.7941387572791,1468.334912,149.17516390639216,565.3656093363287
