name,transf,client,payoff,total
test_month_sac_gen_I_x_266,747.3743952053778,1468.334912,149.17516390639216,571.78535288823
