name,transf,client,payoff,total
train_month_sac_gen_J_w_478,1854.5410258226907,4306.918592,423.24438617271056,2029.1331800045987
