name,transf,client,payoff,total
train_month_sac_gen_J_n_330,1821.5088932580272,4306.918592,422.3108412815719,2063.0988574604007
