name,transf,client,payoff,total
val_month_sac_gen_J_y_25,739.5974546005598,1488.30912,155.96206259448996,592.7496028049502
