name,transf,client,payoff,total
train_month_sac_gen_J_n_266,1844.357824093283,4306.918592,422.3108412815719,2040.2499266251452
