name,transf,client,payoff,total
train_month_sac_gen_I_l_209,2042.6924156431005,4306.918592,422.3108412815719,1841.9153350753277
