name,transf,client,payoff,total
val_month_sac_gen_I_u_494,651.9459677907836,1488.30912,159.56135988924024,676.8017923199761
