name,transf,client,payoff,total
test_month_sac_gen_I_f_167,754.8429804083222,1468.334912,147.8419170286109,565.6500145630669
