name,transf,client,payoff,total,sessions
test_6month_sac_pred_noise_4a_173,2891.35079470832,9929.387430399998,891.2211003728393,6146.8155353188395,df_elaad_preproc_l6months.csv
