name,transf,client,payoff,total
test_month_sac_gen_I_y_335,680.2614699262261,1468.334912,149.17516390639216,638.8982781673817
