name,transf,client,payoff,total
val_month_sac_gen_I_p_239,709.5591880681626,1488.30912,159.56135988924024,619.1885720425971
