name,transf,client,payoff,total
val_month_sac_gen_J_t_171,615.0317005509321,1488.30912,155.96206259448996,717.3153568545779
