name,transf,client,payoff,total,sessions
test_6month_sac_gen_5l_10,3835.7279643288816,9929.387430399998,886.8210602299855,5206.83840584113,df_elaad_preproc_l6months.csv
