name,transf,client,payoff,total
train_month_sac_gen_I_z_428,386.1023168978402,4306.918592,418.0432575295838,3502.7730175725765
