name,transf,client,payoff,total
test_month_sac_gen_J_e_371,684.5765645921304,1468.334912,149.17516390639216,634.5831835014775
