name,transf,client,payoff,total
train_month_sac_gen_I_d_87,2070.2434887905288,4306.918592,422.3108412815719,1814.3642619278994
