name,transf,client,payoff,total
train_month_sac_gen_I_n_388,1888.0914017228724,4306.918592,422.3108412815719,1996.5163489955557
