name,transf,client,payoff,total
test_month_sac_gen_I_n_286,657.4782093796271,1468.334912,149.17516390639216,661.6815387139808
