name,transf,client,payoff,total
val_month_sac_gen_I_n_119,623.7082634537787,1488.30912,159.56135988924024,705.0394966569809
