name,transf,client,payoff,total
val_month_sac_gen_I_e_238,606.957729192088,1488.30912,155.96206259448996,725.389328213422
