name,transf,client,payoff,total
test_month_sac_gen_I_q_468,778.9269233399265,1468.334912,149.17516390639216,540.2328247536814
