name,transf,client,payoff,total
test_month_sac_gen_I_j_170,737.1148212269051,1468.334912,149.17516390639216,582.0449268667028
