name,transf,client,payoff,total
val_month_sac_gen_I_w_329,664.5513083393112,1488.30912,159.56135988924024,664.1964517714484
