name,transf,client,payoff,total
month_sac_IX_i,912.9328474359284,1469.5622144,136.21461367601978,420.41475328805177
