name,transf,client,payoff,total,sessions
test_6month_sac_pred_noise_3b_81,3153.3943296628076,9929.387430399998,889.2877424740021,5886.705358263189,df_elaad_preproc_l6months.csv
