name,transf,client,payoff,total
test_month_sac_gen_J_w_110,617.2378130655862,1468.334912,148.50825484764397,702.5888440867698
