name,transf,client,payoff,total
test_month_sac_gen_J_j_460,634.1388718230648,1468.334912,149.17516390639216,685.020876270543
