name,transf,client,payoff,total,sessions
test_6month_sac_pred_noise_4e_137,5321.562690018406,9929.387430399998,891.2211003728393,3716.603640008753,df_elaad_preproc_l6months.csv
