name,transf,client,payoff,total
val_month_sac_gen_I_s_237,656.1081507534093,1488.30912,159.56135988924024,672.6396093573503
