name,transf,client,payoff,total
val_month_sac_gen_I_k_420,645.6219722620386,1488.30912,159.56135988924024,683.1257878487211
