name,transf,client,payoff,total,sessions
test_month_sac_gen_G_c_202,1133.3655647731873,1468.334912,148.50825484764397,186.46109237916875,df_elaad_preproc_apr.csv
