name,transf,client,payoff,total
test_month_sac_gen_J_s_62,619.723473369327,1468.334912,148.50825484764397,700.103183783029
