name,transf,client,payoff,total
test_month_sac_gen_c_19,744.8938475273154,1488.30912,159.56135988924024,583.8539125834443
