name,transf,client,payoff,total
val_month_sac_gen_J_i_179,653.3568821198515,1488.30912,159.56135988924024,675.3908779909082
