name,transf,client,payoff,total
train_month_sac_gen_I_i_250,2060.818460548962,4306.918592,422.3108412815719,1823.7892901694663
