name,transf,client,payoff,total
val_month_sac_gen_b_95,637.9076530365974,1349.0472576000002,118.32161810264896,592.8179864607539
