name,transf,client,payoff,total
val_month_sac_gen_G_b_294,587.6039375843461,1488.30912,159.09496226131247,741.6102201543413
