name,transf,client,payoff,total,sessions
test_6month_sac_pred_noise_5a_119,2853.7788455884934,9929.387430399998,881.6875054342313,6193.9210793772745,df_elaad_preproc_l6months.csv
