name,transf,client,payoff,total
train_month_sac_gen_J_m_482,1780.65446700157,4306.918592,422.3108412815719,2103.953283716858
