name,transf,client,payoff,total
train_month_sac_gen_J_r_57,2088.9175748137854,4306.918592,422.3108412815719,1795.6901759046427
