name,transf,client,payoff,total
val_month_sac_gen_J_f_289,638.3392559420821,1488.30912,159.56135988924024,690.4085041686776
