name,transf,client,payoff,total
test_month_sac_gen_J_e_66,704.5954229651941,1468.334912,149.17516390639216,614.5643251284138
