name,transf,client,payoff,total
train_month_sac_gen_J_m_246,1835.9485174669273,4306.918592,422.3108412815719,2048.659233251501
