name,transf,client,payoff,total,sessions
test_6month_sac_gen_2n_132,2916.763952860023,9929.387430399998,886.8210602299855,6125.802417309989,df_elaad_preproc_l6months.csv
