name,transf,client,payoff,total
test_month_sac_gen_J_h_53,771.1092899980707,1468.334912,149.17516390639216,548.0504580955371
