name,transf,client,payoff,total
val_month_sac_gen_I_o_197,696.9973980279303,1488.30912,159.56135988924024,631.7503620828293
