name,transf,client,payoff,total,sessions
test_6month_sac_gen_2m_15,3692.199643652191,9929.387430399998,897.4875555656347,5339.7002311821725,df_elaad_preproc_l6months.csv
