name,transf,client,payoff,total
test_month_sac_gen_I_i_401,712.5075655129046,1468.334912,149.17516390639216,606.6521825807032
