name,transf,client,payoff,total,sessions
test_6month_sac_pred_noise_2d_162,4459.252220467028,9929.387430399998,897.4875555656347,4572.647654367336,df_elaad_preproc_l6months.csv
