name,transf,client,payoff,total,sessions
test_6month_sac_pred_noise_3b_197,3061.955778845335,9929.387430399998,889.2877424740021,5978.143909080662,df_elaad_preproc_l6months.csv
