name,transf,client,payoff,total,sessions
test_6month_sac_pred_noise_1b_37,3328.5657893424373,9929.387430399998,893.2217503396156,5707.599890717945,df_elaad_preproc_l6months.csv
