name,transf,client,payoff,total,sessions
test_6month_sac_pred_noise_2b_46,3242.3073819242854,9929.387430399998,897.4875555656347,5789.592492910078,df_elaad_preproc_l6months.csv
