name,transf,client,payoff,total
val_month_sac_gen_J_a_466,647.0157057590965,1488.30912,159.56135988924024,681.7320543516632
