name,transf,client,payoff,total
train_month_sac_gen_J_g_494,2040.044743647347,4306.918592,422.3108412815719,1844.5630070710813
