name,transf,client,payoff,total
train_month_sac_gen_J_h_108,2130.7383351994495,4306.918592,422.3108412815719,1753.8694155189787
