name,transf,client,payoff,total,sessions
test_6month_sac_pred_noise_3b_249,3167.093905134592,9929.387430399998,889.2877424740021,5873.005782791404,df_elaad_preproc_l6months.csv
