name,transf,client,payoff,total
train_month_sac_gen_J_k_303,1789.1821346176007,4306.918592,422.3108412815719,2095.4256161008275
