name,transf,client,payoff,total,sessions
test_6month_sac_pred_noise_4b_219,3010.9018378636692,9929.387430399998,891.2211003728393,6027.26449216349,df_elaad_preproc_l6months.csv
