name,transf,client,payoff,total
train_month_sac_gen_J_n_395,1796.7696479564972,4306.918592,422.3108412815719,2087.8381027619307
