name,transf,client,payoff,total
val_month_sac_gen_I_y_9,734.2762239419644,1488.30912,159.56135988924024,594.4715361687952
