name,transf,client,payoff,total,sessions
test_6month_sac_gen_1l_198,2823.23423571853,9929.387430399998,886.8210602299855,6219.3321344514825,df_elaad_preproc_l6months.csv
