name,transf,client,payoff,total
train_month_sac_gen_J_g_27,2206.862702351648,4306.918592,422.3108412815719,1677.7450483667803
