name,transf,client,payoff,total,sessions
test_6month_sac_pred_noise_1a_35,3211.590944859113,9929.387430399998,893.2217503396156,5824.5747352012695,df_elaad_preproc_l6months.csv
