name,transf,client,payoff,total
train_month_sac_gen_J_q_485,2020.178551489019,4306.918592,422.3108412815719,1864.4291992294093
