name,transf,client,payoff,total
test_month_sac_gen_I_h_209,715.6659458087601,1468.334912,149.17516390639216,603.4938022848478
