name,transf,client,payoff,total
val_month_sac_c_496,1825.9177521923798,2277.450960542104,145.3079860330326,306.2252223166916
