name,transf,client,payoff,total
train_month_sac_gen_J_n_122,1960.161012274471,4306.918592,422.3108412815719,1924.4467384439572
