name,transf,client,payoff,total
test_month_sac_gen_J_r_211,695.0552275357193,1468.334912,149.17516390639216,624.1045205578886
