name,transf,client,payoff,total,sessions
train_6month_sac_gen_2m_162,3232.5272523115473,8371.850816,842.1014178790072,4297.2221458094455,df_elaad_preproc_f6months.csv
