name,transf,client,payoff,total
val_month_sac_gen_I_k_357,644.2944820794738,1488.30912,159.56135988924024,684.4532780312859
