name,transf,client,payoff,total
test_month_sac_gen_J_m_477,656.2290383001157,1468.334912,149.17516390639216,662.9307097934922
