name,transf,client,payoff,total
train_month_sac_gen_J_n_67,2130.8228169760077,4306.918592,422.3108412815719,1753.7849337424204
