name,transf,client,payoff,total
test_month_sac_gen_I_y_462,681.1394562334573,1468.334912,149.17516390639216,638.0202918601506
