name,transf,client,payoff,total,sessions
test_6month_sac_pred_noise_3d_199,4467.2784447719205,9929.387430399998,889.2877424740021,4572.821243154076,df_elaad_preproc_l6months.csv
