name,transf,client,payoff,total
val_month_sac_gen_I_q_356,739.0479211987133,1488.30912,159.56135988924024,589.6998389120463
