name,transf,client,payoff,total
val_month_sac_gen_I_u_132,663.8904172257592,1488.30912,159.56135988924024,664.8573428850004
