name,transf,client,payoff,total
test_month_sac_gen_J_l_0,979.8572393836123,1468.334912,149.17516390639216,339.30250870999555
