name,transf,client,payoff,total
train_month_sac_gen_I_l_181,2044.950624570233,4306.918592,422.3108412815719,1839.657126148195
