name,transf,client,payoff,total
val_month_sac_gen_J_v_71,659.6792114292499,1488.30912,155.96206259448996,672.66784597626
