name,transf,client,payoff,total
test_month_sac_gen_I_q_292,771.0498596668687,1468.334912,149.17516390639216,548.1098884267392
