name,transf,client,payoff,total
train_month_sac_gen_I_o_271,2137.87472683881,4306.918592,422.3108412815719,1746.733023879618
