name,transf,client,payoff,total
test_month_sac_gen_I_h_0,1116.5725191011165,1468.334912,149.17516390639216,202.58722899249133
