name,transf,client,payoff,total
train_month_sac_gen_J_b_484,2001.289990220139,4306.918592,422.3108412815719,1883.3177604982893
