name,transf,client,payoff,total
test_month_sac_gen_I_q_395,771.7229920268685,1468.334912,149.17516390639216,547.4367560667393
