name,transf,client,payoff,total
train_month_sac_gen_I_i_55,2140.9035179127036,4306.918592,422.3108412815719,1743.7042328057246
