name,transf,client,payoff,total
val_month_sac_c_202,1861.746522409192,2277.450960542104,145.3079860330326,270.39645209987935
