name,transf,client,payoff,total,sessions
test_6month_sac_pred_noise_3c_68,3681.8070401476343,9929.387430399998,889.2877424740021,5358.292647778362,df_elaad_preproc_l6months.csv
