name,transf,client,payoff,total
test_month_sac_gen_J_w_454,581.3542955673598,1468.334912,148.50825484764397,738.4723615849962
