name,transf,client,payoff,total,sessions
test_6month_sac_pred_noise_3d_143,4492.962861508535,9929.387430399998,889.2877424740021,4547.136826417462,df_elaad_preproc_l6months.csv
