name,transf,client,payoff,total
test_month_sac_gen_J_q_72,708.4386755759168,1468.334912,149.17516390639216,610.721072517691
