name,transf,client,payoff,total
test_month_sac_gen_J_u_363,596.6691453403641,1468.334912,148.50825484764397,723.157511811992
