name,transf,client,payoff,total
val_month_sac_gen_J_n_486,576.7542665443405,1488.30912,159.56135988924024,751.9934935664191
