name,transf,client,payoff,total,sessions
test_6month_sac_pred_noise_4d_145,4506.1854346518485,9929.387430399998,891.2211003728393,4531.980895375311,df_elaad_preproc_l6months.csv
