name,transf,client,payoff,total
test_month_sac_gen_I_b_165,705.6507841881197,1468.334912,149.17516390639216,613.5089639054881
