name,transf,client,payoff,total
train_month_sac_gen_J_o_456,2014.4763529759425,4306.918592,422.3108412815719,1870.1313977424857
