name,transf,client,payoff,total,sessions
test_6month_sac_gen_5m_18,3414.382031511183,9929.387430399998,881.6875054342313,5633.317893454585,df_elaad_preproc_l6months.csv
