name,transf,client,payoff,total,sessions
test_6month_sac_pred_noise_2a_166,2766.0637126013626,9929.387430399998,897.4875555656347,6265.836162233001,df_elaad_preproc_l6months.csv
