name,transf,client,payoff,total
val_month_sac_c_636,1823.4059726164467,2277.450960542104,145.3079860330326,308.73700189262473
