name,transf,client,payoff,total,sessions
test_6month_sac_gen_k_220,2840.1778564350943,9929.387430399998,886.8210602299855,6202.388513734919,df_elaad_preproc_l6months.csv
