name,transf,client,payoff,total
train_month_sac_gen_I_c_260,2066.2622852565937,4306.918592,422.3108412815719,1818.3454654618345
