name,transf,client,payoff,total
val_month_sac_gen_J_r_67,666.7524673517512,1488.30912,159.56135988924024,661.9952927590084
