name,transf,client,payoff,total
month_sac_IX_h,1236.2370331995837,1469.5622144,137.61451646644622,95.71066473396996
