name,transf,client,payoff,total
train_month_sac_gen_I_e_257,2051.9286790973147,4306.918592,417.9096673275943,1837.0802455750909
