name,transf,client,payoff,total
train_month_sac_gen_I_n_346,1893.7671459166568,4306.918592,422.3108412815719,1990.8406048017714
