name,transf,client,payoff,total,sessions
test_6month_sac_pred_noise_3a_250,2931.0296829411973,9929.387430399998,889.2877424740021,6109.070004984799,df_elaad_preproc_l6months.csv
