name,transf,client,payoff,total
test_month_sac_gen_c_21,712.6224084403423,1488.30912,159.56135988924024,616.1253516704173
