name,transf,client,payoff,total
test_month_sac_gen_I_l_67,721.0156712731437,1468.334912,149.17516390639216,598.1440768204642
