name,transf,client,payoff,total
val_month_sac_gen_J_g_367,638.8075082398565,1488.30912,159.56135988924024,689.9402518709032
