name,transf,client,payoff,total
val_month_sac_gen_I_h_264,641.7724432353984,1488.30912,159.56135988924024,686.9753168753612
