name,transf,client,payoff,total
train_month_sac_gen_I_b_40,2134.446976271748,4306.918592,422.3108412815719,1750.16077444668
