name,transf,client,payoff,total
val_month_sac_gen_J_o_293,652.8765223510283,1488.30912,159.56135988924024,675.8712377597315
