name,transf,client,payoff,total,sessions
test_6month_sac_gen_h_8,3760.281827268099,9929.387430399998,886.8210602299855,5282.284542901914,df_elaad_preproc_l6months.csv
