name,transf,client,payoff,total
val_month_sac_gen_I_e_392,601.5359470411757,1488.30912,155.96206259448996,730.8111103643341
