name,transf,client,payoff,total
train_month_sac_gen_I_h_154,2046.8864422635897,4306.918592,422.3108412815719,1837.7213084548384
