name,transf,client,payoff,total
val_month_sac_gen_I_w_428,659.6967004456317,1488.30912,159.56135988924024,669.0510596651279
