name,transf,client,payoff,total
test_month_sac_gen_J_m_214,685.5491732599827,1468.334912,149.17516390639216,633.6105748336252
