name,transf,client,payoff,total
train_month_sac_gen_I_x_111,-6434.626085649081,4306.918592,421.04415329969436,10320.500524349387
