name,transf,client,payoff,total,sessions
test_6month_sac_gen_d_133,2848.288396146646,9929.387430399998,886.8210602299855,6194.277974023367,df_elaad_preproc_l6months.csv
