name,transf,client,payoff,total
test_month_sac_gen_J_q_305,687.4086285862638,1468.334912,149.17516390639216,631.751119507344
