name,transf,client,payoff,total
val_month_sac_gen_I_h_69,667.9558081458608,1488.30912,159.56135988924024,660.7919519648988
