name,transf,client,payoff,total
test_month_sac_gen_J_x_275,737.6337738210602,1468.334912,149.17516390639216,581.5259742725476
