name,transf,client,payoff,total
test_month_sac_gen_I_d_192,672.1617051103754,1468.334912,149.17516390639216,646.9980429832325
