name,transf,client,payoff,total
test_month_sac_gen_I_e_25,687.8864593644512,1468.334912,148.50825484764397,631.9401977879049
