name,transf,client,payoff,total
test_month_sac_gen_I_s_160,691.5932323606439,1468.334912,149.17516390639216,627.5665157329639
