name,transf,client,payoff,total,sessions
test_6month_sac_gen_2n_122,2950.430880294646,9929.387430399998,886.8210602299855,6092.135489875367,df_elaad_preproc_l6months.csv
