name,transf,client,payoff,total
val_month_sac_gen_I_t_175,701.4290180108096,1488.30912,159.56135988924024,627.31874209995
