name,transf,client,payoff,total
val_month_sac_gen_J_t_353,592.804097214896,1488.30912,155.96206259448996,739.5429601906139
