name,transf,client,payoff,total
test_month_sac_gen_I_b_31,739.2658740634707,1468.334912,149.17516390639216,579.8938740301371
