name,transf,client,payoff,total
train_month_sac_gen_I_x_400,-6684.084447723368,4306.918592,423.37737693028595,10567.625662793082
