name,transf,client,payoff,total,sessions
test_6month_sac_gen_k_40,3240.594810589406,9929.387430399998,886.8210602299855,5801.9715595806065,df_elaad_preproc_l6months.csv
