name,transf,client,payoff,total
val_month_sac_gen_I_j_379,651.3300858058876,1488.30912,159.56135988924024,677.417674304872
