name,transf,client,payoff,total
val_month_sac_gen_J_k_43,643.2606717463939,1488.30912,159.56135988924024,685.4870883643657
