name,transf,client,payoff,total,sessions
test_6month_sac_pred_noise_4d_152,4445.480471353996,9929.387430399998,891.2211003728393,4592.685858673163,df_elaad_preproc_l6months.csv
