name,transf,client,payoff,total
train_month_sac_gen_I_z_147,193.6735386418934,4306.918592,419.71001680063966,3693.5350365574673
