name,transf,client,payoff,total
test_month_sac_gen_I_a_107,707.4207517034347,1468.334912,149.17516390639216,611.7389963901732
