name,transf,client,payoff,total
val_month_sac_gen_J_i_60,692.2800387709891,1488.30912,159.56135988924024,636.4677213397706
