name,transf,client,payoff,total
test_month_sac_c_528,1023.3542335758727,1469.5622144,135.21440678133106,310.9935740427961
