name,transf,client,payoff,total
val_month_sac_gen_G_b_29,699.3548778090477,1488.30912,159.09496226131247,629.8592799296397
