name,transf,client,payoff,total,sessions
test_6month_sac_gen_j_187,2979.7693675591527,9929.387430399998,886.8210602299855,6062.79700261086,df_elaad_preproc_l6months.csv
