name,transf,client,payoff,total,sessions
test_6month_sac_pred_noise_2e_190,5275.403644099852,9929.387430399998,897.4875555656347,3756.496230734512,df_elaad_preproc_l6months.csv
