name,transf,client,payoff,total,sessions
test_6month_sac_gen_3m_14,4038.970526231863,9929.387430399998,889.2877424740021,5001.1291616941335,df_elaad_preproc_l6months.csv
