name,transf,client,payoff,total,sessions
test_6month_sac_pred_noise_5e_175,5206.823352730521,9929.387430399998,881.6875054342313,3840.876572235246,df_elaad_preproc_l6months.csv
