name,transf,client,payoff,total
test_month_sac_gen_d_47,894.3647943788048,1488.30912,159.56135988924024,434.3829657319548
