name,transf,client,payoff,total
train_month_sac_gen_J_o_56,2180.1793677880737,4306.918592,422.3108412815719,1704.4283829303545
