name,transf,client,payoff,total
test_month_sac_gen_J_h_476,737.6711584600615,1468.334912,149.17516390639216,581.4885896335463
