name,transf,client,payoff,total
val_month_sac_gen_J_o_182,654.5121754055103,1488.30912,159.56135988924024,674.2355847052493
