name,transf,client,payoff,total,sessions
test_6month_sac_gen_2l_69,3089.7937332265674,9929.387430399998,886.8210602299855,5952.772636943446,df_elaad_preproc_l6months.csv
