name,transf,client,payoff,total
train_month_sac_gen_f_34,1120.9377823216137,2818.609472,264.68204954227156,1432.9896401361148
