name,transf,client,payoff,total
train_month_sac_gen_J_g_5,2348.893447005077,4306.918592,422.3108412815719,1535.714303713351
