name,transf,client,payoff,total
train_month_sac_gen_J_r_142,2054.0848060417675,4306.918592,422.3108412815719,1830.5229446766607
