name,transf,client,payoff,total
val_month_sac_gen_J_b_89,669.8348884498673,1488.30912,159.56135988924024,658.9128716608923
