name,transf,client,payoff,total
val_month_sac_gen_I_u_146,656.0039088296346,1488.30912,159.56135988924024,672.743851281125
