name,transf,client,payoff,total
train_month_sac_gen_I_p_422,2173.648053691449,4306.918592,422.3108412815719,1710.959697026979
