name,transf,client,payoff,total
val_month_sac_gen_I_a_215,658.4093740481891,1488.30912,159.56135988924024,670.3383860625706
