name,transf,client,payoff,total
test_month_sac_gen_I_a_115,707.0966098908369,1468.334912,149.17516390639216,612.0631382027709
