name,transf,client,payoff,total,sessions
test_6month_sac_gen_2n_107,2907.7448885650974,9929.387430399998,886.8210602299855,6134.821481604915,df_elaad_preproc_l6months.csv
