name,transf,client,payoff,total
train_month_sac_gen_J_p_477,2012.7141249317085,4306.918592,422.3108412815719,1871.89362578672
