name,transf,client,payoff,total
val_month_sac_gen_I_p_123,713.0576098817066,1488.30912,159.56135988924024,615.690150229053
