name,transf,client,payoff,total,sessions
test_6month_sac_gen_2n_152,2914.338194270889,9929.387430399998,886.8210602299855,6128.228175899123,df_elaad_preproc_l6months.csv
