name,transf,client,payoff,total,sessions
test_6month_sac_pred_noise_1a_100,3063.2492222763835,9929.387430399998,893.2217503396156,5972.916457783999,df_elaad_preproc_l6months.csv
