name,transf,client,payoff,total
train_month_sac_gen_I_a_324,2027.1855701745071,4306.918592,422.3108412815719,1857.422180543921
