name,transf,client,payoff,total
train_month_sac_gen_J_f_474,1996.3391521917947,4306.918592,422.3108412815719,1888.2685985266335
