name,transf,client,payoff,total
test_month_sac_gen_I_h_355,703.5118203875872,1468.334912,149.17516390639216,615.6479277060206
