name,transf,client,payoff,total
val_month_sac_gen_J_o_317,647.1125438854871,1488.30912,159.56135988924024,681.6352162252726
