name,transf,client,payoff,total
val_month_sac_gen_I_t_79,719.705554629234,1488.30912,159.56135988924024,609.0422054815256
