name,transf,client,payoff,total
val_month_sac_gen_I_k_272,643.9943684561049,1488.30912,159.56135988924024,684.7533916546547
