name,transf,client,payoff,total
val_month_sac_gen_J_u_163,581.6576731561081,1488.30912,155.96206259448996,750.6893842494019
