name,transf,client,payoff,total
train_month_sac_gen_I_p_116,2229.0704435545854,4306.918592,422.3108412815719,1655.5373071638428
