name,transf,client,payoff,total
val_month_sac_gen_I_e_106,630.9903762577665,1488.30912,155.96206259448996,701.3566811477435
