name,transf,client,payoff,total
train_month_sac_gen_I_k_219,2019.4701958007095,4306.918592,422.3108412815719,1865.1375549177187
