name,transf,client,payoff,total,sessions
test_6month_sac_gen_j_291,3032.3523320474355,9929.387430399998,886.8210602299855,6010.214038122576,df_elaad_preproc_l6months.csv
