name,transf,client,payoff,total,sessions
test_6month_sac_pred_noise_4a_56,3042.2873347223203,9929.387430399998,891.2211003728393,5995.878995304839,df_elaad_preproc_l6months.csv
