name,transf,client,payoff,total,sessions
test_6month_sac_gen_g_47,3194.0547407324657,9929.387430399998,886.8210602299855,5848.5116294375475,df_elaad_preproc_l6months.csv
