name,transf,client,payoff,total
val_month_sac_gen_I_e_395,601.2925075521362,1488.30912,155.96206259448996,731.0545498533738
