name,transf,client,payoff,total
test_month_sac_gen_J_o_113,701.6895472978819,1468.334912,149.17516390639216,617.470200795726
