name,transf,client,payoff,total
test_month_sac_gen_I_a_176,698.6352014452766,1468.334912,149.17516390639216,620.5245466483312
