name,transf,client,payoff,total,sessions
test_6month_sac_gen_a_55,3005.8501092345223,9929.387430399998,886.8210602299855,6036.716260935491,df_elaad_preproc_l6months.csv
