name,transf,client,payoff,total
train_month_sac_gen_J_k_29,2053.1882757549147,4306.918592,422.3108412815719,1831.4194749635135
