name,transf,client,payoff,total
train_month_sac_gen_I_m_371,1979.2558242960076,4306.918592,422.3108412815719,1905.3519264224205
