name,transf,client,payoff,total
train_month_sac_gen_c_24,-1778.5130465367822,1469.5622144,139.69463983372071,3108.380621103061
