name,transf,client,payoff,total
val_month_sac_gen_J_h_136,670.8915282721216,1488.30912,159.56135988924024,657.856231838638
