name,transf,client,payoff,total
val_month_sac_gen_I_g_340,798.6211712905283,1488.30912,159.56135988924024,530.1265888202313
