name,transf,client,payoff,total
test_month_sac_gen_I_r_484,637.2744575975631,1468.334912,149.17516390639216,681.8852904960447
