name,transf,client,payoff,total,sessions
test_6month_sac_gen_5m_136,2939.2620429176677,9929.387430399998,886.8210602299855,6103.304327252345,df_elaad_preproc_l6months.csv
