name,transf,client,payoff,total,sessions
test_6month_sac_pred_noise_3e_122,5094.0816203996355,9929.387430399998,889.2877424740021,3946.0180675263605,df_elaad_preproc_l6months.csv
