name,transf,client,payoff,total,sessions
test_6month_sac_pred_noise_4b_114,3225.0959719518073,9929.387430399998,891.2211003728393,5813.0703580753525,df_elaad_preproc_l6months.csv
