name,transf,client,payoff,total
val_month_sac_gen_J_o_170,657.2313340121262,1488.30912,159.56135988924024,671.5164260986335
