name,transf,client,payoff,total
val_month_sac_gen_J_j_287,606.732011073419,1488.30912,159.56135988924024,722.0157490373406
