name,transf,client,payoff,total
train_month_sac_gen_J_n_38,2347.8659606170845,4306.918592,422.3108412815719,1536.7417901013437
