name,transf,client,payoff,total
test_month_sac_gen_I_i_122,732.4527793777429,1468.334912,149.17516390639216,586.706968715865
