name,transf,client,payoff,total
test_month_sac_gen_J_q_113,707.4547792321425,1468.334912,149.17516390639216,611.7049688614653
