name,transf,client,payoff,total
test_month_sac_gen_J_w_395,584.2529809111579,1468.334912,148.50825484764397,735.5736762411982
