name,transf,client,payoff,total,sessions
test_6month_sac_pred_noise_1e_170,5398.300597127138,9929.387430399998,893.2217503396156,3637.865082933245,df_elaad_preproc_l6months.csv
