name,transf,client,payoff,total,sessions
test_6month_sac_pred_noise_4d_167,4416.328840202268,9929.387430399998,891.2211003728393,4621.837489824891,df_elaad_preproc_l6months.csv
