name,transf,client,payoff,total
val_month_sac_gen_I_y_142,675.3341848135138,1488.30912,159.56135988924024,653.4135752972459
