name,transf,client,payoff,total
val_month_sac_c_827,1839.5780208738715,2277.450960542104,145.3079860330326,292.56495363519986
