name,transf,client,payoff,total
val_month_sac_gen_I_w_370,663.6126046910998,1488.30912,159.56135988924024,665.1351554196599
