name,transf,client,payoff,total
train_month_sac_c_271,1067.5371938616358,2289.492687923877,157.2012507240518,1064.7542433381893
