name,transf,client,payoff,total,sessions
test_6month_sac_gen_4m_71,3007.8521882717005,9929.387430399998,886.8210602299855,6034.714181898313,df_elaad_preproc_l6months.csv
