name,transf,client,payoff,total,sessions
test_6month_sac_pred_noise_5e_116,5166.265237371677,9929.387430399998,881.6875054342313,3881.4346875940896,df_elaad_preproc_l6months.csv
