name,transf,client,payoff,total
val_month_sac_gen_J_d_86,678.6690985831801,1488.30912,159.56135988924024,650.0786615275795
