name,transf,client,payoff,total
val_month_sac_gen_I_n_249,603.1286558323861,1488.30912,159.56135988924024,725.6191042783735
