name,transf,client,payoff,total
test_month_sac_gen_J_j_323,629.9496048159873,1468.334912,149.17516390639216,689.2101432776205
