name,transf,client,payoff,total
val_month_sac_gen_I_p_455,703.8224725857331,1488.30912,159.56135988924024,624.9252875250265
