name,transf,client,payoff,total
train_month_sac_gen_J_h_134,2113.7352275318813,4306.918592,422.3108412815719,1770.872523186547
