name,transf,client,payoff,total
train_month_sac_gen_I_m_271,2009.796553741517,4306.918592,422.3108412815719,1874.811196976911
