name,transf,client,payoff,total,sessions
test_6month_sac_pred_noise_1d_284,4502.932121828135,9929.387430399998,893.2217503396156,4533.233558232248,df_elaad_preproc_l6months.csv
