name,transf,client,payoff,total
val_month_sac_gen_J_n_391,582.7020385668922,1488.30912,159.56135988924024,746.0457215438676
