name,transf,client,payoff,total
test_month_sac_gen_J_m_447,655.1500160344228,1468.334912,149.17516390639216,664.009732059185
