name,transf,client,payoff,total
val_month_sac_gen_I_p_144,714.8399206917018,1488.30912,159.56135988924024,613.9078394190578
