name,transf,client,payoff,total
val_month_sac_gen_c_8,719.5429360511188,1349.0472576000002,118.32161810264896,511.1827034462325
