name,transf,client,payoff,total
val_month_sac_gen_J_k_146,591.6769522055786,1488.30912,159.56135988924024,737.070807905181
