name,transf,client,payoff,total
test_month_sac_gen_I_j_371,711.3555562355856,1468.334912,149.17516390639216,607.8041918580223
