name,transf,client,payoff,total
val_month_sac_gen_I_v_153,652.8144777072549,1488.30912,159.56135988924024,675.9332824035048
