name,transf,client,payoff,total
train_month_sac_gen_I_b_295,1972.249224339987,4306.918592,422.3108412815719,1912.3585263784412
