name,transf,client,payoff,total
val_month_sac_gen_I_e_457,602.2997537766165,1488.30912,155.96206259448996,730.0473036288934
