name,transf,client,payoff,total
test_month_sac_gen_I_y_363,677.5548988053738,1468.334912,149.17516390639216,641.604849288234
