name,transf,client,payoff,total
test_month_sac_gen_J_v_400,613.3811512627799,1468.334912,148.50825484764397,706.4455058895762
