name,transf,client,payoff,total,sessions
test_6month_sac_gen_1m_84,3174.7858933246043,9929.387430399998,893.2217503396156,5861.379786735778,df_elaad_preproc_l6months.csv
