name,transf,client,payoff,total
val_month_sac_gen_I_q_210,745.346128177244,1488.30912,159.56135988924024,583.4016319335155
