name,transf,client,payoff,total
val_month_sac_gen_J_z_59,675.186549151678,1488.30912,155.96206259448996,657.160508253832
