name,transf,client,payoff,total
train_month_sac_gen_d_28,1283.431475846848,1469.5622144,140.6275667868958,45.5031717662562
