name,transf,client,payoff,total
test_month_sac_gen_I_e_285,629.7091263402972,1468.334912,148.50825484764397,690.1175308120589
