name,transf,client,payoff,total
val_month_sac_gen_I_z_60,711.6101213768304,1488.30912,159.56135988924024,617.1376387339292
