name,transf,client,payoff,total
test_month_sac_gen_I_k_238,700.2539847056591,1468.334912,149.17516390639216,618.9057633879487
