name,transf,client,payoff,total,sessions
test_6month_sac_gen_1m_73,3228.5187863599513,9929.387430399998,886.8210602299855,5814.047583810061,df_elaad_preproc_l6months.csv
