name,transf,client,payoff,total
train_month_sac_gen_I_p_263,2196.4682915014637,4306.918592,422.3108412815719,1688.1394592169645
