name,transf,client,payoff,total
test_month_sac_gen_I_v_295,682.0190459194691,1468.334912,149.17516390639216,637.1407021741387
