name,transf,client,payoff,total,sessions
test_6month_sac_gen_4m_64,2989.604684572062,9929.387430399998,886.8210602299855,6052.961685597951,df_elaad_preproc_l6months.csv
