name,transf,client,payoff,total
train_month_sac_c_958,1028.7183676117102,2289.492687923877,157.2012507240518,1103.573069588115
