name,transf,client,payoff,total,sessions
test_6month_sac_pred_noise_4b_135,3148.3565106961933,9929.387430399998,891.2211003728393,5889.809819330966,df_elaad_preproc_l6months.csv
