name,transf,client,payoff,total,sessions
train_month_sac_gen_G_d_69,599.9946289029833,1349.0472576000002,120.52136270471959,628.5312659922972,df_elaad_preproc_feb.csv
