name,transf,client,payoff,total
train_month_sac_gen_J_h_146,2102.3710847616003,4306.918592,422.3108412815719,1782.236665956828
