name,transf,client,payoff,total,sessions
test_6month_sac_pred_noise_1b_136,3088.9597418049807,9929.387430399998,893.2217503396156,5947.205938255402,df_elaad_preproc_l6months.csv
