name,transf,client,payoff,total
month_sac_IX_h,1184.469531141899,1469.5622144,140.0807301380354,145.0119531200654
