name,transf,client,payoff,total
val_month_sac_gen_J_g_8,733.7306342520363,1488.30912,159.56135988924024,595.0171258587234
