name,transf,client,payoff,total
train_month_sac_gen_J_n_493,1781.7635805059772,4306.918592,422.3108412815719,2102.844170212451
