name,transf,client,payoff,total
train_month_sac_gen_I_j_301,2033.2590690912473,4306.918592,422.3108412815719,1851.3486816271807
