name,transf,client,payoff,total
val_month_sac_gen_J_y_171,672.282689485043,1488.30912,155.96206259448996,660.064367920467
