name,transf,client,payoff,total
train_month_sac_gen_e_8,1609.0678591352353,2818.609472,261.7490484163678,947.792564448397
