name,transf,client,payoff,total
train_month_sac_gen_I_e_291,2040.9722434825485,4306.918592,417.9096673275943,1848.036681189857
