name,transf,client,payoff,total
test_month_sac_gen_J_f_431,657.8429092020734,1468.334912,149.17516390639216,661.3168388915344
