name,transf,client,payoff,total
train_month_sac_gen_I_s_97,1725.833769514335,4306.918592,422.3108412815719,2158.773981204093
