name,transf,client,payoff,total
test_month_sac_gen_J_f_27,699.476680322737,1468.334912,149.17516390639216,619.6830677708708
