name,transf,client,payoff,total
month_sac_IX_g,1161.3932178497234,1469.5622144,138.94788746945426,169.2211090808222
