name,transf,client,payoff,total,sessions
train_month_sac_pred_noise_c_154,899.4048037328228,1349.0472576000002,123.45410306877011,326.1883507984073,df_elaad_preproc_feb.csv
