name,transf,client,payoff,total
train_month_sac_gen_I_h_297,2011.700607827405,4306.918592,422.3108412815719,1872.9071428910229
