name,transf,client,payoff,total
train_month_sac_gen_J_z_42,580.0864379613998,1349.0472576000002,120.9208020079624,648.040017630638
