name,transf,client,payoff,total
val_month_sac_gen_I_n_209,607.9656564607619,1488.30912,159.56135988924024,720.7821036499977
