name,transf,client,payoff,total
train_month_sac_gen_I_a_88,2136.7905018472893,4306.918592,422.3108412815719,1747.8172488711389
