name,transf,client,payoff,total
test_month_sac_gen_I_i_61,734.9003619252051,1468.334912,149.17516390639216,584.2593861684028
