name,transf,client,payoff,total
train_month_sac_gen_I_i_251,2065.909372856205,4306.918592,422.3108412815719,1818.698377862223
