name,transf,client,payoff,total,sessions
test_6month_sac_gen_1m_104,2911.3540020468567,9929.387430399998,886.8210602299855,6131.212368123155,df_elaad_preproc_l6months.csv
