name,transf,client,payoff,total
test_month_sac_gen_J_k_139,639.056348188719,1468.334912,149.17516390639216,680.1033999048889
