name,transf,client,payoff,total
test_month_sac_gen_I_q_129,778.611440397537,1468.334912,149.17516390639216,540.5483076960709
