name,transf,client,payoff,total
test_month_sac_gen_J_b_73,728.5193272488065,1468.334912,149.17516390639216,590.6404208448014
