name,transf,client,payoff,total
test_month_sac_gen_J_b_274,684.2276887203257,1468.334912,149.17516390639216,634.9320593732822
