name,transf,client,payoff,total
val_month_sac_gen_J_l_8,767.7254323971731,1488.30912,159.56135988924024,561.0223277135865
