name,transf,client,payoff,total
val_month_sac_gen_J_n_350,593.2506056419414,1488.30912,159.56135988924024,735.4971544688183
