name,transf,client,payoff,total
test_month_sac_gen_I_g_443,858.3072673862255,1468.334912,149.17516390639216,460.85248070738237
