name,transf,client,payoff,total
test_month_sac_gen_J_g_239,681.8586952819953,1468.334912,149.17516390639216,637.3010528116125
