name,transf,client,payoff,total
val_month_sac_gen_I_i_390,653.718312907203,1488.30912,159.56135988924024,675.0294472035566
