name,transf,client,payoff,total,sessions
test_6month_sac_pred_noise_4e_158,5152.895178485554,9929.387430399998,891.2211003728393,3885.2711515416045,df_elaad_preproc_l6months.csv
