name,transf,client,payoff,total,sessions
test_6month_sac_gen_3m_131,2941.17757828681,9929.387430399998,886.8210602299855,6101.388791883202,df_elaad_preproc_l6months.csv
