name,transf,client,payoff,total,sessions
test_6month_sac_gen_5l_238,2818.5362854633518,9929.387430399998,886.8210602299855,6224.030084706661,df_elaad_preproc_l6months.csv
