name,transf,client,payoff,total
val_month_sac_gen_b_84,646.0644043914683,1349.0472576000002,118.32161810264896,584.661235105883
