name,transf,client,payoff,total
train_month_sac_gen_I_u_314,-115.84193650062826,4306.918592,422.3108412815719,4000.4496872190566
