name,transf,client,payoff,total
test_month_sac_gen_I_l_11,813.9565602022219,1468.334912,149.17516390639216,505.20318789138594
