name,transf,client,payoff,total
val_month_sac_gen_I_e_109,626.982864071378,1488.30912,155.96206259448996,705.3641933341319
