name,transf,client,payoff,total
val_month_sac_gen_J_u_482,541.0809218624001,1488.30912,155.96206259448996,791.2661355431098
