name,transf,client,payoff,total
train_month_sac_gen_J_e_493,2031.4073569157754,4306.918592,422.3108412815719,1853.2003938026528
