name,transf,client,payoff,total
test_month_sac_gen_J_b_21,757.7526807141876,1468.334912,149.17516390639216,561.4070673794203
