name,transf,client,payoff,total
val_month_sac_gen_I_s_117,676.5718661165221,1488.30912,159.56135988924024,652.1758939942376
