name,transf,client,payoff,total,sessions
test_6month_sac_pred_noise_2b_117,3061.624249250188,9929.387430399998,897.4875555656347,5970.275625584176,df_elaad_preproc_l6months.csv
