name,transf,client,payoff,total
val_month_sac_c_201,1867.7181427509515,2277.450960542104,145.3079860330326,264.42483175811986
