name,transf,client,payoff,total,sessions
test_6month_sac_gen_f_65,3064.0939106325095,9929.387430399998,886.8210602299855,5978.472459537503,df_elaad_preproc_l6months.csv
