name,transf,client,payoff,total
train_month_sac_gen_I_b_375,1973.4648947484382,4306.918592,422.3108412815719,1911.1428559699898
