name,transf,client,payoff,total
test_month_sac_gen_J_c_428,674.6612209352679,1468.334912,149.17516390639216,644.4985271583399
