name,transf,client,payoff,total
train_month_sac_gen_I_r_223,1968.1854078630508,4306.918592,418.0436307839677,1920.6895533529814
