name,transf,client,payoff,total
train_month_sac_gen_J_h_457,2033.2491470017844,4306.918592,422.3108412815719,1851.3586037166438
