name,transf,client,payoff,total,sessions
test_6month_sac_gen_1m_65,3257.952555029873,9929.387430399998,886.8210602299855,5784.613815140139,df_elaad_preproc_l6months.csv
