name,transf,client,payoff,total
train_month_sac_gen_J_j_205,1864.9099492750381,4306.918592,422.3108412815719,2019.6978014433898
