name,transf,client,payoff,total
train_month_sac_gen_I_l_316,2018.014220990964,4306.918592,422.3108412815719,1866.593529727464
