name,transf,client,payoff,total
train_month_sac_gen_I_e_298,2048.7592891132,4306.918592,417.9096673275943,1840.2496355592057
