name,transf,client,payoff,total
train_month_sac_gen_I_f_234,2096.2870937645057,4306.918592,421.11038371791597,1789.5211145175783
