name,transf,client,payoff,total
test_month_sac_gen_J_c_69,720.4009838679517,1468.334912,149.17516390639216,598.7587642256561
