name,transf,client,payoff,total
test_month_sac_gen_I_c_144,708.0270554031174,1468.334912,149.17516390639216,611.1326926904904
