name,transf,client,payoff,total,sessions
test_6month_sac_gen_c_123,2962.6850257499846,9929.387430399998,886.8210602299855,6079.881344420028,df_elaad_preproc_l6months.csv
