name,transf,client,payoff,total
test_month_sac_gen_I_o_369,727.3641855619994,1468.334912,149.17516390639216,591.7955625316084
