name,transf,client,payoff,total
test_month_sac_gen_I_p_215,770.5512656278706,1468.334912,149.17516390639216,548.6084824657372
