name,transf,client,payoff,total
val_month_sac_gen_J_e_427,653.4177679702201,1488.30912,159.56135988924024,675.3299921405396
