name,transf,client,payoff,total
val_month_sac_gen_J_b_75,671.0571763804684,1488.30912,159.56135988924024,657.6905837302913
