name,transf,client,payoff,total
train_month_sac_gen_I_o_118,2174.6990954521766,4306.918592,422.3108412815719,1709.9086552662516
