name,transf,client,payoff,total
train_month_sac_gen_J_d_91,2113.683527730857,4306.918592,422.3108412815719,1770.9242229875713
