name,transf,client,payoff,total
test_month_sac_gen_J_n_140,719.06616260283,1468.334912,149.17516390639216,600.0935854907779
