name,transf,client,payoff,total
test_month_sac_gen_J_n_148,700.167659980526,1468.334912,149.17516390639216,618.9920881130819
