name,transf,client,payoff,total
test_month_sac_gen_I_b_224,696.7919823980836,1468.334912,149.17516390639216,622.3677656955242
