name,transf,client,payoff,total,sessions
test_6month_sac_gen_1n_22,3351.812832315685,9929.387430399998,886.8210602299855,5690.753537854327,df_elaad_preproc_l6months.csv
