name,transf,client,payoff,total
val_month_sac_gen_G_a_3,833.5626690932677,1488.30912,155.96206259448996,498.78438831224224
