name,transf,client,payoff,total
train_month_sac_gen_I_h_112,2057.2418411506997,4306.918592,422.3108412815719,1827.3659095677285
