name,transf,client,payoff,total
test_month_sac_gen_G_a_207,667.9248063045451,1468.334912,148.50825484764397,651.9018508478109
