name,transf,client,payoff,total
val_month_sac_gen_I_q_378,733.180639763371,1488.30912,159.56135988924024,595.5671203473887
