name,transf,client,payoff,total
test_month_sac_gen_a_79,767.0112255415418,1488.30912,159.56135988924024,561.7365345692178
