name,transf,client,payoff,total,sessions
test_6month_sac_pred_noise_2b_144,3041.4875410317795,9929.387430399998,897.4875555656347,5990.412333802584,df_elaad_preproc_l6months.csv
