name,transf,client,payoff,total
test_month_sac_gen_J_h_341,737.0772756790726,1468.334912,149.17516390639216,582.0824724145352
