name,transf,client,payoff,total
val_month_sac_gen_J_o_210,650.1489524963378,1488.30912,159.56135988924024,678.598807614422
