name,transf,client,payoff,total
test_month_sac_gen_I_b_474,703.1886197274143,1468.334912,149.17516390639216,615.9711283661935
