name,transf,client,payoff,total
test_month_sac_c_759,1020.3988805951108,1469.5622144,135.21440678133106,313.9489270235581
