name,transf,client,payoff,total
train_month_sac_gen_G_a_143,640.7101954246577,1488.30912,156.22812575934807,691.370798815994
