name,transf,client,payoff,total
val_month_sac_gen_J_k_352,568.082698208811,1488.30912,159.56135988924024,760.6650619019485
