name,transf,client,payoff,total
val_month_sac_gen_J_c_111,704.7984458281272,1488.30912,159.56135988924024,623.9493142826325
