name,transf,client,payoff,total
train_month_sac_gen_J_j_413,1835.1499278629308,4306.918592,422.3108412815719,2049.4578228554974
