name,transf,client,payoff,total
val_month_sac_gen_J_q_137,663.6571660636957,1488.30912,159.56135988924024,665.0905940470639
