name,transf,client,payoff,total
train_month_sac_gen_I_b_95,2069.3272770993426,4306.918592,422.3108412815719,1815.2804736190856
