name,transf,client,payoff,total
train_month_sac_gen_J_g_443,1999.3811429818106,4306.918592,422.3108412815719,1885.2266077366176
