name,transf,client,payoff,total
train_month_sac_gen_J_r_89,2063.0484965148007,4306.918592,422.3108412815719,1821.5592542036275
