name,transf,client,payoff,total
val_month_sac_gen_I_k_176,665.0481809944304,1488.30912,159.56135988924024,663.6995791163292
