name,transf,client,payoff,total
val_month_sac_gen_J_j_295,604.6512691457866,1488.30912,159.56135988924024,724.0964909649731
