name,transf,client,payoff,total
test_month_sac_gen_G_b_257,632.1609238327316,1468.334912,148.64140204911905,687.5325861181494
