name,transf,client,payoff,total,sessions
test_6month_sac_pred_noise_5b_25,3552.7173756211005,9929.387430399998,881.6875054342313,5494.982549344666,df_elaad_preproc_l6months.csv
