name,transf,client,payoff,total
test_month_sac_gen_J_g_176,687.7276875996174,1468.334912,149.17516390639216,631.4320604939904
