name,transf,client,payoff,total,sessions
test_6month_sac_pred_noise_4a_22,3253.5973017912347,9929.387430399998,891.2211003728393,5784.569028235925,df_elaad_preproc_l6months.csv
