name,transf,client,payoff,total
train_month_sac_gen_I_h_76,2079.7999677820003,4306.918592,422.3108412815719,1804.8077829364279
