name,transf,client,payoff,total
test_month_sac_gen_I_f_30,783.89917292682,1468.334912,147.8419170286109,536.5938220445692
