name,transf,client,payoff,total
test_month_sac_gen_J_f_64,688.8722615352657,1468.334912,149.17516390639216,630.2874865583422
