name,transf,client,payoff,total
test_month_sac_gen_J_p_376,656.4086302885651,1468.334912,149.17516390639216,662.7511178050428
