name,transf,client,payoff,total,sessions
test_6month_sac_gen_k_99,2938.1003326915034,9929.387430399998,886.8210602299855,6104.466037478509,df_elaad_preproc_l6months.csv
