name,transf,client,payoff,total
test_month_sac_gen_d_2,799.444645103423,1488.30912,159.56135988924024,529.3031150073366
