name,transf,client,payoff,total
val_month_sac_gen_J_a_15,742.2058184781765,1488.30912,159.56135988924024,586.5419416325831
