name,transf,client,payoff,total
test_month_sac_gen_I_t_34,730.3190859720479,1468.334912,149.17516390639216,588.84066212156
