name,transf,client,payoff,total
train_month_sac_gen_I_a_489,2022.7777681239427,4306.918592,422.3108412815719,1861.8299825944855
