name,transf,client,payoff,total,sessions
test_6month_sac_pred_noise_4e_103,5142.850028471979,9929.387430399998,891.2211003728393,3895.3163015551795,df_elaad_preproc_l6months.csv
