name,transf,client,payoff,total
val_month_sac_gen_I_y_184,671.9318744931875,1488.30912,159.56135988924024,656.8158856175721
