name,transf,client,payoff,total,sessions
test_6month_sac_gen_1n_19,3457.095667934274,9929.387430399998,886.8210602299855,5585.470702235738,df_elaad_preproc_l6months.csv
