name,transf,client,payoff,total,sessions
test_6month_sac_pred_noise_1b_138,3089.2213436815273,9929.387430399998,893.2217503396156,5946.944336378855,df_elaad_preproc_l6months.csv
