name,transf,client,payoff,total
val_month_sac_gen_I_n_408,595.5954451931705,1488.30912,159.56135988924024,733.1523149175891
