name,transf,client,payoff,total,sessions
test_6month_sac_pred_noise_1e_53,5142.807711170904,9929.387430399998,893.2217503396156,3893.3579688894783,df_elaad_preproc_l6months.csv
