name,transf,client,payoff,total
val_month_sac_gen_J_c_37,755.5977799175947,1488.30912,159.56135988924024,573.149980193165
