name,transf,client,payoff,total
test_month_sac_gen_I_q_299,773.1023878374141,1468.334912,149.17516390639216,546.0573602561938
