name,transf,client,payoff,total
test_month_sac_gen_I_b_201,698.5364733269294,1468.334912,149.17516390639216,620.6232747666785
