name,transf,client,payoff,total
test_sac_gen_a_13,8745.010740399048,18301.238246399997,1736.5228628156017,7819.704643185347
