name,transf,client,payoff,total
val_month_sac_gen_G_b_246,594.4311685616988,1488.30912,159.09496226131247,734.7829891769886
