name,transf,client,payoff,total
val_month_sac_gen_J_p_51,685.4480693130706,1488.30912,159.56135988924024,643.299690797689
