name,transf,client,payoff,total
train_month_sac_gen_J_d_419,2023.089241112104,4306.918592,422.3108412815719,1861.5185096063242
