name,transf,client,payoff,total,sessions
test_6month_sac_pred_noise_4d_115,4487.167436455528,9929.387430399998,891.2211003728393,4550.998893571631,df_elaad_preproc_l6months.csv
