name,transf,client,payoff,total,sessions
test_6month_sac_gen_5l_58,3127.335983534623,9929.387430399998,886.8210602299855,5915.230386635389,df_elaad_preproc_l6months.csv
