name,transf,client,payoff,total,sessions
test_6month_sac_gen_2n_20,4286.238329777798,9929.387430399998,886.8210602299855,4756.3280403922145,df_elaad_preproc_l6months.csv
