name,transf,client,payoff,total,sessions
test_6month_sac_pred_noise_4c_136,3584.8681080588276,9929.387430399998,891.2211003728393,5453.298221968332,df_elaad_preproc_l6months.csv
