name,transf,client,payoff,total
val_month_sac_gen_J_p_33,704.6653687836313,1488.30912,159.56135988924024,624.0823913271283
