name,transf,client,payoff,total
val_month_sac_gen_I_y_379,656.2488118304481,1488.30912,159.56135988924024,672.4989482803117
