name,transf,client,payoff,total
train_month_sac_gen_I_a_154,2060.126285427127,4306.918592,422.3108412815719,1824.481465291301
