name,transf,client,payoff,total,sessions
test_6month_sac_gen_1l_87,2931.9697971525757,9929.387430399998,886.8210602299855,6110.596573017438,df_elaad_preproc_l6months.csv
