name,transf,client,payoff,total
test_month_sac_gen_I_f_231,751.664566047016,1468.334912,147.8419170286109,568.8284289243732
