name,transf,client,payoff,total
train_month_sac_gen_J_n_66,2116.066065895251,4306.918592,422.3108412815719,1768.541684823177
