name,transf,client,payoff,total
train_month_sac_gen_J_c_390,2031.8958147024778,4306.918592,422.3108412815719,1852.7119360159504
