name,transf,client,payoff,total
test_month_sac_gen_I_v_469,686.6292479029398,1468.334912,149.17516390639216,632.530500190668
