name,transf,client,payoff,total,sessions
test_6month_sac_pred_noise_1b_42,3251.0460256045744,9929.387430399998,893.2217503396156,5785.119654455808,df_elaad_preproc_l6months.csv
