name,transf,client,payoff,total
train_month_sac_gen_I_k_255,2018.5768184829597,4306.918592,422.3108412815719,1866.0309322354688
