name,transf,client,payoff,total
val_month_sac_gen_I_o_124,705.6244565959483,1488.30912,159.56135988924024,623.1233035148114
