name,transf,client,payoff,total
train_month_sac_gen_J_p_164,2025.1666475632176,4306.918592,422.3108412815719,1859.4411031552108
