name,transf,client,payoff,total
month_sac_IX_g,1466.5963711041895,1469.5622144,136.88123387697084,-133.91539058116047
