name,transf,client,payoff,total
train_month_sac_gen_e_46,1361.4197781864796,2818.609472,261.7490484163678,1195.4406453971528
