name,transf,client,payoff,total,sessions
test_6month_sac_pred_noise_3e_150,5434.9810588690425,9929.387430399998,889.2877424740021,3605.1186290569535,df_elaad_preproc_l6months.csv
