name,transf,client,payoff,total
test_month_sac_gen_I_f_427,727.2101161108812,1468.334912,147.8419170286109,593.2828788605079
