name,transf,client,payoff,total
val_month_sac_gen_J_q_362,640.9174889822206,1488.30912,159.56135988924024,687.8302711285392
