name,transf,client,payoff,total
val_month_sac_gen_I_a_265,659.3680679596564,1488.30912,159.56135988924024,669.3796921511032
