name,transf,client,payoff,total,sessions
test_6month_sac_pred_noise_1b_25,3434.0117080817618,9929.387430399998,893.2217503396156,5602.153971978621,df_elaad_preproc_l6months.csv
