name,transf,client,payoff,total
val_month_sac_gen_J_a_476,647.4488132575559,1488.30912,159.56135988924024,681.2989468532037
