name,transf,client,payoff,total
val_month_sac_gen_I_t_220,690.7025344234808,1488.30912,159.56135988924024,638.0452256872788
