name,transf,client,payoff,total
val_month_sac_gen_I_h_367,635.5687968697484,1488.30912,159.56135988924024,693.1789632410112
