name,transf,client,payoff,total
test_month_sac_c_401,1043.0101857606642,1469.5622144,135.21440678133106,291.3376218580047
