name,transf,client,payoff,total
val_month_sac_gen_J_n_301,597.589753617563,1488.30912,159.56135988924024,731.1580064931966
