name,transf,client,payoff,total
test_month_sac_gen_J_a_99,708.357730769303,1468.334912,149.17516390639216,610.8020173243049
