name,transf,client,payoff,total
test_month_sac_gen_I_x_213,748.4209885446292,1468.334912,149.17516390639216,570.7387595489787
