name,transf,client,payoff,total,sessions
test_6month_sac_gen_4m_72,3000.250759209292,9929.387430399998,891.2211003728393,6037.915570817868,df_elaad_preproc_l6months.csv
