name,transf,client,payoff,total
train_month_sac_gen_J_z_254,493.15025019315897,1349.0472576000002,121.12081304141188,734.7761943654293
