name,transf,client,payoff,total
val_month_sac_gen_J_w_95,585.2929346887714,1488.30912,155.96206259448996,747.0541227167384
