name,transf,client,payoff,total
train_month_sac_gen_I_x_194,-7089.110618369681,4306.918592,416.9109886247487,10979.118221744933
