name,transf,client,payoff,total
test_month_sac_gen_I_q_76,772.5736015275731,1468.334912,149.17516390639216,546.5861465660347
