name,transf,client,payoff,total,sessions
test_6month_sac_pred_noise_2b_196,3087.5944912295517,9929.387430399998,897.4875555656347,5944.305383604812,df_elaad_preproc_l6months.csv
