name,transf,client,payoff,total
train_month_sac_gen_I_z_422,485.6380256574831,4306.918592,417.24380312905055,3404.0367632134667
