name,transf,client,payoff,total
test_month_sac_c_584,1007.3136159514033,1469.5622144,135.21440678133106,327.03419166726553
