name,transf,client,payoff,total,sessions
test_6month_sac_gen_d_131,2849.3359199642646,9929.387430399998,886.8210602299855,6193.230450205749,df_elaad_preproc_l6months.csv
