name,transf,client,payoff,total
test_month_sac_gen_J_l_63,765.4161979965681,1468.334912,149.17516390639216,553.7435500970397
