name,transf,client,payoff,total,sessions
test_6month_sac_pred_noise_5d_127,4458.884490857406,9929.387430399998,881.6875054342313,4588.815434108361,df_elaad_preproc_l6months.csv
