name,transf,client,payoff,total,sessions
test_6month_sac_pred_noise_2b_188,3048.9356518286463,9929.387430399998,897.4875555656347,5982.964223005718,df_elaad_preproc_l6months.csv
