name,transf,client,payoff,total
test_month_sac_gen_I_t_451,715.3309875290737,1468.334912,149.17516390639216,603.8287605645342
