name,transf,client,payoff,total
test_month_sac_gen_J_y_98,655.9362495206574,1468.334912,148.50825484764397,663.8904076316987
