name,transf,client,payoff,total
val_month_sac_gen_I_a_185,666.557813656736,1488.30912,159.56135988924024,662.1899464540236
