name,transf,client,payoff,total,sessions
test_6month_sac_gen_2o_31,3284.7855712149053,9929.387430399998,886.8210602299855,5757.7807989551075,df_elaad_preproc_l6months.csv
