name,transf,client,payoff,total
test_month_sac_gen_I_z_409,722.2573368610141,1468.334912,149.17516390639216,596.9024112325937
