name,transf,client,payoff,total
val_month_sac_gen_I_i_74,672.8792366922623,1488.30912,159.56135988924024,655.8685234184973
