name,transf,client,payoff,total
test_month_sac_gen_J_t_312,640.5451428313709,1468.334912,148.50825484764397,679.2815143209853
