name,transf,client,payoff,total
train_month_sac_c_18,1364.715405486927,2289.492687923877,157.2012507240518,767.5760317128982
