name,transf,client,payoff,total
val_month_sac_gen_I_r_269,597.0600321301224,1488.30912,159.56135988924024,731.6877279806372
