name,transf,client,payoff,total
train_month_sac_gen_I_x_399,-8222.752231657783,4306.918592,420.44468831254574,12109.226135345238
