name,transf,client,payoff,total,sessions
test_6month_sac_gen_2n_95,3073.9895814367533,9929.387430399998,886.8210602299855,5968.576788733259,df_elaad_preproc_l6months.csv
