name,transf,client,payoff,total,sessions
test_6month_sac_gen_a_48,3019.503903164451,9929.387430399998,886.8210602299855,6023.062467005562,df_elaad_preproc_l6months.csv
