name,transf,client,payoff,total
test_month_sac_gen_J_e_156,680.7271355937177,1468.334912,149.17516390639216,638.4326124998902
