name,transf,client,payoff,total
val_month_sac_gen_J_j_300,602.3059014551413,1488.30912,159.56135988924024,726.4418586556183
