name,transf,client,payoff,total
test_month_sac_gen_J_u_82,611.0459589603515,1468.334912,148.50825484764397,708.7806981920046
