name,transf,client,payoff,total
train_month_sac_gen_J_i_34,2245.1591469130517,4306.918592,422.3108412815719,1639.4486038053765
