name,transf,client,payoff,total
test_month_sac_gen_J_e_262,690.4068609076024,1468.334912,149.17516390639216,628.7528871860054
