name,transf,client,payoff,total,sessions
test_6month_sac_gen_2o_161,2890.5305385692855,9929.387430399998,886.8210602299855,6152.035831600728,df_elaad_preproc_l6months.csv
