name,transf,client,payoff,total
test_month_sac_gen_I_b_34,748.157446829847,1468.334912,149.17516390639216,571.0023012637608
