name,transf,client,payoff,total
val_month_sac_gen_J_n_158,632.3474490938639,1488.30912,159.56135988924024,696.4003110168958
