name,transf,client,payoff,total
test_month_sac_gen_J_g_121,687.3103127506618,1468.334912,149.17516390639216,631.8494353429461
