name,transf,client,payoff,total
train_month_sac_gen_I_r_147,2024.7389886093397,4306.918592,420.9102109696564,1861.2693924210039
