name,transf,client,payoff,total,sessions
test_6month_sac_pred_noise_5b_185,3134.2791378827856,9929.387430399998,881.6875054342313,5913.420787082981,df_elaad_preproc_l6months.csv
