name,transf,client,payoff,total,sessions
test_6month_sac_gen_1o_197,2844.0641486793074,9929.387430399998,886.8210602299855,6198.502221490706,df_elaad_preproc_l6months.csv
