name,transf,client,payoff,total,sessions
test_6month_sac_pred_noise_1e_222,5241.779413881777,9929.387430399998,893.2217503396156,3794.3862661786056,df_elaad_preproc_l6months.csv
