name,transf,client,payoff,total
val_month_sac_gen_I_b_254,628.1969157127812,1488.30912,159.56135988924024,700.5508443979784
