name,transf,client,payoff,total
train_month_sac_gen_J_i_271,1969.6380006951795,4306.918592,422.3108412815719,1914.9697500232487
