name,transf,client,payoff,total
test_month_sac_gen_I_w_72,685.5537894528544,1468.334912,149.17516390639216,633.6059586407534
