name,transf,client,payoff,total
test_month_sac_gen_I_g_208,897.4230874004783,1468.334912,149.17516390639216,421.7366606931296
