name,transf,client,payoff,total
test_month_sac_gen_I_f_50,766.2522443197604,1468.334912,147.8419170286109,554.2407506516288
