name,transf,client,payoff,total
train_month_sac_gen_I_x_112,-7394.320048966543,4306.918592,418.44380496328233,11282.79483600326
