name,transf,client,payoff,total
train_month_sac_gen_c_41,727.8130562660265,1469.5622144,142.094741946743,599.6544161872305
