name,transf,client,payoff,total
test_month_sac_gen_J_x_34,824.5008846055645,1468.334912,149.17516390639216,494.6588634880434
