name,transf,client,payoff,total
val_month_sac_gen_J_f_382,633.2834713408873,1488.30912,159.56135988924024,695.4642887698724
