name,transf,client,payoff,total
train_month_sac_gen_a_55,1026.5662030394342,1469.5622144,138.5610864331635,304.4349249274022
