name,transf,client,payoff,total
val_month_sac_gen_J_e_322,656.0539973620039,1488.30912,159.56135988924024,672.6937627487557
