name,transf,client,payoff,total,sessions
test_6month_sac_gen_g_29,3224.125907924992,9929.387430399998,886.8210602299855,5818.44046224502,df_elaad_preproc_l6months.csv
