name,transf,client,payoff,total
val_month_sac_gen_I_b_491,624.9143207659712,1488.30912,159.56135988924024,703.8334393447885
