name,transf,client,payoff,total,sessions
test_6month_sac_pred_noise_4c_183,3591.8012763375377,9929.387430399998,891.2211003728393,5446.365053689622,df_elaad_preproc_l6months.csv
