name,transf,client,payoff,total,sessions
test_6month_sac_pred_noise_5b_18,3435.2445453552145,9929.387430399998,881.6875054342313,5612.455379610552,df_elaad_preproc_l6months.csv
