name,transf,client,payoff,total
test_month_sac_gen_J_y_91,668.3600286646267,1468.334912,148.50825484764397,651.4666284877294
