name,transf,client,payoff,total
val_month_sac_gen_I_r_100,619.5798325592231,1488.30912,159.56135988924024,709.1679275515366
