name,transf,client,payoff,total
val_month_sac_gen_J_t_161,613.3770743815768,1488.30912,155.96206259448996,718.9699830239331
