name,transf,client,payoff,total
train_month_sac_gen_I_q_237,2267.2701485444863,4306.918592,422.3108412815719,1617.3376021739418
