name,transf,client,payoff,total
train_month_sac_gen_I_t_360,1925.3855583329284,4306.918592,415.3102545941263,1966.222779072945
