name,transf,client,payoff,total
test_month_sac_gen_J_f_235,665.710105245922,1468.334912,149.17516390639216,653.4496428476858
