name,transf,client,payoff,total,sessions
test_6month_sac_gen_1l_111,2949.58801231084,9929.387430399998,886.8210602299855,6092.978357859172,df_elaad_preproc_l6months.csv
