name,transf,client,payoff,total,sessions
test_6month_sac_pred_noise_4a_159,2875.8256692958175,9929.387430399998,891.2211003728393,6162.340660731342,df_elaad_preproc_l6months.csv
