name,transf,client,payoff,total
val_month_sac_gen_J_l_117,624.3149635138559,1488.30912,159.56135988924024,704.4327965969037
