name,transf,client,payoff,total,sessions
test_6month_sac_gen_5l_28,3532.2875730988985,9929.387430399998,886.8210602299855,5510.278797071114,df_elaad_preproc_l6months.csv
