name,transf,client,payoff,total,sessions
train_6month_sac_gen_2o_181,3217.5216430153655,8371.850816,845.4359239985602,4308.8932489860745,df_elaad_preproc_f6months.csv
