name,transf,client,payoff,total
train_month_sac_gen_I_e_325,2045.4919975713315,4306.918592,417.9096673275943,1843.516927101074
