name,transf,client,payoff,total,sessions
test_6month_sac_pred_noise_5a_262,3194.041876250125,9929.387430399998,881.6875054342313,5853.6580487156425,df_elaad_preproc_l6months.csv
