name,transf,client,payoff,total
test_month_sac_gen_J_b_335,684.485324506506,1468.334912,149.17516390639216,634.6744235871018
