name,transf,client,payoff,total
val_month_sac_gen_J_c_88,710.189733457536,1488.30912,159.56135988924024,618.5580266532236
