name,transf,client,payoff,total
test_month_sac_gen_I_x_184,762.0339322194282,1468.334912,149.17516390639216,557.1258158741797
