name,transf,client,payoff,total
val_month_sac_gen_I_s_28,710.9935834989021,1488.30912,159.56135988924024,617.7541766118575
