name,transf,client,payoff,total
train_month_sac_gen_J_u_182,1954.6834380056316,4306.918592,423.3767486733501,1928.8584053210184
