name,transf,client,payoff,total
train_month_sac_gen_I_u_241,-83.47586927506978,4306.918592,422.3108412815719,3968.0836199934984
