name,transf,client,payoff,total,sessions
test_6month_sac_pred_noise_3a_76,3038.6563628255503,9929.387430399998,889.2877424740021,6001.443325100447,df_elaad_preproc_l6months.csv
