name,transf,client,payoff,total
test_month_sac_gen_G_b_255,637.5053751782184,1468.334912,148.64140204911905,682.1881347726626
