name,transf,client,payoff,total
test_month_sac_gen_I_t_261,700.5627947407907,1468.334912,149.17516390639216,618.5969533528172
