name,transf,client,payoff,total
test_month_sac_gen_I_d_0,1000.129327513608,1468.334912,149.17516390639216,319.0304205799998
