name,transf,client,payoff,total
test_month_sac_gen_I_q_96,782.1256006755384,1468.334912,149.17516390639216,537.0341474180694
