name,transf,client,payoff,total
test_month_sac_gen_I_d_31,684.4696360131127,1468.334912,149.17516390639216,634.6901120804952
