name,transf,client,payoff,total
test_month_sac_gen_I_s_84,699.5132672044656,1468.334912,149.17516390639216,619.6464808891423
