name,transf,client,payoff,total
test_month_sac_gen_J_l_213,651.6299605076867,1468.334912,149.17516390639216,667.5297875859211
