name,transf,client,payoff,total
train_month_sac_gen_I_k_8,2404.6588588183417,4306.918592,422.3108412815719,1479.9488919000864
