name,transf,client,payoff,total
test_month_sac_gen_G_a_82,662.0481392751292,1468.334912,148.50825484764397,657.7785178772269
