name,transf,client,payoff,total
train_month_sac_gen_I_u_252,-84.54410146594984,4306.918592,422.3108412815719,3969.151852184378
