name,transf,client,payoff,total
val_month_sac_gen_J_j_230,616.6397176307576,1488.30912,159.56135988924024,712.108042480002
