name,transf,client,payoff,total
val_month_sac_gen_I_j_461,654.7777854594021,1488.30912,159.56135988924024,673.9699746513575
