name,transf,client,payoff,total,sessions
test_6month_sac_pred_noise_3e_190,5260.470373249924,9929.387430399998,889.2877424740021,3779.629314676072,df_elaad_preproc_l6months.csv
