name,transf,client,payoff,total,sessions
test_6month_sac_gen_3l_29,3467.5728457963905,9929.387430399998,886.8210602299855,5574.993524373622,df_elaad_preproc_l6months.csv
