name,transf,client,payoff,total
test_month_sac_gen_J_d_167,716.5076455637522,1468.334912,149.17516390639216,602.6521025298556
