name,transf,client,payoff,total,sessions
test_6month_sac_gen_5m_44,3209.9794827163387,9929.387430399998,886.8210602299855,5832.586887453674,df_elaad_preproc_l6months.csv
