name,transf,client,payoff,total
test_month_sac_gen_J_b_13,793.3173534897112,1468.334912,149.17516390639216,525.8423946038967
