name,transf,client,payoff,total
test_month_sac_gen_I_u_276,679.0775007434954,1468.334912,149.17516390639216,640.0822473501124
