name,transf,client,payoff,total
val_month_sac_gen_J_v_208,610.0146978543584,1488.30912,155.96206259448996,722.3323595511515
