name,transf,client,payoff,total
test_month_sac_gen_I_n_399,650.214714347437,1468.334912,149.17516390639216,668.9450337461708
