name,transf,client,payoff,total,sessions
test_6month_sac_gen_5l_194,2781.806385577399,9929.387430399998,886.8210602299855,6260.759984592614,df_elaad_preproc_l6months.csv
