name,transf,client,payoff,total,sessions
test_6month_sac_pred_noise_2a_220,2833.0944279745663,9929.387430399998,897.4875555656347,6198.8054468597975,df_elaad_preproc_l6months.csv
