name,transf,client,payoff,total
train_month_sac_gen_I_o_155,2159.3216715334192,4306.918592,422.3108412815719,1725.286079185009
