name,transf,client,payoff,total
val_month_sac_gen_I_s_470,647.6106331984263,1488.30912,159.56135988924024,681.1371269123333
