name,transf,client,payoff,total,sessions
test_6month_sac_pred_noise_2d_71,4535.982573677458,9929.387430399998,897.4875555656347,4495.9173011569055,df_elaad_preproc_l6months.csv
