name,transf,client,payoff,total
val_month_sac_gen_J_l_9,772.2305457680125,1488.30912,159.56135988924024,556.5172143427471
