name,transf,client,payoff,total
val_month_sac_gen_I_u_95,671.3421793197413,1488.30912,159.56135988924024,657.4055807910183
