name,transf,client,payoff,total
train_month_sac_gen_I_f_355,2076.7365033221313,4306.918592,421.11038371791597,1809.0717049599527
