name,transf,client,payoff,total
test_month_sac_gen_I_b_270,695.6267193748365,1468.334912,149.17516390639216,623.5330287187713
