name,transf,client,payoff,total
train_month_sac_gen_J_f_487,2009.7727574745584,4306.918592,422.3108412815719,1874.8349932438696
