name,transf,client,payoff,total
test_month_sac_gen_J_i_206,750.9432975221628,1468.334912,149.17516390639216,568.2164505714451
