name,transf,client,payoff,total
train_month_sac_gen_I_b_344,1969.1559610052589,4306.918592,422.3108412815719,1915.451789713169
