name,transf,client,payoff,total
train_month_sac_gen_J_y_11,1084.3760817231623,1469.5622144,139.22807988849848,245.9580527883391
