name,transf,client,payoff,total
train_month_sac_gen_J_n_282,1838.8745696299115,4306.918592,422.3108412815719,2045.7331810885166
