name,transf,client,payoff,total,sessions
train_month_sac_gen_G_e_274,480.3689477454353,1349.0472576000002,119.25427084848326,749.4240390060816,df_elaad_preproc_feb.csv
