name,transf,client,payoff,total
val_month_sac_gen_I_n_261,601.3830986315991,1488.30912,159.56135988924024,727.3646614791605
