name,transf,client,payoff,total
val_month_sac_gen_I_u_365,645.8148288404177,1488.30912,159.56135988924024,682.9329312703419
