name,transf,client,payoff,total
train_month_sac_gen_I_u_255,-84.79324579817626,4306.918592,422.3108412815719,3969.400996516604
