name,transf,client,payoff,total
test_month_sac_gen_J_v_292,633.4308676485541,1468.334912,148.50825484764397,686.395789503802
