name,transf,client,payoff,total
test_month_sac_gen_J_r_102,703.9059913722656,1468.334912,149.17516390639216,615.2537567213423
