name,transf,client,payoff,total
train_month_sac_gen_I_b_488,1979.5368591219656,4306.918592,422.3108412815719,1905.0708915964624
