name,transf,client,payoff,total,sessions
test_6month_sac_gen_1n_21,3474.248852614393,9929.387430399998,886.8210602299855,5568.317517555619,df_elaad_preproc_l6months.csv
