name,transf,client,payoff,total
train_month_sac_gen_I_v_452,-62.77220678182334,4306.918592,420.3769706360897,3949.313828145733
