name,transf,client,payoff,total
test_month_sac_gen_I_y_467,676.4552974032058,1468.334912,149.17516390639216,642.704450690402
