name,transf,client,payoff,total
val_month_sac_gen_I_n_362,598.852986237584,1488.30912,159.56135988924024,729.8947738731756
