name,transf,client,payoff,total,sessions
test_6month_sac_gen_k_258,2882.994330116844,9929.387430399998,886.8210602299855,6159.572040053168,df_elaad_preproc_l6months.csv
