name,transf,client,payoff,total,sessions
test_month_sac_gen_G_c_170,1173.9646421799457,1468.334912,148.50825484764397,145.86201497241035,df_elaad_preproc_apr.csv
