name,transf,client,payoff,total
test_month_sac_gen_I_t_75,737.3549746046612,1468.334912,149.17516390639216,581.8047734889467
