name,transf,client,payoff,total
val_month_sac_gen_I_u_79,672.8912070732586,1488.30912,159.56135988924024,655.856553037501
