name,transf,client,payoff,total,sessions
test_6month_sac_pred_noise_3a_48,3183.9940735223217,9929.387430399998,889.2877424740021,5856.105614403675,df_elaad_preproc_l6months.csv
