name,transf,client,payoff,total
train_month_sac_gen_J_g_61,2120.02371523819,4306.918592,422.3108412815719,1764.584035480238
