name,transf,client,payoff,total
test_month_sac_gen_I_g_297,851.0651842134133,1468.334912,149.17516390639216,468.0945638801945
