name,transf,client,payoff,total,sessions
test_6month_sac_pred_noise_3b_18,3612.1266447867406,9929.387430399998,889.2877424740021,5427.973043139256,df_elaad_preproc_l6months.csv
