name,transf,client,payoff,total
test_month_sac_gen_J_x_153,750.5611611101208,1468.334912,149.17516390639216,568.598586983487
