name,transf,client,payoff,total
train_month_sac_c_391,1049.1782221972921,2289.492687923877,157.2012507240518,1083.113215002533
