name,transf,client,payoff,total
test_month_sac_gen_J_o_244,689.8833866539815,1468.334912,149.17516390639216,629.2763614396264
