name,transf,client,payoff,total
train_month_sac_gen_J_y_272,513.522498686317,1349.0472576000002,120.72096926132592,714.8037896523573
