name,transf,client,payoff,total,sessions
test_6month_sac_gen_4l_287,2972.9926146281614,9929.387430399998,886.8210602299855,6069.573755541851,df_elaad_preproc_l6months.csv
