name,transf,client,payoff,total
test_month_sac_gen_I_y_217,686.5054020377875,1468.334912,149.17516390639216,632.6543460558204
