name,transf,client,payoff,total,sessions
test_6month_sac_gen_1n_37,3230.846501453205,9929.387430399998,886.8210602299855,5811.7198687168075,df_elaad_preproc_l6months.csv
