name,transf,client,payoff,total
test_month_sac_gen_J_u_327,599.0252269299771,1468.334912,148.50825484764397,720.8014302223789
