name,transf,client,payoff,total
val_month_sac_gen_e_31,620.6653007559971,1349.0472576000002,118.32161810264896,610.0603387413541
