name,transf,client,payoff,total
train_month_sac_gen_I_b_299,1971.9928024203227,4306.918592,422.3108412815719,1912.6149482981054
