name,transf,client,payoff,total,sessions
test_6month_sac_gen_2l_250,2875.7498982252146,9929.387430399998,886.8210602299855,6166.816471944798,df_elaad_preproc_l6months.csv
