name,transf,client,payoff,total,sessions
test_6month_sac_gen_4m_73,3000.3013437188515,9929.387430399998,886.8210602299855,6042.265026451161,df_elaad_preproc_l6months.csv
