name,transf,client,payoff,total
train_month_sac_gen_I_e_240,2053.050611826118,4306.918592,417.9096673275943,1835.9583128462878
