name,transf,client,payoff,total
val_month_sac_gen_J_o_432,644.1378397327021,1488.30912,159.56135988924024,684.6099203780575
