name,transf,client,payoff,total
test_month_sac_gen_J_m_268,687.6398198494562,1468.334912,149.17516390639216,631.5199282441516
