name,transf,client,payoff,total
test_month_sac_gen_I_p_172,763.7109020314324,1468.334912,149.17516390639216,555.4488460621754
