name,transf,client,payoff,total
val_month_sac_gen_J_a_122,662.5076833512254,1488.30912,159.56135988924024,666.2400767595343
