name,transf,client,payoff,total
val_month_sac_gen_I_j_111,679.6355641124087,1488.30912,159.56135988924024,649.1121959983509
