name,transf,client,payoff,total,sessions
test_6month_sac_pred_noise_4c_25,3905.4769383114935,9929.387430399998,891.2211003728393,5132.689391715666,df_elaad_preproc_l6months.csv
