name,transf,client,payoff,total
train_month_sac_gen_J_r_209,2027.5811755541342,4306.918592,422.3108412815719,1857.0265751642937
