name,transf,client,payoff,total
test_month_sac_gen_I_o_460,721.157153565712,1468.334912,149.17516390639216,598.0025945278959
