name,transf,client,payoff,total
val_month_sac_gen_c_60,646.1371142869102,1349.0472576000002,118.32161810264896,584.588525210441
