name,transf,client,payoff,total
test_month_sac_gen_I_t_258,696.5082328990311,1468.334912,149.17516390639216,622.6515151945767
