name,transf,client,payoff,total
test_month_sac_gen_I_d_155,669.5584907713948,1468.334912,149.17516390639216,649.6012573222131
