name,transf,client,payoff,total
val_month_sac_gen_I_j_214,654.8392820574327,1488.30912,159.56135988924024,673.9084780533269
