name,transf,client,payoff,total,sessions
test_6month_sac_gen_5l_166,2839.9859153271746,9929.387430399998,886.8210602299855,6202.580454842839,df_elaad_preproc_l6months.csv
