name,transf,client,payoff,total
train_month_sac_gen_I_f_150,2121.8835516079507,4306.918592,421.11038371791597,1763.9246566741333
