name,transf,client,payoff,total
train_month_sac_gen_I_i_499,2068.682468472023,4306.918592,422.3108412815719,1815.925282246405
