name,transf,client,payoff,total
val_month_sac_gen_I_x_451,700.808768528217,1488.30912,159.56135988924024,627.9389915825427
