name,transf,client,payoff,total
val_month_sac_gen_I_h_463,639.0496798489144,1488.30912,159.56135988924024,689.6980802618452
