name,transf,client,payoff,total,sessions
test_6month_sac_pred_noise_3d_129,4571.932270915606,9929.387430399998,889.2877424740021,4468.167417010391,df_elaad_preproc_l6months.csv
