name,transf,client,payoff,total
test_month_sac_gen_I_l_341,695.2600116968267,1468.334912,149.17516390639216,623.8997363967811
