name,transf,client,payoff,total,sessions
test_6month_sac_gen_j_268,3073.210035171275,9929.387430399998,886.8210602299855,5969.356334998738,df_elaad_preproc_l6months.csv
