name,transf,client,payoff,total
val_month_sac_gen_J_p_312,641.0887650624645,1488.30912,159.56135988924024,687.6589950482951
