name,transf,client,payoff,total
test_month_sac_gen_J_i_255,741.6281581471169,1468.334912,149.17516390639216,577.531589946491
