name,transf,client,payoff,total
val_month_sac_gen_c_29,645.3699940089446,1349.0472576000002,118.32161810264896,585.3556454884067
