name,transf,client,payoff,total
test_month_sac_gen_I_b_494,704.8843638886888,1468.334912,149.17516390639216,614.2753842049191
