name,transf,client,payoff,total
test_month_sac_gen_I_z_191,733.4046697432525,1468.334912,149.17516390639216,585.7550783503553
