name,transf,client,payoff,total
test_month_sac_gen_a_34,778.175630861024,1488.30912,159.56135988924024,550.5721292497356
