name,transf,client,payoff,total
month_sac_IX_a,1140.435990063752,1469.5622144,136.08122985678722,193.0449944794608
