name,transf,client,payoff,total
val_month_sac_gen_J_w_340,548.9681485851748,1488.30912,155.96206259448996,783.378908820335
