name,transf,client,payoff,total,sessions
test_6month_sac_gen_3m_100,2937.9104282210674,9929.387430399998,886.8210602299855,6104.655941948946,df_elaad_preproc_l6months.csv
