name,transf,client,payoff,total
test_month_sac_gen_J_r_291,685.5538909987126,1468.334912,149.17516390639216,633.6058570948952
