name,transf,client,payoff,total
test_month_sac_gen_I_j_162,734.62603849991,1468.334912,149.17516390639216,584.5337095936978
