name,transf,client,payoff,total
val_month_sac_gen_I_n_299,598.8880736190899,1488.30912,159.56135988924024,729.8596864916697
