name,transf,client,payoff,total
train_month_sac_gen_J_n_262,1847.773362214153,4306.918592,422.3108412815719,2036.834388504275
