name,transf,client,payoff,total
test_month_sac_gen_J_b_384,693.4451495866188,1468.334912,149.17516390639216,625.7145985069891
