name,transf,client,payoff,total
train_month_sac_c_603,1029.9715739721876,2289.492687923877,157.2012507240518,1102.3198632276376
