name,transf,client,payoff,total,sessions
test_6month_sac_pred_noise_3b_148,3039.148905403085,9929.387430399998,889.2877424740021,6000.950782522912,df_elaad_preproc_l6months.csv
