name,transf,client,payoff,total,sessions
test_6month_sac_pred_noise_4a_191,2788.9181047406823,9929.387430399998,891.2211003728393,6249.2482252864775,df_elaad_preproc_l6months.csv
