name,transf,client,payoff,total
test_month_sac_gen_J_d_360,703.2564065000741,1468.334912,149.17516390639216,615.9033415935337
