name,transf,client,payoff,total
val_month_sac_gen_J_v_421,595.9099916325968,1488.30912,155.96206259448996,736.4370657729132
