name,transf,client,payoff,total
test_month_sac_gen_I_r_486,636.1945487077855,1468.334912,149.17516390639216,682.9651993858223
