name,transf,client,payoff,total
test_month_sac_gen_I_d_98,686.2959327979669,1468.334912,149.17516390639216,632.863815295641
