name,transf,client,payoff,total,sessions
test_6month_sac_pred_noise_3c_102,3627.3766080545647,9929.387430399998,889.2877424740021,5412.723079871432,df_elaad_preproc_l6months.csv
