name,transf,client,payoff,total
val_month_sac_gen_J_l_122,627.0225525626571,1488.30912,159.56135988924024,701.7252075481026
