name,transf,client,payoff,total
train_month_sac_gen_J_g_380,2010.3405675938861,4306.918592,422.3108412815719,1874.267183124542
