name,transf,client,payoff,total
month_sac_IX_i,848.5695881386437,1469.5622144,136.94844336111456,484.0441829002417
