name,transf,client,payoff,total
train_month_sac_gen_I_b_234,1978.3431460665827,4306.918592,422.3108412815719,1906.2646046518457
