name,transf,client,payoff,total
train_month_sac_gen_I_r_181,1950.4020646782722,4306.918592,416.2438188041474,1940.2727085175807
