name,transf,client,payoff,total,sessions
test_6month_sac_gen_2m_194,2950.325680402738,9929.387430399998,897.4875555656347,6081.574194431626,df_elaad_preproc_l6months.csv
