name,transf,client,payoff,total
train_month_sac_c_121,1107.9246209403877,2289.492687923877,157.2012507240518,1024.3668162594374
