name,transf,client,payoff,total
train_month_sac_c_66,1196.5967802968303,2289.492687923877,157.2012507240518,935.6946569029949
