name,transf,client,payoff,total
val_month_sac_gen_I_h_365,635.3795480124276,1488.30912,159.56135988924024,693.3682120983322
