name,transf,client,payoff,total,sessions
test_6month_sac_pred_noise_2e_167,5094.906244229004,9929.387430399998,897.4875555656347,3936.9936306053596,df_elaad_preproc_l6months.csv
