name,transf,client,payoff,total
val_month_sac_gen_J_k_391,559.1832361481563,1488.30912,159.56135988924024,769.5645239626033
