name,transf,client,payoff,total
train_month_sac_gen_J_j_99,1949.9428551111794,4306.918592,422.3108412815719,1934.6648956072486
