name,transf,client,payoff,total
val_month_sac_gen_J_a_250,645.898346146589,1488.30912,159.56135988924024,682.8494139641707
