name,transf,client,payoff,total
val_month_sac_gen_J_i_329,639.5052185321974,1488.30912,159.56135988924024,689.2425415785622
