name,transf,client,payoff,total
val_month_sac_c_25,2235.1388745493873,2277.450960542104,145.3079860330326,-102.99590004031592
