name,transf,client,payoff,total
train_month_sac_gen_I_h_419,1993.6268642202426,4306.918592,422.3108412815719,1890.9808864981856
