name,transf,client,payoff,total
train_month_sac_gen_J_k_69,1934.6342564008337,4306.918592,422.3108412815719,1949.9734943175945
