name,transf,client,payoff,total,sessions
test_6month_sac_pred_noise_5d_165,4469.644060473791,9929.387430399998,881.6875054342313,4578.0558644919765,df_elaad_preproc_l6months.csv
