name,transf,client,payoff,total
test_month_sac_gen_J_a_187,695.0830793904146,1468.334912,149.17516390639216,624.0766687031933
