name,transf,client,payoff,total
month_sac_IX_h,1206.9412338767725,1469.5622144,138.8146550460595,123.80632547716795
