name,transf,client,payoff,total
val_sac_gen_a_26,16247.138386499366,30125.305835959498,1762.9897063291792,12115.177743130953
