name,transf,client,payoff,total
val_month_sac_gen_I_j_319,655.1671081950235,1488.30912,159.56135988924024,673.5806519157361
