name,transf,client,payoff,total
val_month_sac_gen_J_d_329,649.4183059412426,1488.30912,159.56135988924024,679.329454169517
