name,transf,client,payoff,total,sessions
test_6month_sac_pred_noise_1b_150,3037.2347527145903,9929.387430399998,893.2217503396156,5998.930927345792,df_elaad_preproc_l6months.csv
