name,transf,client,payoff,total
test_month_sac_gen_J_g_354,675.6770522906064,1468.334912,149.17516390639216,643.4826958030014
