name,transf,client,payoff,total
train_month_sac_c_778,1025.3039478411733,2289.492687923877,157.2012507240518,1106.9874893586518
