name,transf,client,payoff,total,sessions
test_6month_sac_gen_2n_85,2948.8210020128336,9929.387430399998,886.8210602299855,6093.745368157179,df_elaad_preproc_l6months.csv
