name,transf,client,payoff,total
train_month_sac_gen_I_y_130,192.96956863307807,4306.918592,418.0436307839677,3695.9053925829544
