name,transf,client,payoff,total
test_month_sac_c_270,1054.5303367045133,1469.5622144,135.21440678133106,279.8174709141556
