name,transf,client,payoff,total
test_month_sac_gen_I_r_210,638.733154428898,1468.334912,149.17516390639216,680.4265936647098
