name,transf,client,payoff,total
val_month_sac_gen_J_a_227,646.2469291333259,1488.30912,159.56135988924024,682.5008309774337
