name,transf,client,payoff,total
train_month_sac_gen_I_m_174,2047.7098326683345,4306.918592,422.3108412815719,1836.8979180500937
