name,transf,client,payoff,total
val_month_sac_gen_I_f_24,716.9336455071291,1488.30912,158.8282254603323,612.5472490325385
