name,transf,client,payoff,total,sessions
test_6month_sac_gen_5m_136,2887.609238733926,9929.387430399998,886.8210602299855,6154.957131436087,df_elaad_preproc_l6months.csv
