name,transf,client,payoff,total
train_month_sac_gen_I_b_244,1975.4835537713957,4306.918592,422.3108412815719,1909.1241969470325
