name,transf,client,payoff,total
test_month_sac_gen_I_o_6,804.4866841069844,1468.334912,149.17516390639216,514.6730639866234
