name,transf,client,payoff,total
train_month_sac_gen_I_z_392,461.97665236542224,4306.918592,418.97733031155303,3425.964609323025
