name,transf,client,payoff,total
train_month_sac_gen_I_l_177,2034.5776260117914,4306.918592,422.3108412815719,1850.0301247066368
