name,transf,client,payoff,total
val_month_sac_gen_J_j_224,616.858112690338,1488.30912,159.56135988924024,711.8896474204216
