name,transf,client,payoff,total
val_month_sac_gen_I_i_77,670.228830072637,1488.30912,159.56135988924024,658.5189300381226
