name,transf,client,payoff,total
val_month_sac_gen_J_g_28,702.2565696965753,1488.30912,159.56135988924024,626.4911904141843
