name,transf,client,payoff,total
test_month_sac_gen_J_u_494,582.3251531169669,1468.334912,148.50825484764397,737.5015040353892
