name,transf,client,payoff,total
train_month_sac_gen_I_h_445,1995.8892067963873,4306.918592,422.3108412815719,1888.7185439220411
