name,transf,client,payoff,total
val_month_sac_gen_G_b_124,635.3645944215184,1488.30912,159.09496226131247,693.849563317169
