name,transf,client,payoff,total,sessions
test_6month_sac_pred_noise_3e_86,5132.307188573353,9929.387430399998,889.2877424740021,3907.7924993526426,df_elaad_preproc_l6months.csv
