name,transf,client,payoff,total
val_month_sac_gen_e_26,626.473357213171,1349.0472576000002,118.32161810264896,604.2522822841803
