name,transf,client,payoff,total
val_month_sac_gen_I_q_24,789.1369991481722,1488.30912,159.56135988924024,539.6107609625874
