name,transf,client,payoff,total
test_month_sac_gen_J_s_354,571.9462524892742,1468.334912,148.50825484764397,747.8804046630819
