name,transf,client,payoff,total
train_month_sac_gen_I_d_287,1987.294658439505,4306.918592,422.3108412815719,1897.3130922789232
