name,transf,client,payoff,total,sessions
test_6month_sac_gen_e_231,2755.463579454561,9929.387430399998,886.8210602299855,6287.102790715451,df_elaad_preproc_l6months.csv
