name,transf,client,payoff,total
test_month_sac_gen_I_t_394,714.0203045739062,1468.334912,149.17516390639216,605.1394435197017
