name,transf,client,payoff,total
train_month_sac_gen_J_p_95,2085.0545662871036,4306.918592,422.3108412815719,1799.5531844313246
