name,transf,client,payoff,total
test_month_sac_gen_J_d_142,712.6238241475011,1468.334912,149.17516390639216,606.5359239461068
