name,transf,client,payoff,total
val_month_sac_gen_I_o_345,694.8898729186162,1488.30912,159.56135988924024,633.8578871921434
