name,transf,client,payoff,total
test_month_sac_gen_I_t_103,724.9183887282729,1468.334912,149.17516390639216,594.2413593653349
