name,transf,client,payoff,total,sessions
test_6month_sac_pred_noise_5a_156,2876.209799371427,9929.387430399998,881.6875054342313,6171.4901255943405,df_elaad_preproc_l6months.csv
