name,transf,client,payoff,total
train_month_sac_gen_J_k_40,2021.7330993778037,4306.918592,422.3108412815719,1862.8746513406245
