name,transf,client,payoff,total
train_month_sac_gen_J_u_238,1906.5472118876078,4306.918592,421.7766467427567,1978.5947333696354
