name,transf,client,payoff,total
test_month_sac_gen_I_s_408,667.0087277876191,1468.334912,149.17516390639216,652.1510203059887
