name,transf,client,payoff,total
train_month_sac_gen_I_k_150,2043.8359598986658,4306.918592,422.3108412815719,1840.7717908197624
