name,transf,client,payoff,total
val_month_sac_gen_J_y_217,648.5584530348392,1488.30912,155.96206259448996,683.7886043706708
