name,transf,client,payoff,total
val_month_sac_gen_J_h_421,658.2516581461823,1488.30912,159.56135988924024,670.4961019645773
