name,transf,client,payoff,total,sessions
test_6month_sac_pred_noise_2d_173,4473.847963819089,9929.387430399998,897.4875555656347,4558.0519110152745,df_elaad_preproc_l6months.csv
