name,transf,client,payoff,total
val_month_sac_gen_I_m_66,652.026646609007,1488.30912,159.56135988924024,676.7211135017526
