name,transf,client,payoff,total
train_month_sac_gen_G_b_151,624.0788050154512,1488.30912,158.961372059323,705.2689429252257
