name,transf,client,payoff,total
val_month_sac_gen_J_d_332,649.3558785286265,1488.30912,159.56135988924024,679.3918815821332
