name,transf,client,payoff,total
test_month_sac_gen_I_y_139,695.2685776414282,1468.334912,149.17516390639216,623.8911704521796
