name,transf,client,payoff,total
train_month_sac_gen_J_x_148,994.5059507312875,1469.5622144,142.094741946743,332.9615217219694
