name,transf,client,payoff,total
train_month_sac_gen_I_w_271,-7613.805713456868,4306.918592,422.3108412815719,11498.413464175295
