name,transf,client,payoff,total
test_month_sac_gen_I_g_71,806.1391866888143,1468.334912,149.17516390639216,513.0205614047935
