name,transf,client,payoff,total
val_month_sac_gen_J_l_149,616.1146039356214,1488.30912,159.56135988924024,712.6331561751383
