name,transf,client,payoff,total,sessions
test_6month_sac_gen_3m_45,3048.2721275609733,9929.387430399998,886.8210602299855,5994.294242609039,df_elaad_preproc_l6months.csv
