name,transf,client,payoff,total
test_month_sac_gen_J_m_280,685.0907227519988,1468.334912,149.17516390639216,634.0690253416091
