name,transf,client,payoff,total
train_month_sac_gen_I_p_240,2202.0093167417726,4306.918592,422.3108412815719,1682.5984339766555
