name,transf,client,payoff,total,sessions
test_6month_sac_pred_noise_2c_121,3596.3911432053537,9929.387430399998,897.4875555656347,5435.50873162901,df_elaad_preproc_l6months.csv
