name,transf,client,payoff,total
test_month_sac_gen_I_d_178,668.6728489642908,1468.334912,149.17516390639216,650.4868991293171
