name,transf,client,payoff,total
train_month_sac_gen_J_u_172,1955.774811783587,4306.918592,423.3767486733501,1927.7670315430628
