name,transf,client,payoff,total
month_sac_IX_b,1070.052098657698,1469.5622144,136.61503001488308,262.8950857274188
