name,transf,client,payoff,total
val_month_sac_gen_J_p_337,638.1953945099085,1488.30912,159.56135988924024,690.5523656008511
