name,transf,client,payoff,total
test_month_sac_gen_J_s_298,575.3304956725583,1468.334912,148.50825484764397,744.4961614797978
