name,transf,client,payoff,total
test_month_sac_gen_J_q_8,828.1993098146131,1468.334912,149.17516390639216,490.96043827899473
