name,transf,client,payoff,total
test_month_sac_gen_J_j_224,655.9484534852685,1468.334912,149.17516390639216,663.2112946083394
