name,transf,client,payoff,total
train_month_sac_gen_I_f_91,2178.3487775998515,4306.918592,421.11038371791597,1707.4594306822326
