name,transf,client,payoff,total
val_month_sac_gen_I_d_447,627.1755285115339,1488.30912,159.56135988924024,701.5722315992257
