name,transf,client,payoff,total
val_month_sac_gen_J_v_337,601.7845664534739,1488.30912,155.96206259448996,730.5624909520361
