name,transf,client,payoff,total
val_month_sac_gen_J_v_276,607.2247116330345,1488.30912,155.96206259448996,725.1223457724755
