name,transf,client,payoff,total
test_month_sac_c_145,1093.7377271366508,1469.5622144,135.21440678133106,240.610080482018
