name,transf,client,payoff,total
test_month_sac_gen_J_r_213,690.2859119181018,1468.334912,149.17516390639216,628.8738361755061
