name,transf,client,payoff,total
test_month_sac_gen_J_u_15,672.5876470398478,1468.334912,148.50825484764397,647.2390101125084
