name,transf,client,payoff,total,sessions
test_6month_sac_pred_noise_2a_116,2880.6811010998213,9929.387430399998,897.4875555656347,6151.218773734543,df_elaad_preproc_l6months.csv
