name,transf,client,payoff,total
train_month_sac_gen_J_a_497,2013.3435637535592,4306.918592,422.3108412815719,1871.2641869648687
