name,transf,client,payoff,total
val_month_sac_gen_J_k_449,558.0140750528745,1488.30912,159.56135988924024,770.7336850578852
