name,transf,client,payoff,total,sessions
test_6month_sac_gen_3l_245,2815.187474476431,9929.387430399998,886.8210602299855,6227.378895693582,df_elaad_preproc_l6months.csv
