name,transf,client,payoff,total
test_month_sac_gen_J_i_27,828.6066888930716,1468.334912,149.17516390639216,490.55305920053627
