name,transf,client,payoff,total
val_month_sac_gen_I_f_239,660.2141542275372,1488.30912,158.8282254603323,669.2667403121304
