name,transf,client,payoff,total
train_month_sac_gen_J_z_10,1171.1536943937492,1469.5622144,140.62746834233707,157.78105166391362
