name,transf,client,payoff,total,sessions
test_6month_sac_pred_noise_1d_270,4633.402834190598,9929.387430399998,893.2217503396156,4402.7628458697845,df_elaad_preproc_l6months.csv
