name,transf,client,payoff,total
val_month_sac_gen_J_h_3,766.1058753407613,1488.30912,159.56135988924024,562.6418847699983
