name,transf,client,payoff,total
test_month_sac_gen_I_v_345,685.9279093508393,1468.334912,149.17516390639216,633.2318387427686
