name,transf,client,payoff,total
val_month_sac_gen_a_95,853.9351292468176,1349.0472576000002,118.32161810264896,376.79051025053366
