name,transf,client,payoff,total
test_month_sac_gen_J_t_386,639.1741711347701,1468.334912,148.50825484764397,680.6524860175859
