name,transf,client,payoff,total
train_month_sac_gen_J_a_119,2065.9270856312473,4306.918592,422.3108412815719,1818.6806650871808
