name,transf,client,payoff,total,sessions
test_6month_sac_pred_noise_5e_158,5270.328124274158,9929.387430399998,881.6875054342313,3777.371800691609,df_elaad_preproc_l6months.csv
