name,transf,client,payoff,total,sessions
test_6month_sac_pred_noise_4a_115,2925.8176026014435,9929.387430399998,891.2211003728393,6112.348727425716,df_elaad_preproc_l6months.csv
