name,transf,client,payoff,total
train_month_sac_c_277,1065.2333225111045,2289.492687923877,157.2012507240518,1067.0581146887207
