name,transf,client,payoff,total
test_month_sac_gen_J_j_382,630.6964567595569,1468.334912,149.17516390639216,688.463291334051
