name,transf,client,payoff,total
train_month_sac_gen_I_q_497,2282.29881871268,4306.918592,422.3108412815719,1602.3089320057484
