name,transf,client,payoff,total
test_month_sac_gen_I_l_413,685.8313599877267,1468.334912,149.17516390639216,633.3283881058811
