name,transf,client,payoff,total
train_month_sac_gen_J_m_53,2058.664402378069,4306.918592,422.3108412815719,1825.943348340359
