name,transf,client,payoff,total
test_month_sac_c_157,1094.286241293567,1469.5622144,135.21440678133106,240.0615663251019
