name,transf,client,payoff,total
train_month_sac_gen_I_b_410,1960.40534401338,4306.918592,422.3108412815719,1924.202406705048
