name,transf,client,payoff,total
month_sac_IX_e,877.7957757310792,1469.5622144,139.88159912346487,451.88483954545586
