name,transf,client,payoff,total
train_month_sac_gen_I_m_290,1998.1771457270033,4306.918592,422.3108412815719,1886.4306049914248
