name,transf,client,payoff,total,sessions
test_6month_sac_gen_h_277,2955.0057348260775,9929.387430399998,886.8210602299855,6087.560635343934,df_elaad_preproc_l6months.csv
