name,transf,client,payoff,total
train_month_sac_gen_I_f_246,2088.083155022143,4306.918592,421.11038371791597,1797.7250532599412
