name,transf,client,payoff,total
val_sac_gen_a_12,16081.983756122801,30125.305835959498,1762.9897063291792,12280.332373507517
