name,transf,client,payoff,total
train_month_sac_gen_I_n_78,1975.9379516780768,4306.918592,422.3108412815719,1908.6697990403513
