name,transf,client,payoff,total
val_month_sac_gen_I_u_296,649.0462101003097,1488.30912,159.56135988924024,679.7015500104499
