name,transf,client,payoff,total
train_month_sac_gen_J_n_86,2014.788047741834,4306.918592,422.3108412815719,1869.8197029765943
