name,transf,client,payoff,total
train_month_sac_gen_J_k_220,1815.8960373534803,4306.918592,422.3108412815719,2068.711713364948
