name,transf,client,payoff,total,sessions
test_6month_sac_gen_4l_275,3051.385724766388,9929.387430399998,886.8210602299855,5991.180645403625,df_elaad_preproc_l6months.csv
