name,transf,client,payoff,total
train_month_sac_gen_J_e_68,2142.9801646718415,4306.918592,422.3108412815719,1741.6275860465867
