name,transf,client,payoff,total
train_month_sac_gen_J_l_494,1804.1912898177347,4306.918592,422.3108412815719,2080.4164609006934
