name,transf,client,payoff,total
val_month_sac_gen_J_q_96,676.1554715153667,1488.30912,159.56135988924024,652.592288595393
