name,transf,client,payoff,total
train_month_sac_gen_I_h_469,2001.2780802639786,4306.918592,422.3108412815719,1883.3296704544496
