name,transf,client,payoff,total
test_month_sac_gen_J_y_60,664.36761969039,1468.334912,148.50825484764397,655.4590374619661
