name,transf,client,payoff,total
val_month_sac_gen_I_q_60,783.7212722750644,1488.30912,159.56135988924024,545.0264878356952
