name,transf,client,payoff,total,sessions
test_6month_sac_pred_noise_1b_85,3137.3028624934873,9929.387430399998,893.2217503396156,5898.8628175668955,df_elaad_preproc_l6months.csv
