name,transf,client,payoff,total
test_month_sac_gen_I_g_409,830.9041473005711,1468.334912,149.17516390639216,488.2556007930367
