name,transf,client,payoff,total
test_month_sac_gen_J_g_240,678.2861421059429,1468.334912,149.17516390639216,640.873605987665
