name,transf,client,payoff,total
train_month_sac_gen_J_c_80,2204.832182346724,4306.918592,422.3108412815719,1679.7755683717041
