name,transf,client,payoff,total
train_month_sac_gen_J_n_150,1916.9650428988036,4306.918592,422.3108412815719,1967.6427078196248
