name,transf,client,payoff,total
test_month_sac_gen_I_n_273,653.6824744894653,1468.334912,149.17516390639216,665.4772736041425
