name,transf,client,payoff,total
train_month_sac_gen_I_g_358,2521.409712902948,4306.918592,422.3108412815719,1363.1980378154803
