name,transf,client,payoff,total
train_month_sac_gen_I_b_377,1979.456466342372,4306.918592,422.3108412815719,1905.151284376056
