name,transf,client,payoff,total
test_month_sac_gen_J_j_226,647.9555124258472,1468.334912,149.17516390639216,671.2042356677606
