name,transf,client,payoff,total
train_month_sac_gen_J_f_376,1993.575334368539,4306.918592,422.3108412815719,1891.032416349889
