name,transf,client,payoff,total
test_month_sac_gen_I_r_349,638.7167655976759,1468.334912,149.17516390639216,680.4429824959319
