name,transf,client,payoff,total,sessions
test_6month_sac_pred_noise_3d_123,4613.299580992255,9929.387430399998,889.2877424740021,4426.8001069337415,df_elaad_preproc_l6months.csv
