name,transf,client,payoff,total
train_month_sac_gen_J_i_85,2079.1554524851367,4306.918592,422.3108412815719,1805.4522982332915
