name,transf,client,payoff,total
test_month_sac_gen_I_k_398,681.5675881469674,1468.334912,149.17516390639216,637.5921599466404
