name,transf,client,payoff,total
val_month_sac_gen_J_x_86,734.6900582217069,1488.30912,159.56135988924024,594.0577018890529
