name,transf,client,payoff,total
train_month_sac_gen_I_r_183,2007.8018361067843,4306.918592,420.4438324377625,1878.6729234554532
