name,transf,client,payoff,total
train_month_sac_c_795,1025.023938133231,2289.492687923877,157.2012507240518,1107.2674990665942
