name,transf,client,payoff,total
val_month_sac_gen_J_d_331,654.8810387326674,1488.30912,159.56135988924024,673.8667213780923
