name,transf,client,payoff,total
val_month_sac_c_34,2293.1047279932527,2277.450960542104,145.3079860330326,-160.96175348418132
