name,transf,client,payoff,total
test_month_sac_gen_I_j_418,715.1508546247799,1468.334912,149.17516390639216,604.008893468828
