name,transf,client,payoff,total
train_month_sac_gen_I_m_95,2051.8823815558053,4306.918592,422.3108412815719,1832.7253691626229
