name,transf,client,payoff,total
train_month_sac_gen_I_g_425,2565.448769563217,4306.918592,422.3108412815719,1319.1589811552112
