name,transf,client,payoff,total,sessions
test_6month_sac_pred_noise_3e_34,5280.6300622861145,9929.387430399998,889.2877424740021,3759.4696256398815,df_elaad_preproc_l6months.csv
