name,transf,client,payoff,total
val_month_sac_gen_J_u_72,626.6601146692335,1488.30912,155.96206259448996,705.6869427362765
