name,transf,client,payoff,total
train_month_sac_gen_I_p_139,2230.888522536456,4306.918592,422.3108412815719,1653.719228181972
