name,transf,client,payoff,total,sessions
test_6month_sac_gen_d_74,2931.7910816410563,9929.387430399998,886.8210602299855,6110.775288528956,df_elaad_preproc_l6months.csv
