name,transf,client,payoff,total
test_month_sac_gen_J_m_339,668.9647725146265,1468.334912,149.17516390639216,650.1949755789814
