name,transf,client,payoff,total
test_month_sac_gen_I_n_379,656.2332196495674,1468.334912,149.17516390639216,662.9265284440404
