name,transf,client,payoff,total
val_month_sac_gen_I_l_96,668.2888106881511,1488.30912,159.56135988924024,660.4589494226086
