name,transf,client,payoff,total
train_month_sac_gen_I_y_247,-104.92875364998363,4306.918592,419.84382946365963,3992.0035161863234
