name,transf,client,payoff,total
train_month_sac_gen_I_a_93,2121.270107376069,4306.918592,422.3108412815719,1763.3376433423591
