name,transf,client,payoff,total
train_month_sac_gen_I_p_372,2180.4612926700365,4306.918592,422.3108412815719,1704.1464580483917
