name,transf,client,payoff,total
test_month_sac_gen_J_b_340,691.3401866333313,1468.334912,149.17516390639216,627.8195614602765
