name,transf,client,payoff,total
train_month_sac_gen_J_n_158,1905.419464997375,4306.918592,422.3108412815719,1979.188285721053
