name,transf,client,payoff,total
train_month_sac_gen_I_t_77,1979.5700485619404,4306.918592,421.5105726564419,1905.8379707816175
