name,transf,client,payoff,total
test_month_sac_gen_I_d_44,673.6508796603913,1468.334912,149.17516390639216,645.5088684332165
