name,transf,client,payoff,total
val_month_sac_gen_I_y_121,675.9479611768026,1488.30912,159.56135988924024,652.7997989339572
