name,transf,client,payoff,total
test_month_sac_gen_I_r_182,641.2731142459027,1468.334912,149.17516390639216,677.8866338477052
