name,transf,client,payoff,total
val_month_sac_gen_I_w_466,656.6711414243958,1488.30912,159.56135988924024,672.0766186863639
