name,transf,client,payoff,total
train_month_sac_gen_I_j_288,2040.164783085445,4306.918592,422.3108412815719,1844.4429676329833
