name,transf,client,payoff,total
train_month_sac_gen_J_g_454,2001.2200609594702,4306.918592,422.3108412815719,1883.387689758958
