name,transf,client,payoff,total
test_month_sac_gen_I_q_156,779.7892795661353,1468.334912,149.17516390639216,539.3704685274726
