name,transf,client,payoff,total
test_month_sac_gen_J_p_492,673.9263885100412,1468.334912,149.17516390639216,645.2333595835667
