name,transf,client,payoff,total,sessions
test_6month_sac_pred_noise_3d_114,4477.787921078519,9929.387430399998,889.2877424740021,4562.311766847478,df_elaad_preproc_l6months.csv
