name,transf,client,payoff,total
train_month_sac_gen_I_j_426,2013.12312226518,4306.918592,422.3108412815719,1871.4846284532482
