name,transf,client,payoff,total
val_month_sac_gen_I_n_305,600.7292048104492,1488.30912,159.56135988924024,728.0185553003105
