name,transf,client,payoff,total
test_month_sac_gen_J_d_297,702.8875804630924,1468.334912,149.17516390639216,616.2721676305155
