name,transf,client,payoff,total
val_month_sac_gen_I_k_15,747.0323051330245,1488.30912,159.56135988924024,581.7154549777351
