name,transf,client,payoff,total
test_month_sac_gen_I_u_42,721.8094298283864,1468.334912,149.17516390639216,597.3503182652214
