name,transf,client,payoff,total,sessions
test_6month_sac_pred_noise_5b_23,3347.8506886677387,9929.387430399998,881.6875054342313,5699.849236298029,df_elaad_preproc_l6months.csv
