name,transf,client,payoff,total,sessions
test_6month_sac_pred_noise_5e_171,5112.113098557893,9929.387430399998,881.6875054342313,3935.586826407874,df_elaad_preproc_l6months.csv
