name,transf,client,payoff,total,sessions
test_6month_sac_gen_k_73,3089.4741143567853,9929.387430399998,886.8210602299855,5953.092255813228,df_elaad_preproc_l6months.csv
