name,transf,client,payoff,total
val_month_sac_b_4,2202.4907762180246,2277.450960542104,145.3079860330326,-70.34780170895323
