name,transf,client,payoff,total
train_month_sac_gen_J_y_261,512.0415899134223,1349.0472576000002,120.32105381356293,716.684613873015
