name,transf,client,payoff,total
test_month_sac_gen_J_w_29,697.10378091248,1468.334912,148.50825484764397,622.7228762398761
