name,transf,client,payoff,total,sessions
test_6month_sac_gen_3l_183,2814.4460789091518,9929.387430399998,886.8210602299855,6228.1202912608605,df_elaad_preproc_l6months.csv
