name,transf,client,payoff,total
val_month_sac_gen_J_d_46,692.677138878747,1488.30912,159.56135988924024,636.0706212320126
