name,transf,client,payoff,total
val_month_sac_gen_G_b_55,652.9518956880147,1488.30912,159.09496226131247,676.2622620506727
