name,transf,client,payoff,total
test_month_sac_gen_I_y_445,679.3411720555316,1468.334912,149.17516390639216,639.8185760380762
