name,transf,client,payoff,total
test_month_sac_gen_a_67,908.0319153521715,1488.30912,159.56135988924024,420.71584475858816
