name,transf,client,payoff,total
val_month_sac_c_960,1815.35754166335,2277.450960542104,145.3079860330326,316.78543284572135
