name,transf,client,payoff,total,sessions
train_6month_sac_gen_4m_172,3271.0833730993445,8371.850816,843.1691531331272,4257.5982897675285,df_elaad_preproc_f6months.csv
