name,transf,client,payoff,total,sessions
test_6month_sac_gen_1m_10,4415.194979205393,9929.387430399998,886.8210602299855,4627.371390964619,df_elaad_preproc_l6months.csv
