name,transf,client,payoff,total
val_month_sac_gen_J_y_203,649.8170974504847,1488.30912,155.96206259448996,682.5299599550253
