name,transf,client,payoff,total
val_month_sac_gen_J_q_155,658.5770075699635,1488.30912,159.56135988924024,670.1707525407962
