name,transf,client,payoff,total,sessions
test_6month_sac_gen_f_145,2919.143450975341,9929.387430399998,886.8210602299855,6123.422919194672,df_elaad_preproc_l6months.csv
