name,transf,client,payoff,total,sessions
test_6month_sac_pred_noise_3b_286,3192.1848664693275,9929.387430399998,889.2877424740021,5847.9148214566685,df_elaad_preproc_l6months.csv
