name,transf,client,payoff,total
test_month_sac_gen_I_q_181,774.4734360826411,1468.334912,149.17516390639216,544.6863120109667
