name,transf,client,payoff,total
train_month_sac_gen_I_v_296,145.07560592002358,4306.918592,422.510270647579,3739.332715432397
