name,transf,client,payoff,total,sessions
test_6month_sac_gen_i_247,2723.6807723587485,9929.387430399998,886.8210602299855,6318.885597811264,df_elaad_preproc_l6months.csv
