name,transf,client,payoff,total
train_month_sac_gen_I_u_440,-125.58416795106183,4306.918592,422.3108412815719,4010.1919186694904
