name,transf,client,payoff,total
test_month_sac_gen_J_f_387,658.7864505532657,1468.334912,149.17516390639216,660.3732975403422
