name,transf,client,payoff,total,sessions
train_month_sac_pred_noise_e_214,679.0149667334913,1349.0472576000002,122.05448902738576,547.9778018391231,df_elaad_preproc_feb.csv
