name,transf,client,payoff,total
test_month_sac_gen_I_q_373,773.6575002345745,1468.334912,149.17516390639216,545.5022478590333
