name,transf,client,payoff,total
test_month_sac_gen_J_s_306,577.0675187361305,1468.334912,148.50825484764397,742.7591384162256
