name,transf,client,payoff,total
train_month_sac_gen_I_a_299,2032.9854432174022,4306.918592,422.3108412815719,1851.6223075010257
