name,transf,client,payoff,total,sessions
test_6month_sac_pred_noise_5c_133,3541.6829242612034,9929.387430399998,881.6875054342313,5506.0170007045635,df_elaad_preproc_l6months.csv
