name,transf,client,payoff,total
test_month_sac_gen_J_v_239,650.4417951594519,1468.334912,148.50825484764397,669.3848619929042
