name,transf,client,payoff,total,sessions
test_6month_sac_gen_f_102,3001.2014577959226,9929.387430399998,886.8210602299855,6041.364912374091,df_elaad_preproc_l6months.csv
