name,transf,client,payoff,total
test_month_sac_gen_I_h_499,711.2272253392582,1468.334912,149.17516390639216,607.9325227543496
