name,transf,client,payoff,total
test_month_sac_gen_J_k_328,618.4202521833276,1468.334912,149.17516390639216,700.7394959102802
