name,transf,client,payoff,total
val_month_sac_gen_I_a_449,638.8259590251429,1488.30912,159.56135988924024,689.9218010856168
