name,transf,client,payoff,total
test_month_sac_gen_I_b_306,693.141172322534,1468.334912,149.17516390639216,626.0185757710739
