name,transf,client,payoff,total,sessions
test_6month_sac_pred_noise_1d_4,5221.7121167972155,9929.387430399998,893.2217503396156,3814.4535632631673,df_elaad_preproc_l6months.csv
