name,transf,client,payoff,total
test_month_sac_gen_I_i_213,719.6776207766777,1468.334912,149.17516390639216,599.4821273169301
