name,transf,client,payoff,total
test_month_sac_gen_I_k_414,679.7094165980616,1468.334912,149.17516390639216,639.4503314955463
