name,transf,client,payoff,total,sessions
test_6month_sac_gen_2n_143,2920.4374884150775,9929.387430399998,886.8210602299855,6122.128881754936,df_elaad_preproc_l6months.csv
