name,transf,client,payoff,total
test_month_sac_gen_J_f_108,666.9462991400026,1468.334912,149.17516390639216,652.2134489536053
