name,transf,client,payoff,total
train_month_sac_gen_J_r_7,2366.7755535858964,4306.918592,422.3108412815719,1517.8321971325317
