name,transf,client,payoff,total,sessions
test_6month_sac_gen_2m_156,2895.630154512431,9929.387430399998,897.4875555656347,6136.269720321932,df_elaad_preproc_l6months.csv
