name,transf,client,payoff,total
train_sac_c_68,66942.46245672705,149467.68812980913,8931.975524612415,73593.25014846967
