name,transf,client,payoff,total
test_month_sac_gen_I_t_310,704.673908416373,1468.334912,149.17516390639216,614.4858396772348
