name,transf,client,payoff,total
train_month_sac_gen_J_o_130,2060.1625162770247,4306.918592,422.3108412815719,1824.4452344414035
