name,transf,client,payoff,total,sessions
test_6month_sac_pred_noise_2b_152,3012.5693079531557,9929.387430399998,897.4875555656347,6019.330566881208,df_elaad_preproc_l6months.csv
