name,transf,client,payoff,total,sessions
test_6month_sac_pred_noise_4b_35,3806.8385800553087,9929.387430399998,891.2211003728393,5231.327749971851,df_elaad_preproc_l6months.csv
