name,transf,client,payoff,total
test_month_sac_gen_J_d_493,710.9664398762008,1468.334912,149.17516390639216,608.1933082174071
