name,transf,client,payoff,total,sessions
test_6month_sac_pred_noise_4a_257,3009.57213108177,9929.387430399998,891.2211003728393,6028.5941989453895,df_elaad_preproc_l6months.csv
