name,transf,client,payoff,total
test_month_sac_gen_I_x_318,745.6679991368787,1468.334912,149.17516390639216,573.4917489567291
