name,transf,client,payoff,total
train_month_sac_gen_I_m_252,2012.6563225126438,4306.918592,422.3108412815719,1871.9514282057844
