name,transf,client,payoff,total
test_month_sac_gen_J_a_434,680.8492596034683,1468.334912,149.17516390639216,638.3104884901395
