name,transf,client,payoff,total
val_month_sac_gen_J_y_30,723.8799131098478,1488.30912,155.96206259448996,608.4671442956621
