name,transf,client,payoff,total
train_month_sac_gen_J_d_401,2019.608638360679,4306.918592,422.3108412815719,1864.9991123577493
