name,transf,client,payoff,total,sessions
test_6month_sac_gen_g_175,2912.11372646534,9929.387430399998,886.8210602299855,6130.452643704673,df_elaad_preproc_l6months.csv
