name,transf,client,payoff,total
val_month_sac_gen_I_x_300,706.708270228898,1488.30912,159.56135988924024,622.0394898818618
