name,transf,client,payoff,total
test_month_sac_gen_I_m_224,679.695774603631,1468.334912,149.17516390639216,639.4639734899769
