name,transf,client,payoff,total
test_month_sac_gen_I_s_40,698.5230070304365,1468.334912,149.17516390639216,620.6367410631714
