name,transf,client,payoff,total
val_month_sac_gen_J_a_205,647.9182312176798,1488.30912,159.56135988924024,680.8295288930799
