name,transf,client,payoff,total
test_sac_c_c_5,13711.963086800128,18301.238246399997,1736.5228628156017,2852.752296784267
