name,transf,client,payoff,total
test_month_sac_gen_I_q_367,768.6092476129331,1468.334912,149.17516390639216,550.5505004806747
