name,transf,client,payoff,total
val_month_sac_gen_J_k_374,566.5153075835997,1488.30912,159.56135988924024,762.2324525271599
