name,transf,client,payoff,total
test_month_sac_gen_I_r_212,640.1908644109408,1468.334912,149.17516390639216,678.9688836826671
