name,transf,client,payoff,total
train_month_sac_gen_I_g_292,2493.9585031913857,4306.918592,422.3108412815719,1390.6492475270425
