name,transf,client,payoff,total
test_month_sac_gen_I_y_380,676.0155021032817,1468.334912,149.17516390639216,643.1442459903261
