name,transf,client,payoff,total
val_month_sac_gen_J_p_362,638.8760104746688,1488.30912,159.56135988924024,689.871749636091
