name,transf,client,payoff,total
train_month_sac_gen_I_a_163,2064.0515780526666,4306.918592,422.3108412815719,1820.5561726657616
