name,transf,client,payoff,total
train_month_sac_c_722,1028.4314407564318,2289.492687923877,157.2012507240518,1103.8599964433934
