name,transf,client,payoff,total
train_month_sac_gen_I_o_432,2114.274213396186,4306.918592,422.3108412815719,1770.3335373222421
