name,transf,client,payoff,total
val_month_sac_gen_J_f_483,639.7558055959611,1488.30912,159.56135988924024,688.9919545147986
