name,transf,client,payoff,total,sessions
test_6month_sac_gen_5l_129,2890.6050662093307,9929.387430399998,886.8210602299855,6151.961303960681,df_elaad_preproc_l6months.csv
