name,transf,client,payoff,total,sessions
test_6month_sac_gen_c_9,3820.162238491123,9929.387430399998,886.8210602299855,5222.40413167889,df_elaad_preproc_l6months.csv
