name,transf,client,payoff,total
val_month_sac_gen_J_v_41,679.4922137965887,1488.30912,155.96206259448996,652.8548436089213
