name,transf,client,payoff,total,sessions
test_6month_sac_pred_noise_3e_60,5173.328598059264,9929.387430399998,889.2877424740021,3866.7710898667324,df_elaad_preproc_l6months.csv
