name,transf,client,payoff,total,sessions
test_6month_sac_pred_noise_1b_127,3123.631390174982,9929.387430399998,893.2217503396156,5912.5342898854005,df_elaad_preproc_l6months.csv
