name,transf,client,payoff,total
test_month_sac_gen_I_h_287,708.603547781645,1468.334912,149.17516390639216,610.5562003119628
