name,transf,client,payoff,total,sessions
train_month_sac_gen_G_e_17,689.9252580399424,1349.0472576000002,124.5213666239475,534.6006329361103,df_elaad_preproc_feb.csv
