name,transf,client,payoff,total
test_month_sac_gen_I_g_292,838.1178359269222,1468.334912,149.17516390639216,481.0419121666856
