name,transf,client,payoff,total
test_month_sac_gen_I_c_53,729.966950359021,1468.334912,149.17516390639216,589.1927977345869
