name,transf,client,payoff,total
val_month_sac_gen_I_x_150,705.2491857802172,1488.30912,159.56135988924024,623.4985743305424
