name,transf,client,payoff,total,sessions
test_6month_sac_gen_4l_142,2855.8838829373385,9929.387430399998,886.8210602299855,6186.682487232674,df_elaad_preproc_l6months.csv
