name,transf,client,payoff,total
test_month_sac_gen_I_s_215,676.0564105844281,1468.334912,149.17516390639216,643.1033375091797
