name,transf,client,payoff,total
val_month_sac_gen_J_q_97,672.2544853634896,1488.30912,159.56135988924024,656.4932747472701
