name,transf,client,payoff,total,sessions
test_6month_sac_pred_noise_3a_245,2936.5422687941536,9929.387430399998,889.2877424740021,6103.557419131843,df_elaad_preproc_l6months.csv
