name,transf,client,payoff,total,sessions
test_6month_sac_pred_noise_5c_53,3715.2174256380445,9929.387430399998,881.6875054342313,5332.482499327723,df_elaad_preproc_l6months.csv
