name,transf,client,payoff,total
test_month_sac_c_686,1019.9179520868252,1469.5622144,135.21440678133106,314.4298555318437
