name,transf,client,payoff,total,sessions
test_6month_sac_gen_3l_236,2824.4197911329466,9929.387430399998,886.8210602299855,6218.146579037066,df_elaad_preproc_l6months.csv
