name,transf,client,payoff,total,sessions
test_6month_sac_pred_noise_1e_91,5125.3020281915615,9929.387430399998,893.2217503396156,3910.8636518688213,df_elaad_preproc_l6months.csv
