name,transf,client,payoff,total
val_month_sac_gen_J_j_438,593.2947542010791,1488.30912,159.56135988924024,735.4530059096805
