name,transf,client,payoff,total
train_month_sac_gen_J_q_196,2049.8843261104876,4306.918592,422.3108412815719,1834.7234246079406
