name,transf,client,payoff,total
month_sac_IX_a,1203.37041945225,1469.5622144,135.48115510625226,130.71063984149768
