name,transf,client,payoff,total,sessions
test_6month_sac_pred_noise_5b_148,3148.0102650261083,9929.387430399998,881.6875054342313,5899.689659939659,df_elaad_preproc_l6months.csv
