name,transf,client,payoff,total
test_month_sac_gen_I_f_420,723.5309509015569,1468.334912,147.8419170286109,596.9620440698322
