name,transf,client,payoff,total
train_month_sac_gen_I_o_490,2146.271981232588,4306.918592,422.3108412815719,1738.33576948584
