name,transf,client,payoff,total
train_month_sac_gen_G_b_242,873.9752664911991,1469.5622144,137.2949103725979,458.2920375362029
