name,transf,client,payoff,total
val_month_sac_gen_I_g_287,792.1974227037131,1488.30912,159.56135988924024,536.5503374070465
