name,transf,client,payoff,total
test_month_sac_c_414,1038.0101945755923,1469.5622144,135.21440678133106,296.33761304307654
