name,transf,client,payoff,total,sessions
test_6month_sac_pred_noise_5d_178,4633.110853007085,9929.387430399998,881.6875054342313,4414.589071958682,df_elaad_preproc_l6months.csv
