name,transf,client,payoff,total
val_month_sac_gen_J_k_387,561.8361286568697,1488.30912,159.56135988924024,766.9116314538899
