name,transf,client,payoff,total
val_sac_c_c_4,22263.744925645784,30125.305835959498,1762.9897063291792,6098.571203984535
