name,transf,client,payoff,total
train_month_sac_gen_I_f_359,2077.114848631334,4306.918592,421.11038371791597,1808.69335965075
