name,transf,client,payoff,total
val_month_sac_gen_I_g_322,779.5406537709971,1488.30912,159.56135988924024,549.2071063397625
