name,transf,client,payoff,total
test_month_sac_gen_I_v_343,681.8911264599641,1468.334912,149.17516390639216,637.2686216336438
