name,transf,client,payoff,total
test_month_sac_gen_I_s_495,669.9998158222008,1468.334912,149.17516390639216,649.159932271407
