name,transf,client,payoff,total
test_month_sac_gen_J_k_208,632.2808772445801,1468.334912,149.17516390639216,686.8788708490277
