name,transf,client,payoff,total
test_month_sac_gen_b_43,733.1253070515048,1488.30912,159.56135988924024,595.6224530592549
