name,transf,client,payoff,total
val_month_sac_gen_c_13,631.6220019030802,1349.0472576000002,118.32161810264896,599.103637594271
