name,transf,client,payoff,total
test_month_sac_gen_J_d_77,733.2169724099424,1468.334912,149.17516390639216,585.9427756836654
