name,transf,client,payoff,total
test_month_sac_gen_I_j_146,746.0338027461787,1468.334912,149.17516390639216,573.1259453474291
