name,transf,client,payoff,total
val_month_sac_gen_I_y_20,699.9931471225703,1488.30912,159.56135988924024,628.7546129881894
