name,transf,client,payoff,total
train_month_sac_gen_I_v_487,-8.484110799474706,4306.918592,421.37738775662854,3894.0253150428457
