name,transf,client,payoff,total
train_month_sac_gen_J_g_236,2042.0542095516275,4306.918592,422.3108412815719,1842.5535411668006
