name,transf,client,payoff,total,sessions
test_6month_sac_pred_noise_4d_189,4664.496906584996,9929.387430399998,891.2211003728393,4373.669423442163,df_elaad_preproc_l6months.csv
