name,transf,client,payoff,total,sessions
test_6month_sac_gen_e_18,3423.827152313783,9929.387430399998,886.8210602299855,5618.7392178562295,df_elaad_preproc_l6months.csv
