name,transf,client,payoff,total
val_month_sac_gen_I_b_394,610.3393149200884,1488.30912,159.56135988924024,718.4084451906713
