name,transf,client,payoff,total
val_month_sac_gen_I_g_172,813.2268548559894,1488.30912,159.56135988924024,515.5209052547702
