name,transf,client,payoff,total
train_month_sac_gen_I_p_394,2175.536444279575,4306.918592,422.3108412815719,1709.0713064388533
