name,transf,client,payoff,total
test_month_sac_gen_J_u_488,582.3972850970032,1468.334912,148.50825484764397,737.4293720553528
