name,transf,client,payoff,total
test_month_sac_gen_a_5,887.7128381065411,1488.30912,159.56135988924024,441.0349220042186
