name,transf,client,payoff,total
test_month_sac_gen_I_w_431,649.3741187966843,1468.334912,149.17516390639216,669.7856292969235
