name,transf,client,payoff,total,sessions
test_6month_sac_pred_noise_5a_27,3323.4373614925903,9929.387430399998,881.6875054342313,5724.262563473178,df_elaad_preproc_l6months.csv
