name,transf,client,payoff,total
test_month_sac_gen_I_g_438,851.0095880764404,1468.334912,149.17516390639216,468.1501600171674
