name,transf,client,payoff,total,sessions
test_6month_sac_gen_i_40,3063.3097692508263,9929.387430399998,886.8210602299855,5979.256600919187,df_elaad_preproc_l6months.csv
