name,transf,client,payoff,total,sessions
test_6month_sac_gen_5m_19,3486.308672175204,9929.387430399998,886.8210602299855,5556.257697994808,df_elaad_preproc_l6months.csv
