name,transf,client,payoff,total,sessions
test_6month_sac_pred_noise_4c_161,3411.3270690663926,9929.387430399998,891.2211003728393,5626.839260960767,df_elaad_preproc_l6months.csv
