name,transf,client,payoff,total
test_month_sac_gen_I_k_221,695.9785875956647,1468.334912,149.17516390639216,623.1811604979431
