name,transf,client,payoff,total
train_month_sac_gen_J_w_294,1833.7095297255319,4306.918592,421.5783036642921,2051.630758610176
