name,transf,client,payoff,total
train_month_sac_gen_I_z_320,236.70885798957903,4306.918592,424.5104451864129,3645.6992888240084
