name,transf,client,payoff,total
train_month_sac_gen_J_k_423,1758.9853730442314,4306.918592,422.3108412815719,2125.6223776741967
