name,transf,client,payoff,total
train_month_sac_gen_J_w_114,1940.127553496538,4306.918592,422.3108890760341,1944.480149427428
