name,transf,client,payoff,total,sessions
test_6month_sac_gen_2o_114,2902.425088251689,9929.387430399998,886.8210602299855,6140.141281918324,df_elaad_preproc_l6months.csv
