name,transf,client,payoff,total
train_month_sac_gen_J_y_188,665.6779676394015,1488.30912,159.494807962945,663.1363443976534
