name,transf,client,payoff,total
test_month_sac_gen_I_m_297,670.8995046945018,1468.334912,149.17516390639216,648.260243399106
