name,transf,client,payoff,total
val_month_sac_gen_I_c_53,697.0141130399504,1488.30912,159.56135988924024,631.7336470708092
