name,transf,client,payoff,total,sessions
test_6month_sac_gen_3m_75,2908.372436103159,9929.387430399998,889.2877424740021,6131.727251822837,df_elaad_preproc_l6months.csv
