name,transf,client,payoff,total
train_month_sac_gen_I_a_185,2054.435414622547,4306.918592,422.3108412815719,1830.1723360958813
