name,transf,client,payoff,total
test_month_sac_gen_I_w_118,673.4755206435766,1468.334912,149.17516390639216,645.6842274500312
