name,transf,client,payoff,total
test_month_sac_c_261,1060.6430011842556,1469.5622144,135.21440678133106,273.7048064344133
