name,transf,client,payoff,total,sessions
test_6month_sac_gen_g_233,2866.9242945104893,9929.387430399998,886.8210602299855,6175.6420756595235,df_elaad_preproc_l6months.csv
