name,transf,client,payoff,total
test_month_sac_gen_I_c_252,683.0150675985169,1468.334912,149.17516390639216,636.1446804950909
