name,transf,client,payoff,total
train_month_sac_gen_J_u_412,1817.0709795392359,4306.918592,417.70994262791106,2072.137669832853
