name,transf,client,payoff,total
train_month_sac_gen_J_d_140,2078.3166250464274,4306.918592,422.3108412815719,1806.2911256720008
