name,transf,client,payoff,total
train_month_sac_gen_I_m_318,1998.4999195462465,4306.918592,422.3108412815719,1886.1078311721817
