name,transf,client,payoff,total
test_month_sac_gen_I_d_416,666.6757999152899,1468.334912,149.17516390639216,652.483948178318
