name,transf,client,payoff,total
train_month_sac_gen_I_b_141,2019.8655576809624,4306.918592,422.3108412815719,1864.7421930374658
