name,transf,client,payoff,total,sessions
train_month_sac_pred_noise_c_216,923.3550367967961,1349.0472576000002,120.72146005630245,304.97076074690165,df_elaad_preproc_feb.csv
