name,transf,client,payoff,total
test_month_sac_gen_J_i_277,738.7851143308496,1468.334912,149.17516390639216,580.3746337627582
