name,transf,client,payoff,total,sessions
test_6month_sac_gen_2m_73,3016.254923817818,9929.387430399998,897.4875555656347,6015.644951016546,df_elaad_preproc_l6months.csv
