name,transf,client,payoff,total
train_month_sac_gen_I_e_394,2041.331301522708,4306.918592,417.9096673275943,1847.6776231496979
