name,transf,client,payoff,total
test_month_sac_gen_I_i_367,705.91593264894,1468.334912,149.17516390639216,613.2438154446678
