name,transf,client,payoff,total
val_month_sac_gen_a_19,772.5496140365815,1349.0472576000002,118.32161810264896,458.1760254607698
