name,transf,client,payoff,total
val_month_sac_gen_I_e_442,604.1632670672034,1488.30912,155.96206259448996,728.1837903383066
