name,transf,client,payoff,total
train_month_sac_gen_J_n_157,1906.7214184262673,4306.918592,422.3108412815719,1977.8863322921607
