name,transf,client,payoff,total
test_month_sac_gen_I_f_309,733.3683448806044,1468.334912,147.8419170286109,587.1246500907848
