name,transf,client,payoff,total
val_month_sac_gen_G_b_194,617.9269759095561,1488.30912,159.09496226131247,711.2871818291313
