name,transf,client,payoff,total
test_month_sac_gen_J_m_424,656.7950397957061,1468.334912,149.17516390639216,662.3647082979018
