name,transf,client,payoff,total
train_month_sac_gen_J_x_33,707.615345135507,1349.0472576000002,120.52077346518433,520.9111389993088
