name,transf,client,payoff,total
val_month_sac_gen_J_o_66,697.119224192925,1488.30912,159.56135988924024,631.6285359178346
