name,transf,client,payoff,total
val_month_sac_gen_I_r_14,706.9023063161239,1488.30912,159.56135988924024,621.8454537946357
