name,transf,client,payoff,total
train_month_sac_c_324,1064.1940842860022,2289.492687923877,157.2012507240518,1068.097352913823
