name,transf,client,payoff,total
train_month_sac_gen_I_c_130,2125.552241047725,4306.918592,422.3108412815719,1759.055509670703
