name,transf,client,payoff,total
val_month_sac_gen_I_i_380,654.7153508606243,1488.30912,159.56135988924024,674.0324092501353
