name,transf,client,payoff,total
train_month_sac_gen_J_x_2,1372.918668206672,1469.5622144,142.094741946743,-45.45119575341511
