name,transf,client,payoff,total
test_month_sac_gen_I_t_473,718.8319793997059,1468.334912,149.17516390639216,600.3277686939019
