name,transf,client,payoff,total
test_month_sac_gen_J_o_10,762.7376056787004,1468.334912,149.17516390639216,556.4221424149074
