name,transf,client,payoff,total
train_month_sac_gen_J_k_191,1820.8667757266535,4306.918592,422.3108412815719,2063.7409749917747
