name,transf,client,payoff,total
test_month_sac_gen_I_j_195,727.6913314587607,1468.334912,149.17516390639216,591.4684166348471
