name,transf,client,payoff,total
val_month_sac_gen_J_l_119,626.2010410551142,1488.30912,159.56135988924024,702.5467190556456
