name,transf,client,payoff,total
test_month_sac_c_74,1177.802367473709,1469.5622144,135.21440678133106,156.54544014495988
