name,transf,client,payoff,total,sessions
test_6month_sac_gen_c_234,2926.3459269753953,9929.387430399998,886.8210602299855,6116.2204431946175,df_elaad_preproc_l6months.csv
