name,transf,client,payoff,total
val_month_sac_gen_J_o_135,660.902451670239,1488.30912,159.56135988924024,667.8453084405207
