name,transf,client,payoff,total
val_month_sac_gen_I_f_225,663.5798390781507,1488.30912,158.8282254603323,665.9010554615169
