name,transf,client,payoff,total
val_month_sac_gen_I_v_117,653.9643577745184,1488.30912,159.56135988924024,674.7834023362414
