name,transf,client,payoff,total
train_month_sac_gen_I_z_421,528.6032032393332,4306.918592,414.5094332228307,3363.805955537836
