name,transf,client,payoff,total
val_month_sac_gen_J_t_89,623.2844522409529,1488.30912,155.96206259448996,709.062605164557
