name,transf,client,payoff,total,sessions
test_6month_sac_pred_noise_1a_122,2928.5459555502234,9929.387430399998,893.2217503396156,6107.619724510158,df_elaad_preproc_l6months.csv
