name,transf,client,payoff,total,sessions
test_6month_sac_gen_3m_55,2926.9394866160437,9929.387430399998,886.8210602299855,6115.626883553969,df_elaad_preproc_l6months.csv
