name,transf,client,payoff,total
test_month_sac_gen_J_k_144,631.5115804154159,1468.334912,149.17516390639216,687.648167678192
