name,transf,client,payoff,total
val_month_sac_gen_J_d_197,658.3759408035357,1488.30912,159.56135988924024,670.3718193072239
