name,transf,client,payoff,total
train_month_sac_gen_J_h_317,2056.3463751604822,4306.918592,422.3108412815719,1828.261375557946
