name,transf,client,payoff,total
train_month_sac_gen_I_r_424,1932.3710394102538,4306.918592,424.5104451864129,1950.0371074033335
