name,transf,client,payoff,total,sessions
test_6month_sac_gen_2m_102,3046.8432497479575,9929.387430399998,886.8210602299855,5995.723120422055,df_elaad_preproc_l6months.csv
