name,transf,client,payoff,total
test_month_sac_gen_J_d_310,707.9804176529476,1468.334912,149.17516390639216,611.1793304406602
