name,transf,client,payoff,total
val_month_sac_gen_J_a_151,652.6565570114884,1488.30912,159.56135988924024,676.0912030992713
