name,transf,client,payoff,total
train_month_sac_gen_I_t_9,2249.935717175203,4306.918592,415.70985056411735,1641.2730242606794
