name,transf,client,payoff,total
test_month_sac_gen_I_i_438,707.7189744420493,1468.334912,149.17516390639216,611.4407736515585
