name,transf,client,payoff,total,sessions
test_6month_sac_gen_4l_68,2995.65053734734,9929.387430399998,886.8210602299855,6046.915832822673,df_elaad_preproc_l6months.csv
