name,transf,client,payoff,total,sessions
test_6month_sac_gen_2l_162,2869.179427291474,9929.387430399998,886.8210602299855,6173.386942878538,df_elaad_preproc_l6months.csv
