name,transf,client,payoff,total
val_month_sac_gen_I_l_247,645.5145639593233,1488.30912,159.56135988924024,683.2331961514365
