name,transf,client,payoff,total
test_month_sac_gen_I_u_88,702.6452820880786,1468.334912,149.17516390639216,616.5144660055292
