name,transf,client,payoff,total
test_month_sac_gen_J_j_267,644.7899705714511,1468.334912,149.17516390639216,674.3697775221567
