name,transf,client,payoff,total,sessions
test_6month_sac_pred_noise_5a_75,2889.7715163400935,9929.387430399998,881.6875054342313,6157.928408625674,df_elaad_preproc_l6months.csv
