name,transf,client,payoff,total
train_month_sac_gen_J_f_311,1995.742338770789,4306.918592,422.3108412815719,1888.8654119476391
