name,transf,client,payoff,total
train_month_sac_gen_J_q_166,2068.2964533621384,4306.918592,422.3108412815719,1816.3112973562897
