name,transf,client,payoff,total
test_month_sac_gen_J_c_99,710.210541692705,1468.334912,149.17516390639216,608.9492064009029
