name,transf,client,payoff,total
train_month_sac_gen_I_f_40,2287.2761961686992,4306.918592,421.11038371791597,1598.5320121133848
