name,transf,client,payoff,total
test_month_sac_gen_I_o_122,735.7556522396027,1468.334912,149.17516390639216,583.4040958540052
