name,transf,client,payoff,total
val_month_sac_gen_I_d_333,629.843372893529,1488.30912,159.56135988924024,698.9043872172306
