name,transf,client,payoff,total
test_month_sac_gen_I_d_474,673.3811646365951,1468.334912,149.17516390639216,645.7785834570127
