name,transf,client,payoff,total
train_month_sac_gen_J_j_405,1842.8977542540117,4306.918592,422.3108412815719,2041.7099964644167
