name,transf,client,payoff,total
val_month_sac_gen_J_j_140,623.8688610714102,1488.30912,159.56135988924024,704.8788990393496
