name,transf,client,payoff,total
train_month_sac_gen_J_k_31,2039.885268093069,4306.918592,422.3108412815719,1844.7224826253591
