name,transf,client,payoff,total
val_month_sac_gen_J_j_366,596.9626529384124,1488.30912,159.56135988924024,731.7851071723474
