name,transf,client,payoff,total,sessions
test_6month_sac_pred_noise_2b_104,3053.6682207691547,9929.387430399998,897.4875555656347,5978.231654065209,df_elaad_preproc_l6months.csv
