name,transf,client,payoff,total
test_month_sac_gen_a_35,901.347412266373,1488.30912,159.56135988924024,427.40034784438666
