name,transf,client,payoff,total
train_month_sac_gen_J_p_140,2041.2099169313506,4306.918592,422.3108412815719,1843.3978337870776
