name,transf,client,payoff,total
train_month_sac_gen_I_f_135,2128.728103433202,4306.918592,421.11038371791597,1757.0801048488822
