name,transf,client,payoff,total
test_month_sac_gen_I_f_330,737.0385584703683,1468.334912,147.8419170286109,583.4544365010208
