name,transf,client,payoff,total
test_month_sac_gen_I_y_366,677.3653650089932,1468.334912,149.17516390639216,641.7943830846147
