name,transf,client,payoff,total
val_month_sac_gen_J_p_218,645.4559643747513,1488.30912,159.56135988924024,683.2917957360085
