name,transf,client,payoff,total
val_month_sac_gen_J_a_436,648.2391164728344,1488.30912,159.56135988924024,680.5086436379252
