name,transf,client,payoff,total
train_month_sac_gen_I_x_452,-7073.302188135567,4306.918592,418.84445852238747,10961.37632161318
