name,transf,client,payoff,total
train_month_sac_gen_J_g_315,2025.0415506346867,4306.918592,422.3108412815719,1859.5662000837415
