name,transf,client,payoff,total,sessions
test_6month_sac_gen_g_38,3182.912681044033,9929.387430399998,886.8210602299855,5859.65368912598,df_elaad_preproc_l6months.csv
