name,transf,client,payoff,total
test_month_sac_gen_I_h_57,735.8185288115899,1468.334912,149.17516390639216,583.341219282018
