name,transf,client,payoff,total
train_month_sac_gen_I_f_384,2074.8716932300495,4306.918592,421.11038371791597,1810.9365150520346
