name,transf,client,payoff,total
test_month_sac_gen_I_i_102,729.833973577067,1468.334912,149.17516390639216,589.3257745165408
