name,transf,client,payoff,total,sessions
test_6month_sac_pred_noise_1e_242,5003.537650985196,9929.387430399998,893.2217503396156,4032.628029075187,df_elaad_preproc_l6months.csv
