name,transf,client,payoff,total,sessions
test_6month_sac_gen_1l_134,2906.115078521073,9929.387430399998,886.8210602299855,6136.45129164894,df_elaad_preproc_l6months.csv
