name,transf,client,payoff,total
train_month_sac_gen_J_w_264,1856.0434557499066,4306.918592,422.97654821088315,2027.8985880392102
