name,transf,client,payoff,total
test_month_sac_gen_I_c_346,680.5809633378966,1468.334912,149.17516390639216,638.5787847557112
