name,transf,client,payoff,total
train_month_sac_gen_J_d_108,2095.176190717139,4306.918592,422.3108412815719,1789.4315600012892
