name,transf,client,payoff,total
train_month_sac_gen_J_z_188,618.6571272655367,1488.30912,163.22821122408982,706.4237815103734
