name,transf,client,payoff,total,sessions
test_6month_sac_gen_f_161,2914.3992624106677,9929.387430399998,886.8210602299855,6128.1671077593455,df_elaad_preproc_l6months.csv
