name,transf,client,payoff,total
test_month_sac_gen_J_u_25,651.9339352172847,1468.334912,148.50825484764397,667.8927219350714
