name,transf,client,payoff,total,sessions
test_6month_sac_gen_3l_81,3004.896921576091,9929.387430399998,886.8210602299855,6037.669448593922,df_elaad_preproc_l6months.csv
