name,transf,client,payoff,total,sessions
test_6month_sac_pred_noise_3d_109,4624.929367944589,9929.387430399998,889.2877424740021,4415.170319981407,df_elaad_preproc_l6months.csv
