name,transf,client,payoff,total,sessions
test_6month_sac_pred_noise_3b_213,3075.381946542651,9929.387430399998,889.2877424740021,5964.717741383345,df_elaad_preproc_l6months.csv
