name,transf,client,payoff,total
test_month_sac_gen_J_h_126,757.0684952267752,1468.334912,149.17516390639216,562.0912528668326
