name,transf,client,payoff,total
val_month_sac_gen_I_h_140,651.0092169321051,1488.30912,159.56135988924024,677.7385431786545
