name,transf,client,payoff,total
train_month_sac_gen_J_z_143,920.4236323434511,1469.5622144,141.6284919856534,407.5100900708954
