name,transf,client,payoff,total
train_month_sac_gen_I_t_486,1909.1671859933558,4306.918592,420.9102109696564,1976.8411950369878
