name,transf,client,payoff,total
val_month_sac_gen_J_h_256,671.2016240981241,1488.30912,159.56135988924024,657.5461360126355
