name,transf,client,payoff,total
val_month_sac_gen_J_x_146,724.6822389433161,1488.30912,159.56135988924024,604.0655211674436
