name,transf,client,payoff,total,sessions
test_6month_sac_gen_5l_116,2904.270059356292,9929.387430399998,886.8210602299855,6138.296310813721,df_elaad_preproc_l6months.csv
