name,transf,client,payoff,total
month_sac_IX_h,1211.2594817878094,1469.5622144,138.4809171739941,119.82181543819644
