name,transf,client,payoff,total,sessions
test_6month_sac_pred_noise_1c_155,3512.7270245204936,9929.387430399998,893.2217503396156,5523.438655539889,df_elaad_preproc_l6months.csv
