name,transf,client,payoff,total
val_month_sac_gen_I_i_327,654.523050541545,1488.30912,159.56135988924024,674.2247095692146
