name,transf,client,payoff,total
train_month_sac_gen_I_h_444,1992.8420603558254,4306.918592,422.3108412815719,1891.765690362603
