name,transf,client,payoff,total
val_month_sac_gen_J_g_372,637.9965593677108,1488.30912,159.56135988924024,690.7512007430489
