name,transf,client,payoff,total
val_month_sac_gen_I_a_223,661.139246625546,1488.30912,159.56135988924024,667.6085134852137
