name,transf,client,payoff,total
train_month_sac_gen_I_m_261,2008.3194444270628,4306.918592,422.3108412815719,1876.2883062913652
