name,transf,client,payoff,total,sessions
test_6month_sac_gen_h_286,2951.189923225543,9929.387430399998,886.8210602299855,6091.376446944469,df_elaad_preproc_l6months.csv
