name,transf,client,payoff,total
train_month_sac_gen_J_i_263,1977.4069375324386,4306.918592,422.3108412815719,1907.2008131859893
