name,transf,client,payoff,total
test_month_sac_gen_I_o_353,729.1503106127354,1468.334912,149.17516390639216,590.0094374808724
