name,transf,client,payoff,total,sessions
test_6month_sac_pred_noise_3c_37,3807.0450452412842,9929.387430399998,889.2877424740021,5233.054642684712,df_elaad_preproc_l6months.csv
