name,transf,client,payoff,total
train_month_sac_gen_I_l_53,2131.8501726521504,4306.918592,422.3108412815719,1752.7575780662778
