name,transf,client,payoff,total
val_month_sac_gen_J_m_362,602.4112226935873,1488.30912,159.56135988924024,726.3365374171724
