name,transf,client,payoff,total
val_month_sac_gen_I_n_108,627.0201734117567,1488.30912,159.56135988924024,701.727586699003
