name,transf,client,payoff,total
train_month_sac_gen_I_s_351,1597.0619997484605,4306.918592,422.3108412815719,2287.5457509699677
