name,transf,client,payoff,total
test_month_sac_gen_J_o_82,707.1082258865817,1468.334912,149.17516390639216,612.0515222070261
