name,transf,client,payoff,total
test_month_sac_gen_J_f_110,665.6038102425377,1468.334912,149.17516390639216,653.5559378510701
