name,transf,client,payoff,total
train_month_sac_gen_J_q_199,2061.3860138216332,4306.918592,422.3108412815719,1823.221736896795
