name,transf,client,payoff,total,sessions
6month_sac_disagg_4e_MD,5093.173402086792,9929.387430399998,891.2211003728393,3944.9929279403673,df_elaad_preproc_l6months.csv
