name,transf,client,payoff,total
test_month_sac_c_636,1013.0877753836353,1469.5622144,135.21440678133106,321.2600322350336
