name,transf,client,payoff,total
train_month_sac_gen_I_m_213,2024.6006205194644,4306.918592,422.3108412815719,1860.0071301989638
