name,transf,client,payoff,total
test_month_sac_gen_I_x_66,743.8990759977136,1468.334912,149.17516390639216,575.2606720958943
