name,transf,client,payoff,total
test_month_sac_gen_I_m_444,667.6431124034502,1468.334912,149.17516390639216,651.5166356901576
