name,transf,client,payoff,total,sessions
test_6month_sac_pred_noise_5d_197,4488.901595446364,9929.387430399998,881.6875054342313,4558.798329519403,df_elaad_preproc_l6months.csv
