name,transf,client,payoff,total
val_month_sac_gen_I_x_154,711.0167427810873,1488.30912,159.56135988924024,617.7310173296723
