name,transf,client,payoff,total
test_month_sac_gen_J_a_34,729.3748017656671,1468.334912,149.17516390639216,589.7849463279407
