name,transf,client,payoff,total
val_month_sac_gen_G_b_292,582.9701292144217,1488.30912,159.09496226131247,746.2440285242657
