name,transf,client,payoff,total
test_month_sac_gen_I_c_268,676.0897160003567,1468.334912,149.17516390639216,643.0700320932511
