name,transf,client,payoff,total
val_month_sac_gen_I_e_124,622.9360147937521,1488.30912,155.96206259448996,709.4110426117579
