name,transf,client,payoff,total
test_month_sac_gen_J_h_205,743.7435714470727,1468.334912,149.17516390639216,575.4161766465352
