name,transf,client,payoff,total
test_month_sac_gen_I_h_85,728.0786668405242,1468.334912,149.17516390639216,591.0810812530837
