name,transf,client,payoff,total
train_month_sac_gen_J_a_234,1997.136629652284,4306.918592,422.3108412815719,1887.4711210661444
