name,transf,client,payoff,total
test_month_sac_gen_I_q_236,771.4450010890814,1468.334912,149.17516390639216,547.7147470045264
