name,transf,client,payoff,total
val_month_sac_gen_J_p_468,642.5965387344088,1488.30912,159.56135988924024,686.1512213763508
