name,transf,client,payoff,total
val_month_sac_c_512,1820.0912719753173,2277.450960542104,145.3079860330326,312.05170253375405
