name,transf,client,payoff,total,sessions
test_6month_sac_gen_1n_176,2915.7775801388807,9929.387430399998,886.8210602299855,6126.7887900311325,df_elaad_preproc_l6months.csv
