name,transf,client,payoff,total,sessions
test_6month_sac_pred_noise_4d_114,4523.793359522659,9929.387430399998,891.2211003728393,4514.372970504501,df_elaad_preproc_l6months.csv
