name,transf,client,payoff,total
train_month_sac_gen_I_p_133,2228.4804862877004,4306.918592,422.3108412815719,1656.1272644307278
