name,transf,client,payoff,total
val_month_sac_gen_I_u_191,660.0845574424307,1488.30912,159.56135988924024,668.663202668329
