name,transf,client,payoff,total
val_month_sac_gen_J_z_170,630.9730227196612,1488.30912,155.96206259448996,701.3740346858488
