name,transf,client,payoff,total,sessions
test_6month_sac_pred_noise_2b_183,3048.2868939511595,9929.387430399998,897.4875555656347,5983.612980883205,df_elaad_preproc_l6months.csv
