name,transf,client,payoff,total
train_month_sac_gen_I_u_155,-46.15872705840354,4306.918592,422.3108412815719,3930.7664777768314
