name,transf,client,payoff,total,sessions
test_6month_sac_gen_1o_30,3581.4043569799637,9929.387430399998,886.8210602299855,5461.162013190049,df_elaad_preproc_l6months.csv
