name,transf,client,payoff,total
test_month_sac_gen_J_k_41,669.1882354038426,1468.334912,149.17516390639216,649.9715126897653
