name,transf,client,payoff,total
train_month_sac_gen_J_w_286,1864.0015776479747,4306.918592,424.10998346836334,2018.8070308836618
