name,transf,client,payoff,total,sessions
test_6month_sac_gen_j_31,3214.806586310122,9929.387430399998,886.8210602299855,5827.75978385989,df_elaad_preproc_l6months.csv
