name,transf,client,payoff,total
val_month_sac_gen_J_a_129,653.972836375189,1488.30912,159.56135988924024,674.7749237355706
