name,transf,client,payoff,total
val_month_sac_gen_I_f_214,658.7948843930103,1488.30912,158.8282254603323,670.6860101466573
