name,transf,client,payoff,total
train_month_sac_gen_J_w_494,1848.490853145493,4306.918592,418.7107468279572,2039.7169920265496
