name,transf,client,payoff,total
val_month_sac_gen_c_5,623.4559510655188,1349.0472576000002,118.32161810264896,607.2696884318325
