name,transf,client,payoff,total
test_month_sac_gen_I_q_461,777.7468481128917,1468.334912,149.17516390639216,541.4128999807161
