name,transf,client,payoff,total
val_month_sac_gen_I_p_46,749.7681044872568,1488.30912,159.56135988924024,578.9796556235028
