name,transf,client,payoff,total,sessions
test_6month_sac_gen_1l_155,2853.980536329358,9929.387430399998,886.8210602299855,6188.585833840654,df_elaad_preproc_l6months.csv
