name,transf,client,payoff,total
test_month_sac_gen_G_b_29,795.2097110641238,1468.334912,148.64140204911905,524.4837988867572
