name,transf,client,payoff,total,sessions
test_6month_sac_pred_noise_5b_101,3174.0335592286947,9929.387430399998,881.6875054342313,5873.666365737072,df_elaad_preproc_l6months.csv
