name,transf,client,payoff,total
train_month_sac_gen_J_j_41,2130.542087540522,4306.918592,422.3108412815719,1754.0656631779061
