name,transf,client,payoff,total
val_month_sac_gen_c_16,713.230311812312,1349.0472576000002,118.32161810264896,517.4953276850392
