name,transf,client,payoff,total
test_month_sac_gen_J_p_325,652.562056135504,1468.334912,149.17516390639216,666.5976919581038
