name,transf,client,payoff,total
train_month_sac_gen_I_v_125,-79.44193818381254,4306.918592,423.9102216728261,3962.4503085109864
