name,transf,client,payoff,total
train_month_sac_gen_I_r_307,1947.030369782719,4306.918592,419.2439987942199,1940.6442234230612
