name,transf,client,payoff,total
train_month_sac_gen_J_i_390,1962.562856658773,4306.918592,422.3108412815719,1922.0448940596552
