name,transf,client,payoff,total
test_month_sac_gen_J_h_362,731.443992117779,1468.334912,149.17516390639216,587.7157559758289
