name,transf,client,payoff,total
test_month_sac_gen_I_a_169,703.4761338037985,1468.334912,149.17516390639216,615.6836142898094
