name,transf,client,payoff,total
test_month_sac_gen_I_t_487,718.1444580601851,1468.334912,149.17516390639216,601.0152900334227
