name,transf,client,payoff,total,sessions
test_6month_sac_gen_2l_57,3088.1051823038615,9929.387430399998,886.8210602299855,5954.461187866151,df_elaad_preproc_l6months.csv
