name,transf,client,payoff,total,sessions
test_6month_sac_pred_noise_4b_299,3122.4242843660522,9929.387430399998,891.2211003728393,5915.742045661107,df_elaad_preproc_l6months.csv
