name,transf,client,payoff,total
val_month_sac_gen_f_20,681.678814714389,1349.0472576000002,118.32161810264896,549.0468247829623
