name,transf,client,payoff,total
test_month_sac_gen_I_z_437,721.8283941760056,1468.334912,149.17516390639216,597.3313539176022
