name,transf,client,payoff,total
val_month_sac_gen_I_a_139,670.7447693335569,1488.30912,159.56135988924024,658.0029907772027
