name,transf,client,payoff,total
test_month_sac_gen_J_d_415,699.2998561254985,1468.334912,149.17516390639216,619.8598919681093
