name,transf,client,payoff,total
train_month_sac_gen_I_z_277,371.93239354570557,4306.918592,421.9103615637023,3513.075836890592
