name,transf,client,payoff,total
train_month_sac_gen_J_o_242,2032.3399073189767,4306.918592,422.3108412815719,1852.2678433994515
