name,transf,client,payoff,total
val_month_sac_gen_J_m_51,669.2276907142996,1488.30912,159.56135988924024,659.52006939646
