name,transf,client,payoff,total,sessions
test_6month_sac_pred_noise_2e_124,5292.934226654064,9929.387430399998,897.4875555656347,3738.9656481802995,df_elaad_preproc_l6months.csv
