name,transf,client,payoff,total
train_month_sac_gen_J_f_405,1984.166502128969,4306.918592,422.3108412815719,1900.441248589459
