name,transf,client,payoff,total,sessions
test_6month_sac_pred_noise_1a_137,2902.7022706500284,9929.387430399998,893.2217503396156,6133.463409410354,df_elaad_preproc_l6months.csv
