name,transf,client,payoff,total
val_month_sac_gen_I_e_257,601.4771113791817,1488.30912,155.96206259448996,730.8699460263283
