name,transf,client,payoff,total
test_month_sac_gen_I_w_86,683.9428384787757,1468.334912,149.17516390639216,635.2169096148322
