name,transf,client,payoff,total,sessions
test_6month_sac_gen_1l_25,3334.060453088815,9929.387430399998,886.8210602299855,5708.505917081198,df_elaad_preproc_l6months.csv
