name,transf,client,payoff,total
test_month_sac_gen_I_v_23,716.8925237710987,1468.334912,149.17516390639216,602.2672243225092
