name,transf,client,payoff,total
train_month_sac_gen_I_h_139,2049.8675291395625,4306.918592,422.3108412815719,1834.7402215788657
