name,transf,client,payoff,total
test_month_sac_gen_J_i_55,789.8356281828201,1468.334912,149.17516390639216,529.3241199107878
