name,transf,client,payoff,total
val_month_sac_gen_J_i_383,636.1634974441139,1488.30912,159.56135988924024,692.5842626666458
