name,transf,client,payoff,total,sessions
test_6month_sac_gen_2o_50,3071.8125088413,9929.387430399998,886.8210602299855,5970.753861328712,df_elaad_preproc_l6months.csv
