name,transf,client,payoff,total,sessions
test_6month_sac_gen_1n_45,3130.6993596134257,9929.387430399998,886.8210602299855,5911.867010556587,df_elaad_preproc_l6months.csv
