name,transf,client,payoff,total
val_month_sac_gen_I_x_257,702.5188015334865,1488.30912,159.56135988924024,626.2289585772733
