name,transf,client,payoff,total
train_month_sac_gen_I_p_102,2240.8707762636636,4306.918592,422.3108412815719,1643.7369744547645
