name,transf,client,payoff,total
test_month_sac_gen_c_75,715.3061338170614,1488.30912,159.56135988924024,613.4416262936982
