name,transf,client,payoff,total
val_month_sac_gen_I_i_294,653.2735570754891,1488.30912,159.56135988924024,675.4742030352706
