name,transf,client,payoff,total
test_month_sac_gen_I_v_313,691.9027361835244,1468.334912,149.17516390639216,627.2570119100834
