name,transf,client,payoff,total,sessions
6month_sac_disagg_5a_ML,3246.4745860474586,9929.387430399998,886.8210602299855,5796.091784122555,df_elaad_preproc_l6months.csv
