name,transf,client,payoff,total
train_month_sac_gen_I_p_42,2323.651850750493,4306.918592,422.3108412815719,1560.9558999679352
