name,transf,client,payoff,total
test_month_sac_gen_J_i_64,793.049751400127,1468.334912,149.17516390639216,526.1099966934809
