name,transf,client,payoff,total
train_month_sac_gen_J_f_479,1999.8349906969297,4306.918592,422.3108412815719,1884.7727600214985
