name,transf,client,payoff,total
val_month_sac_gen_J_e_4,793.1155739223803,1488.30912,159.56135988924024,535.6321861883794
