name,transf,client,payoff,total,sessions
test_6month_sac_pred_noise_4c_293,3716.220897158074,9929.387430399998,891.2211003728393,5321.945432869085,df_elaad_preproc_l6months.csv
