name,transf,client,payoff,total
train_month_sac_gen_I_e_12,2363.3293228016546,4306.918592,417.9096673275943,1525.679601870751
