name,transf,client,payoff,total
val_month_sac_gen_I_o_200,698.8686381865275,1488.30912,159.56135988924024,629.8791219242321
