name,transf,client,payoff,total
val_month_sac_gen_I_b_392,616.8289419228779,1488.30912,159.56135988924024,711.9188181878817
