name,transf,client,payoff,total
val_month_sac_gen_J_p_489,644.2429501665965,1488.30912,159.56135988924024,684.5048099441631
