name,transf,client,payoff,total
test_month_sac_gen_I_t_157,708.1800562677206,1468.334912,149.17516390639216,610.9796918258872
