name,transf,client,payoff,total,sessions
test_6month_sac_pred_noise_4d_257,4516.637270142271,9929.387430399998,891.2211003728393,4521.529059884889,df_elaad_preproc_l6months.csv
