name,transf,client,payoff,total,sessions
test_6month_sac_pred_noise_1e_43,5028.580733141616,9929.387430399998,893.2217503396156,4007.5849469187665,df_elaad_preproc_l6months.csv
