name,transf,client,payoff,total
train_month_sac_c_22,1343.2716503744837,2289.492687923877,157.2012507240518,789.0197868253415
