name,transf,client,payoff,total
test_month_sac_gen_I_l_84,716.2375335729213,1468.334912,149.17516390639216,602.9222145206866
