name,transf,client,payoff,total
test_month_sac_gen_I_p_116,769.2993807576523,1468.334912,149.17516390639216,549.8603673359555
