name,transf,client,payoff,total
val_month_sac_gen_J_m_318,595.7924453521878,1488.30912,159.56135988924024,732.9553147585718
