name,transf,client,payoff,total
val_month_sac_gen_I_y_346,655.6466718111299,1488.30912,159.56135988924024,673.1010882996297
