name,transf,client,payoff,total
val_month_sac_c_70,1993.8080105071335,2277.450960542104,145.3079860330326,138.33496400193786
