name,transf,client,payoff,total
train_month_sac_gen_c_21,775.2461703618802,1469.5622144,142.094741946743,552.2213020913766
