name,transf,client,payoff,total,sessions
test_6month_sac_gen_5m_112,2949.939889684066,9929.387430399998,886.8210602299855,6092.626480485946,df_elaad_preproc_l6months.csv
