name,transf,client,payoff,total
val_month_sac_gen_I_i_155,663.6101140804692,1488.30912,159.56135988924024,665.1376460302904
