name,transf,client,payoff,total
train_month_sac_gen_I_c_309,2056.912389446364,4306.918592,422.3108412815719,1827.695361272064
