name,transf,client,payoff,total
val_month_sac_gen_I_n_351,597.9082834548033,1488.30912,159.56135988924024,730.8394766559563
