name,transf,client,payoff,total
val_month_sac_gen_I_q_287,738.9369557290765,1488.30912,159.56135988924024,589.810804381683
