name,transf,client,payoff,total
train_month_sac_gen_I_w_477,-7677.867195411938,4306.918592,422.3108412815719,11562.474946130365
