name,transf,client,payoff,total
val_month_sac_gen_J_h_345,662.4596800638587,1488.30912,159.56135988924024,666.2880800469009
