name,transf,client,payoff,total
val_month_sac_gen_I_a_7,754.3816671149887,1488.30912,159.56135988924024,574.3660929957709
