name,transf,client,payoff,total
train_month_sac_gen_I_z_332,271.10402663827045,4306.918592,420.9104998274536,3614.904065534276
