name,transf,client,payoff,total,sessions
test_6month_sac_gen_4l_44,3043.962886806619,9929.387430399998,886.8210602299855,5998.603483363393,df_elaad_preproc_l6months.csv
