name,transf,client,payoff,total,sessions
test_6month_sac_pred_noise_4d_181,4657.991237758463,9929.387430399998,891.2211003728393,4380.175092268696,df_elaad_preproc_l6months.csv
