name,transf,client,payoff,total
train_month_sac_gen_I_j_67,2186.793621889346,4306.918592,422.3108412815719,1697.8141288290822
