name,transf,client,payoff,total,sessions
test_6month_sac_gen_2l_72,2987.4431482170467,9929.387430399998,886.8210602299855,6055.123221952967,df_elaad_preproc_l6months.csv
