name,transf,client,payoff,total
test_month_sac_gen_I_g_43,749.5670840192383,1468.334912,149.17516390639216,569.5926640743695
