name,transf,client,payoff,total
val_month_sac_gen_J_f_349,634.4122094888085,1488.30912,159.56135988924024,694.3355506219511
