name,transf,client,payoff,total
train_month_sac_gen_I_x_59,-7615.817591982546,4306.918592,423.44435901409236,11499.291824968454
