name,transf,client,payoff,total
train_month_sac_gen_I_y_290,84.85166655607165,4306.918592,422.8436808672951,3799.223244576633
