name,transf,client,payoff,total
val_month_sac_gen_J_b_402,635.0761220019024,1488.30912,159.56135988924024,693.6716381088572
