name,transf,client,payoff,total,sessions
test_6month_sac_gen_2m_24,3677.4813544792946,9929.387430399998,886.8210602299855,5365.085015690718,df_elaad_preproc_l6months.csv
