name,transf,client,payoff,total
test_month_sac_gen_J_e_12,754.3307244775538,1468.334912,149.17516390639216,564.8290236160541
