name,transf,client,payoff,total
val_month_sac_gen_J_a_92,673.1706988916039,1488.30912,159.56135988924024,655.5770612191557
