name,transf,client,payoff,total
val_month_sac_c_685,1840.0659780953822,2277.450960542104,145.3079860330326,292.0769964136892
