name,transf,client,payoff,total
test_month_sac_gen_I_y_31,711.2841492183801,1468.334912,149.17516390639216,607.8755988752278
