name,transf,client,payoff,total,sessions
test_6month_sac_pred_noise_4c_33,3754.5699002356864,9929.387430399998,891.2211003728393,5283.5964297914725,df_elaad_preproc_l6months.csv
