name,transf,client,payoff,total
val_month_sac_gen_I_b_311,622.5029222543554,1488.30912,159.56135988924024,706.2448378564043
