name,transf,client,payoff,total
val_month_sac_gen_J_d_335,648.5177826317313,1488.30912,159.56135988924024,680.2299774790283
