name,transf,client,payoff,total
val_month_sac_gen_J_o_101,674.281482746989,1488.30912,159.56135988924024,654.4662773637706
