name,transf,client,payoff,total
test_month_sac_gen_I_v_315,693.8003345886366,1468.334912,149.17516390639216,625.3594135049713
