name,transf,client,payoff,total
train_month_sac_gen_I_z_437,320.0078287900344,4306.918592,420.4438324377625,3566.4669307722033
