name,transf,client,payoff,total
train_month_sac_gen_I_r_222,1969.758100785448,4306.918592,419.71001680063966,1917.4504744139126
