name,transf,client,payoff,total
train_month_sac_gen_J_u_468,1836.0216235886564,4306.918592,417.1100852903447,2053.786883120999
