name,transf,client,payoff,total,sessions
test_6month_sac_gen_4m_57,2983.4211442101805,9929.387430399998,891.2211003728393,6054.745185816979,df_elaad_preproc_l6months.csv
