name,transf,client,payoff,total
test_month_sac_gen_J_e_133,684.7283221406572,1468.334912,149.17516390639216,634.4314259529507
