name,transf,client,payoff,total
val_month_sac_gen_J_v_317,603.144569078699,1488.30912,155.96206259448996,729.2024883268109
