name,transf,client,payoff,total
val_month_sac_gen_J_o_130,661.6477093318649,1488.30912,159.56135988924024,667.1000507788947
