name,transf,client,payoff,total
test_month_sac_gen_I_u_452,672.6299391014333,1468.334912,149.17516390639216,646.5298089921746
