name,transf,client,payoff,total
test_month_sac_gen_I_s_418,664.9306232465452,1468.334912,149.17516390639216,654.2291248470626
