name,transf,client,payoff,total,sessions
test_6month_sac_gen_5l_108,2917.1047874344886,9929.387430399998,886.8210602299855,6125.461582735525,df_elaad_preproc_l6months.csv
