name,transf,client,payoff,total,sessions
test_6month_sac_gen_f_225,2863.6879379371157,9929.387430399998,886.8210602299855,6178.8784322328975,df_elaad_preproc_l6months.csv
