name,transf,client,payoff,total
test_month_sac_gen_I_x_352,740.2933943004348,1468.334912,149.17516390639216,578.8663537931731
