name,transf,client,payoff,total
train_month_sac_gen_I_o_347,2131.9456480068834,4306.918592,422.3108412815719,1752.6621027115448
