name,transf,client,payoff,total,sessions
test_6month_sac_gen_4l_106,3011.2640092180163,9929.387430399998,886.8210602299855,6031.302360951997,df_elaad_preproc_l6months.csv
