name,transf,client,payoff,total
val_month_sac_gen_J_c_377,656.5913414711424,1488.30912,159.56135988924024,672.1564186396172
