name,transf,client,payoff,total,sessions
test_6month_sac_gen_2n_114,3020.20296591267,9929.387430399998,886.8210602299855,6022.363404257343,df_elaad_preproc_l6months.csv
