name,transf,client,payoff,total
test_month_sac_gen_J_l_279,656.7040286828708,1468.334912,149.17516390639216,662.4557194107371
