name,transf,client,payoff,total
test_month_sac_gen_I_x_289,736.2164708226207,1468.334912,149.17516390639216,582.9432772709871
