name,transf,client,payoff,total
train_month_sac_gen_J_o_29,2265.1307395067424,4306.918592,422.3108412815719,1619.4770112116857
