name,transf,client,payoff,total,sessions
train_month_sac_pred_noise_e_66,765.5346526356956,1349.0472576000002,119.98799907125903,463.5246058930456,df_elaad_preproc_feb.csv
