name,transf,client,payoff,total
train_month_sac_gen_I_x_193,-7373.273478334571,4306.918592,418.6438576469184,11261.548212687652
