name,transf,client,payoff,total
val_month_sac_gen_I_t_268,676.7136435278194,1488.30912,159.56135988924024,652.0341165829402
