name,transf,client,payoff,total
test_month_sac_gen_I_y_244,685.8141487406654,1468.334912,149.17516390639216,633.3455993529425
