name,transf,client,payoff,total
test_month_sac_gen_I_f_174,755.8325607598856,1468.334912,147.8419170286109,564.6604342115036
