name,transf,client,payoff,total
test_month_sac_gen_I_q_305,771.7405307858754,1468.334912,149.17516390639216,547.4192173077324
