name,transf,client,payoff,total
val_month_sac_gen_J_x_261,680.7488583077311,1488.30912,159.56135988924024,647.9989018030285
