name,transf,client,payoff,total
val_month_sac_gen_I_w_219,668.4819140139425,1488.30912,159.56135988924024,660.2658460968171
