name,transf,client,payoff,total
train_month_sac_gen_I_d_146,2010.9270522574093,4306.918592,422.3108412815719,1873.680698461019
