name,transf,client,payoff,total,sessions
test_6month_sac_pred_noise_1c_158,3510.6564156763716,9929.387430399998,893.2217503396156,5525.509264384011,df_elaad_preproc_l6months.csv
