name,transf,client,payoff,total
test_month_sac_gen_J_k_241,633.8233570288429,1468.334912,149.17516390639216,685.3363910647649
