name,transf,client,payoff,total
val_month_sac_gen_I_l_28,705.8553197300556,1488.30912,159.56135988924024,622.8924403807041
