name,transf,client,payoff,total,sessions
test_6month_sac_gen_2l_40,3240.982760392001,9929.387430399998,886.8210602299855,5801.583609778012,df_elaad_preproc_l6months.csv
