name,transf,client,payoff,total
train_month_sac_gen_I_r_326,1931.5521438437195,4306.918592,420.8439403290655,1954.5225078272151
