name,transf,client,payoff,total
test_month_sac_gen_I_c_431,669.1111380034872,1468.334912,149.17516390639216,650.0486100901206
