name,transf,client,payoff,total
train_month_sac_gen_J_f_136,2030.3307663271655,4306.918592,422.3108412815719,1854.2769843912629
