name,transf,client,payoff,total
train_month_sac_gen_I_s_232,1634.8609888847623,4306.918592,422.3108412815719,2249.746761833666
