name,transf,client,payoff,total
train_month_sac_gen_I_f_343,2078.3690849066156,4306.918592,421.11038371791597,1807.4391233754684
