name,transf,client,payoff,total,sessions
test_6month_sac_gen_5m_119,2781.3734719639388,9929.387430399998,881.6875054342313,6266.326453001828,df_elaad_preproc_l6months.csv
