name,transf,client,payoff,total
train_month_sac_gen_I_n_230,1908.6149615131437,4306.918592,422.3108412815719,1975.9927892052847
