name,transf,client,payoff,total
train_month_sac_gen_I_i_355,2053.6317973277123,4306.918592,422.3108412815719,1830.9759533907159
