name,transf,client,payoff,total
val_month_sac_gen_I_l_473,641.0837164309007,1488.30912,159.56135988924024,687.6640436798589
