name,transf,client,payoff,total
test_month_sac_gen_I_b_438,690.0038527596196,1468.334912,149.17516390639216,629.1558953339883
