name,transf,client,payoff,total
test_month_sac_gen_J_b_354,693.0311112360428,1468.334912,149.17516390639216,626.1286368575651
