name,transf,client,payoff,total
train_month_sac_gen_J_b_259,2014.9554574551203,4306.918592,422.3108412815719,1869.652293263308
