name,transf,client,payoff,total
train_month_sac_gen_J_d_209,2052.467807388234,4306.918592,422.3108412815719,1832.139943330194
