name,transf,client,payoff,total,sessions
test_6month_sac_pred_noise_2b_254,3257.424303390506,9929.387430399998,897.4875555656347,5774.475571443858,df_elaad_preproc_l6months.csv
