name,transf,client,payoff,total
val_month_sac_gen_J_v_306,601.14260023747,1488.30912,155.96206259448996,731.2044571680399
