name,transf,client,payoff,total
test_month_sac_gen_I_g_68,790.8706147363692,1468.334912,149.17516390639216,528.2891333572386
