name,transf,client,payoff,total
test_month_sac_gen_J_f_14,716.8744769802752,1468.334912,149.17516390639216,602.2852711133327
