name,transf,client,payoff,total
val_month_sac_gen_J_o_303,655.0899518660783,1488.30912,159.56135988924024,673.6578082446813
