name,transf,client,payoff,total,sessions
test_6month_sac_pred_noise_1a_82,2972.3878528810765,9929.387430399998,893.2217503396156,6063.777827179306,df_elaad_preproc_l6months.csv
