name,transf,client,payoff,total
train_month_sac_gen_J_o_493,2048.181584908574,4306.918592,422.3108412815719,1836.426165809854
