name,transf,client,payoff,total
train_month_sac_gen_I_f_302,2096.0460585497067,4306.918592,421.11038371791597,1789.7621497323773
