name,transf,client,payoff,total
train_month_sac_gen_J_w_365,1841.7316314906388,4306.918592,419.97714090397574,2045.2098196053853
