name,transf,client,payoff,total,sessions
test_6month_sac_pred_noise_2c_176,3566.1462598609864,9929.387430399998,897.4875555656347,5465.753614973377,df_elaad_preproc_l6months.csv
