name,transf,client,payoff,total,sessions
test_6month_sac_pred_noise_2a_142,2818.7380731334924,9929.387430399998,897.4875555656347,6213.161801700871,df_elaad_preproc_l6months.csv
