name,transf,client,payoff,total,sessions
test_6month_sac_gen_g_206,2883.7135848770017,9929.387430399998,886.8210602299855,6158.852785293011,df_elaad_preproc_l6months.csv
