name,transf,client,payoff,total
val_month_sac_gen_J_t_32,676.1909755459092,1488.30912,155.96206259448996,656.1560818596008
