name,transf,client,payoff,total
test_month_sac_gen_J_b_188,706.9335255105075,1468.334912,149.17516390639216,612.2262225831004
