name,transf,client,payoff,total
test_month_sac_gen_J_c_424,670.9979846823682,1468.334912,149.17516390639216,648.1617634112397
