name,transf,client,payoff,total
train_month_sac_c_878,1026.5581871976406,2289.492687923877,157.2012507240518,1105.7332500021846
