name,transf,client,payoff,total
val_month_sac_gen_J_a_204,641.7042402154694,1488.30912,159.56135988924024,687.0435198952903
