name,transf,client,payoff,total
test_month_sac_gen_I_f_217,752.7031999874886,1468.334912,147.8419170286109,567.7897949839005
