name,transf,client,payoff,total
val_month_sac_gen_J_f_22,715.8394618790718,1488.30912,159.56135988924024,612.9082982316879
