name,transf,client,payoff,total
test_month_sac_gen_J_y_12,872.63038700724,1468.334912,148.50825484764397,447.1962701451161
