name,transf,client,payoff,total,sessions
test_6month_sac_gen_3m_108,2950.4096053941375,9929.387430399998,889.2877424740021,6089.690082531859,df_elaad_preproc_l6months.csv
