name,transf,client,payoff,total
test_month_sac_gen_I_j_72,781.5348950184343,1468.334912,149.17516390639216,537.6248530751735
