name,transf,client,payoff,total
test_month_sac_gen_J_h_12,774.698850655001,1468.334912,149.17516390639216,544.4608974386068
