name,transf,client,payoff,total
train_month_sac_gen_J_m_477,1774.9644849725637,4306.918592,422.3108412815719,2109.6432657458645
