name,transf,client,payoff,total
train_month_sac_gen_J_l_307,1844.239732399396,4306.918592,422.3108412815719,2040.3680183190322
