name,transf,client,payoff,total
train_month_sac_gen_J_l_371,1820.4527127820838,4306.918592,422.3108412815719,2064.1550379363443
