name,transf,client,payoff,total
train_month_sac_gen_J_g_260,2041.1027509894177,4306.918592,422.3108412815719,1843.5049997290107
