name,transf,client,payoff,total,sessions
test_6month_sac_gen_5m_183,2915.264200052138,9929.387430399998,886.8210602299855,6127.302170117875,df_elaad_preproc_l6months.csv
