name,transf,client,payoff,total
test_month_sac_gen_J_v_270,636.7025835358154,1468.334912,148.50825484764397,683.1240736165407
