name,transf,client,payoff,total
val_month_sac_gen_I_k_149,673.4180138568489,1488.30912,159.56135988924024,655.3297462539108
