name,transf,client,payoff,total
test_month_sac_gen_I_s_313,671.1839522383334,1468.334912,149.17516390639216,647.9757958552744
