name,transf,client,payoff,total
train_month_sac_gen_J_n_141,1927.719296482207,4306.918592,422.3108412815719,1956.8884542362212
