name,transf,client,payoff,total
train_month_sac_gen_J_j_101,1950.7229126907764,4306.918592,422.3108412815719,1933.8848380276518
