name,transf,client,payoff,total
train_month_sac_gen_J_s_56,2061.7148209048637,4306.918592,416.3775719259156,1828.8261991692207
