name,transf,client,payoff,total
test_month_sac_gen_J_p_329,653.450812931404,1468.334912,149.17516390639216,665.7089351622038
