name,transf,client,payoff,total
train_month_sac_c_817,1024.213219384208,2289.492687923877,157.2012507240518,1108.078217815617
