name,transf,client,payoff,total
val_month_sac_gen_J_w_275,558.4249696744246,1488.30912,155.96206259448996,773.9220877310854
