name,transf,client,payoff,total
train_month_sac_gen_J_n_162,1904.9229527661512,4306.918592,422.3108412815719,1979.6847979522772
