name,transf,client,payoff,total
test_month_sac_gen_J_e_86,690.3636604607914,1468.334912,149.17516390639216,628.7960876328165
