name,transf,client,payoff,total,sessions
test_6month_sac_pred_noise_5e_192,5140.219037937482,9929.387430399998,881.6875054342313,3907.4808870282845,df_elaad_preproc_l6months.csv
