name,transf,client,payoff,total
train_month_sac_gen_I_g_429,2554.4414870595565,4306.918592,422.3108412815719,1330.1662636588717
