name,transf,client,payoff,total
train_month_sac_gen_J_n_236,1855.203943236283,4306.918592,422.3108412815719,2029.403807482145
