name,transf,client,payoff,total
test_month_sac_gen_I_y_242,681.7721904046725,1468.334912,149.17516390639216,637.3875576889353
