name,transf,client,payoff,total,sessions
test_6month_sac_pred_noise_1e_107,5292.702266989991,9929.387430399998,893.2217503396156,3743.463413070392,df_elaad_preproc_l6months.csv
