name,transf,client,payoff,total
val_month_sac_gen_J_s_272,541.2811684502844,1488.30912,155.96206259448996,791.0658889552255
