name,transf,client,payoff,total
val_month_sac_c_561,1820.2089766502036,2277.450960542104,145.3079860330326,311.9339978588678
