name,transf,client,payoff,total
val_month_sac_gen_I_l_250,647.3538399875143,1488.30912,159.56135988924024,681.3939201232454
