name,transf,client,payoff,total
train_month_sac_gen_I_z_260,429.9966090495087,4306.918592,419.2439987942199,3457.6779841562716
