name,transf,client,payoff,total
train_month_sac_gen_J_s_215,1897.7805605461099,4306.918592,425.710049622165,1983.427981831725
