name,transf,client,payoff,total,sessions
test_6month_sac_pred_noise_1c_137,3514.4042414287615,9929.387430399998,893.2217503396156,5521.761438631621,df_elaad_preproc_l6months.csv
