name,transf,client,payoff,total
train_month_sac_gen_J_i_231,1980.8146092263264,4306.918592,422.3108412815719,1903.7931414921018
