name,transf,client,payoff,total
val_month_sac_gen_J_p_18,706.0140389048008,1488.30912,159.56135988924024,622.7337212059588
