name,transf,client,payoff,total,sessions
test_6month_sac_pred_noise_4c_103,3627.8615994184775,9929.387430399998,891.2211003728393,5410.304730608682,df_elaad_preproc_l6months.csv
