name,transf,client,payoff,total
test_month_sac_gen_J_o_193,689.2849074502008,1468.334912,149.17516390639216,629.8748406434071
