name,transf,client,payoff,total
test_month_sac_gen_J_c_46,736.9737696267239,1468.334912,149.17516390639216,582.185978466884
