name,transf,client,payoff,total
test_month_sac_gen_J_c_96,712.3391736496269,1468.334912,149.17516390639216,606.820574443981
