name,transf,client,payoff,total
train_month_sac_gen_J_q_32,2192.1638957991418,4306.918592,422.3108412815719,1692.4438549192864
