name,transf,client,payoff,total
test_month_sac_gen_J_l_194,674.0130952283719,1468.334912,149.17516390639216,645.146652865236
