name,transf,client,payoff,total
test_month_sac_gen_J_b_407,695.3975657440849,1468.334912,149.17516390639216,623.762182349523
