name,transf,client,payoff,total
test_month_sac_gen_J_m_432,665.6209068087232,1468.334912,149.17516390639216,653.5388412848846
