name,transf,client,payoff,total
val_month_sac_gen_I_o_262,695.901541672485,1488.30912,159.56135988924024,632.8462184382747
