name,transf,client,payoff,total,sessions
test_6month_sac_pred_noise_2c_35,3618.6307529195565,9929.387430399998,897.4875555656347,5413.269121914807,df_elaad_preproc_l6months.csv
