name,transf,client,payoff,total
train_month_sac_gen_J_e_219,2034.543550470942,4306.918592,422.3108412815719,1850.064200247486
