name,transf,client,payoff,total
train_month_sac_gen_J_g_360,2009.2123271842272,4306.918592,422.3108412815719,1875.3954235342007
