name,transf,client,payoff,total
val_month_sac_gen_I_f_7,754.7970278371192,1488.30912,158.8282254603323,574.6838667025484
