name,transf,client,payoff,total
train_month_sac_gen_J_n_342,1813.020574239072,4306.918592,422.3108412815719,2071.5871764793565
