name,transf,client,payoff,total,sessions
test_6month_sac_gen_2m_173,2788.7192878140972,9929.387430399998,897.4875555656347,6243.180587020266,df_elaad_preproc_l6months.csv
