name,transf,client,payoff,total
val_month_sac_gen_I_c_411,635.9949068336754,1488.30912,159.56135988924024,692.7528532770843
