name,transf,client,payoff,total
val_month_sac_gen_I_h_345,637.1385651193211,1488.30912,159.56135988924024,691.6091949914385
