name,transf,client,payoff,total,sessions
test_6month_sac_gen_2l_49,3182.544445854528,9929.387430399998,886.8210602299855,5860.021924315484,df_elaad_preproc_l6months.csv
