name,transf,client,payoff,total
test_month_sac_gen_I_b_337,694.5392601418315,1468.334912,149.17516390639216,624.6204879517763
