name,transf,client,payoff,total
test_month_sac_gen_J_q_257,688.7446299976425,1468.334912,149.17516390639216,630.4151180959653
