name,transf,client,payoff,total
val_month_sac_gen_I_b_412,615.9251253749899,1488.30912,159.56135988924024,712.8226347357697
