name,transf,client,payoff,total
val_month_sac_gen_I_u_322,650.6104732928655,1488.30912,159.56135988924024,678.1372868178942
