name,transf,client,payoff,total
train_month_sac_gen_I_a_47,2192.1120205115376,4306.918592,422.3108412815719,1692.4957302068906
