name,transf,client,payoff,total
val_month_sac_gen_J_w_252,559.6958582573216,1488.30912,155.96206259448996,772.6511991481884
