name,transf,client,payoff,total
val_month_sac_gen_I_q_206,744.9191573058877,1488.30912,159.56135988924024,583.8286028048719
