name,transf,client,payoff,total
test_month_sac_gen_I_x_140,755.1636980564124,1468.334912,149.17516390639216,563.9960500371955
