name,transf,client,payoff,total
test_month_sac_gen_J_k_259,624.6038177837349,1468.334912,149.17516390639216,694.5559303098729
