name,transf,client,payoff,total,sessions
test_6month_sac_gen_2m_194,2981.142298281106,9929.387430399998,886.8210602299855,6061.424071888907,df_elaad_preproc_l6months.csv
