name,transf,client,payoff,total
train_month_sac_gen_I_m_61,2052.3824542821485,4306.918592,422.3108412815719,1832.2252964362797
