name,transf,client,payoff,total
train_month_sac_gen_I_m_179,2035.3265859430064,4306.918592,422.3108412815719,1849.2811647754215
