name,transf,client,payoff,total
test_month_sac_gen_J_l_27,790.0403837267211,1468.334912,149.17516390639216,529.1193643668868
