name,transf,client,payoff,total
val_month_sac_gen_I_y_342,656.0494167641543,1488.30912,159.56135988924024,672.6983433466053
