name,transf,client,payoff,total
val_month_sac_gen_I_b_77,661.9967273360971,1488.30912,159.56135988924024,666.7510327746625
