name,transf,client,payoff,total
val_month_sac_gen_J_s_368,536.3300153587442,1488.30912,155.96206259448996,796.0170420467657
