name,transf,client,payoff,total
val_month_sac_gen_J_t_311,592.9311903816536,1488.30912,155.96206259448996,739.4158670238564
