name,transf,client,payoff,total
train_month_sac_gen_I_o_132,2171.1049307544063,4306.918592,422.3108412815719,1713.502819964022
