name,transf,client,payoff,total
train_month_sac_gen_J_f_260,1999.2658329300489,4306.918592,422.3108412815719,1885.3419177883793
