name,transf,client,payoff,total
val_month_sac_gen_J_b_487,641.783212556126,1488.30912,159.56135988924024,686.9645475546336
