name,transf,client,payoff,total
test_month_sac_gen_J_e_257,691.9924526740023,1468.334912,149.17516390639216,627.1672954196056
