name,transf,client,payoff,total
test_month_sac_gen_J_j_182,644.0673873307953,1468.334912,149.17516390639216,675.0923607628125
