name,transf,client,payoff,total
val_month_sac_gen_J_i_262,637.6028664275325,1488.30912,159.56135988924024,691.1448936832271
