name,transf,client,payoff,total,sessions
test_6month_sac_gen_4m_34,3263.997663927379,9929.387430399998,886.8210602299855,5778.568706242633,df_elaad_preproc_l6months.csv
