name,transf,client,payoff,total
val_month_sac_gen_J_b_207,658.3924628183363,1488.30912,159.56135988924024,670.3552972924233
