name,transf,client,payoff,total,sessions
test_6month_sac_gen_4m_162,2821.2771831365744,9929.387430399998,891.2211003728393,6216.889146890585,df_elaad_preproc_l6months.csv
