name,transf,client,payoff,total,sessions
test_6month_sac_pred_noise_3a_280,3013.5897977676505,9929.387430399998,889.2877424740021,6026.509890158346,df_elaad_preproc_l6months.csv
