name,transf,client,payoff,total,sessions
test_6month_sac_gen_d_39,3193.422743581567,9929.387430399998,886.8210602299855,5849.143626588446,df_elaad_preproc_l6months.csv
