name,transf,client,payoff,total,sessions
test_6month_sac_gen_4l_111,2976.884832990436,9929.387430399998,886.8210602299855,6065.6815371795765,df_elaad_preproc_l6months.csv
