name,transf,client,payoff,total
test_month_sac_gen_J_j_264,635.7538069007418,1468.334912,149.17516390639216,683.4059411928661
