name,transf,client,payoff,total
val_month_sac_gen_I_i_108,667.9348699835934,1488.30912,159.56135988924024,660.8128901271662
