name,transf,client,payoff,total
train_month_sac_gen_I_r_481,1928.3156436697802,4306.918592,419.84382946365963,1958.7591188665604
