name,transf,client,payoff,total
val_month_sac_gen_J_a_247,647.7611137571572,1488.30912,159.56135988924024,680.9866463536025
