name,transf,client,payoff,total
train_month_sac_gen_J_k_302,1787.0341568122785,4306.918592,422.3108412815719,2097.5735939061497
