name,transf,client,payoff,total
train_month_sac_gen_J_a_242,2006.3338715854725,4306.918592,422.3108412815719,1878.2738791329557
