name,transf,client,payoff,total
val_month_sac_gen_J_l_378,591.0355405171764,1488.30912,159.56135988924024,737.7122195935833
