name,transf,client,payoff,total
val_month_sac_gen_I_u_450,646.3585855790358,1488.30912,159.56135988924024,682.3891745317239
