name,transf,client,payoff,total
val_month_sac_gen_I_z_427,709.3517577053384,1488.30912,159.56135988924024,619.3960024054213
