name,transf,client,payoff,total,sessions
test_6month_sac_pred_noise_4c_151,3482.743189388499,9929.387430399998,891.2211003728393,5555.423140638661,df_elaad_preproc_l6months.csv
