name,transf,client,payoff,total
train_month_sac_gen_J_d_161,2070.7577199222696,4306.918592,422.3108412815719,1813.8500307961585
