name,transf,client,payoff,total
test_month_sac_gen_I_d_157,669.1387023384295,1468.334912,149.17516390639216,650.0210457551783
