name,transf,client,payoff,total
train_month_sac_gen_J_d_79,2122.2072991532427,4306.918592,422.3108412815719,1762.4004515651854
