name,transf,client,payoff,total
test_month_sac_gen_I_y_256,683.9727244760813,1468.334912,149.17516390639216,635.1870236175265
