name,transf,client,payoff,total
test_month_sac_gen_J_b_289,683.3916140604962,1468.334912,149.17516390639216,635.7681340331117
