name,transf,client,payoff,total
month_sac_IX_i,888.5784852039505,1469.5622144,139.08143602125716,441.9022931747922
