name,transf,client,payoff,total
month_sac_IX_a,1235.697331303622,1469.5622144,141.5475550913807,92.31732800499728
