name,transf,client,payoff,total,sessions
test_6month_sac_gen_1n_50,3114.2567986152285,9929.387430399998,886.8210602299855,5928.309571554784,df_elaad_preproc_l6months.csv
