name,transf,client,payoff,total
train_month_sac_gen_J_q_449,1991.1375168278005,4306.918592,422.3108412815719,1893.4702338906277
