name,transf,client,payoff,total
train_month_sac_gen_I_l_302,2024.8223013941706,4306.918592,422.3108412815719,1859.7854493242576
