name,transf,client,payoff,total
val_month_sac_gen_J_b_86,673.2743934184969,1488.30912,159.56135988924024,655.4733666922627
