name,transf,client,payoff,total
test_month_sac_gen_J_r_233,695.5584393634954,1468.334912,149.17516390639216,623.6013087301125
