name,transf,client,payoff,total
val_month_sac_gen_J_r_424,631.6992940543748,1488.30912,159.56135988924024,697.0484660563848
