name,transf,client,payoff,total
test_month_sac_gen_J_t_488,648.7025640043913,1468.334912,148.50825484764397,671.1240931479647
