name,transf,client,payoff,total,sessions
test_6month_sac_gen_4m_44,3107.777027744465,9929.387430399998,891.2211003728393,5930.389302282694,df_elaad_preproc_l6months.csv
