name,transf,client,payoff,total
val_month_sac_gen_J_i_490,639.2733637011125,1488.30912,159.56135988924024,689.4743964096472
