name,transf,client,payoff,total
test_month_sac_gen_J_v_465,621.0354887871747,1468.334912,148.50825484764397,698.7911683651814
