name,transf,client,payoff,total,sessions
test_6month_sac_pred_noise_2a_139,2838.261262305926,9929.387430399998,897.4875555656347,6193.638612528438,df_elaad_preproc_l6months.csv
