name,transf,client,payoff,total
test_month_sac_gen_I_s_334,666.9459201126049,1468.334912,149.17516390639216,652.213827981003
