name,transf,client,payoff,total
train_month_sac_gen_I_p_20,2369.7034480150583,4306.918592,422.3108412815719,1514.90430270337
