name,transf,client,payoff,total
test_month_sac_gen_I_e_55,670.0658971713564,1468.334912,148.50825484764397,649.7607599809996
