name,transf,client,payoff,total
val_month_sac_gen_J_o_31,727.1518630929755,1488.30912,159.56135988924024,601.5958970177842
