name,transf,client,payoff,total
val_month_sac_gen_J_v_179,612.6699711499059,1488.30912,155.96206259448996,719.6770862556041
