name,transf,client,payoff,total,sessions
test_6month_sac_gen_5m_112,3013.786071309205,9929.387430399998,881.6875054342313,6033.913853656562,df_elaad_preproc_l6months.csv
