name,transf,client,payoff,total
val_month_sac_gen_e_3,747.2049490291525,1349.0472576000002,118.32161810264896,483.5206904681987
