name,transf,client,payoff,total
val_month_sac_gen_I_a_84,694.4580441324118,1488.30912,159.56135988924024,634.2897159783479
