name,transf,client,payoff,total
train_month_sac_gen_J_l_74,1994.053026526047,4306.918592,422.3108412815719,1890.5547241923814
