name,transf,client,payoff,total,sessions
test_6month_sac_pred_noise_1a_274,2949.9431959717813,9929.387430399998,893.2217503396156,6086.222484088601,df_elaad_preproc_l6months.csv
