name,transf,client,payoff,total
test_month_sac_gen_J_j_237,644.046785029391,1468.334912,149.17516390639216,675.1129630642168
