name,transf,client,payoff,total,sessions
test_6month_sac_pred_noise_2b_245,3138.716524276193,9929.387430399998,897.4875555656347,5893.183350558171,df_elaad_preproc_l6months.csv
