name,transf,client,payoff,total
train_month_sac_gen_J_r_68,2100.5410413207323,4306.918592,422.3108412815719,1784.0667093976958
