name,transf,client,payoff,total
train_month_sac_gen_J_n_442,1798.8738717627439,4306.918592,422.3108412815719,2085.7338789556843
