name,transf,client,payoff,total
test_month_sac_gen_J_a_103,698.1972829679182,1468.334912,149.17516390639216,620.9624651256896
