name,transf,client,payoff,total,sessions
test_6month_sac_pred_noise_3a_193,2944.0333228507543,9929.387430399998,889.2877424740021,6096.066365075242,df_elaad_preproc_l6months.csv
