name,transf,client,payoff,total
val_month_sac_gen_J_g_175,659.2030077848048,1488.30912,159.56135988924024,669.544752325955
