name,transf,client,payoff,total
test_month_sac_gen_J_t_245,649.8963011072788,1468.334912,148.50825484764397,669.9303560450774
