name,transf,client,payoff,total
val_month_sac_gen_J_p_182,654.3118473834311,1488.30912,159.56135988924024,674.4359127273285
