name,transf,client,payoff,total
test_month_sac_gen_I_l_144,703.727338820305,1468.334912,149.17516390639216,615.4324092733028
