name,transf,client,payoff,total
val_month_sac_gen_I_g_462,789.274443217245,1488.30912,159.56135988924024,539.4733168935147
