name,transf,client,payoff,total
val_month_sac_gen_I_c_193,651.8547025681106,1488.30912,159.56135988924024,676.8930575426491
