name,transf,client,payoff,total
val_month_sac_gen_I_e_397,602.862858587869,1488.30912,155.96206259448996,729.4841988176408
