name,transf,client,payoff,total,sessions
test_6month_sac_pred_noise_4d_117,4521.465484038656,9929.387430399998,891.2211003728393,4516.700845988504,df_elaad_preproc_l6months.csv
