name,transf,client,payoff,total
test_month_sac_gen_I_k_175,715.0589986695115,1468.334912,149.17516390639216,604.1007494240963
