name,transf,client,payoff,total,sessions
test_6month_sac_gen_4m_113,2849.5338572244846,9929.387430399998,891.2211003728393,6188.632472802675,df_elaad_preproc_l6months.csv
