name,transf,client,payoff,total
train_month_sac_gen_I_u_384,-129.1433860709144,4306.918592,422.3108412815719,4013.751136789343
