name,transf,client,payoff,total,sessions
test_6month_sac_gen_j_245,2947.91676015944,9929.387430399998,886.8210602299855,6094.649610010572,df_elaad_preproc_l6months.csv
