name,transf,client,payoff,total
train_month_sac_gen_J_q_478,2010.59261001621,4306.918592,422.3108412815719,1874.015140702218
