name,transf,client,payoff,total,sessions
test_6month_sac_gen_3l_140,2857.696820656606,9929.387430399998,886.8210602299855,6184.869549513407,df_elaad_preproc_l6months.csv
