name,transf,client,payoff,total
test_month_sac_gen_J_o_470,686.5195999790151,1468.334912,149.17516390639216,632.6401481145928
