name,transf,client,payoff,total
test_month_sac_gen_J_d_434,688.2600952249556,1468.334912,149.17516390639216,630.8996528686522
