name,transf,client,payoff,total
val_month_sac_gen_J_q_111,667.3001219140067,1488.30912,159.56135988924024,661.4476381967529
