name,transf,client,payoff,total
val_month_sac_gen_d_14,735.890513403321,1349.0472576000002,118.32161810264896,494.8351260940302
