name,transf,client,payoff,total,sessions
test_6month_sac_gen_2m_85,3082.4065226587027,9929.387430399998,886.8210602299855,5960.15984751131,df_elaad_preproc_l6months.csv
