name,transf,client,payoff,total,sessions
test_6month_sac_gen_5l_124,2887.059170677754,9929.387430399998,886.8210602299855,6155.507199492258,df_elaad_preproc_l6months.csv
