name,transf,client,payoff,total
train_month_sac_gen_J_c_450,2025.169410236293,4306.918592,422.3108412815719,1859.4383404821351
