name,transf,client,payoff,total
month_sac_IX_i,858.7770616768514,1469.5622144,136.41393439258923,474.37121833055926
