name,transf,client,payoff,total,sessions
test_6month_sac_gen_2m_39,3397.286371163416,9929.387430399998,886.8210602299855,5645.279999006596,df_elaad_preproc_l6months.csv
