name,transf,client,payoff,total
val_month_sac_gen_I_f_144,676.0549454440602,1488.30912,158.8282254603323,653.4259490956074
