name,transf,client,payoff,total
val_month_sac_gen_J_c_223,676.1899814680701,1488.30912,159.56135988924024,652.5577786426895
