name,transf,client,payoff,total
test_month_sac_gen_J_z_238,591.5608090289821,1468.334912,148.50825484764397,728.2658481233739
