name,transf,client,payoff,total
train_month_sac_gen_J_c_456,2024.6542256485018,4306.918592,422.3108412815719,1859.9535250699264
