name,transf,client,payoff,total
val_month_sac_gen_J_p_286,646.2668283257278,1488.30912,159.56135988924024,682.4809317850318
