name,transf,client,payoff,total
train_month_sac_gen_I_z_443,267.2052752327617,4306.918592,416.2431547704197,3623.4701619968187
