name,transf,client,payoff,total
val_month_sac_gen_I_a_453,642.1526693063377,1488.30912,159.56135988924024,686.595090804422
