name,transf,client,payoff,total
val_month_sac_gen_J_s_101,590.7606114682492,1488.30912,155.96206259448996,741.5864459372608
