name,transf,client,payoff,total
test_month_sac_gen_J_r_163,693.1724747956935,1468.334912,149.17516390639216,625.9872732979144
