name,transf,client,payoff,total
val_month_sac_gen_J_a_444,648.0345152793548,1488.30912,159.56135988924024,680.7132448314048
