name,transf,client,payoff,total,sessions
test_6month_sac_pred_noise_4e_110,5292.135520085145,9929.387430399998,891.2211003728393,3746.030809942014,df_elaad_preproc_l6months.csv
