name,transf,client,payoff,total
test_month_sac_gen_I_q_330,772.1528239162824,1468.334912,149.17516390639216,547.0069241773255
