name,transf,client,payoff,total
train_month_sac_gen_I_r_206,1962.0132706571833,4306.918592,420.3764862082373,1924.5288351345796
