name,transf,client,payoff,total
test_month_sac_gen_e_30,713.3170748722378,1488.30912,159.56135988924024,615.4306852385218
