name,transf,client,payoff,total
val_month_sac_gen_I_h_405,635.712459820101,1488.30912,159.56135988924024,693.0353002906586
