name,transf,client,payoff,total
test_month_sac_gen_J_g_389,679.1545064175039,1468.334912,149.17516390639216,640.005241676104
