name,transf,client,payoff,total
train_month_sac_gen_I_l_190,2037.1071726831156,4306.918592,422.3108412815719,1847.5005780353126
