name,transf,client,payoff,total
test_month_sac_gen_d_83,849.5001940209997,1488.30912,159.56135988924024,479.2475660897599
