name,transf,client,payoff,total,sessions
test_6month_sac_pred_noise_3c_205,3624.2653508633375,9929.387430399998,889.2877424740021,5415.834337062659,df_elaad_preproc_l6months.csv
