name,transf,client,payoff,total
train_month_sac_gen_I_v_397,63.383414760767465,4306.918592,421.5104455134549,3822.024731725777
