name,transf,client,payoff,total
train_month_sac_gen_I_f_457,2066.8450657559883,4306.918592,421.11038371791597,1818.9631425260957
