name,transf,client,payoff,total
test_month_sac_gen_J_t_217,664.0803709101555,1468.334912,148.50825484764397,655.7462862422005
