name,transf,client,payoff,total
test_month_sac_gen_I_w_47,703.5506098849845,1468.334912,149.17516390639216,615.6091382086233
