name,transf,client,payoff,total
val_month_sac_gen_J_c_199,685.2878525359897,1488.30912,159.56135988924024,643.4599075747699
