name,transf,client,payoff,total
val_month_sac_gen_J_z_107,660.2384605651253,1488.30912,155.96206259448996,672.1085968403847
