name,transf,client,payoff,total,sessions
test_6month_sac_pred_noise_2c_160,3456.6208638371245,9929.387430399998,897.4875555656347,5575.279010997239,df_elaad_preproc_l6months.csv
