name,transf,client,payoff,total,sessions
test_6month_sac_pred_noise_3e_194,5322.951604100231,9929.387430399998,889.2877424740021,3717.1480838257653,df_elaad_preproc_l6months.csv
