name,transf,client,payoff,total
val_month_sac_gen_J_a_296,639.7525371375659,1488.30912,159.56135988924024,688.9952229731937
