name,transf,client,payoff,total
month_sac_IX_g,1141.7544049652863,1469.5622144,137.28167326371616,190.52613617099743
