name,transf,client,payoff,total
train_month_sac_gen_I_v_70,177.21006416058754,4306.918592,419.5104613878593,3710.198066451553
