name,transf,client,payoff,total,sessions
test_6month_sac_gen_2m_84,3089.66808630293,9929.387430399998,886.8210602299855,5952.898283867082,df_elaad_preproc_l6months.csv
