name,transf,client,payoff,total
test_month_sac_gen_I_o_169,748.2701244198423,1468.334912,149.17516390639216,570.8896236737655
