name,transf,client,payoff,total
train_month_sac_gen_I_s_337,1602.2344211052343,4306.918592,422.3108412815719,2282.373329613194
