name,transf,client,payoff,total
test_month_sac_gen_J_j_314,639.2100376190858,1468.334912,149.17516390639216,679.949710474522
