name,transf,client,payoff,total
train_month_sac_gen_J_c_7,2461.241811960691,4306.918592,422.3108412815719,1423.3659387577372
