name,transf,client,payoff,total
test_month_sac_gen_I_o_252,738.3174330420966,1468.334912,149.17516390639216,580.8423150515113
