name,transf,client,payoff,total
test_month_sac_gen_I_j_204,724.4078300826254,1468.334912,149.17516390639216,594.7519180109824
