name,transf,client,payoff,total
test_month_sac_gen_I_o_346,729.1861423257646,1468.334912,149.17516390639216,589.9736057678432
