name,transf,client,payoff,total
test_month_sac_gen_G_a_241,636.846453248444,1468.334912,148.50825484764397,682.9802039039121
