name,transf,client,payoff,total
val_month_sac_gen_I_k_447,644.5661379667025,1488.30912,159.56135988924024,684.1816221440572
