name,transf,client,payoff,total,sessions
test_6month_sac_gen_g_167,2951.043096419742,9929.387430399998,886.8210602299855,6091.52327375027,df_elaad_preproc_l6months.csv
