name,transf,client,payoff,total
test_month_sac_gen_J_d_463,696.6281313396371,1468.334912,149.17516390639216,622.5316167539708
