name,transf,client,payoff,total
test_month_sac_gen_J_c_57,738.7223475826235,1468.334912,149.17516390639216,580.4374005109844
