name,transf,client,payoff,total
train_month_sac_gen_J_q_415,1999.656213167582,4306.918592,422.3108412815719,1884.9515375508463
