name,transf,client,payoff,total,sessions
test_6month_sac_gen_2l_272,2907.779227182975,9929.387430399998,886.8210602299855,6134.787142987037,df_elaad_preproc_l6months.csv
