name,transf,client,payoff,total
val_month_sac_c_754,1828.2379030146699,2277.450960542104,145.3079860330326,303.9050714944015
