name,transf,client,payoff,total
test_month_sac_gen_I_i_372,704.6198803419142,1468.334912,149.17516390639216,614.5398677516937
