name,transf,client,payoff,total
test_month_sac_gen_I_s_48,698.423004119405,1468.334912,149.17516390639216,620.7367439742028
