name,transf,client,payoff,total
train_month_sac_gen_J_q_474,2006.3321087848622,4306.918592,422.3108412815719,1878.275641933566
