name,transf,client,payoff,total
train_month_sac_gen_I_d_188,2000.4067593807008,4306.918592,422.3108412815719,1884.2009913377274
