name,transf,client,payoff,total
val_month_sac_gen_J_f_115,660.623973951277,1488.30912,159.56135988924024,668.1237861594827
