name,transf,client,payoff,total
val_month_sac_gen_J_v_234,609.036216739552,1488.30912,155.96206259448996,723.310840665958
