name,transf,client,payoff,total
train_month_sac_gen_J_f_19,2227.5599852318937,4306.918592,422.3108412815719,1657.0477654865344
