name,transf,client,payoff,total
val_month_sac_gen_J_n_1,799.7859256524484,1488.30912,159.56135988924024,528.9618344583112
