name,transf,client,payoff,total
val_month_sac_gen_I_y_63,682.5424916509799,1488.30912,159.56135988924024,646.2052684597797
