name,transf,client,payoff,total,sessions
test_6month_sac_pred_noise_5b_11,3502.4119977769005,9929.387430399998,881.6875054342313,5545.287927188867,df_elaad_preproc_l6months.csv
