name,transf,client,payoff,total,sessions
test_6month_sac_pred_noise_5c_45,3633.0342344216206,9929.387430399998,881.6875054342313,5414.665690544147,df_elaad_preproc_l6months.csv
