name,transf,client,payoff,total
val_month_sac_gen_J_n_250,602.5868152929022,1488.30912,159.56135988924024,726.1609448178574
