name,transf,client,payoff,total
test_month_sac_gen_I_f_126,755.3333288513744,1468.334912,147.8419170286109,565.1596661200147
