name,transf,client,payoff,total
val_month_sac_gen_G_b_13,747.3228857861552,1488.30912,159.09496226131247,581.8912719525322
