name,transf,client,payoff,total
test_month_sac_gen_J_p_55,693.1415405204881,1468.334912,149.17516390639216,626.0182075731198
