name,transf,client,payoff,total
val_month_sac_gen_I_k_472,650.6391624566443,1488.30912,159.56135988924024,678.1085976541153
