name,transf,client,payoff,total,sessions
test_6month_sac_pred_noise_2c_97,3512.8334888130357,9929.387430399998,897.4875555656347,5519.066386021328,df_elaad_preproc_l6months.csv
