name,transf,client,payoff,total,sessions
test_6month_sac_gen_b_22,3457.92675882009,9929.387430399998,886.8210602299855,5584.639611349923,df_elaad_preproc_l6months.csv
