name,transf,client,payoff,total
train_month_sac_gen_J_r_340,2003.2093216002759,4306.918592,422.3108412815719,1881.3984291181523
