name,transf,client,payoff,total
test_month_sac_gen_J_v_344,626.7685948815578,1468.334912,148.50825484764397,693.0580622707982
