name,transf,client,payoff,total
train_month_sac_gen_J_b_189,2039.2258955739737,4306.918592,422.3108412815719,1845.3818551444547
