name,transf,client,payoff,total
train_month_sac_gen_I_u_30,298.12925174389227,4306.918592,422.3108412815719,3586.478498974536
