name,transf,client,payoff,total
train_month_sac_gen_J_y_47,701.29081113748,1488.30912,158.42824806138017,628.5900608011398
