name,transf,client,payoff,total
val_month_sac_gen_b_63,644.6674642501468,1349.0472576000002,118.32161810264896,586.0581752472044
