name,transf,client,payoff,total
train_month_sac_gen_J_c_196,2108.603530911102,4306.918592,422.3108412815719,1776.004219807326
