name,transf,client,payoff,total
test_month_sac_gen_I_l_479,697.16243464032,1468.334912,149.17516390639216,621.9973134532878
