name,transf,client,payoff,total
val_month_sac_gen_c_35,664.8615084185305,1349.0472576000002,118.32161810264896,565.8641310788207
