name,transf,client,payoff,total
test_month_sac_gen_I_w_317,668.2467051375044,1468.334912,149.17516390639216,650.9130429561035
