name,transf,client,payoff,total
train_month_sac_c_178,1096.7638187222697,2289.492687923877,157.2012507240518,1035.5276184775555
