name,transf,client,payoff,total
test_month_sac_gen_I_a_316,707.7939154158139,1468.334912,149.17516390639216,611.365832677794
