name,transf,client,payoff,total,sessions
test_6month_sac_pred_noise_1b_61,3276.3495280132747,9929.387430399998,893.2217503396156,5759.816152047108,df_elaad_preproc_l6months.csv
