name,transf,client,payoff,total
val_month_sac_gen_I_h_440,635.9245232623343,1488.30912,159.56135988924024,692.8232368484253
