name,transf,client,payoff,total
test_month_sac_gen_J_q_298,684.2076508995616,1468.334912,149.17516390639216,634.9520971940462
