name,transf,client,payoff,total
test_month_sac_gen_I_g_30,751.7306766372574,1468.334912,149.17516390639216,567.4290714563505
