name,transf,client,payoff,total
val_month_sac_gen_I_o_30,736.9740830225562,1488.30912,159.56135988924024,591.7736770882034
