name,transf,client,payoff,total
val_month_sac_gen_I_u_64,681.9629221262499,1488.30912,159.56135988924024,646.7848379845097
