name,transf,client,payoff,total,sessions
test_6month_sac_pred_noise_4a_76,3025.1581841750485,9929.387430399998,891.2211003728393,6013.008145852111,df_elaad_preproc_l6months.csv
