name,transf,client,payoff,total
val_month_sac_gen_I_s_487,647.4527635205984,1488.30912,159.56135988924024,681.2949965901612
