name,transf,client,payoff,total
train_month_sac_gen_J_q_75,2139.2496072396225,4306.918592,422.3108412815719,1745.3581434788057
