name,transf,client,payoff,total
test_month_sac_gen_I_p_218,771.5044979164859,1468.334912,149.17516390639216,547.655250177122
