name,transf,client,payoff,total
test_month_sac_gen_J_q_414,683.7306746188109,1468.334912,149.17516390639216,635.429073474797
