name,transf,client,payoff,total,sessions
test_6month_sac_gen_2l_29,3284.135374812158,9929.387430399998,886.8210602299855,5758.430995357854,df_elaad_preproc_l6months.csv
