name,transf,client,payoff,total
test_month_sac_gen_I_c_485,688.4056720839633,1468.334912,149.17516390639216,630.7540760096446
