name,transf,client,payoff,total,sessions
test_6month_sac_pred_noise_1e_155,4987.855606905258,9929.387430399998,893.2217503396156,4048.3100731551244,df_elaad_preproc_l6months.csv
