name,transf,client,payoff,total,sessions
train_month_sac_gen_G_d_220,504.4132994546391,1349.0472576000002,126.18736029020168,718.4465978551593,df_elaad_preproc_feb.csv
