name,transf,client,payoff,total
train_month_sac_gen_J_j_354,1847.6685428561586,4306.918592,422.3108412815719,2036.9392078622695
