name,transf,client,payoff,total,sessions
test_6month_sac_gen_5l_178,2787.2690029069877,9929.387430399998,886.8210602299855,6255.297367263025,df_elaad_preproc_l6months.csv
