name,transf,client,payoff,total
train_month_sac_gen_J_e_303,2020.246535557484,4306.918592,422.3108412815719,1864.361215160944
