name,transf,client,payoff,total
val_month_sac_gen_J_m_5,781.6206019828566,1488.30912,159.56135988924024,547.1271581279032
