name,transf,client,payoff,total
train_sac_gen_a_12,69582.229050961,149467.68812980913,8931.975524612415,70953.48355423572
