name,transf,client,payoff,total
test_month_sac_gen_I_g_282,841.8382399788625,1468.334912,149.17516390639216,477.32150811474537
