name,transf,client,payoff,total
val_month_sac_gen_I_g_464,791.5489460804561,1488.30912,159.56135988924024,537.1988140303035
