name,transf,client,payoff,total,sessions
test_6month_sac_pred_noise_1e_235,5144.67263986382,9929.387430399998,893.2217503396156,3891.4930401965626,df_elaad_preproc_l6months.csv
