name,transf,client,payoff,total
val_month_sac_gen_J_g_5,742.8823472711338,1488.30912,159.56135988924024,585.8654128396258
