name,transf,client,payoff,total
train_month_sac_gen_I_m_401,1967.753972058982,4306.918592,422.3108412815719,1916.853778659446
