name,transf,client,payoff,total
val_month_sac_gen_f_23,670.1097642952162,1349.0472576000002,118.32161810264896,560.615875202135
