name,transf,client,payoff,total
test_month_sac_gen_I_i_396,710.7261566648976,1468.334912,149.17516390639216,608.4335914287102
