name,transf,client,payoff,total
test_month_sac_gen_J_k_490,613.3249525240204,1468.334912,149.17516390639216,705.8347955695874
