name,transf,client,payoff,total,sessions
test_6month_sac_pred_noise_5e_299,4933.711876785834,9929.387430399998,881.6875054342313,4113.988048179934,df_elaad_preproc_l6months.csv
