name,transf,client,payoff,total,sessions
test_6month_sac_gen_2l_7,3653.6532460712424,9929.387430399998,886.8210602299855,5388.91312409877,df_elaad_preproc_l6months.csv
