name,transf,client,payoff,total
val_month_sac_gen_I_x_285,701.3881340988129,1488.30912,159.56135988924024,627.3596260119468
