name,transf,client,payoff,total
val_month_sac_gen_I_r_66,646.8687171475798,1488.30912,159.56135988924024,681.8790429631799
