name,transf,client,payoff,total
val_month_sac_gen_J_v_177,617.5420711671964,1488.30912,155.96206259448996,714.8049862383136
