name,transf,client,payoff,total
val_month_sac_gen_I_y_72,679.7746347930624,1488.30912,159.56135988924024,648.9731253176972
