name,transf,client,payoff,total
test_month_sac_gen_J_c_133,710.9427150048136,1468.334912,149.17516390639216,608.2170330887942
