name,transf,client,payoff,total,sessions
test_6month_sac_pred_noise_2a_74,3019.1330962584116,9929.387430399998,897.4875555656347,6012.766778575952,df_elaad_preproc_l6months.csv
