name,transf,client,payoff,total
test_month_sac_gen_I_k_12,760.8528717472141,1468.334912,149.17516390639216,558.3068763463938
