name,transf,client,payoff,total
val_month_sac_gen_J_g_65,682.8443171773678,1488.30912,159.56135988924024,645.903442933392
