name,transf,client,payoff,total,sessions
test_6month_sac_pred_noise_1d_106,4354.625663161794,9929.387430399998,893.2217503396156,4681.540016898588,df_elaad_preproc_l6months.csv
