name,transf,client,payoff,total,sessions
test_6month_sac_pred_noise_3e_170,5311.179182356856,9929.387430399998,889.2877424740021,3728.9205055691405,df_elaad_preproc_l6months.csv
