name,transf,client,payoff,total,sessions
test_6month_sac_pred_noise_3b_28,3911.6379277119077,9929.387430399998,889.2877424740021,5128.461760214089,df_elaad_preproc_l6months.csv
