name,transf,client,payoff,total,sessions
test_6month_sac_pred_noise_1a_24,3348.1434032849675,9929.387430399998,893.2217503396156,5688.022276775415,df_elaad_preproc_l6months.csv
