name,transf,client,payoff,total
train_month_sac_gen_I_y_312,54.03192372249049,4306.918592,416.84483755505204,3836.0418307224577
