name,transf,client,payoff,total
train_month_sac_gen_I_m_50,2062.8381978737034,4306.918592,422.3108412815719,1821.7695528447248
