name,transf,client,payoff,total
train_month_sac_gen_I_c_306,2061.1983860418113,4306.918592,422.3108412815719,1823.4093646766169
