name,transf,client,payoff,total
train_month_sac_c_397,1054.443107192123,2289.492687923877,157.2012507240518,1077.848330007702
