name,transf,client,payoff,total
train_month_sac_gen_I_e_73,2135.195765509044,4306.918592,417.9096673275943,1753.8131591633614
