name,transf,client,payoff,total
val_month_sac_gen_I_w_186,671.9448538425497,1488.30912,159.56135988924024,656.8029062682099
