name,transf,client,payoff,total
train_month_sac_c_990,1025.7823823957124,2289.492687923877,157.2012507240518,1106.5090548041128
