name,transf,client,payoff,total
val_month_sac_gen_J_k_325,572.0066941819458,1488.30912,159.56135988924024,756.7410659288139
