name,transf,client,payoff,total
test_month_sac_gen_I_s_417,662.1513049238649,1468.334912,149.17516390639216,657.0084431697429
