name,transf,client,payoff,total
test_month_sac_gen_G_b_250,638.578023403921,1468.334912,148.64140204911905,681.11548654696
