name,transf,client,payoff,total
test_month_sac_gen_J_o_336,685.2339163211011,1468.334912,149.17516390639216,633.9258317725067
