name,transf,client,payoff,total
train_month_sac_gen_J_f_87,2082.449154468218,4306.918592,422.3108412815719,1802.1585962502104
