name,transf,client,payoff,total
val_month_sac_gen_I_d_212,638.1076620301633,1488.30912,159.56135988924024,690.6400980805963
