name,transf,client,payoff,total,sessions
test_6month_sac_gen_1n_33,3154.922942381515,9929.387430399998,886.8210602299855,5887.643427788498,df_elaad_preproc_l6months.csv
