name,transf,client,payoff,total,sessions
test_6month_sac_gen_4m_37,3061.3709197292774,9929.387430399998,891.2211003728393,5976.795410297882,df_elaad_preproc_l6months.csv
