name,transf,client,payoff,total
test_month_sac_gen_I_z_407,720.4506303512985,1468.334912,149.17516390639216,598.7091177423093
