name,transf,client,payoff,total
val_month_sac_gen_I_b_341,621.6532384226638,1488.30912,159.56135988924024,707.0945216880959
