name,transf,client,payoff,total
val_month_sac_gen_I_v_440,649.1050539649412,1488.30912,159.56135988924024,679.6427061458185
