name,transf,client,payoff,total
val_month_sac_gen_I_e_312,601.4835481726368,1488.30912,155.96206259448996,730.8635092328732
