name,transf,client,payoff,total
month_sac_IX_j,1061.4337226696719,1469.5622144,136.08122985678722,272.04726187354083
