name,transf,client,payoff,total
val_month_sac_gen_J_i_199,644.9834403634857,1488.30912,159.56135988924024,683.7643197472739
