name,transf,client,payoff,total,sessions
test_6month_sac_gen_3m_73,3166.4524162884077,9929.387430399998,886.8210602299855,5876.113953881604,df_elaad_preproc_l6months.csv
