name,transf,client,payoff,total
test_month_sac_gen_J_l_454,641.1337768629469,1468.334912,149.17516390639216,678.025971230661
