name,transf,client,payoff,total,sessions
test_6month_sac_pred_noise_1d_161,4518.902119450759,9929.387430399998,893.2217503396156,4517.263560609624,df_elaad_preproc_l6months.csv
