name,transf,client,payoff,total
test_month_sac_gen_J_k_27,679.8846205247047,1468.334912,149.17516390639216,639.2751275689031
