name,transf,client,payoff,total
train_month_sac_gen_I_g_115,2423.2114657334605,4306.918592,422.3108412815719,1461.3962849849677
