name,transf,client,payoff,total
train_month_sac_gen_J_r_144,2042.6700798538004,4306.918592,422.3108412815719,1841.9376708646278
