name,transf,client,payoff,total
train_month_sac_gen_J_i_417,1959.344888254568,4306.918592,422.3108412815719,1925.26286246386
