name,transf,client,payoff,total,sessions
test_6month_sac_pred_noise_5b_117,3090.938311591284,9929.387430399998,881.6875054342313,5956.761613374483,df_elaad_preproc_l6months.csv
