name,transf,client,payoff,total
train_month_sac_gen_G_a_94,953.287810940508,1469.5622144,140.428004404507,375.8463990549849
