name,transf,client,payoff,total
train_month_sac_gen_c_95,-2643.594527101208,1469.5622144,139.82767344645134,3973.3290680547566
