name,transf,client,payoff,total,sessions
test_6month_sac_gen_3l_180,2826.525220534034,9929.387430399998,886.8210602299855,6216.041149635979,df_elaad_preproc_l6months.csv
