name,transf,client,payoff,total
train_month_sac_gen_I_x_421,-7016.681302825073,4306.918592,418.0436307839677,10905.556264041104
