name,transf,client,payoff,total,sessions
test_6month_sac_gen_3m_130,2895.5754821773658,9929.387430399998,886.8210602299855,6146.990887992646,df_elaad_preproc_l6months.csv
