name,transf,client,payoff,total
test_month_sac_gen_I_s_143,686.0883473657782,1468.334912,149.17516390639216,633.0714007278297
