name,transf,client,payoff,total,sessions
test_6month_sac_gen_4l_50,3047.473364173002,9929.387430399998,886.8210602299855,5995.093005997011,df_elaad_preproc_l6months.csv
