name,transf,client,payoff,total
val_month_sac_c_672,1827.5341475592631,2277.450960542104,145.3079860330326,304.60882694980825
