name,transf,client,payoff,total
val_month_sac_gen_I_x_398,689.8056829085522,1488.30912,159.56135988924024,638.9420772022074
