name,transf,client,payoff,total
test_month_sac_c_722,1024.2690000505909,1469.5622144,135.21440678133106,310.078807568078
