name,transf,client,payoff,total
train_month_sac_gen_I_n_280,1908.3226085031297,4306.918592,422.3108412815719,1976.2851422152985
