name,transf,client,payoff,total
val_month_sac_gen_I_g_361,792.8496378736994,1488.30912,159.56135988924024,535.8981222370603
