name,transf,client,payoff,total
val_month_sac_gen_J_p_481,643.7375373435327,1488.30912,159.56135988924024,685.0102227672269
