name,transf,client,payoff,total,sessions
6month_sac_disagg_1a_HLL,2917.984080047046,9929.387430399998,893.2217503396156,6118.181600013336,df_elaad_preproc_l6months.csv
