name,transf,client,payoff,total
val_month_sac_gen_I_b_43,679.0102730651275,1488.30912,159.56135988924024,649.7374870456322
