name,transf,client,payoff,total
val_month_sac_b_37,2299.1927702020616,2277.450960542104,145.3079860330326,-167.04979569299024
