name,transf,client,payoff,total
train_month_sac_gen_J_g_284,2034.1587099782073,4306.918592,422.3108412815719,1850.4490407402209
