name,transf,client,payoff,total
test_month_sac_gen_J_x_63,805.905300886021,1468.334912,149.17516390639216,513.2544472075868
