name,transf,client,payoff,total
test_month_sac_gen_J_s_327,573.9231370781034,1468.334912,148.50825484764397,745.9035200742526
