name,transf,client,payoff,total
train_month_sac_gen_J_d_334,2026.3717174959056,4306.918592,422.3108412815719,1858.2360332225226
