name,transf,client,payoff,total
train_month_sac_gen_I_l_426,2011.7543208926327,4306.918592,422.3108412815719,1872.8534298257955
