name,transf,client,payoff,total
train_month_sac_gen_J_x_160,993.7838436422421,1469.5622144,142.094741946743,333.6836288110148
