name,transf,client,payoff,total
train_month_sac_gen_G_a_277,490.0527554981478,1349.0472576000002,119.85473542540504,739.1397666764474
