name,transf,client,payoff,total,sessions
test_6month_sac_gen_2m_57,3232.3042170886656,9929.387430399998,886.8210602299855,5810.262153081347,df_elaad_preproc_l6months.csv
