name,transf,client,payoff,total
test_month_sac_c_119,1112.8340435863786,1469.5622144,135.21440678133106,221.51376403229025
