name,transf,client,payoff,total,sessions
test_6month_sac_gen_1m_33,3543.938643068585,9929.387430399998,886.8210602299855,5498.627727101428,df_elaad_preproc_l6months.csv
