name,transf,client,payoff,total
test_month_sac_gen_J_i_316,739.0934380331007,1468.334912,149.17516390639216,580.0663100605071
