name,transf,client,payoff,total
test_month_sac_gen_I_q_263,770.8666300005334,1468.334912,149.17516390639216,548.2931180930744
