name,transf,client,payoff,total
test_month_sac_gen_I_v_317,687.8699931013942,1468.334912,149.17516390639216,631.2897549922136
