name,transf,client,payoff,total
test_month_sac_gen_J_m_401,669.375725872228,1468.334912,149.17516390639216,649.7840222213798
