name,transf,client,payoff,total
train_month_sac_gen_J_y_33,614.2999607392311,1349.0472576000002,122.1209967794635,612.6263000813055
