name,transf,client,payoff,total
test_month_sac_gen_I_r_293,636.6522006895434,1468.334912,149.17516390639216,682.5075474040644
