name,transf,client,payoff,total
val_month_sac_gen_J_l_348,589.428710360686,1488.30912,159.56135988924024,739.3190497500736
