name,transf,client,payoff,total
train_month_sac_gen_J_m_467,1780.9258294361641,4306.918592,422.3108412815719,2103.681921282264
