name,transf,client,payoff,total
test_month_sac_gen_J_a_374,687.7646717200413,1468.334912,149.17516390639216,631.3950763735666
