name,transf,client,payoff,total
test_month_sac_gen_J_e_30,728.9304952218479,1468.334912,149.17516390639216,590.22925287176
