name,transf,client,payoff,total
val_month_sac_gen_J_t_277,598.6689741403566,1488.30912,155.96206259448996,733.6780832651534
