name,transf,client,payoff,total,sessions
test_6month_sac_gen_2o_127,2894.7605919164553,9929.387430399998,886.8210602299855,6147.805778253558,df_elaad_preproc_l6months.csv
