name,transf,client,payoff,total
test_month_sac_gen_I_s_236,674.6131999860224,1468.334912,149.17516390639216,644.5465481075854
