name,transf,client,payoff,total
val_month_sac_gen_J_g_163,660.8528465631491,1488.30912,159.56135988924024,667.8949135476105
