name,transf,client,payoff,total
train_month_sac_gen_J_e_249,2028.4393379800276,4306.918592,422.3108412815719,1856.1684127384005
