name,transf,client,payoff,total
val_month_sac_gen_I_m_422,623.8735529764479,1488.30912,159.56135988924024,704.8742071343117
