name,transf,client,payoff,total
val_month_sac_gen_I_b_95,649.0400731667102,1488.30912,159.56135988924024,679.7076869440496
