name,transf,client,payoff,total
test_month_sac_gen_J_m_338,667.8179819183853,1468.334912,149.17516390639216,651.3417661752226
