name,transf,client,payoff,total
val_month_sac_gen_I_v_137,660.5819911124811,1488.30912,159.56135988924024,668.1657689982785
