name,transf,client,payoff,total
test_month_sac_gen_I_s_133,687.6818035227898,1468.334912,149.17516390639216,631.4779445708181
