name,transf,client,payoff,total,sessions
test_6month_sac_pred_noise_1c_71,3487.1894549455774,9929.387430399998,893.2217503396156,5548.976225114805,df_elaad_preproc_l6months.csv
