name,transf,client,payoff,total
train_month_sac_gen_J_c_190,2108.306556594629,4306.918592,422.3108412815719,1776.3011941237992
