name,transf,client,payoff,total
train_sac_c_c_8,115151.59080814486,149467.68812980913,8931.975524612415,25384.12179705186
