name,transf,client,payoff,total
test_month_sac_gen_I_i_366,709.4123945051495,1468.334912,149.17516390639216,609.7473535884584
