name,transf,client,payoff,total
train_month_sac_gen_J_v_361,2039.908977413465,4306.918592,417.9096673275943,1849.0999472589406
