name,transf,client,payoff,total,sessions
test_6month_sac_gen_a_35,3158.0642968321267,9929.387430399998,886.8210602299855,5884.502073337886,df_elaad_preproc_l6months.csv
