name,transf,client,payoff,total
train_month_sac_gen_I_e_229,2061.739521652704,4306.918592,417.9096673275943,1827.2694030197017
