name,transf,client,payoff,total
val_month_sac_gen_I_v_414,652.5454881125909,1488.30912,159.56135988924024,676.2022719981687
