name,transf,client,payoff,total
val_month_sac_c_54,2029.203000817845,2277.450960542104,145.3079860330326,102.9399736912265
