name,transf,client,payoff,total,sessions
test_6month_sac_pred_noise_1b_107,3119.6840583549483,9929.387430399998,893.2217503396156,5916.481621705434,df_elaad_preproc_l6months.csv
