name,transf,client,payoff,total,sessions
test_6month_sac_pred_noise_4e_104,5256.196318322706,9929.387430399998,891.2211003728393,3781.9700117044526,df_elaad_preproc_l6months.csv
