name,transf,client,payoff,total
val_month_sac_gen_J_c_167,694.756182234308,1488.30912,159.56135988924024,633.9915778764516
