name,transf,client,payoff,total
train_month_sac_gen_I_v_273,236.6637186189555,4306.918592,421.71069508620843,3648.544178294836
