name,transf,client,payoff,total
val_month_sac_gen_J_m_201,611.9170799499963,1488.30912,159.56135988924024,716.8306801607634
