name,transf,client,payoff,total
test_month_sac_gen_J_s_420,566.4815259069446,1468.334912,148.50825484764397,753.3451312454115
