name,transf,client,payoff,total
train_month_sac_gen_G_a_34,652.2037298754733,1488.30912,156.96126534507295,679.1441247794537
