name,transf,client,payoff,total
val_month_sac_gen_I_i_381,653.9096403103116,1488.30912,159.56135988924024,674.8381198004481
