name,transf,client,payoff,total
train_month_sac_gen_a_82,993.8760029046651,1469.5622144,138.5610864331635,337.12512506217126
