name,transf,client,payoff,total,sessions
test_6month_sac_gen_4l_60,3033.336673580384,9929.387430399998,886.8210602299855,6009.229696589629,df_elaad_preproc_l6months.csv
