name,transf,client,payoff,total
test_month_sac_gen_J_r_377,681.5341904746056,1468.334912,149.17516390639216,637.6255576190023
