name,transf,client,payoff,total
test_month_sac_gen_J_w_186,594.3166958580395,1468.334912,148.50825484764397,725.5099612943166
