name,transf,client,payoff,total
val_month_sac_gen_I_t_442,677.0164014354048,1488.30912,159.56135988924024,651.7313586753548
