name,transf,client,payoff,total
val_sac_gen_a_2,15938.431336836096,30125.305835959498,1762.9897063291792,12423.884792794222
