name,transf,client,payoff,total
train_month_sac_gen_I_a_205,2047.8070058591434,4306.918592,422.3108412815719,1836.8007448592848
