name,transf,client,payoff,total
test_month_sac_gen_J_t_251,652.4206674145222,1468.334912,148.50825484764397,667.4059897378338
