name,transf,client,payoff,total
train_month_sac_gen_I_t_232,1929.0049718270106,4306.918592,417.11092881585404,1960.8026913571352
