name,transf,client,payoff,total
val_month_sac_gen_J_q_407,638.7019949505311,1488.30912,159.56135988924024,690.0457651602285
