name,transf,client,payoff,total
train_month_sac_gen_J_i_319,1968.4992532418785,4306.918592,422.3108412815719,1916.10849747655
