name,transf,client,payoff,total
train_month_sac_gen_I_w_240,-7614.125444114001,4306.918592,422.3108412815719,11498.733194832428
