name,transf,client,payoff,total
val_month_sac_gen_I_q_252,739.7557711366144,1488.30912,159.56135988924024,588.9919889741452
