name,transf,client,payoff,total
train_month_sac_gen_I_b_20,2233.3312166358887,4306.918592,422.3108412815719,1651.2765340825395
