name,transf,client,payoff,total
test_month_sac_gen_I_f_355,734.0750127240306,1468.334912,147.8419170286109,586.4179822473586
