name,transf,client,payoff,total
test_month_sac_gen_I_g_46,736.3416238444082,1468.334912,149.17516390639216,582.8181242491996
