name,transf,client,payoff,total,sessions
test_6month_sac_pred_noise_2a_113,2892.3675015239814,9929.387430399998,897.4875555656347,6139.532373310382,df_elaad_preproc_l6months.csv
