name,transf,client,payoff,total
val_month_sac_gen_I_q_71,771.2850829184507,1488.30912,159.56135988924024,557.462677192309
