name,transf,client,payoff,total
test_month_sac_gen_J_x_289,735.3394697121048,1468.334912,149.17516390639216,583.820278381503
