name,transf,client,payoff,total,sessions
test_6month_sac_gen_1m_1,5998.427512840146,9929.387430399998,893.2217503396156,3037.738167220237,df_elaad_preproc_l6months.csv
