name,transf,client,payoff,total
test_month_sac_gen_J_e_255,692.0471820494977,1468.334912,149.17516390639216,627.1125660441102
