name,transf,client,payoff,total
test_month_sac_gen_c_32,697.625422489298,1488.30912,159.56135988924024,631.1223376214616
