name,transf,client,payoff,total
train_month_sac_gen_J_z_31,580.335118944314,1349.0472576000002,122.72086706878812,645.991271586898
