name,transf,client,payoff,total,sessions
test_6month_sac_gen_2m_76,2945.8386389949,9929.387430399998,897.4875555656347,6086.061235839464,df_elaad_preproc_l6months.csv
