name,transf,client,payoff,total
val_month_sac_c_715,1833.587951846365,2277.450960542104,145.3079860330326,298.55502266270634
