name,transf,client,payoff,total,sessions
test_6month_sac_gen_4l_0,6165.543650957874,9929.387430399998,886.8210602299855,2877.022719212139,df_elaad_preproc_l6months.csv
