name,transf,client,payoff,total
test_month_sac_gen_J_y_268,640.2642333591738,1468.334912,148.50825484764397,679.5624237931822
