name,transf,client,payoff,total
train_month_sac_gen_J_p_79,2104.5214251788025,4306.918592,422.3108412815719,1780.0863255396257
