name,transf,client,payoff,total
test_month_sac_gen_I_q_298,770.1041703352226,1468.334912,149.17516390639216,549.0555777583852
