name,transf,client,payoff,total
val_month_sac_gen_J_g_58,684.1124160431602,1488.30912,159.56135988924024,644.6353440675994
