name,transf,client,payoff,total
val_month_sac_gen_I_m_398,626.404842538779,1488.30912,159.56135988924024,702.3429175719807
