name,transf,client,payoff,total,sessions
test_6month_sac_pred_noise_4a_190,2823.6543306457056,9929.387430399998,891.2211003728393,6214.511999381453,df_elaad_preproc_l6months.csv
