name,transf,client,payoff,total
val_month_sac_gen_J_n_466,569.8811523465387,1488.30912,159.56135988924024,758.866607764221
