name,transf,client,payoff,total,sessions
test_6month_sac_gen_1m_180,2934.9247909523583,9929.387430399998,893.2217503396156,6101.240889108024,df_elaad_preproc_l6months.csv
