name,transf,client,payoff,total
train_month_sac_gen_I_i_219,2065.360661358588,4306.918592,422.3108412815719,1819.2470893598402
