name,transf,client,payoff,total
val_month_sac_gen_I_e_105,630.6754451312947,1488.30912,155.96206259448996,701.6716122742152
