name,transf,client,payoff,total
train_month_sac_gen_I_k_79,2110.054323158944,4306.918592,422.3108412815719,1774.5534275594841
