name,transf,client,payoff,total
val_month_sac_gen_J_j_234,615.6457974053897,1488.30912,159.56135988924024,713.1019627053699
