name,transf,client,payoff,total,sessions
test_6month_sac_gen_2m_103,3041.2978463467957,9929.387430399998,886.8210602299855,6001.268523823217,df_elaad_preproc_l6months.csv
