name,transf,client,payoff,total
test_month_sac_gen_I_e_173,641.5867761647028,1468.334912,148.50825484764397,678.2398809876534
