name,transf,client,payoff,total,sessions
test_6month_sac_gen_4m_183,2958.9808520237693,9929.387430399998,891.2211003728393,6079.18547800339,df_elaad_preproc_l6months.csv
