name,transf,client,payoff,total
test_month_sac_gen_J_q_82,721.004722125504,1468.334912,149.17516390639216,598.1550259681038
