name,transf,client,payoff,total
test_month_sac_gen_J_o_289,686.0901548258564,1468.334912,149.17516390639216,633.0695932677514
