name,transf,client,payoff,total,sessions
test_6month_sac_gen_h_119,2922.0836118386856,9929.387430399998,886.8210602299855,6120.482758331327,df_elaad_preproc_l6months.csv
