name,transf,client,payoff,total,sessions
test_6month_sac_gen_2o_143,2904.5969233767364,9929.387430399998,886.8210602299855,6137.969446793277,df_elaad_preproc_l6months.csv
