name,transf,client,payoff,total
val_month_sac_gen_J_j_360,597.8510863250482,1488.30912,159.56135988924024,730.8966737857115
