name,transf,client,payoff,total
test_month_sac_gen_J_g_413,678.3620021149608,1468.334912,149.17516390639216,640.7977459786471
