name,transf,client,payoff,total
test_month_sac_gen_I_p_272,763.4508700137812,1468.334912,149.17516390639216,555.7088780798266
