name,transf,client,payoff,total
test_month_sac_c_954,1016.5219952750347,1469.5622144,135.21440678133106,317.8258123436342
