name,transf,client,payoff,total
test_month_sac_gen_J_c_421,672.7013124416635,1468.334912,149.17516390639216,646.4584356519443
