name,transf,client,payoff,total
train_month_sac_gen_I_w_127,-7525.2398853721115,4306.918592,422.3108412815719,11409.847636090539
