name,transf,client,payoff,total
train_month_sac_gen_I_v_103,59.639981328271574,4306.918592,421.37738775662854,3825.9012229151
