name,transf,client,payoff,total
test_month_sac_gen_J_u_34,665.6297907267663,1468.334912,148.50825484764397,654.1968664255899
