name,transf,client,payoff,total,sessions
test_6month_sac_gen_1m_136,2912.2245264324483,9929.387430399998,893.2217503396156,6123.941153627934,df_elaad_preproc_l6months.csv
