name,transf,client,payoff,total
test_month_sac_gen_J_s_312,573.8896872863797,1468.334912,148.50825484764397,745.9369698659764
