name,transf,client,payoff,total,sessions
train_month_sac_pred_noise_a_157,532.0132525324095,1349.0472576000002,118.25411328482897,698.7798917827618,df_elaad_preproc_feb.csv
