name,transf,client,payoff,total
test_month_sac_gen_I_x_445,736.3859636679081,1468.334912,149.17516390639216,582.7737844256998
