name,transf,client,payoff,total
test_month_sac_gen_J_x_70,802.8108226543759,1468.334912,149.17516390639216,516.348925439232
