name,transf,client,payoff,total
test_month_sac_gen_I_y_446,680.9253407837082,1468.334912,149.17516390639216,638.2344073098997
