name,transf,client,payoff,total
val_month_sac_gen_J_i_191,649.217043725434,1488.30912,159.56135988924024,679.5307163853256
