name,transf,client,payoff,total
train_month_sac_gen_J_q_215,2046.0106370398164,4306.918592,422.3108412815719,1838.597113678612
