name,transf,client,payoff,total
train_month_sac_gen_I_i_204,2070.3488609694114,4306.918592,422.3108412815719,1814.2588897490168
