name,transf,client,payoff,total
val_month_sac_c_983,1808.7994796136716,2277.450960542104,145.3079860330326,323.34349489539983
