name,transf,client,payoff,total
train_month_sac_gen_J_a_85,2101.048400275342,4306.918592,422.3108412815719,1783.5593504430863
