name,transf,client,payoff,total,sessions
test_6month_sac_gen_1l_220,2804.6998293586944,9929.387430399998,886.8210602299855,6237.8665408113175,df_elaad_preproc_l6months.csv
