name,transf,client,payoff,total
train_month_sac_gen_J_q_155,2059.859814967437,4306.918592,422.3108412815719,1824.747935750991
