name,transf,client,payoff,total
test_month_sac_gen_J_t_43,717.0782798494882,1468.334912,148.50825484764397,602.7483773028678
