name,transf,client,payoff,total
val_month_sac_gen_I_e_91,636.7609641305446,1488.30912,155.96206259448996,695.5860932749654
