name,transf,client,payoff,total
val_month_sac_gen_J_a_315,641.9356325536793,1488.30912,159.56135988924024,686.8121275570804
