name,transf,client,payoff,total
val_month_sac_gen_I_e_293,598.4177726134817,1488.30912,155.96206259448996,733.9292847920283
