name,transf,client,payoff,total
test_month_sac_gen_I_i_162,724.4699564862628,1468.334912,149.17516390639216,594.689791607345
