name,transf,client,payoff,total
val_month_sac_gen_J_i_405,635.5926617176677,1488.30912,159.56135988924024,693.155098393092
