name,transf,client,payoff,total
test_month_sac_gen_I_d_382,664.6748877529592,1468.334912,149.17516390639216,654.4848603406487
