name,transf,client,payoff,total
test_month_sac_gen_I_n_308,655.2903202096228,1468.334912,149.17516390639216,663.869427883985
