name,transf,client,payoff,total
test_month_sac_gen_I_q_441,774.4419239547256,1468.334912,149.17516390639216,544.7178241388823
