name,transf,client,payoff,total
test_month_sac_gen_I_i_65,737.5807391777806,1468.334912,149.17516390639216,581.5790089158272
