name,transf,client,payoff,total
val_month_sac_gen_I_k_462,645.470223369806,1488.30912,159.56135988924024,683.2775367409536
