name,transf,client,payoff,total,sessions
test_6month_sac_gen_5m_11,4054.873589378655,9929.387430399998,886.8210602299855,4987.692780791358,df_elaad_preproc_l6months.csv
