name,transf,client,payoff,total,sessions
test_6month_sac_pred_noise_1b_234,3055.1569120098884,9929.387430399998,893.2217503396156,5981.008768050494,df_elaad_preproc_l6months.csv
