name,transf,client,payoff,total,sessions
test_6month_sac_gen_2n_136,2941.905390487126,9929.387430399998,886.8210602299855,6100.660979682887,df_elaad_preproc_l6months.csv
