name,transf,client,payoff,total
test_month_sac_gen_I_u_176,695.3064588838391,1468.334912,149.17516390639216,623.8532892097687
