name,transf,client,payoff,total
test_month_sac_gen_J_s_177,589.4420071765549,1468.334912,148.50825484764397,730.3846499758013
