name,transf,client,payoff,total
val_month_sac_gen_J_e_97,669.95224134361,1488.30912,159.56135988924024,658.7955187671496
