name,transf,client,payoff,total,sessions
test_6month_sac_gen_3m_122,2909.8429789719603,9929.387430399998,889.2877424740021,6130.256708954036,df_elaad_preproc_l6months.csv
