name,transf,client,payoff,total,sessions
test_6month_sac_gen_1m_32,3210.316018487021,9929.387430399998,886.8210602299855,5832.250351682991,df_elaad_preproc_l6months.csv
