name,transf,client,payoff,total
val_month_sac_gen_I_s_383,648.5844914627044,1488.30912,159.56135988924024,680.1632686480552
