name,transf,client,payoff,total,sessions
test_6month_sac_pred_noise_1a_196,2891.025103843638,9929.387430399998,893.2217503396156,6145.140576216744,df_elaad_preproc_l6months.csv
