name,transf,client,payoff,total,sessions
test_6month_sac_gen_1o_167,2884.516073822257,9929.387430399998,886.8210602299855,6158.050296347756,df_elaad_preproc_l6months.csv
