name,transf,client,payoff,total
test_month_sac_gen_J_p_271,653.8620186479216,1468.334912,149.17516390639216,665.2977294456863
