name,transf,client,payoff,total,sessions
test_6month_sac_pred_noise_5c_198,3546.035744260723,9929.387430399998,881.6875054342313,5501.664180705044,df_elaad_preproc_l6months.csv
