name,transf,client,payoff,total
val_month_sac_gen_J_u_124,596.9347181394037,1488.30912,155.96206259448996,735.4123392661063
