name,transf,client,payoff,total
val_month_sac_gen_I_t_204,685.8851275384982,1488.30912,159.56135988924024,642.8626325722614
