name,transf,client,payoff,total,sessions
test_6month_sac_gen_1m_88,3155.7876717382765,9929.387430399998,893.2217503396156,5880.378008322105,df_elaad_preproc_l6months.csv
