name,transf,client,payoff,total,sessions
test_6month_sac_gen_4l_149,2891.880180193399,9929.387430399998,886.8210602299855,6150.686189976614,df_elaad_preproc_l6months.csv
