name,transf,client,payoff,total
train_month_sac_gen_J_e_203,2031.0181801175554,4306.918592,422.3108412815719,1853.5895706008728
