name,transf,client,payoff,total
val_month_sac_gen_J_l_41,684.9986565197187,1488.30912,159.56135988924024,643.7491035910409
