name,transf,client,payoff,total
test_month_sac_gen_J_z_197,612.6522333140058,1468.334912,148.50825484764397,707.1744238383503
