name,transf,client,payoff,total
test_month_sac_gen_J_w_157,611.8049451862099,1468.334912,148.50825484764397,708.0217119661461
