name,transf,client,payoff,total
test_month_sac_gen_J_d_226,704.5348880323315,1468.334912,149.17516390639216,614.6248600612763
