name,transf,client,payoff,total
test_month_sac_gen_I_a_319,702.6102933196319,1468.334912,149.17516390639216,616.549454773976
