name,transf,client,payoff,total,sessions
test_6month_sac_pred_noise_4a_78,3018.3970810462138,9929.387430399998,891.2211003728393,6019.769248980945,df_elaad_preproc_l6months.csv
