name,transf,client,payoff,total
val_month_sac_gen_I_l_148,652.6689762614836,1488.30912,159.56135988924024,676.0787838492761
