name,transf,client,payoff,total
train_month_sac_gen_J_i_216,1990.3711588375322,4306.918592,422.3108412815719,1894.236591880896
