name,transf,client,payoff,total
test_month_sac_c_362,1043.4060552559151,1469.5622144,135.21440678133106,290.94175236275373
