name,transf,client,payoff,total
test_month_sac_gen_I_j_359,713.6960097710817,1468.334912,149.17516390639216,605.4637383225262
