name,transf,client,payoff,total,sessions
test_6month_sac_pred_noise_1a_100,2964.943003311603,9929.387430399998,893.2217503396156,6071.222676748779,df_elaad_preproc_l6months.csv
