name,transf,client,payoff,total
val_month_sac_gen_I_g_233,816.4416044923303,1488.30912,159.56135988924024,512.3061556184293
