name,transf,client,payoff,total
test_month_sac_gen_J_s_477,566.4853623613702,1468.334912,148.50825484764397,753.3412947909858
