name,transf,client,payoff,total
train_month_sac_c_769,1026.181613855764,2289.492687923877,157.2012507240518,1106.1098233440612
