name,transf,client,payoff,total
test_month_sac_gen_I_p_429,748.8206681973444,1468.334912,149.17516390639216,570.3390798962635
