name,transf,client,payoff,total
val_month_sac_gen_I_n_233,607.8390690249955,1488.30912,159.56135988924024,720.9086910857641
