name,transf,client,payoff,total
val_month_sac_gen_I_d_323,628.9845244755303,1488.30912,159.56135988924024,699.7632356352294
