name,transf,client,payoff,total
val_month_sac_gen_I_v_229,660.5900271567353,1488.30912,159.56135988924024,668.1577329540244
