name,transf,client,payoff,total,sessions
test_6month_sac_pred_noise_3e_219,5100.433211444379,9929.387430399998,889.2877424740021,3939.6664764816173,df_elaad_preproc_l6months.csv
