name,transf,client,payoff,total
test_month_sac_gen_I_g_362,851.1291889406118,1468.334912,149.17516390639216,468.03055915299603
