name,transf,client,payoff,total
test_month_sac_gen_J_b_434,690.269666927408,1468.334912,149.17516390639216,628.8900811661998
