name,transf,client,payoff,total
val_month_sac_gen_I_i_136,667.9018197125488,1488.30912,159.56135988924024,660.8459403982108
