name,transf,client,payoff,total,sessions
test_6month_sac_gen_2m_118,2938.425560192276,9929.387430399998,897.4875555656347,6093.474314642088,df_elaad_preproc_l6months.csv
