name,transf,client,payoff,total,sessions
test_6month_sac_gen_j_109,2936.3736014885917,9929.387430399998,886.8210602299855,6106.1927686814215,df_elaad_preproc_l6months.csv
