name,transf,client,payoff,total
val_month_sac_gen_I_c_165,664.3486995034442,1488.30912,159.56135988924024,664.3990606073155
