name,transf,client,payoff,total,sessions
test_6month_sac_pred_noise_5d_279,4581.582348227132,9929.387430399998,881.6875054342313,4466.117576738636,df_elaad_preproc_l6months.csv
