name,transf,client,payoff,total
test_month_sac_gen_I_c_235,695.20212842565,1468.334912,149.17516390639216,623.9576196679578
