name,transf,client,payoff,total
train_month_sac_gen_I_h_130,2055.4463397948334,4306.918592,422.3108412815719,1829.1614109235948
