name,transf,client,payoff,total
test_month_sac_gen_J_d_214,711.1261280183335,1468.334912,149.17516390639216,608.0336200752744
