name,transf,client,payoff,total
train_month_sac_c_841,1025.402725945493,2289.492687923877,157.2012507240518,1106.888711254332
