name,transf,client,payoff,total
train_month_sac_gen_J_o_267,2024.06118514258,4306.918592,422.3108412815719,1860.546565575848
