name,transf,client,payoff,total,sessions
test_6month_sac_pred_noise_4c_223,3562.0406425524416,9929.387430399998,891.2211003728393,5476.125687474718,df_elaad_preproc_l6months.csv
