name,transf,client,payoff,total
train_month_sac_gen_I_l_147,2060.8163811636546,4306.918592,422.3108412815719,1823.7913695547736
