name,transf,client,payoff,total
val_month_sac_gen_I_o_136,695.7628106949749,1488.30912,159.56135988924024,632.9849494157847
