name,transf,client,payoff,total
test_month_sac_gen_I_y_296,677.0619693045317,1468.334912,149.17516390639216,642.0977787890762
