name,transf,client,payoff,total,sessions
test_6month_sac_pred_noise_2b_247,3154.914889532046,9929.387430399998,897.4875555656347,5876.984985302318,df_elaad_preproc_l6months.csv
