name,transf,client,payoff,total
val_month_sac_gen_J_m_125,621.4102121337157,1488.30912,159.56135988924024,707.3375479770439
