name,transf,client,payoff,total
train_month_sac_gen_I_t_164,2040.4766588370599,4306.918592,414.5094332228307,1851.9324999401094
