name,transf,client,payoff,total
train_month_sac_gen_I_x_401,-7055.594384885404,4306.918592,424.0439983362058,10938.468978549197
