name,transf,client,payoff,total,sessions
test_6month_sac_pred_noise_3c_16,4057.5865712388195,9929.387430399998,889.2877424740021,4982.513116687177,df_elaad_preproc_l6months.csv
