name,transf,client,payoff,total,sessions
test_6month_sac_pred_noise_4e_192,5391.618789039683,9929.387430399998,891.2211003728393,3646.5475409874757,df_elaad_preproc_l6months.csv
