name,transf,client,payoff,total
test_month_sac_gen_I_z_290,726.907556116179,1468.334912,149.17516390639216,592.2521919774289
