name,transf,client,payoff,total,sessions
test_6month_sac_gen_4m_109,3001.916406944617,9929.387430399998,886.8210602299855,6040.649963225396,df_elaad_preproc_l6months.csv
