name,transf,client,payoff,total
train_month_sac_gen_I_a_398,2015.1275713042905,4306.918592,422.3108412815719,1869.4801794141376
