name,transf,client,payoff,total
val_month_sac_gen_I_y_120,683.5862111723194,1488.30912,159.56135988924024,645.1615489384403
