name,transf,client,payoff,total
val_month_sac_gen_J_n_6,777.7049034191346,1488.30912,159.56135988924024,551.042856691625
