name,transf,client,payoff,total
train_month_sac_gen_J_a_449,1985.0148859165047,4306.918592,422.3108412815719,1899.5928648019235
