name,transf,client,payoff,total,sessions
test_6month_sac_gen_2m_1,5654.807924615622,9929.387430399998,897.4875555656347,3377.0919502187417,df_elaad_preproc_l6months.csv
