name,transf,client,payoff,total
train_month_sac_gen_J_x_117,695.1394327169629,1488.30912,158.62811850635504,634.541568776682
