name,transf,client,payoff,total
train_month_sac_gen_J_p_378,1994.7270663595182,4306.918592,422.3108412815719,1889.88068435891
