name,transf,client,payoff,total
train_month_sac_b_40,1542.7463885811978,2289.492687923877,157.2012507240518,589.5450486186273
