name,transf,client,payoff,total
val_month_sac_gen_J_d_393,649.4728862940425,1488.30912,159.56135988924024,679.2748738167172
