name,transf,client,payoff,total
val_month_sac_gen_I_c_481,644.0136419345456,1488.30912,159.56135988924024,684.734118176214
