name,transf,client,payoff,total
val_month_sac_gen_G_a_187,637.3395072595298,1488.30912,155.96206259448996,695.0075501459801
