name,transf,client,payoff,total
train_month_sac_gen_J_u_437,1826.742320325308,4306.918592,425.710049622165,2054.466222052527
