name,transf,client,payoff,total
test_month_sac_gen_J_j_400,637.078452270435,1468.334912,149.17516390639216,682.0812958231728
