name,transf,client,payoff,total,sessions
test_6month_sac_pred_noise_2c_18,3799.9586446986855,9929.387430399998,897.4875555656347,5231.941230135679,df_elaad_preproc_l6months.csv
