name,transf,client,payoff,total
val_month_sac_gen_I_c_129,660.836103018623,1488.30912,159.56135988924024,667.9116570921367
