name,transf,client,payoff,total
val_month_sac_gen_I_t_135,705.3986832316803,1488.30912,159.56135988924024,623.3490768790793
