name,transf,client,payoff,total
val_month_sac_gen_I_f_413,651.0413530244791,1488.30912,158.8282254603323,678.4395415151885
