name,transf,client,payoff,total
train_month_sac_gen_I_b_405,1965.994603764387,4306.918592,422.3108412815719,1918.6131469540414
