name,transf,client,payoff,total
val_month_sac_gen_I_z_79,708.4413659461006,1488.30912,159.56135988924024,620.306394164659
