name,transf,client,payoff,total
test_month_sac_gen_J_i_154,749.2787988023192,1468.334912,149.17516390639216,569.8809492912886
