name,transf,client,payoff,total
train_month_sac_gen_J_g_411,2004.802617033812,4306.918592,422.3108412815719,1879.805133684616
