name,transf,client,payoff,total
train_month_sac_gen_J_h_439,2035.3965773021957,4306.918592,422.3108412815719,1849.2111734162327
