name,transf,client,payoff,total
val_month_sac_gen_I_a_349,647.4860660690749,1488.30912,159.56135988924024,681.2616940416847
