name,transf,client,payoff,total,sessions
test_6month_sac_pred_noise_4a_78,2906.7739276406946,9929.387430399998,891.2211003728393,6131.392402386465,df_elaad_preproc_l6months.csv
