name,transf,client,payoff,total,sessions
test_6month_sac_pred_noise_5a_166,2841.0671315215436,9929.387430399998,881.6875054342313,6206.632793444223,df_elaad_preproc_l6months.csv
