name,transf,client,payoff,total
val_month_sac_gen_I_c_121,666.9990005063972,1488.30912,159.56135988924024,661.7487596043625
