name,transf,client,payoff,total
val_month_sac_gen_J_b_18,738.0015109115657,1488.30912,159.56135988924024,590.7462491991939
