name,transf,client,payoff,total,sessions
test_6month_sac_gen_4l_192,2861.4577575127937,9929.387430399998,886.8210602299855,6181.108612657219,df_elaad_preproc_l6months.csv
