name,transf,client,payoff,total,sessions
test_6month_sac_pred_noise_1d_220,4613.727112446231,9929.387430399998,893.2217503396156,4422.438567614151,df_elaad_preproc_l6months.csv
