name,transf,client,payoff,total
train_month_sac_gen_J_q_348,2017.4499600046795,4306.918592,422.3108412815719,1867.157790713749
