name,transf,client,payoff,total
val_month_sac_gen_I_k_235,650.0261811299238,1488.30912,159.56135988924024,678.7215789808358
