name,transf,client,payoff,total
test_month_sac_gen_I_r_448,636.6974191159275,1468.334912,149.17516390639216,682.4623289776804
