name,transf,client,payoff,total,sessions
test_6month_sac_gen_3m_188,2769.001976722524,9929.387430399998,889.2877424740021,6271.0977112034725,df_elaad_preproc_l6months.csv
