name,transf,client,payoff,total
train_month_sac_gen_J_g_343,2020.0728726979683,4306.918592,422.3108412815719,1864.53487802046
