name,transf,client,payoff,total,sessions
test_6month_sac_gen_c_114,3017.3567536141195,9929.387430399998,886.8210602299855,6025.209616555892,df_elaad_preproc_l6months.csv
