name,transf,client,payoff,total
test_month_sac_gen_J_v_210,649.2594950898813,1468.334912,148.50825484764397,670.5671620624748
