name,transf,client,payoff,total
val_month_sac_gen_I_c_120,666.9283585396918,1488.30912,159.56135988924024,661.8194015710678
