name,transf,client,payoff,total
train_month_sac_gen_J_b_290,2016.648194684507,4306.918592,422.3108412815719,1867.9595560339212
