name,transf,client,payoff,total
train_month_sac_c_326,1062.9132293881535,2289.492687923877,157.2012507240518,1069.3782078116717
