name,transf,client,payoff,total
test_month_sac_gen_J_n_359,672.4854853319688,1468.334912,149.17516390639216,646.674262761639
