name,transf,client,payoff,total
train_month_sac_gen_I_h_354,2000.1871017104365,4306.918592,422.3108412815719,1884.4206490079914
