name,transf,client,payoff,total
train_month_sac_gen_I_m_409,1969.5458992303652,4306.918592,422.3108412815719,1915.061851488063
