name,transf,client,payoff,total,sessions
test_6month_sac_pred_noise_1c_124,3529.554808390806,9929.387430399998,893.2217503396156,5506.610871669576,df_elaad_preproc_l6months.csv
