name,transf,client,payoff,total
val_month_sac_gen_G_b_30,699.6064905701534,1488.30912,159.09496226131247,629.607667168534
