name,transf,client,payoff,total
val_month_sac_gen_I_r_393,593.4998657672922,1488.30912,159.56135988924024,735.2478943434674
