name,transf,client,payoff,total,sessions
test_6month_sac_gen_e_139,2849.942453887368,9929.387430399998,886.8210602299855,6192.623916282644,df_elaad_preproc_l6months.csv
