name,transf,client,payoff,total
train_month_sac_gen_J_d_339,2030.2081889003057,4306.918592,422.3108412815719,1854.3995618181225
