name,transf,client,payoff,total
train_month_sac_gen_I_k_242,2017.4218312855278,4306.918592,422.3108412815719,1867.1859194329004
