name,transf,client,payoff,total
train_month_sac_gen_I_n_438,1881.815140734619,4306.918592,422.3108412815719,2002.7926099838091
