name,transf,client,payoff,total,sessions
test_6month_sac_gen_1l_166,2818.6358512459956,9929.387430399998,886.8210602299855,6223.930518924017,df_elaad_preproc_l6months.csv
