name,transf,client,payoff,total,sessions
test_6month_sac_pred_noise_2e_259,5164.464435903505,9929.387430399998,897.4875555656347,3867.435438930859,df_elaad_preproc_l6months.csv
