name,transf,client,payoff,total
test_month_sac_gen_I_x_48,768.8825368055818,1468.334912,149.17516390639216,550.277211288026
