name,transf,client,payoff,total
test_month_sac_gen_I_e_165,642.3595742240927,1468.334912,148.50825484764397,677.4670829282634
