name,transf,client,payoff,total
test_month_sac_gen_I_a_457,696.1449347847699,1468.334912,149.17516390639216,623.0148133088379
