name,transf,client,payoff,total
val_month_sac_gen_J_j_313,602.2621929677346,1488.30912,159.56135988924024,726.485567143025
