name,transf,client,payoff,total
test_month_sac_gen_I_a_184,701.3534624783034,1468.334912,149.17516390639216,617.8062856153044
