name,transf,client,payoff,total
test_month_sac_gen_I_m_211,676.6903861183334,1468.334912,149.17516390639216,642.4693619752744
