name,transf,client,payoff,total
test_month_sac_gen_c_19,733.3843687110531,1488.30912,159.56135988924024,595.3633913997066
