name,transf,client,payoff,total
val_month_sac_gen_J_j_355,596.3331699519829,1488.30912,159.56135988924024,732.4145901587767
