name,transf,client,payoff,total
train_month_sac_gen_I_f_308,2086.188732879232,4306.918592,421.11038371791597,1799.6194754028522
