name,transf,client,payoff,total
val_month_sac_gen_J_f_96,657.9076645476298,1488.30912,159.56135988924024,670.8400955631298
