name,transf,client,payoff,total
val_month_sac_c_801,1835.5145733679096,2277.450960542104,145.3079860330326,296.62840114116176
