name,transf,client,payoff,total
train_month_sac_gen_J_u_99,2035.5844850871504,4306.918592,423.24438617271056,1848.089720740139
