name,transf,client,payoff,total
train_month_sac_gen_I_q_370,2252.729413998116,4306.918592,422.3108412815719,1631.8783367203123
