name,transf,client,payoff,total
test_month_sac_gen_J_s_216,576.433840910772,1468.334912,148.50825484764397,743.3928162415841
