name,transf,client,payoff,total
test_month_sac_gen_I_i_173,721.1176862075865,1468.334912,149.17516390639216,598.0420618860213
