name,transf,client,payoff,total
train_month_sac_gen_I_t_332,1835.8364676496196,4306.918592,422.97713745041835,2048.104986899962
