name,transf,client,payoff,total
val_month_sac_gen_J_s_402,536.0719590505296,1488.30912,155.96206259448996,796.2750983549804
