name,transf,client,payoff,total
val_month_sac_gen_I_p_210,706.1240570314287,1488.30912,159.56135988924024,622.6237030793309
