name,transf,client,payoff,total
val_month_sac_gen_I_m_388,626.3760755847179,1488.30912,159.56135988924024,702.3716845260417
