name,transf,client,payoff,total
train_month_sac_gen_J_m_94,1932.507021959868,4306.918592,422.3108412815719,1952.1007287585599
