name,transf,client,payoff,total
test_month_sac_gen_I_q_207,772.4223255924621,1468.334912,149.17516390639216,546.7374225011457
