name,transf,client,payoff,total
train_month_sac_gen_J_b_496,2008.7406527101575,4306.918592,422.3108412815719,1875.8670980082707
