name,transf,client,payoff,total,sessions
test_6month_sac_pred_noise_5c_206,3551.8742984232917,9929.387430399998,881.6875054342313,5495.825626542475,df_elaad_preproc_l6months.csv
