name,transf,client,payoff,total
train_month_sac_gen_I_v_442,-259.79086647010007,4306.918592,426.9106693943604,4139.7987890757395
