name,transf,client,payoff,total
val_month_sac_gen_I_f_228,660.3778302066926,1488.30912,158.8282254603323,669.103064332975
