name,transf,client,payoff,total
val_month_sac_gen_J_g_437,633.9697430556239,1488.30912,159.56135988924024,694.7780170551357
