name,transf,client,payoff,total
test_month_sac_gen_J_j_45,722.5571638381418,1468.334912,149.17516390639216,596.602584255466
