name,transf,client,payoff,total
val_month_sac_gen_I_w_444,656.7004033294462,1488.30912,159.56135988924024,672.0473567813135
