name,transf,client,payoff,total
val_month_sac_gen_J_f_134,656.1014777899545,1488.30912,159.56135988924024,672.6462823208051
