name,transf,client,payoff,total
val_month_sac_gen_J_i_258,640.5576982357976,1488.30912,159.56135988924024,688.1900618749621
