name,transf,client,payoff,total
train_month_sac_gen_I_i_121,2085.5333677005283,4306.918592,422.3108412815719,1799.0743830179
