name,transf,client,payoff,total
val_month_sac_gen_I_c_71,687.9431801889452,1488.30912,159.56135988924024,640.8045799218144
