name,transf,client,payoff,total
test_month_sac_gen_I_k_30,734.8552519279145,1468.334912,149.17516390639216,584.3044961656933
