name,transf,client,payoff,total
train_month_sac_gen_J_x_142,698.2767971428008,1488.30912,158.62811850635504,631.4042043508441
