name,transf,client,payoff,total,sessions
test_6month_sac_pred_noise_1d_146,4467.001369847861,9929.387430399998,893.2217503396156,4569.164310212522,df_elaad_preproc_l6months.csv
