name,transf,client,payoff,total
train_month_sac_gen_J_t_193,2055.7193110282265,4306.918592,417.9096673275943,1833.289613644179
