name,transf,client,payoff,total
test_month_sac_gen_I_g_242,878.3174667706655,1468.334912,149.17516390639216,440.8422813229423
