name,transf,client,payoff,total
test_month_sac_gen_I_j_290,717.1445484387767,1468.334912,149.17516390639216,602.0151996548311
