name,transf,client,payoff,total
test_month_sac_c_484,1022.250413012262,1469.5622144,135.21440678133106,312.09739460640685
