name,transf,client,payoff,total
test_month_sac_gen_J_g_455,679.8205603228637,1468.334912,149.17516390639216,639.3391877707442
