name,transf,client,payoff,total,sessions
test_6month_sac_gen_d_209,2720.4906655768177,9929.387430399998,886.8210602299855,6322.075704593195,df_elaad_preproc_l6months.csv
