name,transf,client,payoff,total,sessions
test_6month_sac_pred_noise_1d_197,4498.613509764186,9929.387430399998,893.2217503396156,4537.552170296196,df_elaad_preproc_l6months.csv
