name,transf,client,payoff,total
val_month_sac_gen_I_l_398,639.8271797577966,1488.30912,159.56135988924024,688.920580352963
