name,transf,client,payoff,total
train_month_sac_gen_I_a_342,2018.1228757744807,4306.918592,422.3108412815719,1866.4848749439475
