name,transf,client,payoff,total
val_month_sac_gen_I_x_475,694.3141097697833,1488.30912,159.56135988924024,634.4336503409763
