name,transf,client,payoff,total
val_month_sac_gen_I_l_373,643.0740517559983,1488.30912,159.56135988924024,685.6737083547614
