name,transf,client,payoff,total
test_month_sac_gen_I_i_456,709.2299178894459,1468.334912,149.17516390639216,609.9298302041619
