name,transf,client,payoff,total
train_month_sac_c_974,1029.3050400662978,2289.492687923877,157.2012507240518,1102.9863971335274
