name,transf,client,payoff,total
val_month_sac_gen_I_t_390,675.7824871203222,1488.30912,159.56135988924024,652.9652729904374
