name,transf,client,payoff,total
test_month_sac_gen_I_w_468,646.0433253031572,1468.334912,149.17516390639216,673.1164227904507
