name,transf,client,payoff,total
val_month_sac_gen_I_m_355,631.321517190215,1488.30912,159.56135988924024,697.4262429205446
