name,transf,client,payoff,total
test_month_sac_gen_I_d_460,672.0287806241258,1468.334912,149.17516390639216,647.130967469482
