name,transf,client,payoff,total
train_month_sac_gen_I_v_415,-87.12159716916722,4306.918592,420.3769706360897,3973.6632185330773
