name,transf,client,payoff,total
val_month_sac_gen_I_z_137,714.9478834972283,1488.30912,159.56135988924024,613.7998766135313
