name,transf,client,payoff,total
test_month_sac_gen_J_k_141,634.1506358995388,1468.334912,149.17516390639216,685.0091121940691
