name,transf,client,payoff,total,sessions
test_6month_sac_pred_noise_2c_45,3573.3474059052537,9929.387430399998,897.4875555656347,5458.552468929111,df_elaad_preproc_l6months.csv
