name,transf,client,payoff,total
val_month_sac_gen_I_k_5,782.9402017459306,1488.30912,159.56135988924024,545.807558364829
