name,transf,client,payoff,total
val_month_sac_gen_G_b_59,639.4584518954468,1488.30912,159.09496226131247,689.7557058432405
