name,transf,client,payoff,total
test_month_sac_gen_J_h_390,725.1604119500703,1468.334912,149.17516390639216,593.9993361435376
