name,transf,client,payoff,total
test_month_sac_gen_I_v_475,688.0439838545537,1468.334912,149.17516390639216,631.1157642390541
