name,transf,client,payoff,total
test_month_sac_gen_I_p_141,766.7181282762836,1468.334912,149.17516390639216,552.4416198173243
