name,transf,client,payoff,total,sessions
test_6month_sac_pred_noise_4a_298,2980.2687583203237,9929.387430399998,891.2211003728393,6057.897571706835,df_elaad_preproc_l6months.csv
