name,transf,client,payoff,total,sessions
test_6month_sac_pred_noise_5c_107,3572.157553039749,9929.387430399998,881.6875054342313,5475.542371926018,df_elaad_preproc_l6months.csv
