name,transf,client,payoff,total
val_month_sac_gen_I_p_143,717.8200307555736,1488.30912,159.56135988924024,610.9277293551861
