name,transf,client,payoff,total
train_month_sac_gen_I_r_105,1976.2140233543605,4306.918592,425.5773943118802,1905.1271743337593
