name,transf,client,payoff,total
train_month_sac_gen_I_g_72,2494.818679336772,4306.918592,422.3108412815719,1389.789071381656
