name,transf,client,payoff,total
test_month_sac_gen_J_t_194,663.2570119204777,1468.334912,148.50825484764397,656.5696452318784
