name,transf,client,payoff,total
train_month_sac_gen_I_t_316,1847.8046214461483,4306.918592,420.11088826644277,2039.003082287409
