name,transf,client,payoff,total
test_month_sac_gen_I_f_497,742.9208723371265,1468.334912,147.8419170286109,577.5721226342625
