name,transf,client,payoff,total
month_sac_IX_i,902.7049544878436,1469.5622144,141.5475550913807,425.30970482077566
