name,transf,client,payoff,total
val_month_sac_gen_I_g_424,802.2610067463532,1488.30912,159.56135988924024,526.4867533644065
