name,transf,client,payoff,total
val_month_sac_gen_I_v_309,650.5573852477008,1488.30912,159.56135988924024,678.1903748630589
