name,transf,client,payoff,total
test_month_sac_gen_J_n_30,805.975357723042,1468.334912,149.17516390639216,513.1843903705659
