name,transf,client,payoff,total
val_month_sac_gen_J_k_332,570.5598231020342,1488.30912,159.56135988924024,758.1879370087254
