name,transf,client,payoff,total,sessions
test_6month_sac_pred_noise_5d_119,4369.448564023693,9929.387430399998,881.6875054342313,4678.251360942075,df_elaad_preproc_l6months.csv
