name,transf,client,payoff,total
train_month_sac_gen_J_l_483,1802.1988635477492,4306.918592,422.3108412815719,2082.408887170679
