name,transf,client,payoff,total
test_month_sac_gen_J_y_277,626.261902378451,1468.334912,148.50825484764397,693.564754773905
