name,transf,client,payoff,total
val_month_sac_gen_J_f_286,636.8216447697972,1488.30912,159.56135988924024,691.9261153409625
