name,transf,client,payoff,total
train_month_sac_gen_J_t_458,2015.6480927222433,4306.918592,417.9096673275943,1873.3608319501623
