name,transf,client,payoff,total
test_month_sac_gen_d_0,904.6984535857459,1488.30912,159.56135988924024,424.0493065250137
