name,transf,client,payoff,total
test_month_sac_gen_I_g_260,880.5457416623648,1468.334912,149.17516390639216,438.61400643124307
