name,transf,client,payoff,total
val_month_sac_gen_I_v_404,648.3932118539885,1488.30912,159.56135988924024,680.3545482567711
