name,transf,client,payoff,total
val_month_sac_gen_I_w_188,673.731745406074,1488.30912,159.56135988924024,655.0160147046856
