name,transf,client,payoff,total
train_month_sac_gen_I_x_381,-7697.231403865147,4306.918592,423.9102216728261,11580.239774192321
