name,transf,client,payoff,total
test_month_sac_gen_J_x_81,767.7055032735692,1468.334912,149.17516390639216,551.4542448200386
