name,transf,client,payoff,total
val_month_sac_gen_J_o_490,653.4027673566427,1488.30912,159.56135988924024,675.3449927541169
