name,transf,client,payoff,total
test_month_sac_gen_I_u_4,889.5847802793339,1468.334912,149.17516390639216,429.5749678142739
