name,transf,client,payoff,total,sessions
test_6month_sac_pred_noise_3d_187,4509.580385021503,9929.387430399998,889.2877424740021,4530.519302904493,df_elaad_preproc_l6months.csv
