name,transf,client,payoff,total
train_month_sac_gen_J_f_42,2163.881339580641,4306.918592,422.3108412815719,1720.7264111377872
