name,transf,client,payoff,total,sessions
test_6month_sac_pred_noise_4a_77,2978.1976013958515,9929.387430399998,891.2211003728393,6059.968728631307,df_elaad_preproc_l6months.csv
