name,transf,client,payoff,total
train_month_sac_gen_I_s_321,1612.0054459791459,4306.918592,422.3108412815719,2272.6023047392823
