name,transf,client,payoff,total
val_month_sac_gen_J_c_370,657.9635172122419,1488.30912,159.56135988924024,670.7842428985177
