name,transf,client,payoff,total
train_month_sac_gen_J_j_137,1915.8899546550465,4306.918592,422.3108412815719,1968.7177960633817
