name,transf,client,payoff,total,sessions
test_6month_sac_gen_1l_137,2882.5705118371734,9929.387430399998,886.8210602299855,6159.995858332839,df_elaad_preproc_l6months.csv
