name,transf,client,payoff,total
test_month_sac_gen_I_y_9,740.2005172631002,1468.334912,149.17516390639216,578.9592308305076
