name,transf,client,payoff,total
train_month_sac_gen_I_x_35,-7287.737956402626,4306.918592,418.7769702765704,11175.879578126054
