name,transf,client,payoff,total
train_month_sac_gen_G_a_292,582.7357194040732,1488.30912,163.16148101098162,742.411919584945
