name,transf,client,payoff,total,sessions
test_6month_sac_gen_5m_191,2970.146821877742,9929.387430399998,881.6875054342313,6077.553103088025,df_elaad_preproc_l6months.csv
