name,transf,client,payoff,total
train_month_sac_gen_I_v_456,-77.00783559166871,4306.918592,423.777169566546,3960.1492580251224
