name,transf,client,payoff,total
val_month_sac_gen_G_a_183,646.38207354513,1488.30912,155.96206259448996,685.96498386038
