name,transf,client,payoff,total,sessions
6month_sac_disagg_2c_P,3618.934510231239,9929.387430399998,897.4875555656347,5412.965364603125,df_elaad_preproc_l6months.csv
