name,transf,client,payoff,total
train_month_sac_gen_I_a_465,2011.7649281832455,4306.918592,422.3108412815719,1872.8428225351827
