name,transf,client,payoff,total
val_month_sac_gen_J_h_226,667.2451440118807,1488.30912,159.56135988924024,661.5026160988789
