name,transf,client,payoff,total
test_month_sac_gen_J_l_233,663.3489299059036,1468.334912,149.17516390639216,655.8108181877043
