name,transf,client,payoff,total,sessions
test_6month_sac_pred_noise_2b_144,3085.201902572622,9929.387430399998,897.4875555656347,5946.697972261742,df_elaad_preproc_l6months.csv
