name,transf,client,payoff,total
test_month_sac_gen_I_l_89,710.9819946685989,1468.334912,149.17516390639216,608.177753425009
