name,transf,client,payoff,total,sessions
test_6month_sac_pred_noise_1d_199,4393.388312568175,9929.387430399998,893.2217503396156,4642.777367492207,df_elaad_preproc_l6months.csv
