name,transf,client,payoff,total
train_month_sac_gen_J_f_345,1991.8462525929394,4306.918592,422.3108412815719,1892.7614981254887
