name,transf,client,payoff,total,sessions
test_6month_sac_pred_noise_3b_24,4054.4744608912006,9929.387430399998,889.2877424740021,4985.625227034796,df_elaad_preproc_l6months.csv
