name,transf,client,payoff,total
test_month_sac_gen_I_n_281,658.5935432015899,1468.334912,149.17516390639216,660.5662048920179
