name,transf,client,payoff,total,sessions
test_6month_sac_pred_noise_3b_160,3120.88995125978,9929.387430399998,889.2877424740021,5919.2097366662165,df_elaad_preproc_l6months.csv
