name,transf,client,payoff,total
test_month_sac_gen_G_a_147,676.3628314918762,1468.334912,148.50825484764397,643.4638256604799
