name,transf,client,payoff,total
val_month_sac_gen_J_l_392,587.3148548964394,1488.30912,159.56135988924024,741.4329052143203
