name,transf,client,payoff,total
train_month_sac_gen_J_g_150,2060.6486706424525,4306.918592,422.3108412815719,1823.9590800759756
