name,transf,client,payoff,total
test_month_sac_gen_J_e_363,679.4869138048508,1468.334912,149.17516390639216,639.672834288757
