name,transf,client,payoff,total
test_month_sac_gen_J_v_191,653.1207903853392,1468.334912,148.50825484764397,666.7058667670169
