name,transf,client,payoff,total
train_month_sac_gen_J_b_12,2345.4773411494807,4306.918592,422.3108412815719,1539.1304095689475
