name,transf,client,payoff,total
test_month_sac_gen_I_i_268,712.6382030819994,1468.334912,149.17516390639216,606.5215450116084
