name,transf,client,payoff,total
train_month_sac_gen_J_w_30,2192.8780332750075,4306.918592,419.1105614158855,1694.929997309107
