name,transf,client,payoff,total
train_month_sac_gen_J_g_125,2064.0365646101855,4306.918592,422.3108412815719,1820.5711861082427
