name,transf,client,payoff,total,sessions
test_6month_sac_pred_noise_2b_162,3156.5408871362574,9929.387430399998,897.4875555656347,5875.358987698106,df_elaad_preproc_l6months.csv
