name,transf,client,payoff,total
train_month_sac_gen_I_z_236,255.1271926635946,4306.918592,419.6437537321416,3632.1476456042637
