name,transf,client,payoff,total,sessions
test_6month_sac_gen_a_78,2988.872757004866,9929.387430399998,886.8210602299855,6053.693613165147,df_elaad_preproc_l6months.csv
