name,transf,client,payoff,total
test_month_sac_gen_I_b_496,704.5016561460139,1468.334912,149.17516390639216,614.6580919475939
