name,transf,client,payoff,total
test_month_sac_gen_J_p_189,663.0426388827937,1468.334912,149.17516390639216,656.1171092108142
