name,transf,client,payoff,total
val_month_sac_gen_J_t_140,620.0403443494995,1488.30912,155.96206259448996,712.3067130560105
