name,transf,client,payoff,total
train_month_sac_gen_J_z_75,656.2857020122259,1488.30912,156.49512837024338,675.5282896175306
