name,transf,client,payoff,total
train_month_sac_gen_J_t_14,2324.684612798725,4306.918592,417.9096673275943,1564.3243118736805
