name,transf,client,payoff,total,sessions
test_6month_sac_pred_noise_4c_228,3732.1431574109342,9929.387430399998,891.2211003728393,5306.023172616226,df_elaad_preproc_l6months.csv
