name,transf,client,payoff,total
test_month_sac_c_26,1774.4321322437072,2289.492687923877,157.2012507240518,357.85930495611797
