name,transf,client,payoff,total
test_month_sac_gen_I_m_62,679.8605992730879,1468.334912,149.17516390639216,639.2991488205199
