name,transf,client,payoff,total
test_month_sac_gen_J_o_152,691.9241493429528,1468.334912,149.17516390639216,627.2355987506551
