name,transf,client,payoff,total
test_month_sac_gen_J_t_354,638.4470729595902,1468.334912,148.50825484764397,681.3795841927658
