name,transf,client,payoff,total
test_month_sac_gen_I_a_295,701.4621052754264,1468.334912,149.17516390639216,617.6976428181814
