name,transf,client,payoff,total
val_month_sac_gen_I_b_67,668.986208165556,1488.30912,159.56135988924024,659.7615519452036
