name,transf,client,payoff,total
val_month_sac_gen_J_k_116,591.6215259794676,1488.30912,159.56135988924024,737.126234131292
