name,transf,client,payoff,total,sessions
test_6month_sac_pred_noise_3c_170,3677.1999392650523,9929.387430399998,889.2877424740021,5362.899748660944,df_elaad_preproc_l6months.csv
