name,transf,client,payoff,total
test_month_sac_gen_I_n_249,650.9725530141185,1468.334912,149.17516390639216,668.1871950794894
