name,transf,client,payoff,total
train_month_sac_gen_I_q_443,2245.2249588246295,4306.918592,422.3108412815719,1639.3827918937986
