name,transf,client,payoff,total
train_month_sac_gen_J_j_391,1841.535730582385,4306.918592,422.3108412815719,2043.0720201360432
