name,transf,client,payoff,total
val_month_sac_gen_I_m_424,624.1379117152671,1488.30912,159.56135988924024,704.6098483954925
