name,transf,client,payoff,total
val_month_sac_gen_J_b_265,645.2358977657195,1488.30912,159.56135988924024,683.5118623450401
