name,transf,client,payoff,total,sessions
test_6month_sac_pred_noise_2b_226,3045.9968643828265,9929.387430399998,897.4875555656347,5985.903010451537,df_elaad_preproc_l6months.csv
