name,transf,client,payoff,total,sessions
test_6month_sac_gen_f_159,2881.988787164166,9929.387430399998,886.8210602299855,6160.5775830058465,df_elaad_preproc_l6months.csv
