name,transf,client,payoff,total
train_month_sac_gen_G_a_87,519.2297747802122,1349.0472576000002,121.32141331439661,708.4960695053913
