name,transf,client,payoff,total
test_month_sac_gen_I_g_350,849.7680434384322,1468.334912,149.17516390639216,469.39170465517566
