name,transf,client,payoff,total
test_month_sac_gen_J_h_286,738.9715868843043,1468.334912,149.17516390639216,580.1881612093035
