name,transf,client,payoff,total
test_month_sac_gen_I_y_329,679.8566527978537,1468.334912,149.17516390639216,639.3030952957541
