name,transf,client,payoff,total
train_month_sac_gen_J_w_231,1883.917577981628,4306.918592,421.0441979676412,2001.956816050731
