name,transf,client,payoff,total
val_month_sac_gen_J_c_245,674.11650692497,1488.30912,159.56135988924024,654.6312531857895
