name,transf,client,payoff,total
month_sac_IX_g,1156.6073207997074,1469.5622144,138.681164716446,174.2737288838465
