name,transf,client,payoff,total
test_month_sac_gen_J_t_121,675.2888069155306,1468.334912,148.50825484764397,644.5378502368255
