name,transf,client,payoff,total,sessions
test_6month_sac_pred_noise_1b_174,3019.1162873305284,9929.387430399998,893.2217503396156,6017.049392729854,df_elaad_preproc_l6months.csv
