name,transf,client,payoff,total
test_month_sac_gen_I_i_475,718.5898398702807,1468.334912,149.17516390639216,600.5699082233272
