name,transf,client,payoff,total
val_month_sac_gen_I_b_486,626.4249432897227,1488.30912,159.56135988924024,702.3228168210369
