name,transf,client,payoff,total
train_month_sac_gen_I_u_184,-62.63780063320189,4306.918592,422.3108412815719,3947.2455513516297
