name,transf,client,payoff,total
test_month_sac_c_639,1018.7952851658184,1469.5622144,135.21440678133106,315.55252245285044
