name,transf,client,payoff,total
test_month_sac_gen_I_d_75,699.9030176565577,1468.334912,149.17516390639216,619.2567304370501
