name,transf,client,payoff,total
val_month_sac_gen_J_p_279,645.5810664010354,1488.30912,159.56135988924024,683.1666937097243
