name,transf,client,payoff,total
train_month_sac_gen_J_n_465,1786.7166842635263,4306.918592,422.3108412815719,2097.891066454902
