name,transf,client,payoff,total
train_month_sac_gen_J_x_236,604.8154780002251,1349.0472576000002,120.52077346518433,623.7110061345908
