name,transf,client,payoff,total
train_month_sac_gen_I_v_389,35.4126336075139,4306.918592,417.11092881585404,3854.3950295766317
