name,transf,client,payoff,total,sessions
test_6month_sac_gen_i_172,2744.1746827534503,9929.387430399998,886.8210602299855,6298.3916874165625,df_elaad_preproc_l6months.csv
