name,transf,client,payoff,total
val_month_sac_gen_J_g_379,636.6498839205663,1488.30912,159.56135988924024,692.0978761901933
