name,transf,client,payoff,total
test_month_sac_gen_J_g_291,678.4315712414618,1468.334912,149.17516390639216,640.728176852146
