name,transf,client,payoff,total
train_month_sac_gen_I_s_153,1680.5392611340835,4306.918592,422.3108412815719,2204.0684895843447
