name,transf,client,payoff,total
val_month_sac_gen_J_o_13,758.6466547509281,1488.30912,159.56135988924024,570.1011053598315
