name,transf,client,payoff,total
val_month_sac_gen_I_n_499,614.0834307750647,1488.30912,159.56135988924024,714.6643293356949
