name,transf,client,payoff,total
val_month_sac_c_999,1816.9744926141511,2277.450960542104,145.3079860330326,315.16848189492026
