name,transf,client,payoff,total
val_month_sac_gen_J_w_315,549.2598830832342,1488.30912,155.96206259448996,783.0871743222758
