name,transf,client,payoff,total
train_month_sac_gen_I_l_21,2195.204384461456,4306.918592,422.3108412815719,1689.4033662569723
