name,transf,client,payoff,total
test_month_sac_gen_I_o_105,745.1406276432006,1468.334912,149.17516390639216,574.0191204504073
