name,transf,client,payoff,total,sessions
test_6month_sac_gen_5m_71,3030.029799124689,9929.387430399998,886.8210602299855,6012.536571045324,df_elaad_preproc_l6months.csv
