name,transf,client,payoff,total
val_month_sac_gen_I_n_127,623.1032031565762,1488.30912,159.56135988924024,705.6445569541834
