name,transf,client,payoff,total
test_month_sac_gen_J_w_311,591.7409641841326,1468.334912,148.50825484764397,728.0856929682234
