name,transf,client,payoff,total
val_month_sac_gen_I_o_384,697.3633416279478,1488.30912,159.56135988924024,631.384418482812
