name,transf,client,payoff,total
train_month_sac_gen_J_s_459,1862.3008826531575,4306.918592,415.4443766387945,2029.1733327080478
