name,transf,client,payoff,total,sessions
test_6month_sac_pred_noise_2b_122,3039.049511166043,9929.387430399998,897.4875555656347,5992.850363668321,df_elaad_preproc_l6months.csv
