name,transf,client,payoff,total
val_month_sac_gen_J_v_103,631.8946661934733,1488.30912,155.96206259448996,700.4523912120367
