name,transf,client,payoff,total,sessions
test_6month_sac_pred_noise_4b_117,3290.9728352277843,9929.387430399998,891.2211003728393,5747.193494799375,df_elaad_preproc_l6months.csv
