name,transf,client,payoff,total
train_month_sac_gen_I_p_132,2227.887680342625,4306.918592,422.3108412815719,1656.720070375803
