name,transf,client,payoff,total
val_month_sac_c_751,1833.4373424189282,2277.450960542104,145.3079860330326,298.7056320901432
