name,transf,client,payoff,total
test_month_sac_gen_I_x_3,863.881564311924,1468.334912,149.17516390639216,455.2781837816839
