name,transf,client,payoff,total,sessions
test_6month_sac_pred_noise_3d_172,4572.2747692433295,9929.387430399998,889.2877424740021,4467.824918682667,df_elaad_preproc_l6months.csv
