name,transf,client,payoff,total
val_month_sac_gen_J_j_317,601.4793087053663,1488.30912,159.56135988924024,727.2684514053933
