name,transf,client,payoff,total,sessions
test_6month_sac_pred_noise_3b_13,3727.1364854686085,9929.387430399998,889.2877424740021,5312.9632024573875,df_elaad_preproc_l6months.csv
