name,transf,client,payoff,total
train_month_sac_c_657,1029.9280002008209,2289.492687923877,157.2012507240518,1102.3634369990043
