name,transf,client,payoff,total
val_month_sac_gen_J_b_268,644.4914515706666,1488.30912,159.56135988924024,684.256308540093
