name,transf,client,payoff,total,sessions
test_6month_sac_gen_h_252,2946.0135875301526,9929.387430399998,886.8210602299855,6096.552782639859,df_elaad_preproc_l6months.csv
