name,transf,client,payoff,total,sessions
test_6month_sac_pred_noise_4b_86,3400.8212917310457,9929.387430399998,891.2211003728393,5637.345038296114,df_elaad_preproc_l6months.csv
