name,transf,client,payoff,total
train_month_sac_gen_J_k_317,1781.9548775038797,4306.918592,422.3108412815719,2102.6528732145484
