name,transf,client,payoff,total
train_month_sac_gen_I_z_33,385.06531713826945,4306.918592,419.71118062925393,3502.1420942324767
