name,transf,client,payoff,total,sessions
test_6month_sac_gen_d_233,2716.000928435891,9929.387430399998,886.8210602299855,6326.565441734121,df_elaad_preproc_l6months.csv
