name,transf,client,payoff,total
val_month_sac_gen_I_z_186,699.6304930032736,1488.30912,159.56135988924024,629.117267107486
