name,transf,client,payoff,total
val_month_sac_gen_J_m_328,599.8712496892397,1488.30912,159.56135988924024,728.8765104215199
