name,transf,client,payoff,total
val_month_sac_gen_I_s_97,681.2714843240036,1488.30912,159.56135988924024,647.4762757867561
