name,transf,client,payoff,total
train_month_sac_gen_d_23,-1881.801684908438,1469.5622144,142.094741946743,3209.269157361695
