name,transf,client,payoff,total
test_month_sac_gen_I_z_288,718.0439388385067,1468.334912,149.17516390639216,601.1158092551011
