name,transf,client,payoff,total,sessions
test_6month_sac_pred_noise_5d_16,4774.943866975611,9929.387430399998,881.6875054342313,4272.7560579901565,df_elaad_preproc_l6months.csv
