name,transf,client,payoff,total,sessions
test_6month_sac_gen_4l_116,2991.857355832225,9929.387430399998,886.8210602299855,6050.709014337788,df_elaad_preproc_l6months.csv
