name,transf,client,payoff,total,sessions
test_6month_sac_gen_2m_76,3005.5343199129356,9929.387430399998,897.4875555656347,6026.365554921428,df_elaad_preproc_l6months.csv
