name,transf,client,payoff,total
val_month_sac_gen_I_l_456,639.0324191656083,1488.30912,159.56135988924024,689.7153409451514
