name,transf,client,payoff,total,sessions
test_6month_sac_gen_k_233,2855.7368250915433,9929.387430399998,886.8210602299855,6186.82954507847,df_elaad_preproc_l6months.csv
