name,transf,client,payoff,total
val_month_sac_gen_J_t_19,694.7969534547385,1488.30912,155.96206259448996,637.5501039507715
