name,transf,client,payoff,total
train_month_sac_gen_I_y_172,-238.92848873613798,4306.918592,414.24357654948454,4131.6035041866535
