name,transf,client,payoff,total
val_month_sac_gen_I_k_69,699.5881914516242,1488.30912,159.56135988924024,629.1595686591354
