name,transf,client,payoff,total
test_month_sac_gen_I_x_267,752.9263778571396,1468.334912,149.17516390639216,566.2333702364682
