name,transf,client,payoff,total
train_month_sac_gen_I_h_478,2005.3659880314672,4306.918592,422.3108412815719,1879.241762686961
