name,transf,client,payoff,total
train_month_sac_gen_J_v_219,2081.783398724284,4306.918592,417.9096673275943,1807.2255259481217
