name,transf,client,payoff,total,sessions
test_6month_sac_gen_2o_125,2940.443086583159,9929.387430399998,886.8210602299855,6102.123283586854,df_elaad_preproc_l6months.csv
