name,transf,client,payoff,total,sessions
test_6month_sac_gen_c_85,3100.2917173126907,9929.387430399998,886.8210602299855,5942.2746528573225,df_elaad_preproc_l6months.csv
