name,transf,client,payoff,total
train_month_sac_gen_I_r_244,1972.6600328079244,4306.918592,419.37702845510245,1914.8815307369732
