name,transf,client,payoff,total
val_month_sac_gen_J_n_413,588.2337669508613,1488.30912,159.56135988924024,740.5139931598983
