name,transf,client,payoff,total
train_month_sac_gen_I_f_470,2075.410652848217,4306.918592,421.11038371791597,1810.397555433867
