name,transf,client,payoff,total
val_month_sac_gen_I_p_135,719.1407332226338,1488.30912,159.56135988924024,609.6070268881258
