name,transf,client,payoff,total
test_month_sac_gen_I_e_96,652.6664588192858,1468.334912,148.50825484764397,667.1601983330702
