name,transf,client,payoff,total
test_month_sac_gen_I_l_207,691.164008022563,1468.334912,149.17516390639216,627.9957400710448
