name,transf,client,payoff,total,sessions
test_6month_sac_pred_noise_4d_239,4425.58956309276,9929.387430399998,891.2211003728393,4612.5767669343995,df_elaad_preproc_l6months.csv
