name,transf,client,payoff,total
train_month_sac_gen_J_m_37,2130.643099650485,4306.918592,422.3108412815719,1753.9646510679431
