name,transf,client,payoff,total,sessions
test_6month_sac_gen_1o_162,2836.1075373652,9929.387430399998,886.8210602299855,6206.458832804812,df_elaad_preproc_l6months.csv
