name,transf,client,payoff,total,sessions
test_6month_sac_gen_4m_4,4316.538054252753,9929.387430399998,891.2211003728393,4721.628275774407,df_elaad_preproc_l6months.csv
