name,transf,client,payoff,total
test_month_sac_gen_I_r_393,638.3800711319511,1468.334912,149.17516390639216,680.7796769616567
