name,transf,client,payoff,total,sessions
test_6month_sac_pred_noise_3d_229,4299.525542559593,9929.387430399998,889.2877424740021,4740.574145366403,df_elaad_preproc_l6months.csv
