name,transf,client,payoff,total
test_month_sac_gen_I_v_334,680.1159088295065,1468.334912,149.17516390639216,639.0438392641014
