name,transf,client,payoff,total
train_month_sac_gen_J_u_168,1993.875574953426,4306.918592,419.7767686338127,1893.2662484127616
