name,transf,client,payoff,total
train_month_sac_gen_I_t_483,1923.1702264215455,4306.918592,420.9104998274536,1962.837865751001
