name,transf,client,payoff,total
val_month_sac_gen_J_c_427,652.7054966055618,1488.30912,159.56135988924024,676.0422635051978
