name,transf,client,payoff,total
test_month_sac_gen_I_t_119,706.5969370353145,1468.334912,149.17516390639216,612.5628110582934
