name,transf,client,payoff,total
test_month_sac_gen_I_g_200,873.688611440698,1468.334912,149.17516390639216,445.4711366529099
