name,transf,client,payoff,total
test_month_sac_gen_J_k_353,617.5635174602222,1468.334912,149.17516390639216,701.5962306333856
