name,transf,client,payoff,total
train_month_sac_gen_J_m_260,1826.5573085393678,4306.918592,422.3108412815719,2058.05044217906
