name,transf,client,payoff,total
val_month_sac_gen_J_d_408,650.7678495506236,1488.30912,159.56135988924024,677.979910560136
