name,transf,client,payoff,total,sessions
test_6month_sac_gen_j_208,2884.042694887643,9929.387430399998,886.8210602299855,6158.523675282369,df_elaad_preproc_l6months.csv
