name,transf,client,payoff,total,sessions
test_6month_sac_gen_5m_166,2887.180849081158,9929.387430399998,886.8210602299855,6155.385521088854,df_elaad_preproc_l6months.csv
