name,transf,client,payoff,total
test_month_sac_gen_J_n_55,767.2045717733698,1468.334912,149.17516390639216,551.955176320238
