name,transf,client,payoff,total
val_month_sac_gen_I_g_293,790.3595894712382,1488.30912,159.56135988924024,538.3881706395214
