name,transf,client,payoff,total
test_month_sac_gen_J_e_107,687.4289674278157,1468.334912,149.17516390639216,631.7307806657922
