name,transf,client,payoff,total
test_month_sac_gen_J_o_187,683.2308369006989,1468.334912,149.17516390639216,635.9289111929089
