name,transf,client,payoff,total
test_month_sac_gen_J_l_303,662.3119042565356,1468.334912,149.17516390639216,656.8478438370722
