name,transf,client,payoff,total
test_month_sac_gen_I_l_118,703.5294158285532,1468.334912,149.17516390639216,615.6303322650547
