name,transf,client,payoff,total
val_month_sac_gen_J_p_86,660.2492179321096,1488.30912,159.56135988924024,668.49854217865
