name,transf,client,payoff,total
val_month_sac_gen_I_k_167,668.684224609257,1488.30912,159.56135988924024,660.0635355015027
