name,transf,client,payoff,total
train_month_sac_gen_J_d_499,2064.121135153827,4306.918592,422.3108412815719,1820.4866155646014
