name,transf,client,payoff,total,sessions
test_6month_sac_pred_noise_2b_175,3068.1987763245334,9929.387430399998,897.4875555656347,5963.70109850983,df_elaad_preproc_l6months.csv
