name,transf,client,payoff,total
val_month_sac_gen_I_e_174,608.96724921993,1488.30912,155.96206259448996,723.37980818558
