name,transf,client,payoff,total
train_month_sac_gen_I_t_294,1941.2392552840101,4306.918592,418.0436307839677,1947.6357059320221
