name,transf,client,payoff,total
train_month_sac_gen_J_a_364,1984.141586439138,4306.918592,422.3108412815719,1900.4661642792898
