name,transf,client,payoff,total
val_month_sac_gen_J_r_417,631.6359405866224,1488.30912,159.56135988924024,697.1118195241372
