name,transf,client,payoff,total,sessions
train_month_sac_gen_G_d_191,499.65462019272843,1349.0472576000002,117.45451769333668,731.9381197139351,df_elaad_preproc_feb.csv
