name,transf,client,payoff,total
test_month_sac_gen_J_r_475,684.0187516312474,1468.334912,149.17516390639216,635.1409964623605
