name,transf,client,payoff,total,sessions
test_6month_sac_pred_noise_1e_135,5419.568538717835,9929.387430399998,893.2217503396156,3616.597141342548,df_elaad_preproc_l6months.csv
