name,transf,client,payoff,total
val_month_sac_gen_J_n_163,627.5131089327423,1488.30912,159.56135988924024,701.2346511780174
