name,transf,client,payoff,total
test_month_sac_gen_I_o_76,752.8048824482594,1468.334912,149.17516390639216,566.3548656453485
