name,transf,client,payoff,total
train_month_sac_gen_I_i_304,2059.318351150592,4306.918592,422.3108412815719,1825.289399567836
