name,transf,client,payoff,total,sessions
test_6month_sac_pred_noise_5c_181,3599.6183665231324,9929.387430399998,881.6875054342313,5448.081558442635,df_elaad_preproc_l6months.csv
