name,transf,client,payoff,total
train_month_sac_gen_I_g_335,2507.268473728773,4306.918592,422.3108412815719,1377.339276989655
