name,transf,client,payoff,total
test_month_sac_gen_J_w_156,604.9644461306652,1468.334912,148.50825484764397,714.8622110216909
