name,transf,client,payoff,total
test_month_sac_gen_J_f_356,658.0341346019096,1468.334912,149.17516390639216,661.1256134916982
