name,transf,client,payoff,total
val_month_sac_gen_J_r_482,636.0414432623342,1488.30912,159.56135988924024,692.7063168484256
