name,transf,client,payoff,total,sessions
test_6month_sac_gen_2l_262,2907.4994414356374,9929.387430399998,886.8210602299855,6135.066928734375,df_elaad_preproc_l6months.csv
