name,transf,client,payoff,total
test_month_sac_gen_I_h_364,702.0935812802901,1468.334912,149.17516390639216,617.0661668133177
