name,transf,client,payoff,total,sessions
test_6month_sac_gen_5m_27,3248.546070373061,9929.387430399998,881.6875054342313,5799.153854592707,df_elaad_preproc_l6months.csv
