name,transf,client,payoff,total
train_month_sac_gen_J_s_481,1819.8572109061583,4306.918592,415.7772518893167,2071.284129204525
