name,transf,client,payoff,total
val_month_sac_gen_I_d_279,633.1326789407915,1488.30912,159.56135988924024,695.6150811699681
