name,transf,client,payoff,total
val_month_sac_gen_I_x_400,698.8879075702043,1488.30912,159.56135988924024,629.8598525405553
