name,transf,client,payoff,total
test_month_sac_gen_J_a_387,686.3061324510898,1468.334912,149.17516390639216,632.8536156425181
