name,transf,client,payoff,total
test_month_sac_gen_J_w_328,585.6415613028161,1468.334912,148.50825484764397,734.18509584954
