name,transf,client,payoff,total,sessions
test_6month_sac_gen_i_255,2700.473322708098,9929.387430399998,886.8210602299855,6342.0930474619145,df_elaad_preproc_l6months.csv
