name,transf,client,payoff,total
val_month_sac_gen_I_z_63,712.4285296791278,1488.30912,159.56135988924024,616.3192304316319
