name,transf,client,payoff,total
test_month_sac_gen_I_c_158,706.268163882344,1468.334912,149.17516390639216,612.8915842112639
