name,transf,client,payoff,total
val_month_sac_gen_c_84,663.8991883263394,1349.0472576000002,118.32161810264896,566.8264511710119
