name,transf,client,payoff,total
test_month_sac_gen_I_c_129,712.3036438970623,1468.334912,149.17516390639216,606.8561041965455
