name,transf,client,payoff,total
test_month_sac_gen_I_v_248,681.2866992620147,1468.334912,149.17516390639216,637.8730488315931
