name,transf,client,payoff,total
train_month_sac_gen_I_i_407,2048.826716731224,4306.918592,422.3108412815719,1835.781033987204
