name,transf,client,payoff,total
val_month_sac_gen_I_g_443,782.1272227344742,1488.30912,159.56135988924024,546.6205373762855
