name,transf,client,payoff,total
train_month_sac_gen_J_i_400,1957.1367022142908,4306.918592,422.3108412815719,1927.4710485041373
