name,transf,client,payoff,total,sessions
test_6month_sac_pred_noise_3d_137,4546.483053308689,9929.387430399998,889.2877424740021,4493.616634617308,df_elaad_preproc_l6months.csv
