name,transf,client,payoff,total
train_month_sac_gen_I_o_245,2141.885006585264,4306.918592,422.3108412815719,1742.7227441331643
