name,transf,client,payoff,total
train_month_sac_gen_I_r_221,1950.7452026454264,4306.918592,421.5104455134549,1934.6629438411185
