name,transf,client,payoff,total
val_month_sac_gen_J_d_148,665.7375315549978,1488.30912,159.56135988924024,663.0102285557618
