name,transf,client,payoff,total
val_month_sac_gen_J_s_382,538.051704111723,1488.30912,155.96206259448996,794.295353293787
