name,transf,client,payoff,total
test_month_sac_gen_I_f_310,737.0828366765243,1468.334912,147.8419170286109,583.4101582948649
