name,transf,client,payoff,total
val_month_sac_gen_I_j_428,651.9702200089224,1488.30912,159.56135988924024,676.7775401018373
