name,transf,client,payoff,total
test_month_sac_gen_c_0,895.1850876031561,1488.30912,159.56135988924024,433.5626725076035
