name,transf,client,payoff,total
val_month_sac_gen_I_r_130,613.1373473554319,1488.30912,159.56135988924024,715.6104127553278
