name,transf,client,payoff,total
test_month_sac_gen_J_r_137,688.3174687959095,1468.334912,149.17516390639216,630.8422792976984
