name,transf,client,payoff,total
train_month_sac_gen_I_a_338,2020.413798187001,4306.918592,422.3108412815719,1864.1939525314274
