name,transf,client,payoff,total,sessions
test_6month_sac_pred_noise_1c_227,3573.131775432279,9929.387430399998,893.2217503396156,5463.033904628103,df_elaad_preproc_l6months.csv
