name,transf,client,payoff,total
test_month_sac_b_26,1311.5092153305152,1469.5622144,135.21440678133106,22.83859228815365
