name,transf,client,payoff,total
test_month_sac_gen_I_m_135,683.9957453813164,1468.334912,149.17516390639216,635.1640027122914
