name,transf,client,payoff,total
val_month_sac_gen_J_x_188,701.24291486355,1488.30912,159.56135988924024,627.5048452472097
