name,transf,client,payoff,total
train_month_sac_gen_I_c_49,2167.8766380534344,4306.918592,422.3108412815719,1716.7311126649938
