name,transf,client,payoff,total
train_month_sac_gen_I_k_77,2114.0619293364743,4306.918592,422.3108412815719,1770.5458213819538
