name,transf,client,payoff,total
train_month_sac_gen_J_a_184,2028.268599150936,4306.918592,422.3108412815719,1856.339151567492
