name,transf,client,payoff,total,sessions
test_6month_sac_gen_j_267,3084.94150977889,9929.387430399998,886.8210602299855,5957.624860391123,df_elaad_preproc_l6months.csv
