name,transf,client,payoff,total,sessions
test_6month_sac_pred_noise_5b_224,3100.1880646422214,9929.387430399998,881.6875054342313,5947.511860323546,df_elaad_preproc_l6months.csv
