name,transf,client,payoff,total
train_month_sac_gen_J_b_436,1979.1108431332605,4306.918592,422.3108412815719,1905.4969075851677
