name,transf,client,payoff,total
val_month_sac_gen_I_q_35,777.9805088838268,1488.30912,159.56135988924024,550.7672512269328
