name,transf,client,payoff,total,sessions
test_6month_sac_gen_5m_72,3079.0383078220843,9929.387430399998,886.8210602299855,5963.528062347928,df_elaad_preproc_l6months.csv
