name,transf,client,payoff,total
train_month_sac_gen_I_r_66,2125.7724666483173,4306.918592,421.70971711650003,1759.4364082351826
