name,transf,client,payoff,total
val_month_sac_gen_I_e_483,605.2703377865,1488.30912,155.96206259448996,727.07671961901
