name,transf,client,payoff,total,sessions
6month_sac_disagg_2b_LD,3101.8200868297927,9929.387430399998,897.4875555656347,5930.079788004571,df_elaad_preproc_l6months.csv
