name,transf,client,payoff,total
train_month_sac_gen_I_d_93,2059.453733584739,4306.918592,422.3108412815719,1825.1540171336892
