name,transf,client,payoff,total
test_month_sac_gen_J_f_200,672.7600415703564,1468.334912,149.17516390639216,646.3997065232514
