name,transf,client,payoff,total
test_month_sac_gen_I_i_473,718.3740618856516,1468.334912,149.17516390639216,600.7856862079562
