name,transf,client,payoff,total
val_month_sac_gen_J_g_13,742.7862208105671,1488.30912,159.56135988924024,585.9615393001925
