name,transf,client,payoff,total
test_month_sac_gen_I_n_309,654.0765573565701,1468.334912,149.17516390639216,665.0831907370377
