name,transf,client,payoff,total
test_month_sac_gen_J_d_491,708.0082578168231,1468.334912,149.17516390639216,611.1514902767848
