name,transf,client,payoff,total
train_month_sac_gen_J_m_121,1906.6803076027647,4306.918592,422.3108412815719,1977.9274431156637
