name,transf,client,payoff,total
train_month_sac_gen_I_k_153,2046.6064346527864,4306.918592,422.3108412815719,1838.0013160656417
