name,transf,client,payoff,total
val_month_sac_gen_I_t_86,725.200982068385,1488.30912,159.56135988924024,603.5467780423746
