name,transf,client,payoff,total
test_month_sac_gen_J_m_279,680.797759664274,1468.334912,149.17516390639216,638.3619884293338
