name,transf,client,payoff,total
val_month_sac_gen_J_e_477,656.423344016864,1488.30912,159.56135988924024,672.3244160938957
