name,transf,client,payoff,total
train_month_sac_gen_I_i_255,2062.9712953414855,4306.918592,422.3108412815719,1821.6364553769426
