name,transf,client,payoff,total
val_month_sac_gen_I_j_368,647.1265848155091,1488.30912,159.56135988924024,681.6211752952506
