name,transf,client,payoff,total,sessions
test_6month_sac_gen_a_46,3042.959614460498,9929.387430399998,886.8210602299855,5999.606755709514,df_elaad_preproc_l6months.csv
