name,transf,client,payoff,total
train_month_sac_gen_I_j_108,2111.372000931337,4306.918592,422.3108412815719,1773.2357497870912
