name,transf,client,payoff,total
val_month_sac_gen_I_r_193,605.211973380478,1488.30912,159.56135988924024,723.5357867302816
