name,transf,client,payoff,total
test_month_sac_gen_J_h_323,736.6801914476999,1468.334912,149.17516390639216,582.4795566459079
