name,transf,client,payoff,total
train_month_sac_gen_J_f_486,2007.4726411848753,4306.918592,422.3108412815719,1877.135109533553
