name,transf,client,payoff,total
val_month_sac_gen_I_c_302,638.1355859779899,1488.30912,159.56135988924024,690.6121741327697
