name,transf,client,payoff,total,sessions
test_6month_sac_gen_4m_30,3316.9092383735324,9929.387430399998,891.2211003728393,5721.257091653627,df_elaad_preproc_l6months.csv
