name,transf,client,payoff,total
val_month_sac_gen_J_c_183,691.2836108645411,1488.30912,159.56135988924024,637.4641492462185
