name,transf,client,payoff,total
test_month_sac_gen_J_r_286,684.2297147273789,1468.334912,149.17516390639216,634.9300333662289
