name,transf,client,payoff,total
train_month_sac_gen_I_o_7,2451.96130822635,4306.918592,422.3108412815719,1432.6464424920782
