name,transf,client,payoff,total
train_month_sac_gen_J_j_377,1840.0754442880504,4306.918592,422.3108412815719,2044.5323064303775
