name,transf,client,payoff,total
train_month_sac_gen_I_n_393,1892.2332821389027,4306.918592,422.3108412815719,1992.3744685795255
