name,transf,client,payoff,total,sessions
test_6month_sac_pred_noise_1e_164,5242.195979698834,9929.387430399998,893.2217503396156,3793.969700361549,df_elaad_preproc_l6months.csv
