name,transf,client,payoff,total
test_month_sac_gen_J_c_234,693.7170160560803,1468.334912,149.17516390639216,625.4427320375275
