name,transf,client,payoff,total
val_month_sac_gen_I_p_62,730.6366678206427,1488.30912,159.56135988924024,598.1110922901169
