name,transf,client,payoff,total
val_month_sac_gen_I_w_375,660.2098124903587,1488.30912,159.56135988924024,668.5379476204009
