name,transf,client,payoff,total,sessions
test_6month_sac_pred_noise_3a_148,3021.7356018227038,9929.387430399998,889.2877424740021,6018.364086103293,df_elaad_preproc_l6months.csv
