name,transf,client,payoff,total
train_month_sac_gen_J_m_76,2001.6669308581868,4306.918592,422.3108412815719,1882.9408198602414
