name,transf,client,payoff,total
train_sac_gen_a_17,70301.22408607458,149467.68812980913,8931.975524612415,70234.48851912214
