name,transf,client,payoff,total
val_month_sac_gen_I_w_163,680.2644357756182,1488.30912,159.56135988924024,648.4833243351416
