name,transf,client,payoff,total
val_month_sac_gen_J_v_397,594.859241687944,1488.30912,155.96206259448996,737.487815717566
