name,transf,client,payoff,total,sessions
test_6month_sac_gen_c_26,3413.7998847585322,9929.387430399998,886.8210602299855,5628.766485411481,df_elaad_preproc_l6months.csv
