name,transf,client,payoff,total
train_month_sac_gen_J_w_180,1899.50406593132,4306.918592,416.3775719259156,1991.0369541427644
