name,transf,client,payoff,total
val_month_sac_gen_J_t_14,707.8306268879882,1488.30912,155.96206259448996,624.5164305175217
