name,transf,client,payoff,total
val_month_sac_gen_J_o_283,652.8995894895884,1488.30912,159.56135988924024,675.8481706211712
