name,transf,client,payoff,total,sessions
test_6month_sac_pred_noise_5b_175,3151.579092414699,9929.387430399998,881.6875054342313,5896.120832551069,df_elaad_preproc_l6months.csv
