name,transf,client,payoff,total
month_sac_IX_f,1664.332728370699,1469.5622144,140.81446340887305,-335.58497737957214
