name,transf,client,payoff,total
val_month_sac_gen_J_g_220,656.3137364005333,1488.30912,159.56135988924024,672.4340237102263
