name,transf,client,payoff,total
train_month_sac_gen_I_c_159,2110.8614759845177,4306.918592,422.3108412815719,1773.7462747339105
