name,transf,client,payoff,total
test_month_sac_gen_J_r_492,691.5939286376203,1468.334912,149.17516390639216,627.5658194559876
