name,transf,client,payoff,total
val_month_sac_gen_J_a_188,647.1358200080126,1488.30912,159.56135988924024,681.611940102747
