name,transf,client,payoff,total
test_month_sac_gen_I_y_126,694.4839051162594,1468.334912,149.17516390639216,624.6758429773485
