name,transf,client,payoff,total
train_month_sac_gen_I_j_174,2050.888417060388,4306.918592,422.3108412815719,1833.7193336580403
