name,transf,client,payoff,total
val_month_sac_gen_I_p_300,704.6388531236928,1488.30912,159.56135988924024,624.1089069870668
