name,transf,client,payoff,total
val_month_sac_gen_a_14,852.0896784594629,1349.0472576000002,118.32161810264896,378.63596103788836
