name,transf,client,payoff,total
train_month_sac_gen_I_a_354,2020.0747843102229,4306.918592,422.3108412815719,1864.5329664082055
