name,transf,client,payoff,total
test_month_sac_gen_G_b_156,654.7412381219647,1468.334912,148.64140204911905,664.9522718289163
