name,transf,client,payoff,total
train_month_sac_gen_I_n_211,1908.9565961055039,4306.918592,422.3108412815719,1975.651154612924
