name,transf,client,payoff,total,sessions
train_month_sac_gen_G_e_11,744.1487809813373,1349.0472576000002,120.32105381356293,484.5774228051,df_elaad_preproc_feb.csv
