name,transf,client,payoff,total
val_month_sac_gen_I_o_335,695.8168803748986,1488.30912,159.56135988924024,632.930879735861
