name,transf,client,payoff,total
train_month_sac_gen_J_p_203,2016.9576937923794,4306.918592,422.3108412815719,1867.6500569260488
