name,transf,client,payoff,total
train_month_sac_gen_J_m_431,1783.6138398780686,4306.918592,422.3108412815719,2100.9939108403596
