name,transf,client,payoff,total
train_month_sac_gen_I_w_225,-7606.711335004738,4306.918592,422.3108412815719,11491.319085723166
