name,transf,client,payoff,total
train_month_sac_gen_J_p_3,2448.659312551224,4306.918592,422.3108412815719,1435.9484381672041
