name,transf,client,payoff,total
test_month_sac_gen_J_a_233,693.7529003396799,1468.334912,149.17516390639216,625.406847753928
