name,transf,client,payoff,total
train_sac_gen_a_0,1872.242886586587,2289.492687923877,157.2012507240518,260.04855061323815
