name,transf,client,payoff,total
val_month_sac_gen_J_u_472,540.0165228214523,1488.30912,155.96206259448996,792.3305345840577
