name,transf,client,payoff,total
val_month_sac_gen_I_i_447,651.4957996684076,1488.30912,159.56135988924024,677.2519604423521
