name,transf,client,payoff,total
train_month_sac_gen_J_l_266,1845.6146347073488,4306.918592,422.3108412815719,2038.993116011079
