name,transf,client,payoff,total,sessions
test_6month_sac_pred_noise_4b_285,3080.895487085734,9929.387430399998,891.2211003728393,5957.270842941425,df_elaad_preproc_l6months.csv
