name,transf,client,payoff,total
val_month_sac_gen_I_h_230,644.2867534186815,1488.30912,159.56135988924024,684.4610066920782
