name,transf,client,payoff,total,sessions
test_6month_sac_pred_noise_1b_151,3095.0090443721015,9929.387430399998,893.2217503396156,5941.15663568828,df_elaad_preproc_l6months.csv
