name,transf,client,payoff,total
val_month_sac_gen_I_l_307,647.4193958287286,1488.30912,159.56135988924024,681.3283642820311
