name,transf,client,payoff,total
val_month_sac_gen_J_v_130,622.9833803114926,1488.30912,155.96206259448996,709.3636770940172
