name,transf,client,payoff,total,sessions
test_6month_sac_gen_5m_22,3391.67581182304,9929.387430399998,886.8210602299855,5650.890558346973,df_elaad_preproc_l6months.csv
