name,transf,client,payoff,total
val_month_sac_gen_J_j_364,598.5055959554444,1488.30912,159.56135988924024,730.2421641553153
