name,transf,client,payoff,total,sessions
test_6month_sac_pred_noise_2b_112,3057.334523021049,9929.387430399998,897.4875555656347,5974.565351813315,df_elaad_preproc_l6months.csv
