name,transf,client,payoff,total
test_month_sac_gen_J_t_428,635.103274016618,1468.334912,148.50825484764397,684.723383135738
