name,transf,client,payoff,total
val_month_sac_gen_J_h_299,669.1149267577791,1488.30912,159.56135988924024,659.6328333529805
