name,transf,client,payoff,total
val_month_sac_gen_I_u_427,648.8108195198971,1488.30912,159.56135988924024,679.9369405908626
