name,transf,client,payoff,total
val_month_sac_gen_I_f_242,660.5858415888506,1488.30912,158.8282254603323,668.895052950817
