name,transf,client,payoff,total
train_month_sac_gen_I_d_464,1970.200805113408,4306.918592,422.3108412815719,1914.4069456050202
