name,transf,client,payoff,total,sessions
test_6month_sac_gen_5m_100,2972.8845884284274,9929.387430399998,886.8210602299855,6069.681781741585,df_elaad_preproc_l6months.csv
