name,transf,client,payoff,total,sessions
test_6month_sac_gen_3m_67,2901.676101378932,9929.387430399998,889.2877424740021,6138.423586547065,df_elaad_preproc_l6months.csv
