name,transf,client,payoff,total
val_month_sac_gen_I_h_383,636.9191479608235,1488.30912,159.56135988924024,691.8286121499361
