name,transf,client,payoff,total
test_month_sac_gen_I_v_188,685.2367047673399,1468.334912,149.17516390639216,633.9230433262679
