name,transf,client,payoff,total
val_month_sac_gen_I_r_173,607.1801658163508,1488.30912,159.56135988924024,721.5675942944088
