name,transf,client,payoff,total
train_month_sac_gen_J_f_355,1992.100913213938,4306.918592,422.3108412815719,1892.5068375044902
