name,transf,client,payoff,total
train_month_sac_gen_J_m_82,1968.190817731264,4306.918592,422.3108412815719,1916.4169329871643
