name,transf,client,payoff,total
train_month_sac_gen_I_w_205,-7605.799080364069,4306.918592,422.3108412815719,11490.406831082497
