name,transf,client,payoff,total
train_month_sac_gen_I_q_442,2249.1785839582885,4306.918592,422.3108412815719,1635.4291667601397
