name,transf,client,payoff,total
val_month_sac_gen_J_v_13,714.7609790831408,1488.30912,155.96206259448996,617.5860783223691
