name,transf,client,payoff,total,sessions
test_6month_sac_pred_noise_5a_132,2903.340074835147,9929.387430399998,881.6875054342313,6144.3598501306205,df_elaad_preproc_l6months.csv
