name,transf,client,payoff,total
train_month_sac_gen_J_k_82,1914.3995026861414,4306.918592,422.3108412815719,1970.208248032287
