name,transf,client,payoff,total,sessions
test_6month_sac_gen_1m_193,2859.6448587256914,9929.387430399998,893.2217503396156,6176.520821334691,df_elaad_preproc_l6months.csv
