name,transf,client,payoff,total
test_month_sac_gen_G_b_193,655.0953823154628,1468.334912,148.64140204911905,664.5981276354182
