name,transf,client,payoff,total
test_month_sac_gen_I_t_31,735.6069013381946,1468.334912,149.17516390639216,583.5528467554133
