name,transf,client,payoff,total,sessions
test_6month_sac_pred_noise_5a_254,2856.6357807806553,9929.387430399998,881.6875054342313,6191.064144185111,df_elaad_preproc_l6months.csv
