name,transf,client,payoff,total
test_month_sac_gen_J_z_107,672.2979354736337,1468.334912,148.50825484764397,647.5287216787224
