name,transf,client,payoff,total
val_month_sac_gen_J_a_189,650.6030290230325,1488.30912,159.56135988924024,678.1447310877272
