name,transf,client,payoff,total
val_month_sac_gen_I_n_50,632.842792060158,1488.30912,159.56135988924024,695.9049680506016
