name,transf,client,payoff,total
train_month_sac_gen_d_67,1519.095706213035,1469.5622144,141.56131312148455,-191.09480493451974
