name,transf,client,payoff,total,sessions
test_6month_sac_gen_4l_21,3202.9696553620465,9929.387430399998,886.8210602299855,5839.596714807965,df_elaad_preproc_l6months.csv
