name,transf,client,payoff,total
test_month_sac_gen_J_c_382,672.3781153627731,1468.334912,149.17516390639216,646.7816327308348
