name,transf,client,payoff,total,sessions
test_6month_sac_gen_h_27,3179.9861809783692,9929.387430399998,886.8210602299855,5862.5801891916435,df_elaad_preproc_l6months.csv
