name,transf,client,payoff,total
train_month_sac_gen_J_b_488,2000.347810732654,4306.918592,422.3108412815719,1884.2599399857745
