name,transf,client,payoff,total
val_month_sac_gen_I_w_493,661.4695699147771,1488.30912,159.56135988924024,667.2781901959825
