name,transf,client,payoff,total
val_month_sac_gen_J_m_78,647.0054453741661,1488.30912,159.56135988924024,681.7423147365935
