name,transf,client,payoff,total
test_month_sac_gen_J_m_393,664.5966662914786,1468.334912,149.17516390639216,654.5630818021292
