name,transf,client,payoff,total,sessions
test_6month_sac_gen_4m_68,2921.6160508207813,9929.387430399998,891.2211003728393,6116.550279206378,df_elaad_preproc_l6months.csv
