name,transf,client,payoff,total
val_month_sac_gen_J_g_270,648.864750866685,1488.30912,159.56135988924024,679.8830092440746
