name,transf,client,payoff,total
test_month_sac_gen_J_i_389,736.2297116979557,1468.334912,149.17516390639216,582.9300363956521
