name,transf,client,payoff,total
val_month_sac_gen_J_q_351,642.7158996230306,1488.30912,159.56135988924024,686.0318604877291
