name,transf,client,payoff,total
test_month_sac_gen_I_p_304,757.6540528912607,1468.334912,149.17516390639216,561.5056952023472
