name,transf,client,payoff,total
train_month_sac_gen_J_w_144,1924.7348034329013,4306.918592,422.91102144627405,1959.2727671208245
