name,transf,client,payoff,total
val_month_sac_gen_J_v_455,597.552454426251,1488.30912,155.96206259448996,734.794602979259
