name,transf,client,payoff,total,sessions
test_6month_sac_gen_j_207,2913.43088795886,9929.387430399998,886.8210602299855,6129.135482211153,df_elaad_preproc_l6months.csv
