name,transf,client,payoff,total
val_month_sac_gen_J_h_305,668.789690187438,1488.30912,159.56135988924024,659.9580699233215
