name,transf,client,payoff,total
train_month_sac_gen_J_o_255,2031.9892278610198,4306.918592,422.3108412815719,1852.6185228574086
