name,transf,client,payoff,total,sessions
test_6month_sac_pred_noise_1a_31,3296.0215657821595,9929.387430399998,893.2217503396156,5740.144114278223,df_elaad_preproc_l6months.csv
