name,transf,client,payoff,total
val_month_sac_gen_J_m_423,599.3757083663537,1488.30912,159.56135988924024,729.372051744406
