name,transf,client,payoff,total
val_month_sac_gen_I_z_146,713.8681046237336,1488.30912,159.56135988924024,614.879655487026
