name,transf,client,payoff,total
train_month_sac_c_870,1022.8985654278323,2289.492687923877,157.2012507240518,1109.392871771993
