name,transf,client,payoff,total
train_month_sac_gen_J_x_20,1118.739010295436,1469.5622144,142.094741946743,208.72846215782096
