name,transf,client,payoff,total
test_month_sac_gen_J_c_327,682.4196603513435,1468.334912,149.17516390639216,636.7400877422643
