name,transf,client,payoff,total
val_month_sac_gen_G_a_254,610.9812394310048,1488.30912,155.96206259448996,721.365817974505
