name,transf,client,payoff,total,sessions
test_6month_sac_gen_j_298,3086.5962014350093,9929.387430399998,886.8210602299855,5955.9701687350025,df_elaad_preproc_l6months.csv
