name,transf,client,payoff,total
month_sac_IX_g,1631.397797132687,1469.5622144,136.48130114596552,-298.31688387865256
