name,transf,client,payoff,total,sessions
test_6month_sac_gen_d_231,2724.8340963439978,9929.387430399998,886.8210602299855,6317.732273826015,df_elaad_preproc_l6months.csv
