name,transf,client,payoff,total
train_month_sac_gen_J_x_202,972.0458666316994,1469.5622144,142.094741946743,355.42160582155753
