name,transf,client,payoff,total
test_month_sac_gen_J_r_94,703.7958490343274,1468.334912,149.17516390639216,615.3638990592805
