name,transf,client,payoff,total
test_month_sac_gen_J_w_119,614.7903904591881,1468.334912,148.50825484764397,705.036266693168
