name,transf,client,payoff,total
val_month_sac_gen_I_o_318,694.7770607375526,1488.30912,159.56135988924024,633.970699373207
