name,transf,client,payoff,total
test_month_sac_gen_J_b_55,741.7282436243297,1468.334912,149.17516390639216,577.4315044692781
