name,transf,client,payoff,total
test_month_sac_gen_G_b_195,655.5739313297761,1468.334912,148.64140204911905,664.1195786211049
