name,transf,client,payoff,total
train_month_sac_c_457,1044.8539415426237,2289.492687923877,157.2012507240518,1087.4374956572015
