name,transf,client,payoff,total
val_month_sac_gen_I_y_113,678.6896758928257,1488.30912,159.56135988924024,650.058084217934
