name,transf,client,payoff,total
test_month_sac_gen_I_a_210,708.2738072362903,1468.334912,149.17516390639216,610.8859408573176
