name,transf,client,payoff,total
val_month_sac_gen_J_p_232,639.0278687094893,1488.30912,159.56135988924024,689.7198914012704
