name,transf,client,payoff,total
train_month_sac_gen_G_a_92,639.3731640841951,1488.30912,156.96126534507295,691.9746905707318
