name,transf,client,payoff,total,sessions
test_6month_sac_pred_noise_3a_168,2859.931406128246,9929.387430399998,889.2877424740021,6180.168281797751,df_elaad_preproc_l6months.csv
