name,transf,client,payoff,total
test_month_sac_gen_I_p_324,758.7352778091981,1468.334912,149.17516390639216,560.4244702844097
