name,transf,client,payoff,total,sessions
test_6month_sac_gen_1o_33,3123.818951045239,9929.387430399998,886.8210602299855,5918.747419124773,df_elaad_preproc_l6months.csv
