name,transf,client,payoff,total
val_month_sac_gen_I_j_490,663.8532584258056,1488.30912,159.56135988924024,664.8945016849541
