name,transf,client,payoff,total,sessions
test_6month_sac_gen_j_112,3026.3850330398823,9929.387430399998,886.8210602299855,6016.1813371301305,df_elaad_preproc_l6months.csv
