name,transf,client,payoff,total
test_month_sac_gen_J_j_429,631.7167798110875,1468.334912,149.17516390639216,687.4429682825204
