name,transf,client,payoff,total,sessions
test_6month_sac_gen_1l_221,2772.7826890671736,9929.387430399998,886.8210602299855,6269.783681102839,df_elaad_preproc_l6months.csv
