name,transf,client,payoff,total
train_month_sac_gen_I_v_54,36.94193670039061,4306.918592,416.5772999749627,3853.399355324647
