name,transf,client,payoff,total
test_month_sac_gen_I_r_59,671.1147253608656,1468.334912,149.17516390639216,648.0450227327423
