name,transf,client,payoff,total
train_month_sac_gen_I_x_30,-7414.307661456919,4306.918592,426.77845203652805,11294.447801420392
