name,transf,client,payoff,total,sessions
test_6month_sac_gen_1o_10,3648.978836493604,9929.387430399998,886.8210602299855,5393.587533676409,df_elaad_preproc_l6months.csv
