name,transf,client,payoff,total
train_month_sac_gen_I_b_448,1951.8900262598331,4306.918592,422.3108412815719,1932.717724458595
