name,transf,client,payoff,total
val_month_sac_gen_I_l_218,650.1130526919217,1488.30912,159.56135988924024,678.6347074188379
