name,transf,client,payoff,total
val_month_sac_gen_J_c_238,677.6035159649007,1488.30912,159.56135988924024,651.1442441458589
