name,transf,client,payoff,total
val_month_sac_gen_I_t_230,683.7805854151394,1488.30912,159.56135988924024,644.9671746956203
