name,transf,client,payoff,total
train_month_sac_gen_I_k_336,2008.3990243729863,4306.918592,422.3108412815719,1876.2087263454418
