name,transf,client,payoff,total,sessions
test_6month_sac_gen_i_278,2742.672821165779,9929.387430399998,886.8210602299855,6299.893549004233,df_elaad_preproc_l6months.csv
