name,transf,client,payoff,total,sessions
test_6month_sac_gen_3m_130,2932.1670470547183,9929.387430399998,886.8210602299855,6110.3993231152945,df_elaad_preproc_l6months.csv
