name,transf,client,payoff,total
test_month_sac_gen_J_i_344,735.40713889525,1468.334912,149.17516390639216,583.7526091983578
