name,transf,client,payoff,total
test_month_sac_gen_J_n_122,711.5205109965175,1468.334912,149.17516390639216,607.6392370970904
