name,transf,client,payoff,total,sessions
test_6month_sac_gen_j_153,2991.7365580806054,9929.387430399998,886.8210602299855,6050.829812089407,df_elaad_preproc_l6months.csv
