name,transf,client,payoff,total,sessions
test_6month_sac_gen_2m_127,2942.1285402778813,9929.387430399998,886.8210602299855,6100.437829892131,df_elaad_preproc_l6months.csv
