name,transf,client,payoff,total
train_month_sac_gen_I_g_475,2548.3764785519625,4306.918592,422.3108412815719,1336.2312721664657
