name,transf,client,payoff,total
test_month_sac_gen_I_a_293,697.9094579433099,1468.334912,149.17516390639216,621.2502901502979
