name,transf,client,payoff,total,sessions
test_6month_sac_pred_noise_5b_268,3201.4952127525503,9929.387430399998,881.6875054342313,5846.204712213217,df_elaad_preproc_l6months.csv
