name,transf,client,payoff,total
test_month_sac_gen_f_33,728.1109322136977,1488.30912,159.56135988924024,600.636827897062
