name,transf,client,payoff,total
val_month_sac_gen_I_i_93,668.7113904156813,1488.30912,159.56135988924024,660.0363696950783
