name,transf,client,payoff,total
month_sac_IX_g,1134.5472666701303,1469.5622144,138.14809559132885,196.86685213854076
