name,transf,client,payoff,total
val_month_sac_gen_I_g_181,806.6329873859996,1488.30912,159.56135988924024,522.1147727247601
