name,transf,client,payoff,total
val_month_sac_gen_J_r_191,641.2398709955223,1488.30912,159.56135988924024,687.5078891152373
