name,transf,client,payoff,total
val_month_sac_gen_I_l_60,679.4206632054791,1488.30912,159.56135988924024,649.3270969052805
