name,transf,client,payoff,total
test_month_sac_gen_J_d_249,706.1017859051799,1468.334912,149.17516390639216,613.057962188428
