name,transf,client,payoff,total
train_month_sac_gen_J_q_213,2047.3774248530572,4306.918592,422.3108412815719,1837.230325865371
