name,transf,client,payoff,total
train_month_sac_gen_I_y_478,71.07341732492529,4306.918592,422.4446435168645,3813.4005311582096
