name,transf,client,payoff,total
val_month_sac_gen_I_z_245,697.9731941145612,1488.30912,159.56135988924024,630.7745659961984
