name,transf,client,payoff,total
test_month_sac_gen_J_d_348,708.3173456276436,1468.334912,149.17516390639216,610.8424024659643
