name,transf,client,payoff,total,sessions
test_6month_sac_pred_noise_5c_197,3567.498409245731,9929.387430399998,881.6875054342313,5480.201515720037,df_elaad_preproc_l6months.csv
