name,transf,client,payoff,total
train_month_sac_gen_J_c_447,2024.7725481057892,4306.918592,422.3108412815719,1859.835202612639
