name,transf,client,payoff,total
test_month_sac_gen_I_w_254,660.1565463174052,1468.334912,149.17516390639216,659.0032017762027
