name,transf,client,payoff,total
month_sac_IX_a,1208.4904458317928,1469.5622144,141.34775104317254,119.72401752503453
