name,transf,client,payoff,total
train_month_sac_gen_I_l_363,2017.5513752744016,4306.918592,422.3108412815719,1867.0563754440263
