name,transf,client,payoff,total
train_month_sac_gen_J_r_212,2020.7535312618738,4306.918592,422.3108412815719,1863.8542194565543
