name,transf,client,payoff,total
test_month_sac_gen_I_e_254,631.3133969197784,1468.334912,148.50825484764397,688.5132602325777
