name,transf,client,payoff,total
train_month_sac_gen_I_c_216,2105.1342126361346,4306.918592,422.3108412815719,1779.4735380822935
