name,transf,client,payoff,total
train_month_sac_gen_J_n_187,1884.8620973341604,4306.918592,422.3108412815719,1999.7456533842678
