name,transf,client,payoff,total
month_sac_IX_h,1536.4699033471404,1469.5622144,140.68121128696006,-207.58890023410058
