name,transf,client,payoff,total
test_month_sac_gen_J_y_242,623.1104051946562,1468.334912,148.50825484764397,696.7162519576998
