name,transf,client,payoff,total
train_month_sac_gen_I_o_486,2145.2672589024914,4306.918592,422.3108412815719,1739.3404918159367
