name,transf,client,payoff,total,sessions
test_6month_sac_pred_noise_5a_177,2957.079453912756,9929.387430399998,881.6875054342313,6090.620471053011,df_elaad_preproc_l6months.csv
