name,transf,client,payoff,total,sessions
test_6month_sac_gen_2l_20,3434.157935898237,9929.387430399998,886.8210602299855,5608.408434271776,df_elaad_preproc_l6months.csv
