name,transf,client,payoff,total,sessions
test_6month_sac_gen_e_150,2791.1934500404814,9929.387430399998,886.8210602299855,6251.372920129532,df_elaad_preproc_l6months.csv
