name,transf,client,payoff,total
val_month_sac_gen_J_d_267,653.4633715194586,1488.30912,159.56135988924024,675.284388591301
