name,transf,client,payoff,total
val_month_sac_gen_I_z_378,723.6223987244887,1488.30912,159.56135988924024,605.1253613862709
