name,transf,client,payoff,total
val_month_sac_b_26,2170.0477551146837,2277.450960542104,145.3079860330326,-37.9047806056123
