name,transf,client,payoff,total,sessions
test_6month_sac_gen_e_211,2744.0905011801515,9929.387430399998,886.8210602299855,6298.475868989861,df_elaad_preproc_l6months.csv
