name,transf,client,payoff,total
train_month_sac_gen_I_g_174,2570.164799307002,4306.918592,422.3108412815719,1314.4429514114263
