name,transf,client,payoff,total
train_month_sac_gen_I_a_237,2039.9879081452125,4306.918592,422.3108412815719,1844.6198425732155
