name,transf,client,payoff,total
val_month_sac_gen_J_o_194,654.844331163245,1488.30912,159.56135988924024,673.9034289475146
