name,transf,client,payoff,total,sessions
test_6month_sac_gen_b_165,2931.1813822933727,9929.387430399998,886.8210602299855,6111.38498787664,df_elaad_preproc_l6months.csv
