name,transf,client,payoff,total
test_sac_c_53,7726.956587133134,18301.238246399997,1736.5228628156017,8837.75879645126
