name,transf,client,payoff,total
test_month_sac_gen_I_s_30,704.992690015469,1468.334912,149.17516390639216,614.1670580781389
