name,transf,client,payoff,total,sessions
test_6month_sac_gen_1o_12,3564.0703192670717,9929.387430399998,886.8210602299855,5478.496050902941,df_elaad_preproc_l6months.csv
