name,transf,client,payoff,total
test_month_sac_gen_I_i_309,709.6220028484171,1468.334912,149.17516390639216,609.5377452451908
