name,transf,client,payoff,total
train_month_sac_gen_I_w_296,-7636.106913226124,4306.918592,422.3108412815719,11520.714663944551
