name,transf,client,payoff,total
month_sac_IX_h,1240.88801127837,1469.5622144,137.28109362657534,91.3931094950546
