name,transf,client,payoff,total
val_month_sac_gen_I_u_416,647.424031326212,1488.30912,159.56135988924024,681.3237287845477
