name,transf,client,payoff,total
val_month_sac_gen_J_r_454,629.3730318231551,1488.30912,159.56135988924024,699.3747282876045
