name,transf,client,payoff,total
val_month_sac_gen_I_i_423,653.7257870176446,1488.30912,159.56135988924024,675.0219730931151
