name,transf,client,payoff,total
train_month_sac_gen_J_q_292,2028.4678777100735,4306.918592,422.3108412815719,1856.1398730083547
