name,transf,client,payoff,total
train_month_sac_gen_J_c_378,2038.7431525341403,4306.918592,422.3108412815719,1845.8645981842878
