name,transf,client,payoff,total
val_month_sac_gen_J_r_420,629.6732669457913,1488.30912,159.56135988924024,699.0744931649683
