name,transf,client,payoff,total
train_month_sac_gen_J_o_395,2017.9831117467152,4306.918592,422.3108412815719,1866.624638971713
