name,transf,client,payoff,total
test_month_sac_gen_I_u_124,701.8215674899418,1468.334912,149.17516390639216,617.338180603666
