name,transf,client,payoff,total,sessions
test_6month_sac_gen_1m_137,2984.6397575496794,9929.387430399998,893.2217503396156,6051.525922510703,df_elaad_preproc_l6months.csv
