name,transf,client,payoff,total
train_month_sac_gen_I_n_118,1943.0572439766515,4306.918592,422.3108412815719,1941.5505067417766
