name,transf,client,payoff,total
train_month_sac_gen_I_n_100,1960.7661471112697,4306.918592,422.3108412815719,1923.8416036071585
