name,transf,client,payoff,total
val_month_sac_gen_J_u_175,573.9523507876173,1488.30912,155.96206259448996,758.3947066178926
