name,transf,client,payoff,total
test_month_sac_gen_J_q_379,679.4919092345309,1468.334912,149.17516390639216,639.6678388590769
