name,transf,client,payoff,total
train_month_sac_gen_J_t_35,2207.1916364447916,4306.918592,417.9096673275943,1681.817288227614
