name,transf,client,payoff,total
train_month_sac_gen_J_i_155,2015.7990041483056,4306.918592,422.3108412815719,1868.8087465701228
