name,transf,client,payoff,total,sessions
test_6month_sac_pred_noise_1a_131,2941.435145948086,9929.387430399998,893.2217503396156,6094.7305341122965,df_elaad_preproc_l6months.csv
