name,transf,client,payoff,total
val_month_sac_gen_J_r_398,626.9681989380434,1488.30912,159.56135988924024,701.7795611727163
