name,transf,client,payoff,total,sessions
test_6month_sac_pred_noise_3a_111,3012.8033797980506,9929.387430399998,889.2877424740021,6027.296308127946,df_elaad_preproc_l6months.csv
