name,transf,client,payoff,total
val_month_sac_gen_J_t_338,595.0359616842384,1488.30912,155.96206259448996,737.3110957212716
