name,transf,client,payoff,total
test_month_sac_gen_I_g_81,825.4413118764193,1468.334912,149.17516390639216,493.7184362171886
