name,transf,client,payoff,total
test_month_sac_gen_I_p_310,759.210097784302,1468.334912,149.17516390639216,559.9496503093059
