name,transf,client,payoff,total,sessions
test_6month_sac_pred_noise_1e_23,5367.393757677807,9929.387430399998,893.2217503396156,3668.7719223825757,df_elaad_preproc_l6months.csv
