name,transf,client,payoff,total
train_month_sac_gen_J_k_494,1767.3701574868242,4306.918592,422.3108412815719,2117.237593231604
