name,transf,client,payoff,total
val_month_sac_gen_J_d_195,662.074998249653,1488.30912,159.56135988924024,666.6727618611067
