name,transf,client,payoff,total
test_month_sac_gen_J_q_293,686.5120668754803,1468.334912,149.17516390639216,632.6476812181276
