name,transf,client,payoff,total
test_month_sac_gen_I_e_352,628.2198115052022,1468.334912,148.50825484764397,691.6068456471539
