name,transf,client,payoff,total
test_month_sac_gen_I_m_145,683.3704473103605,1468.334912,149.17516390639216,635.7893007832473
