name,transf,client,payoff,total
test_month_sac_c_556,1018.8545150675943,1469.5622144,135.21440678133106,315.49329255107455
