name,transf,client,payoff,total
val_month_sac_gen_I_i_200,656.7685855974789,1488.30912,159.56135988924024,671.9791745132807
