name,transf,client,payoff,total
test_month_sac_gen_I_z_113,737.2707558364332,1468.334912,149.17516390639216,581.8889922571747
