name,transf,client,payoff,total
val_month_sac_gen_I_j_33,718.4041305494736,1488.30912,159.56135988924024,610.343629561286
