name,transf,client,payoff,total
val_month_sac_gen_I_c_145,663.5516841423431,1488.30912,159.56135988924024,665.1960759684166
