name,transf,client,payoff,total,sessions
test_6month_sac_gen_2m_133,2960.816807529901,9929.387430399998,897.4875555656347,6071.083067304463,df_elaad_preproc_l6months.csv
