name,transf,client,payoff,total,sessions
test_6month_sac_gen_1l_104,2887.2468930927716,9929.387430399998,886.8210602299855,6155.319477077241,df_elaad_preproc_l6months.csv
