name,transf,client,payoff,total
train_month_sac_gen_J_p_244,2008.6298717208633,4306.918592,422.3108412815719,1875.9778789975649
