name,transf,client,payoff,total
val_month_sac_gen_I_y_280,654.4992873379554,1488.30912,159.56135988924024,674.2484727728042
