name,transf,client,payoff,total
train_month_sac_gen_J_d_232,2042.594355374921,4306.918592,422.3108412815719,1842.013395343507
