name,transf,client,payoff,total
train_month_sac_gen_J_d_84,2123.5757591343036,4306.918592,422.3108412815719,1761.0319915841246
