name,transf,client,payoff,total,sessions
test_6month_sac_pred_noise_4a_93,3022.901276456487,9929.387430399998,891.2211003728393,6015.2650535706725,df_elaad_preproc_l6months.csv
