name,transf,client,payoff,total
val_sac_gen_a_3,16268.121042096089,30125.305835959498,1762.9897063291792,12094.19508753423
