name,transf,client,payoff,total
val_sac_c_20,14559.291210980753,30125.305835959498,1762.9897063291792,13803.024918649566
