name,transf,client,payoff,total
train_month_sac_gen_I_u_18,493.6515284064562,4306.918592,422.3108412815719,3390.956222311972
