name,transf,client,payoff,total
test_month_sac_gen_J_u_121,606.0506386228041,1468.334912,148.50825484764397,713.776018529552
