name,transf,client,payoff,total
val_month_sac_gen_I_h_35,677.7713411205285,1488.30912,159.56135988924024,650.9764189902312
