name,transf,client,payoff,total,sessions
test_6month_sac_pred_noise_1d_38,4664.9130420306965,9929.387430399998,893.2217503396156,4371.252638029686,df_elaad_preproc_l6months.csv
