name,transf,client,payoff,total
val_month_sac_gen_J_y_109,662.0005643441477,1488.30912,155.96206259448996,670.3464930613623
