name,transf,client,payoff,total
test_month_sac_gen_a_60,911.335533802056,1488.30912,159.56135988924024,417.4122263087036
