name,transf,client,payoff,total
val_month_sac_gen_J_t_432,588.1685082433042,1488.30912,155.96206259448996,744.1785491622056
