name,transf,client,payoff,total
test_month_sac_gen_I_s_289,672.1781389412852,1468.334912,149.17516390639216,646.9816091523227
