name,transf,client,payoff,total
val_month_sac_gen_I_f_300,659.3550240323636,1488.30912,158.8282254603323,670.125870507304
