name,transf,client,payoff,total
test_month_sac_gen_I_t_37,724.6178225172589,1468.334912,149.17516390639216,594.541925576349
