name,transf,client,payoff,total
val_month_sac_gen_J_s_393,535.3522191759575,1488.30912,155.96206259448996,796.9948382295524
