name,transf,client,payoff,total
test_month_sac_gen_G_b_61,700.6733259403248,1468.334912,148.64140204911905,619.0201840105561
