name,transf,client,payoff,total
train_month_sac_gen_J_j_259,1849.3698731802804,4306.918592,422.3108412815719,2035.2378775381476
