name,transf,client,payoff,total,sessions
test_6month_sac_pred_noise_2c_135,3461.5863017895954,9929.387430399998,897.4875555656347,5570.313573044768,df_elaad_preproc_l6months.csv
