name,transf,client,payoff,total
test_month_sac_gen_J_j_135,654.1216863758025,1468.334912,149.17516390639216,665.0380617178054
