name,transf,client,payoff,total
test_month_sac_gen_J_u_87,611.8001326986579,1468.334912,148.50825484764397,708.0265244536981
