name,transf,client,payoff,total
val_month_sac_gen_J_v_431,596.6150636297416,1488.30912,155.96206259448996,735.7319937757684
