name,transf,client,payoff,total
train_month_sac_gen_J_p_419,1993.3828279071192,4306.918592,422.3108412815719,1891.2249228113087
