name,transf,client,payoff,total
val_month_sac_gen_J_k_396,559.7099157633872,1488.30912,159.56135988924024,769.0378443473724
