name,transf,client,payoff,total
train_month_sac_gen_J_p_145,2032.92445482042,4306.918592,422.3108412815719,1851.6832958980085
