name,transf,client,payoff,total
val_month_sac_gen_J_v_495,598.721451583197,1488.30912,155.96206259448996,733.625605822313
