name,transf,client,payoff,total
train_month_sac_gen_J_i_437,1953.2376021402545,4306.918592,422.3108412815719,1931.370148578174
