name,transf,client,payoff,total
val_month_sac_gen_J_u_219,560.7961082068323,1488.30912,155.96206259448996,771.5509491986777
