name,transf,client,payoff,total
val_month_sac_gen_I_v_95,672.3042212700109,1488.30912,159.56135988924024,656.4435388407487
