name,transf,client,payoff,total,sessions
test_6month_sac_pred_noise_2e_52,5295.3310518765375,9929.387430399998,897.4875555656347,3736.5688229578263,df_elaad_preproc_l6months.csv
