name,transf,client,payoff,total
test_month_sac_gen_I_l_391,690.1072171124761,1468.334912,149.17516390639216,629.0525309811318
