name,transf,client,payoff,total
val_month_sac_gen_I_v_231,654.3732465043528,1488.30912,159.56135988924024,674.3745136064069
