name,transf,client,payoff,total
train_month_sac_gen_J_e_26,2250.993667569832,4306.918592,422.3108412815719,1633.6140831485964
