name,transf,client,payoff,total
train_month_sac_gen_I_r_210,1954.373865274168,4306.918592,422.8436808672951,1929.7010458585369
