name,transf,client,payoff,total
test_month_sac_gen_I_u_280,670.9255346874154,1468.334912,149.17516390639216,648.2342134061925
