name,transf,client,payoff,total
test_month_sac_gen_J_m_265,685.0455500263864,1468.334912,149.17516390639216,634.1141980672214
