name,transf,client,payoff,total
test_month_sac_gen_I_b_300,697.373227876108,1468.334912,149.17516390639216,621.7865202174999
