name,transf,client,payoff,total
train_month_sac_gen_I_m_152,2033.711202401112,4306.918592,422.3108412815719,1850.896548317316
