name,transf,client,payoff,total
train_month_sac_gen_J_q_52,2124.132573525007,4306.918592,422.3108412815719,1760.4751771934211
