name,transf,client,payoff,total
test_month_sac_gen_I_c_351,678.6228642818421,1468.334912,149.17516390639216,640.5368838117657
