name,transf,client,payoff,total
train_month_sac_gen_J_p_57,2133.47472060819,4306.918592,422.3108412815719,1751.133030110238
