name,transf,client,payoff,total
test_month_sac_gen_G_a_188,666.057170451996,1468.334912,148.50825484764397,653.7694867003602
