name,transf,client,payoff,total
val_month_sac_gen_J_i_394,635.5613188525292,1488.30912,159.56135988924024,693.1864412582304
