name,transf,client,payoff,total,sessions
train_month_sac_pred_noise_d_258,682.8409053403238,1349.0472576000002,121.32096526582033,544.8853869938561,df_elaad_preproc_feb.csv
