name,transf,client,payoff,total,sessions
test_6month_sac_pred_noise_4c_179,3596.955108625302,9929.387430399998,891.2211003728393,5441.211221401858,df_elaad_preproc_l6months.csv
