name,transf,client,payoff,total
test_month_sac_gen_e_37,711.0793116323367,1488.30912,159.56135988924024,617.668448478423
