name,transf,client,payoff,total
test_month_sac_gen_J_m_466,668.1854297206073,1468.334912,149.17516390639216,650.9743183730005
