name,transf,client,payoff,total
train_month_sac_gen_I_z_90,422.52612366615045,4306.918592,418.7769702765704,3465.615498057279
