name,transf,client,payoff,total
val_month_sac_gen_J_h_47,700.0197590524522,1488.30912,159.56135988924024,628.7280010583074
