name,transf,client,payoff,total,sessions
test_6month_sac_pred_noise_4d_290,4507.89287822969,9929.387430399998,891.2211003728393,4530.2734517974695,df_elaad_preproc_l6months.csv
