name,transf,client,payoff,total
train_month_sac_gen_I_j_437,2014.8621158363358,4306.918592,422.3108412815719,1869.7456348820924
