name,transf,client,payoff,total
month_sac_IX_a,1270.4895394012665,1469.5622144,138.41502220306302,60.6576527956704
