name,transf,client,payoff,total,sessions
test_6month_sac_gen_4m_88,2875.437370405157,9929.387430399998,891.2211003728393,6162.728959622003,df_elaad_preproc_l6months.csv
