name,transf,client,payoff,total
test_month_sac_gen_J_g_442,682.4730526553194,1468.334912,149.17516390639216,636.6866954382884
