name,transf,client,payoff,total
train_month_sac_gen_I_q_379,2256.4845992442897,4306.918592,422.3108412815719,1628.1231514741385
