name,transf,client,payoff,total
test_month_sac_gen_J_g_284,683.7348704299274,1468.334912,149.17516390639216,635.4248776636805
