name,transf,client,payoff,total
val_month_sac_gen_I_r_345,595.4040643331152,1488.30912,159.56135988924024,733.3436957776444
