name,transf,client,payoff,total,sessions
test_6month_sac_gen_4m_105,2957.6342304943123,9929.387430399998,886.8210602299855,6084.9321396757005,df_elaad_preproc_l6months.csv
