name,transf,client,payoff,total
val_month_sac_gen_J_q_249,656.8874393892502,1488.30912,159.56135988924024,671.8603207215094
