name,transf,client,payoff,total
test_month_sac_gen_I_r_411,640.2460747412624,1468.334912,149.17516390639216,678.9136733523454
