name,transf,client,payoff,total
train_month_sac_gen_J_n_450,1790.4040195548537,4306.918592,422.3108412815719,2094.2037311635745
