name,transf,client,payoff,total
train_month_sac_gen_J_v_491,2030.4093712201707,4306.918592,417.9096673275943,1858.5995534522349
