name,transf,client,payoff,total
test_sac_c_22,7529.960266680189,18301.238246399997,1736.5228628156017,9034.755116904205
