name,transf,client,payoff,total
val_month_sac_gen_J_p_164,650.1146441019691,1488.30912,159.56135988924024,678.6331160087905
