name,transf,client,payoff,total
test_month_sac_gen_I_f_479,732.7863611731515,1468.334912,147.8419170286109,587.7066337982376
