name,transf,client,payoff,total
val_month_sac_gen_J_x_25,753.7762493952266,1488.30912,159.56135988924024,574.971510715533
