name,transf,client,payoff,total
test_month_sac_gen_J_g_146,687.8494143483599,1468.334912,149.17516390639216,631.3103337452479
