name,transf,client,payoff,total
train_month_sac_gen_I_s_457,1590.8697785251638,4306.918592,422.3108412815719,2293.7379721932643
