name,transf,client,payoff,total
val_month_sac_c_870,1831.111614509549,2277.450960542104,145.3079860330326,301.0313599995223
