name,transf,client,payoff,total,sessions
train_month_sac_pred_noise_b_145,548.353610216391,1349.0472576000002,122.52130013206676,678.1723472515425,df_elaad_preproc_feb.csv
