name,transf,client,payoff,total
train_month_sac_gen_e_37,1390.3079595258243,2818.609472,261.7490484163678,1166.5524640578078
