name,transf,client,payoff,total
val_month_sac_gen_J_b_295,642.3506840704408,1488.30912,159.56135988924024,686.3970760403188
