name,transf,client,payoff,total
val_month_sac_gen_J_h_435,656.6743924859582,1488.30912,159.56135988924024,672.0733676248014
