name,transf,client,payoff,total
test_month_sac_gen_I_v_245,685.2494222415644,1468.334912,149.17516390639216,633.9103258520435
