name,transf,client,payoff,total
train_month_sac_gen_I_l_49,2153.212612342957,4306.918592,422.3108412815719,1731.395138375471
