name,transf,client,payoff,total,sessions
test_6month_sac_pred_noise_2d_118,4527.967320501589,9929.387430399998,897.4875555656347,4503.932554332775,df_elaad_preproc_l6months.csv
