name,transf,client,payoff,total
val_month_sac_gen_J_a_445,648.2269909625115,1488.30912,159.56135988924024,680.5207691482481
