name,transf,client,payoff,total
val_month_sac_gen_J_g_100,665.6548295313783,1488.30912,159.56135988924024,663.0929305793813
