name,transf,client,payoff,total
train_month_sac_gen_J_a_54,2159.7483015840166,4306.918592,422.3108412815719,1724.8594491344115
