name,transf,client,payoff,total
train_month_sac_gen_G_a_118,647.1173772710326,1488.30912,159.9615015270334,681.2302412019338
