name,transf,client,payoff,total
val_month_sac_gen_I_b_36,692.3983371677912,1488.30912,159.56135988924024,636.3494229429684
