name,transf,client,payoff,total
test_month_sac_gen_I_z_44,742.523721913109,1468.334912,149.17516390639216,576.6360261804989
