name,transf,client,payoff,total
val_month_sac_gen_J_k_463,556.9131207338062,1488.30912,159.56135988924024,771.8346393769534
