name,transf,client,payoff,total
train_month_sac_gen_J_d_355,2027.9988532872794,4306.918592,422.3108412815719,1856.6088974311488
