name,transf,client,payoff,total
val_month_sac_gen_J_d_492,662.4224502312454,1488.30912,159.56135988924024,666.3253098795142
