name,transf,client,payoff,total
test_month_sac_gen_J_j_349,629.1157980289911,1468.334912,149.17516390639216,690.0439500646168
