name,transf,client,payoff,total
train_month_sac_gen_I_r_279,1923.319223958352,4306.918592,424.7111338078326,1958.8882342338152
