name,transf,client,payoff,total,sessions
test_6month_sac_pred_noise_5d_111,4471.405498275377,9929.387430399998,881.6875054342313,4576.2944266903905,df_elaad_preproc_l6months.csv
