name,transf,client,payoff,total
train_month_sac_gen_I_i_237,2066.4642755046916,4306.918592,422.3108412815719,1818.1434752137366
