name,transf,client,payoff,total
train_month_sac_gen_J_t_386,2018.2167514115367,4306.918592,417.9096673275943,1870.7921732608688
