name,transf,client,payoff,total
test_month_sac_gen_J_b_256,684.8059865725343,1468.334912,149.17516390639216,634.3537615210736
