name,transf,client,payoff,total
test_month_sac_c_999,1017.0054006704854,1469.5622144,135.21440678133106,317.34240694818345
