name,transf,client,payoff,total
train_month_sac_gen_J_c_278,2074.0244914488067,4306.918592,422.3108412815719,1810.5832592696215
