name,transf,client,payoff,total
test_month_sac_gen_I_e_393,630.5234056374921,1468.334912,148.50825484764397,689.3032515148639
