name,transf,client,payoff,total
test_month_sac_gen_J_i_224,756.6753543640741,1468.334912,149.17516390639216,562.4843937295337
