name,transf,client,payoff,total
test_month_sac_gen_J_z_12,893.1326851860113,1468.334912,148.50825484764397,426.6939719663448
