name,transf,client,payoff,total,sessions
test_6month_sac_pred_noise_4b_101,3198.4209510989044,9929.387430399998,891.2211003728393,5839.745378928255,df_elaad_preproc_l6months.csv
