name,transf,client,payoff,total,sessions
test_6month_sac_gen_1o_155,2875.667842110944,9929.387430399998,886.8210602299855,6166.898528059068,df_elaad_preproc_l6months.csv
