name,transf,client,payoff,total,sessions
test_6month_sac_gen_j_68,3062.6343411206403,9929.387430399998,886.8210602299855,5979.932029049372,df_elaad_preproc_l6months.csv
