name,transf,client,payoff,total
test_month_sac_gen_I_l_153,695.6339238959279,1468.334912,149.17516390639216,623.52582419768
