name,transf,client,payoff,total
val_month_sac_gen_I_g_246,820.0416350811546,1488.30912,159.56135988924024,508.70612502960506
