name,transf,client,payoff,total
val_month_sac_gen_G_a_90,637.8213398811272,1488.30912,155.96206259448996,694.5257175243828
