name,transf,client,payoff,total
val_month_sac_gen_G_a_53,641.3010248593489,1488.30912,155.96206259448996,691.0460325461611
