name,transf,client,payoff,total
test_month_sac_gen_I_a_198,704.3134386759515,1468.334912,149.17516390639216,614.8463094176564
