name,transf,client,payoff,total
test_month_sac_gen_I_u_338,674.887062514322,1468.334912,149.17516390639216,644.2726855792858
