name,transf,client,payoff,total
val_month_sac_gen_J_a_307,639.0799981578758,1488.30912,159.56135988924024,689.6677619528839
