name,transf,client,payoff,total,sessions
6month_sac_disagg_1d_PF,4526.126734240041,9929.387430399998,893.2217503396156,4510.038945820342,df_elaad_preproc_l6months.csv
