name,transf,client,payoff,total
test_month_sac_gen_I_p_433,755.3518286530916,1468.334912,149.17516390639216,563.8079194405162
