name,transf,client,payoff,total
train_month_sac_gen_J_d_265,2039.8567970275062,4306.918592,422.3108412815719,1844.750953690922
