name,transf,client,payoff,total
val_month_sac_gen_J_p_197,649.6552957678149,1488.30912,159.56135988924024,679.0924643429448
