name,transf,client,payoff,total
val_month_sac_gen_J_g_290,643.9597030451137,1488.30912,159.56135988924024,684.788057065646
