name,transf,client,payoff,total,sessions
test_6month_sac_gen_2m_14,3724.332160572998,9929.387430399998,897.4875555656347,5307.567714261366,df_elaad_preproc_l6months.csv
