name,transf,client,payoff,total
test_month_sac_gen_J_n_92,720.2294224611885,1468.334912,149.17516390639216,598.9303256324193
