name,transf,client,payoff,total
test_month_sac_gen_I_y_213,676.7290065513372,1468.334912,149.17516390639216,642.4307415422707
