name,transf,client,payoff,total
val_month_sac_gen_J_q_382,643.51135780036,1488.30912,159.56135988924024,685.2364023103996
