name,transf,client,payoff,total
train_month_sac_c_514,1039.130117716693,2289.492687923877,157.2012507240518,1093.1613194831323
