name,transf,client,payoff,total
val_month_sac_gen_I_w_91,700.6492475887006,1488.30912,159.56135988924024,628.0985125220591
