name,transf,client,payoff,total
val_month_sac_gen_J_z_113,661.5805288821765,1488.30912,155.96206259448996,670.7665285233334
