name,transf,client,payoff,total,sessions
test_6month_sac_gen_4l_195,2860.2737612953156,9929.387430399998,886.8210602299855,6182.292608874697,df_elaad_preproc_l6months.csv
