name,transf,client,payoff,total
test_month_sac_gen_J_b_30,762.3739883782948,1468.334912,149.17516390639216,556.785759715313
