name,transf,client,payoff,total,sessions
test_6month_sac_pred_noise_3e_55,5291.9970851524795,9929.387430399998,889.2877424740021,3748.1026027735165,df_elaad_preproc_l6months.csv
