name,transf,client,payoff,total
val_month_sac_gen_I_e_181,609.9975088424377,1488.30912,155.96206259448996,722.3495485630722
