name,transf,client,payoff,total
test_month_sac_gen_J_u_74,618.2661893619618,1468.334912,148.50825484764397,701.5604677903943
