name,transf,client,payoff,total
train_month_sac_c_183,1095.170208199365,2289.492687923877,157.2012507240518,1037.12122900046
