name,transf,client,payoff,total,sessions
test_6month_sac_pred_noise_5a_10,3827.8708085211365,9929.387430399998,881.6875054342313,5219.829116444631,df_elaad_preproc_l6months.csv
