name,transf,client,payoff,total
train_month_sac_gen_I_h_351,2005.0271232806099,4306.918592,422.3108412815719,1879.5806274378183
