name,transf,client,payoff,total
train_month_sac_gen_I_d_42,2115.8749236507365,4306.918592,422.3108412815719,1768.7328270676917
