name,transf,client,payoff,total
test_month_sac_c_835,1013.7901702524919,1469.5622144,135.21440678133106,320.557637366177
