name,transf,client,payoff,total
test_month_sac_gen_I_f_362,732.0418824227571,1468.334912,147.8419170286109,588.451112548632
