name,transf,client,payoff,total
val_month_sac_c_369,1838.2926766146295,2277.450960542104,145.3079860330326,293.8502978944419
