name,transf,client,payoff,total
test_month_sac_gen_I_l_112,707.9563857877896,1468.334912,149.17516390639216,611.2033623058182
