name,transf,client,payoff,total,sessions
test_6month_sac_pred_noise_3e_119,5019.029540303054,9929.387430399998,889.2877424740021,4021.070147622942,df_elaad_preproc_l6months.csv
