name,transf,client,payoff,total
val_month_sac_gen_I_k_122,681.079044476123,1488.30912,159.56135988924024,647.6687156346366
