name,transf,client,payoff,total
test_month_sac_gen_I_h_84,729.4197756683532,1468.334912,149.17516390639216,589.7399724252547
