name,transf,client,payoff,total
test_month_sac_gen_I_f_346,732.0271155238738,1468.334912,147.8419170286109,588.4658794475154
