name,transf,client,payoff,total,sessions
test_6month_sac_pred_noise_1d_178,4430.104248021894,9929.387430399998,893.2217503396156,4606.061432038488,df_elaad_preproc_l6months.csv
