name,transf,client,payoff,total
val_month_sac_gen_J_v_193,613.0304581274831,1488.30912,155.96206259448996,719.3165992780268
