name,transf,client,payoff,total
val_month_sac_gen_I_p_161,714.8287520210172,1488.30912,159.56135988924024,613.9190080897424
