name,transf,client,payoff,total
train_month_sac_gen_I_z_473,316.80698540569756,4306.918592,420.9102109696564,3569.201395624646
