name,transf,client,payoff,total,sessions
test_6month_sac_gen_4m_69,2995.6519536616333,9929.387430399998,886.8210602299855,6046.91441650838,df_elaad_preproc_l6months.csv
