name,transf,client,payoff,total
train_month_sac_gen_J_k_162,1834.2715394760917,4306.918592,422.3108412815719,2050.3362112423365
