name,transf,client,payoff,total
month_sac_IX_h,1191.8623329615814,1469.5622144,137.34824439480028,140.35163704361824
