name,transf,client,payoff,total
test_month_sac_gen_J_f_208,667.4313602504942,1468.334912,149.17516390639216,651.7283878431136
