name,transf,client,payoff,total
train_month_sac_gen_I_b_362,1976.9432070257017,4306.918592,422.3108412815719,1907.6645436927265
