name,transf,client,payoff,total,sessions
test_6month_sac_pred_noise_5e_125,5344.6366431768965,9929.387430399998,881.6875054342313,3703.0632817888704,df_elaad_preproc_l6months.csv
