name,transf,client,payoff,total
test_month_sac_gen_I_i_75,735.5988038070689,1468.334912,149.17516390639216,583.560944286539
