name,transf,client,payoff,total
train_month_sac_gen_J_g_345,2014.732870326997,4306.918592,422.3108412815719,1869.8748803914314
