name,transf,client,payoff,total
val_month_sac_gen_J_e_1,799.9675480707248,1488.30912,159.56135988924024,528.7802120400349
