name,transf,client,payoff,total
test_month_sac_c_341,1049.2517557421413,1469.5622144,135.21440678133106,285.09605187652755
