name,transf,client,payoff,total
test_month_sac_gen_a_54,910.8532720534681,1488.30912,159.56135988924024,417.89448805729154
