name,transf,client,payoff,total
train_month_sac_gen_J_t_329,2022.4998919758073,4306.918592,417.9096673275943,1866.5090326965983
