name,transf,client,payoff,total
test_month_sac_gen_J_f_246,669.0861878148967,1468.334912,149.17516390639216,650.0735602787112
