name,transf,client,payoff,total
val_month_sac_gen_I_i_372,655.7898280787354,1488.30912,159.56135988924024,672.9579320320242
