name,transf,client,payoff,total
test_month_sac_gen_I_a_386,698.4373750950274,1468.334912,149.17516390639216,620.7223729985805
