name,transf,client,payoff,total
test_month_sac_c_130,1108.1971326972784,1469.5622144,135.21440678133106,226.1506749213904
