name,transf,client,payoff,total
val_month_sac_gen_J_j_432,592.7478894154032,1488.30912,159.56135988924024,735.9998706953565
