name,transf,client,payoff,total
test_month_sac_gen_I_j_477,714.6254394835826,1468.334912,149.17516390639216,604.5343086100253
