name,transf,client,payoff,total
train_month_sac_gen_I_p_235,2196.417050420406,4306.918592,422.3108412815719,1688.190700298022
