name,transf,client,payoff,total,sessions
test_6month_sac_pred_noise_1c_205,3514.1089578921355,9929.387430399998,893.2217503396156,5522.056722168247,df_elaad_preproc_l6months.csv
