name,transf,client,payoff,total
val_month_sac_gen_I_x_172,696.6554879523713,1488.30912,159.56135988924024,632.0922721583884
