name,transf,client,payoff,total
month_sac_IX_g,1589.7117800843127,1469.5622144,137.2818496289826,-257.4314153132955
