name,transf,client,payoff,total
test_month_sac_gen_J_q_491,699.3072218849063,1468.334912,149.17516390639216,619.8525262087015
