name,transf,client,payoff,total
train_month_sac_gen_J_n_133,1944.8549331873369,4306.918592,422.3108412815719,1939.7528175310913
