name,transf,client,payoff,total
val_month_sac_gen_I_f_314,657.7824897895341,1488.30912,158.8282254603323,671.6984047501335
