name,transf,client,payoff,total
val_month_sac_gen_I_f_484,650.0577711942185,1488.30912,158.8282254603323,679.4231233454491
