name,transf,client,payoff,total,sessions
test_6month_sac_gen_1n_56,3049.800665187111,9929.387430399998,886.8210602299855,5992.765704982901,df_elaad_preproc_l6months.csv
