name,transf,client,payoff,total,sessions
test_6month_sac_gen_4m_194,3058.6068667972454,9929.387430399998,886.8210602299855,5983.959503372767,df_elaad_preproc_l6months.csv
