name,transf,client,payoff,total
train_month_sac_gen_G_a_214,507.10590550297485,1349.0472576000002,119.85442544127247,722.0869266557529
