name,transf,client,payoff,total
val_month_sac_gen_I_a_83,694.0585851446876,1488.30912,159.56135988924024,634.689174966072
