name,transf,client,payoff,total
train_month_sac_gen_J_b_11,2364.0324205407496,4306.918592,422.3108412815719,1520.5753301776786
