name,transf,client,payoff,total
test_month_sac_gen_J_f_151,671.5400802279715,1468.334912,149.17516390639216,647.6196678656363
