name,transf,client,payoff,total
train_month_sac_gen_J_m_189,1866.7862374464694,4306.918592,422.3108412815719,2017.8215132719588
