name,transf,client,payoff,total
val_month_sac_gen_J_m_276,598.8088438922788,1488.30912,159.56135988924024,729.9389162184809
