name,transf,client,payoff,total,sessions
test_6month_sac_pred_noise_4b_251,3025.8726594368045,9929.387430399998,891.2211003728393,6012.293670590355,df_elaad_preproc_l6months.csv
