name,transf,client,payoff,total
val_month_sac_gen_d_77,865.1282312412959,1349.0472576000002,118.32161810264896,365.59740825605536
