name,transf,client,payoff,total
val_month_sac_gen_e_36,615.5853221585144,1349.0472576000002,118.32161810264896,615.1403173388369
