name,transf,client,payoff,total,sessions
test_6month_sac_gen_2l_66,3149.6532555146778,9929.387430399998,886.8210602299855,5892.913114655335,df_elaad_preproc_l6months.csv
