name,transf,client,payoff,total,sessions
test_6month_sac_gen_e_210,2753.0255730293347,9929.387430399998,886.8210602299855,6289.5407971406785,df_elaad_preproc_l6months.csv
