name,transf,client,payoff,total
test_month_sac_gen_J_p_388,655.4011603805916,1468.334912,149.17516390639216,663.7585877130163
