name,transf,client,payoff,total
val_month_sac_gen_G_a_184,644.1917226787664,1488.30912,155.96206259448996,688.1553347267436
