name,transf,client,payoff,total
test_month_sac_gen_I_j_203,728.5533491696021,1468.334912,149.17516390639216,590.6063989240057
