name,transf,client,payoff,total
train_month_sac_gen_J_z_64,969.9836456442226,1469.5622144,142.82807891531473,356.75048984046254
