name,transf,client,payoff,total,sessions
test_6month_sac_gen_e_71,3054.892110087205,9929.387430399998,886.8210602299855,5987.674260082807,df_elaad_preproc_l6months.csv
