name,transf,client,payoff,total
val_month_sac_gen_J_q_171,661.114638537128,1488.30912,159.56135988924024,667.6331215736316
