name,transf,client,payoff,total
test_month_sac_gen_J_b_242,690.6900729052638,1468.334912,149.17516390639216,628.469675188344
