name,transf,client,payoff,total
val_month_sac_gen_J_k_351,568.6196212216392,1488.30912,159.56135988924024,760.1281388891205
