name,transf,client,payoff,total
test_month_sac_gen_J_c_336,682.2949305563661,1468.334912,149.17516390639216,636.8648175372417
