name,transf,client,payoff,total
train_month_sac_gen_I_n_243,1901.5322396116774,4306.918592,422.3108412815719,1983.075511106751
