name,transf,client,payoff,total,sessions
test_6month_sac_pred_noise_4d_155,4571.878421460813,9929.387430399998,891.2211003728393,4466.287908566346,df_elaad_preproc_l6months.csv
