name,transf,client,payoff,total,sessions
test_6month_sac_gen_3m_133,2898.7590334296056,9929.387430399998,889.2877424740021,6141.340654496391,df_elaad_preproc_l6months.csv
