name,transf,client,payoff,total
train_month_sac_gen_J_e_39,2242.338143686376,4306.918592,422.3108412815719,1642.2696070320521
