name,transf,client,payoff,total
val_month_sac_gen_J_v_236,608.9043876387232,1488.30912,155.96206259448996,723.4426697667868
