name,transf,client,payoff,total,sessions
test_6month_sac_gen_3m_8,3915.946760363997,9929.387430399998,886.8210602299855,5126.619609806015,df_elaad_preproc_l6months.csv
