name,transf,client,payoff,total
val_month_sac_gen_J_f_209,643.8765161207631,1488.30912,159.56135988924024,684.8712439899966
