name,transf,client,payoff,total
val_month_sac_gen_J_a_149,654.6417810906305,1488.30912,159.56135988924024,674.1059790201291
