name,transf,client,payoff,total
month_sac_IX_j,1039.9029383909497,1469.5622144,135.88151020516582,293.77776580388445
