name,transf,client,payoff,total,sessions
test_6month_sac_gen_1l_86,2942.509390811162,9929.387430399998,886.8210602299855,6100.056979358851,df_elaad_preproc_l6months.csv
