name,transf,client,payoff,total
val_month_sac_gen_I_f_159,671.7816877554228,1488.30912,158.8282254603323,657.6992067842448
