name,transf,client,payoff,total,sessions
test_6month_sac_gen_1m_54,3232.826535604998,9929.387430399998,893.2217503396156,5803.3391444553845,df_elaad_preproc_l6months.csv
