name,transf,client,payoff,total
val_month_sac_gen_I_w_194,672.8491261703564,1488.30912,159.56135988924024,655.8986339404032
