name,transf,client,payoff,total
val_month_sac_gen_I_m_478,630.4180401919168,1488.30912,159.56135988924024,698.3297199188428
