name,transf,client,payoff,total
test_month_sac_gen_I_m_486,685.5315147117261,1468.334912,149.17516390639216,633.6282333818817
