name,transf,client,payoff,total
train_month_sac_c_54,1210.7681861290762,2289.492687923877,157.2012507240518,921.523251070749
