name,transf,client,payoff,total
train_month_sac_gen_I_y_421,-102.92859459343589,4306.918592,421.5105726564419,3988.336613936994
