name,transf,client,payoff,total,sessions
test_6month_sac_pred_noise_4b_146,3213.403887503562,9929.387430399998,891.2211003728393,5824.762442523597,df_elaad_preproc_l6months.csv
