name,transf,client,payoff,total,sessions
test_6month_sac_gen_k_77,3073.575980682209,9929.387430399998,886.8210602299855,5968.990389487804,df_elaad_preproc_l6months.csv
