name,transf,client,payoff,total,sessions
test_6month_sac_gen_2n_158,2903.562337360612,9929.387430399998,886.8210602299855,6139.0040328094,df_elaad_preproc_l6months.csv
