name,transf,client,payoff,total
test_month_sac_gen_J_p_413,658.3362700498983,1468.334912,149.17516390639216,660.8234780437095
