name,transf,client,payoff,total,sessions
test_6month_sac_gen_f_82,3023.9390117707344,9929.387430399998,886.8210602299855,6018.627358399279,df_elaad_preproc_l6months.csv
