name,transf,client,payoff,total
test_month_sac_gen_I_r_216,641.4519871462446,1468.334912,149.17516390639216,677.7077609473632
