name,transf,client,payoff,total,sessions
test_6month_sac_pred_noise_1a_82,3084.501634867923,9929.387430399998,893.2217503396156,5951.6640451924595,df_elaad_preproc_l6months.csv
