name,transf,client,payoff,total
val_month_sac_gen_J_o_471,650.4461110992268,1488.30912,159.56135988924024,678.3016490115328
