name,transf,client,payoff,total
test_month_sac_gen_J_o_54,729.725397204701,1468.334912,149.17516390639216,589.4343508889068
