name,transf,client,payoff,total
train_month_sac_gen_I_t_171,1810.5070297681723,4306.918592,426.9106693943604,2069.5008928374673
