name,transf,client,payoff,total,sessions
test_6month_sac_gen_4l_99,2989.5665385126995,9929.387430399998,886.8210602299855,6052.999831657313,df_elaad_preproc_l6months.csv
