name,transf,client,payoff,total
train_month_sac_gen_I_c_3,2434.8723380863394,4306.918592,422.3108412815719,1449.7354126320888
