name,transf,client,payoff,total
val_month_sac_gen_J_l_358,589.6734957820664,1488.30912,159.56135988924024,739.0742643286933
