name,transf,client,payoff,total
test_month_sac_gen_I_q_307,771.2674866362194,1468.334912,149.17516390639216,547.8922614573885
