name,transf,client,payoff,total
train_month_sac_gen_G_a_184,640.8253399403317,1488.30912,162.42861178950443,685.0551682701638
