name,transf,client,payoff,total
train_month_sac_gen_I_j_449,2016.9112172790892,4306.918592,422.3108412815719,1867.696533439339
