name,transf,client,payoff,total
val_month_sac_gen_J_z_110,656.5303385841045,1488.30912,155.96206259448996,675.8167188214054
