name,transf,client,payoff,total
test_month_sac_gen_I_a_161,706.7435318339169,1468.334912,149.17516390639216,612.4162162596909
