name,transf,client,payoff,total
test_month_sac_gen_I_q_201,770.1989215820372,1468.334912,149.17516390639216,548.9608265115706
