name,transf,client,payoff,total
val_month_sac_gen_J_d_349,651.8578588808405,1488.30912,159.56135988924024,676.8899012299191
