name,transf,client,payoff,total
test_month_sac_gen_I_s_402,666.8687134759385,1468.334912,149.17516390639216,652.2910346176693
