name,transf,client,payoff,total
test_month_sac_gen_I_m_167,676.6347133377426,1468.334912,149.17516390639216,642.5250347558652
