name,transf,client,payoff,total
test_month_sac_gen_J_a_44,733.032685046545,1468.334912,149.17516390639216,586.1270630470628
