name,transf,client,payoff,total
test_month_sac_gen_J_u_184,617.2004242452791,1468.334912,148.50825484764397,702.6262329070769
