name,transf,client,payoff,total
val_month_sac_gen_J_x_275,678.7916246147099,1488.30912,159.56135988924024,649.9561354960497
