name,transf,client,payoff,total
train_month_sac_gen_I_h_101,2061.4780630297187,4306.918592,422.3108412815719,1823.1296876887095
