name,transf,client,payoff,total
train_month_sac_gen_I_j_69,2193.7584457190637,4306.918592,422.3108412815719,1690.8493049993644
