name,transf,client,payoff,total
val_month_sac_gen_I_i_12,721.0341166088109,1488.30912,159.56135988924024,607.7136435019488
