name,transf,client,payoff,total
test_month_sac_gen_J_m_157,681.019692255745,1468.334912,149.17516390639216,638.1400558378629
