name,transf,client,payoff,total
test_month_sac_gen_J_q_408,681.3635564566712,1468.334912,149.17516390639216,637.7961916369367
