name,transf,client,payoff,total
test_month_sac_gen_I_k_169,718.8323362779377,1468.334912,149.17516390639216,600.3274118156702
