name,transf,client,payoff,total
test_month_sac_gen_J_i_405,734.6927788913508,1468.334912,149.17516390639216,584.466969202257
