name,transf,client,payoff,total,sessions
test_6month_sac_gen_5m_97,2962.5560367791113,9929.387430399998,886.8210602299855,6080.010333390901,df_elaad_preproc_l6months.csv
