name,transf,client,payoff,total
test_month_sac_gen_I_k_413,679.6239712002761,1468.334912,149.17516390639216,639.5357768933318
