name,transf,client,payoff,total
train_month_sac_gen_I_s_294,1619.9570917016079,4306.918592,422.3108412815719,2264.65065901682
