name,transf,client,payoff,total
val_month_sac_gen_I_c_361,642.4386195298025,1488.30912,159.56135988924024,686.3091405809571
