name,transf,client,payoff,total,sessions
test_6month_sac_gen_c_28,3389.959378512969,9929.387430399998,886.8210602299855,5652.606991657043,df_elaad_preproc_l6months.csv
