name,transf,client,payoff,total
test_month_sac_gen_J_o_416,681.4237128323766,1468.334912,149.17516390639216,637.7360352612312
