name,transf,client,payoff,total
test_month_sac_gen_I_f_269,744.0961972061182,1468.334912,147.8419170286109,576.396797765271
