name,transf,client,payoff,total
test_month_sac_gen_I_o_286,728.8003713996923,1468.334912,149.17516390639216,590.3593766939156
