name,transf,client,payoff,total
test_month_sac_gen_J_p_202,656.6069659842021,1468.334912,149.17516390639216,662.5527821094057
