name,transf,client,payoff,total,sessions
test_6month_sac_pred_noise_2d_37,4430.7364507956045,9929.387430399998,897.4875555656347,4601.163424038759,df_elaad_preproc_l6months.csv
