name,transf,client,payoff,total
train_month_sac_gen_J_k_92,1894.18066094008,4306.918592,422.3108412815719,1990.427089778348
