name,transf,client,payoff,total
train_month_sac_gen_I_j_73,2188.1574045029884,4306.918592,422.3108412815719,1696.4503462154398
