name,transf,client,payoff,total
train_month_sac_gen_I_x_307,-7447.454343829951,4306.918592,419.64414295604405,11334.728792873906
