name,transf,client,payoff,total
train_month_sac_gen_I_a_191,2048.017230647809,4306.918592,422.3108412815719,1836.5905200706193
