name,transf,client,payoff,total
val_month_sac_gen_I_c_167,658.7153596391502,1488.30912,159.56135988924024,670.0324004716094
