name,transf,client,payoff,total
val_month_sac_gen_I_g_224,818.1329058900844,1488.30912,159.56135988924024,510.6148542206752
