name,transf,client,payoff,total
train_month_sac_gen_I_g_137,2425.482049980731,4306.918592,422.3108412815719,1459.1257007376971
