name,transf,client,payoff,total
val_month_sac_gen_I_t_52,737.9459097467216,1488.30912,159.56135988924024,590.801850364038
