name,transf,client,payoff,total
test_month_sac_gen_I_c_23,730.126983039373,1468.334912,149.17516390639216,589.0327650542348
