name,transf,client,payoff,total
val_month_sac_gen_J_s_107,591.4458183449194,1488.30912,155.96206259448996,740.9012390605906
