name,transf,client,payoff,total
test_month_sac_gen_J_e_289,683.8251122132529,1468.334912,149.17516390639216,635.334635880355
