name,transf,client,payoff,total,sessions
test_6month_sac_gen_1o_93,3037.1080077042943,9929.387430399998,886.8210602299855,6005.458362465719,df_elaad_preproc_l6months.csv
