name,transf,client,payoff,total
test_month_sac_gen_J_e_242,686.2273330739473,1468.334912,149.17516390639216,632.9324150196605
