name,transf,client,payoff,total
val_month_sac_gen_I_v_116,657.4412560929849,1488.30912,159.56135988924024,671.3065040177748
