name,transf,client,payoff,total,sessions
test_6month_sac_gen_1o_127,2922.0889780794164,9929.387430399998,886.8210602299855,6120.4773920905955,df_elaad_preproc_l6months.csv
