name,transf,client,payoff,total,sessions
test_6month_sac_gen_2m_58,3177.5429665404204,9929.387430399998,886.8210602299855,5865.0234036295915,df_elaad_preproc_l6months.csv
