name,transf,client,payoff,total,sessions
test_6month_sac_pred_noise_4c_146,3520.963391213877,9929.387430399998,891.2211003728393,5517.202938813282,df_elaad_preproc_l6months.csv
