name,transf,client,payoff,total
val_month_sac_gen_I_i_72,672.691538077783,1488.30912,159.56135988924024,656.0562220329766
