name,transf,client,payoff,total
val_month_sac_gen_I_e_98,636.6980217905638,1488.30912,155.96206259448996,695.6490356149461
