name,transf,client,payoff,total
train_month_sac_gen_I_s_141,1693.2746350876137,4306.918592,422.3108412815719,2191.3331156308145
