name,transf,client,payoff,total
test_month_sac_gen_J_n_14,912.0322683010882,1468.334912,149.17516390639216,407.1274797925197
