name,transf,client,payoff,total
train_month_sac_gen_I_w_290,-7614.982676958385,4306.918592,422.3108412815719,11499.590427676812
