name,transf,client,payoff,total,sessions
test_6month_sac_pred_noise_5a_20,3429.4388913179887,9929.387430399998,881.6875054342313,5618.261033647779,df_elaad_preproc_l6months.csv
