name,transf,client,payoff,total
val_month_sac_gen_J_g_33,697.9371278669369,1488.30912,159.56135988924024,630.8106322438227
