name,transf,client,payoff,total
train_month_sac_gen_J_p_19,2203.195654236644,4306.918592,422.3108412815719,1681.4120964817844
