name,transf,client,payoff,total
train_month_sac_gen_I_q_470,2260.7382675501685,4306.918592,422.3108412815719,1623.8694831682596
