name,transf,client,payoff,total
train_month_sac_gen_I_v_81,443.97604912824704,4306.918592,430.5772676482046,3432.3652752235485
