name,transf,client,payoff,total
train_month_sac_gen_J_a_391,1989.3873954666333,4306.918592,422.3108412815719,1895.220355251795
