name,transf,client,payoff,total
val_month_sac_gen_I_q_4,827.3562952194526,1488.30912,159.56135988924024,501.39146489130707
