name,transf,client,payoff,total
test_month_sac_gen_J_n_10,909.4125011429201,1468.334912,149.17516390639216,409.7472469506878
