name,transf,client,payoff,total
test_month_sac_c_42,1188.9704236904772,1469.5622144,135.21440678133106,145.37738392819162
