name,transf,client,payoff,total
month_sac_IX_e,891.5551602903342,1469.5622144,138.681164716446,439.32588939321965
