name,transf,client,payoff,total
test_month_sac_c_31,1735.674360023054,2289.492687923877,157.2012507240518,396.6170771767711
