name,transf,client,payoff,total
test_month_sac_gen_J_j_483,641.6875800553302,1468.334912,149.17516390639216,677.4721680382777
