name,transf,client,payoff,total
test_month_sac_gen_J_g_381,677.8455934625313,1468.334912,149.17516390639216,641.3141546310766
