name,transf,client,payoff,total
test_month_sac_gen_J_n_327,667.3938925446962,1468.334912,149.17516390639216,651.7658555489116
