name,transf,client,payoff,total
val_month_sac_gen_J_l_496,588.0418470548191,1488.30912,159.56135988924024,740.7059130559405
