name,transf,client,payoff,total
val_month_sac_gen_I_z_98,699.2441959219427,1488.30912,159.56135988924024,629.5035641888169
