name,transf,client,payoff,total
test_month_sac_gen_J_f_68,682.8829329637675,1468.334912,149.17516390639216,636.2768151298403
