name,transf,client,payoff,total
train_month_sac_gen_I_v_127,4.598631193714027,4306.918592,424.5104451864129,3877.8095156198733
