name,transf,client,payoff,total
test_month_sac_gen_J_q_398,679.277346923054,1468.334912,149.17516390639216,639.8824011705539
