name,transf,client,payoff,total
val_month_sac_gen_J_l_401,585.7021775682315,1488.30912,159.56135988924024,743.0455825425281
