name,transf,client,payoff,total
val_month_sac_gen_J_e_286,651.1771289642064,1488.30912,159.56135988924024,677.5706311465533
