name,transf,client,payoff,total,sessions
test_6month_sac_pred_noise_1a_176,2924.3422012579545,9929.387430399998,893.2217503396156,6111.823478802428,df_elaad_preproc_l6months.csv
