name,transf,client,payoff,total,sessions
test_6month_sac_gen_b_115,2948.8646164651436,9929.387430399998,886.8210602299855,6093.701753704869,df_elaad_preproc_l6months.csv
