name,transf,client,payoff,total
test_month_sac_gen_J_m_474,661.9401704116437,1468.334912,149.17516390639216,657.2195776819641
