name,transf,client,payoff,total
train_month_sac_gen_b_84,834.8873076828767,1469.5622144,142.094741946743,492.58016477038024
