name,transf,client,payoff,total,sessions
test_6month_sac_gen_3m_32,3292.898231126038,9929.387430399998,889.2877424740021,5747.201456799959,df_elaad_preproc_l6months.csv
