name,transf,client,payoff,total
test_month_sac_gen_J_i_183,751.8316886511484,1468.334912,149.17516390639216,567.3280594424594
