name,transf,client,payoff,total,sessions
test_6month_sac_pred_noise_5c_94,3615.2275446215635,9929.387430399998,881.6875054342313,5432.472380344203,df_elaad_preproc_l6months.csv
