name,transf,client,payoff,total
val_month_sac_gen_I_q_56,779.5811649814427,1488.30912,159.56135988924024,549.1665951293169
