name,transf,client,payoff,total,sessions
test_6month_sac_pred_noise_2c_163,3471.5223789533543,9929.387430399998,897.4875555656347,5560.37749588101,df_elaad_preproc_l6months.csv
