name,transf,client,payoff,total
train_month_sac_b_32,1544.1177199371427,2289.492687923877,157.2012507240518,588.1737172626824
