name,transf,client,payoff,total
test_month_sac_gen_J_o_224,692.1068199886345,1468.334912,149.17516390639216,627.0529281049734
