name,transf,client,payoff,total
train_month_sac_gen_J_v_367,2034.2698258773744,4306.918592,417.9096673275943,1854.7390987950312
