name,transf,client,payoff,total
train_month_sac_gen_J_q_218,2053.999087364419,4306.918592,422.3108412815719,1830.608663354009
