name,transf,client,payoff,total
test_month_sac_gen_J_d_285,704.109596047404,1468.334912,149.17516390639216,615.0501520462038
