name,transf,client,payoff,total
test_month_sac_gen_J_s_264,579.7165640080684,1468.334912,148.50825484764397,740.1100931442877
