name,transf,client,payoff,total
train_month_sac_gen_J_a_383,1980.854203168239,4306.918592,422.3108412815719,1903.753547550189
