name,transf,client,payoff,total,sessions
test_6month_sac_pred_noise_4a_213,2885.8111010754124,9929.387430399998,891.2211003728393,6152.3552289517465,df_elaad_preproc_l6months.csv
