name,transf,client,payoff,total
train_month_sac_gen_J_i_499,1970.4898712195788,4306.918592,422.3108412815719,1914.117879498849
