name,transf,client,payoff,total
test_month_sac_gen_I_z_298,725.2022804830406,1468.334912,149.17516390639216,593.9574676105673
