name,transf,client,payoff,total,sessions
test_6month_sac_pred_noise_1c_270,3504.6523010733804,9929.387430399998,893.2217503396156,5531.513378987002,df_elaad_preproc_l6months.csv
