name,transf,client,payoff,total
val_month_sac_gen_J_g_343,638.1688502375234,1488.30912,159.56135988924024,690.5789098732362
