name,transf,client,payoff,total
train_month_sac_gen_I_f_227,2095.989642338694,4306.918592,421.11038371791597,1789.81856594339
