name,transf,client,payoff,total
train_month_sac_gen_I_f_166,2115.4727918399117,4306.918592,421.11038371791597,1770.3354164421723
