name,transf,client,payoff,total,sessions
test_6month_sac_pred_noise_5a_109,2871.336249437916,9929.387430399998,881.6875054342313,6176.363675527851,df_elaad_preproc_l6months.csv
