name,transf,client,payoff,total,sessions
test_6month_sac_gen_4m_77,3001.683239588212,9929.387430399998,891.2211003728393,6036.483090438947,df_elaad_preproc_l6months.csv
