name,transf,client,payoff,total
test_month_sac_gen_a_17,888.8036046406468,1488.30912,159.56135988924024,439.9441554701129
