name,transf,client,payoff,total
val_month_sac_gen_I_k_90,688.8178034721075,1488.30912,159.56135988924024,639.9299566386521
