name,transf,client,payoff,total,sessions
train_6month_sac_gen_4m_175,3258.0098880601345,8371.850816,845.4359166973483,4268.4050112425175,df_elaad_preproc_f6months.csv
