name,transf,client,payoff,total
val_month_sac_c_769,1837.7573632645415,2277.450960542104,145.3079860330326,294.3856112445299
