name,transf,client,payoff,total
val_month_sac_gen_J_i_160,649.1811996511192,1488.30912,159.56135988924024,679.5665604596404
