name,transf,client,payoff,total
train_month_sac_gen_J_v_177,2098.1219316588113,4306.918592,417.9096673275943,1790.8869930135943
