name,transf,client,payoff,total
test_month_sac_gen_I_y_138,692.7963941627925,1468.334912,149.17516390639216,626.3633539308154
