name,transf,client,payoff,total,sessions
test_6month_sac_pred_noise_1b_130,3106.5271076484337,9929.387430399998,893.2217503396156,5929.638572411949,df_elaad_preproc_l6months.csv
