name,transf,client,payoff,total
test_month_sac_gen_I_r_265,634.6063004840829,1468.334912,149.17516390639216,684.5534476095249
