name,transf,client,payoff,total
val_month_sac_gen_I_y_178,667.0874127341369,1488.30912,159.56135988924024,661.6603473766227
