name,transf,client,payoff,total
test_month_sac_gen_I_g_304,840.6860388773781,1468.334912,149.17516390639216,478.47370921622974
