name,transf,client,payoff,total
train_sac_c_97,67382.46192844184,149467.68812980913,8931.975524612415,73153.25067675488
