name,transf,client,payoff,total
train_month_sac_gen_J_z_210,875.2431955168894,1469.5622144,142.09526347044945,452.22375541266103
