name,transf,client,payoff,total
test_month_sac_gen_G_a_126,672.8584010985508,1468.334912,148.50825484764397,646.9682560538054
