name,transf,client,payoff,total
val_month_sac_gen_I_n_321,602.1473601127152,1488.30912,159.56135988924024,726.6003999980444
