name,transf,client,payoff,total,sessions
test_6month_sac_pred_noise_2b_141,3012.762138126268,9929.387430399998,897.4875555656347,6019.137736708096,df_elaad_preproc_l6months.csv
