name,transf,client,payoff,total
val_month_sac_gen_J_l_2,780.9773529309541,1488.30912,159.56135988924024,547.7704071798055
