name,transf,client,payoff,total
val_month_sac_gen_J_i_228,642.1186854647015,1488.30912,159.56135988924024,686.6290746460581
