name,transf,client,payoff,total
test_month_sac_gen_J_w_259,594.2422102321259,1468.334912,148.50825484764397,725.5844469202302
