name,transf,client,payoff,total,sessions
test_6month_sac_pred_noise_3b_216,3036.436618964054,9929.387430399998,889.2877424740021,6003.663068961942,df_elaad_preproc_l6months.csv
