name,transf,client,payoff,total
test_month_sac_gen_I_g_289,845.4316571863003,1468.334912,149.17516390639216,473.72809090730755
