name,transf,client,payoff,total
test_month_sac_gen_J_o_160,693.2878647801351,1468.334912,149.17516390639216,625.8718833134727
