name,transf,client,payoff,total
train_month_sac_gen_I_r_112,1997.8981828536112,4306.918592,418.1773480201892,1890.8430611261997
