name,transf,client,payoff,total
test_month_sac_gen_I_v_429,687.1221859545335,1468.334912,149.17516390639216,632.0375621390743
