name,transf,client,payoff,total
train_month_sac_gen_I_e_140,2085.324612755642,4306.918592,417.9096673275943,1803.6843119167634
