name,transf,client,payoff,total
train_month_sac_gen_J_o_224,2030.4278613114948,4306.918592,422.3108412815719,1854.1798894069334
