name,transf,client,payoff,total
test_month_sac_gen_J_h_330,731.3665736719817,1468.334912,149.17516390639216,587.7931744216262
