name,transf,client,payoff,total,sessions
test_6month_sac_pred_noise_3e_187,5341.070695440798,9929.387430399998,889.2877424740021,3699.028992485198,df_elaad_preproc_l6months.csv
