name,transf,client,payoff,total
val_month_sac_gen_I_k_46,731.4662336015214,1488.30912,159.56135988924024,597.2815265092383
