name,transf,client,payoff,total
val_month_sac_gen_J_k_192,583.9021905132248,1488.30912,159.56135988924024,744.8455695975349
