name,transf,client,payoff,total
train_month_sac_gen_I_o_283,2129.43264402575,4306.918592,422.3108412815719,1755.1751066926781
