name,transf,client,payoff,total
train_month_sac_gen_J_n_124,1972.2822844082089,4306.918592,422.3108412815719,1912.3254663102193
