name,transf,client,payoff,total
test_month_sac_gen_I_n_64,663.9021071113316,1468.334912,149.17516390639216,655.2576409822763
