name,transf,client,payoff,total
train_month_sac_gen_J_v_151,2116.4637970512154,4306.918592,417.9096673275943,1772.5451276211902
