name,transf,client,payoff,total
train_month_sac_c_794,1028.7395743921652,2289.492687923877,157.2012507240518,1103.55186280766
