name,transf,client,payoff,total
test_month_sac_gen_I_k_61,730.0175922196822,1468.334912,149.17516390639216,589.1421558739256
