name,transf,client,payoff,total
val_month_sac_gen_I_m_147,647.9157257389829,1488.30912,159.56135988924024,680.8320343717767
