name,transf,client,payoff,total
train_month_sac_gen_I_i_143,2084.061833511809,4306.918592,422.3108412815719,1800.5459172066194
