name,transf,client,payoff,total
test_month_sac_gen_J_c_269,689.3751646668193,1468.334912,149.17516390639216,629.7845834267886
