name,transf,client,payoff,total
train_month_sac_gen_J_z_44,1003.5835658177824,1469.5622144,141.36097158005137,324.61767700216615
