name,transf,client,payoff,total
val_month_sac_gen_J_i_309,638.2433561392598,1488.30912,159.56135988924024,690.5044039714999
