name,transf,client,payoff,total
test_month_sac_gen_J_o_65,714.8330417555452,1468.334912,149.17516390639216,604.3267063380626
