name,transf,client,payoff,total
val_month_sac_gen_I_r_99,626.107257027177,1488.30912,159.56135988924024,702.6405030835826
