name,transf,client,payoff,total,sessions
test_6month_sac_gen_3m_143,2908.23280583762,9929.387430399998,886.8210602299855,6134.333564332392,df_elaad_preproc_l6months.csv
