name,transf,client,payoff,total,sessions
test_6month_sac_pred_noise_3c_48,3671.2278597355044,9929.387430399998,889.2877424740021,5368.871828190492,df_elaad_preproc_l6months.csv
