name,transf,client,payoff,total
val_month_sac_gen_J_b_365,639.7328313427549,1488.30912,159.56135988924024,689.0149287680047
