name,transf,client,payoff,total,sessions
6month_sac_disagg_a,5373.112945653962,9929.387430399998,888.0215332694306,3668.2529514766056,df_elaad_preproc_l6months.csv
