name,transf,client,payoff,total
test_month_sac_gen_I_s_327,668.3763150848804,1468.334912,149.17516390639216,650.7834330087275
