name,transf,client,payoff,total
train_month_sac_gen_I_t_279,1804.1738601693237,4306.918592,420.44468831254574,2082.3000435181307
