name,transf,client,payoff,total,sessions
test_6month_sac_pred_noise_2a_30,3349.1650547678364,9929.387430399998,897.4875555656347,5682.734820066527,df_elaad_preproc_l6months.csv
