name,transf,client,payoff,total
train_month_sac_gen_I_h_272,2019.547781590366,4306.918592,422.3108412815719,1865.0599691280622
