name,transf,client,payoff,total
train_month_sac_gen_J_w_146,1916.7969884124266,4306.918592,419.24371043015213,1970.877893157421
