name,transf,client,payoff,total
val_month_sac_gen_I_y_126,682.9969902704418,1488.30912,159.56135988924024,645.7507698403178
