name,transf,client,payoff,total
test_month_sac_gen_J_k_467,619.485785140286,1468.334912,149.17516390639216,699.6739629533218
