name,transf,client,payoff,total
val_month_sac_c_642,1831.629760743997,2277.450960542104,145.3079860330326,300.51321376507445
