name,transf,client,payoff,total,sessions
test_6month_sac_gen_3m_0,6344.805816584348,9929.387430399998,886.8210602299855,2697.760553585665,df_elaad_preproc_l6months.csv
