name,transf,client,payoff,total
val_month_sac_gen_I_y_296,659.3318103468231,1488.30912,159.56135988924024,669.4159497639366
