name,transf,client,payoff,total,sessions
test_6month_sac_pred_noise_3e_174,5063.790913416775,9929.387430399998,889.2877424740021,3976.308774509221,df_elaad_preproc_l6months.csv
