name,transf,client,payoff,total
val_month_sac_gen_J_v_331,601.9953314055863,1488.30912,155.96206259448996,730.3517259999237
