name,transf,client,payoff,total
train_month_sac_gen_J_h_219,2066.2595025637274,4306.918592,422.3108412815719,1818.3482481547007
