name,transf,client,payoff,total
test_month_sac_gen_I_p_285,762.8495556676964,1468.334912,149.17516390639216,556.3101924259114
