name,transf,client,payoff,total
val_month_sac_c_358,1829.6987474754933,2277.450960542104,145.3079860330326,302.4442270335781
