name,transf,client,payoff,total
train_month_sac_gen_I_r_173,1975.9292677164965,4306.918592,425.7112165772945,1905.2781077062086
