name,transf,client,payoff,total
test_month_sac_gen_J_m_135,675.3400626756284,1468.334912,149.17516390639216,643.8196854179795
