name,transf,client,payoff,total
val_month_sac_gen_I_y_326,656.1832316858042,1488.30912,159.56135988924024,672.5645284249554
