name,transf,client,payoff,total,sessions
test_6month_sac_pred_noise_3a_151,2845.0482003885845,9929.387430399998,889.2877424740021,6195.051487537412,df_elaad_preproc_l6months.csv
