name,transf,client,payoff,total
val_month_sac_gen_I_x_274,707.0758692903366,1488.30912,159.56135988924024,621.671890820423
