name,transf,client,payoff,total
test_month_sac_gen_I_j_398,712.9877689534649,1468.334912,149.17516390639216,606.171979140143
