name,transf,client,payoff,total
train_month_sac_gen_I_v_232,-54.751513287304505,4306.918592,419.97719204780174,3941.6929132395026
