name,transf,client,payoff,total
val_month_sac_gen_I_c_160,658.2987386991698,1488.30912,159.56135988924024,670.4490214115899
