name,transf,client,payoff,total
train_month_sac_gen_J_j_422,1832.2121659316758,4306.918592,422.3108412815719,2052.3955847867524
