name,transf,client,payoff,total,sessions
test_6month_sac_gen_i_193,2744.3729112750852,9929.387430399998,886.8210602299855,6298.193458894928,df_elaad_preproc_l6months.csv
