name,transf,client,payoff,total
val_month_sac_gen_J_q_150,660.4246133494822,1488.30912,159.56135988924024,668.3231467612775
