name,transf,client,payoff,total
test_month_sac_c_705,1013.5160365879601,1469.5622144,135.21440678133106,320.83177103070875
