name,transf,client,payoff,total
test_month_sac_gen_I_n_173,660.1153071482129,1468.334912,149.17516390639216,659.044440945395
