name,transf,client,payoff,total
test_month_sac_gen_I_l_258,701.9427954025216,1468.334912,149.17516390639216,617.2169526910862
