name,transf,client,payoff,total
train_month_sac_gen_J_d_491,2057.530527685022,4306.918592,422.3108412815719,1827.077223033406
