name,transf,client,payoff,total
train_month_sac_gen_I_h_120,2054.569744407063,4306.918592,422.3108412815719,1830.0380063113653
