name,transf,client,payoff,total
train_month_sac_c_770,1026.7344059390698,2289.492687923877,157.2012507240518,1105.5570312607554
