name,transf,client,payoff,total
train_month_sac_gen_J_u_458,1840.066837785349,4306.918592,421.0441979676412,2045.8075562470099
