name,transf,client,payoff,total
test_month_sac_gen_I_l_245,697.6514247277569,1468.334912,149.17516390639216,621.508323365851
