name,transf,client,payoff,total
month_sac_IX_h,1170.4778036954908,1469.5622144,140.34762360576374,158.73678709874534
