name,transf,client,payoff,total,sessions
test_6month_sac_pred_noise_1b_164,3113.2414218719473,9929.387430399998,893.2217503396156,5922.924258188435,df_elaad_preproc_l6months.csv
