name,transf,client,payoff,total,sessions
test_6month_sac_gen_2n_183,2829.8000072603754,9929.387430399998,886.8210602299855,6212.766362909637,df_elaad_preproc_l6months.csv
