name,transf,client,payoff,total
train_month_sac_gen_J_x_79,1045.3414569994957,1469.5622144,142.094741946743,282.1260154537612
