name,transf,client,payoff,total
train_month_sac_gen_J_i_275,1974.469074711705,4306.918592,422.3108412815719,1910.1386760067235
