name,transf,client,payoff,total
test_month_sac_gen_I_b_129,704.5864147646635,1468.334912,149.17516390639216,614.5733333289444
