name,transf,client,payoff,total
test_month_sac_gen_I_j_109,750.8245853937412,1468.334912,149.17516390639216,568.3351626998666
