name,transf,client,payoff,total
test_month_sac_gen_I_k_491,697.1090754088995,1468.334912,149.17516390639216,622.0506726847084
