name,transf,client,payoff,total
val_month_sac_gen_J_k_163,585.5675527955655,1488.30912,159.56135988924024,743.1802073151941
