name,transf,client,payoff,total
val_month_sac_gen_J_w_378,542.0489588483376,1488.30912,155.96206259448996,790.2980985571724
