name,transf,client,payoff,total,sessions
6month_sac_disagg_1d_LL,4363.885745900299,9929.387430399998,893.2217503396156,4672.279934160083,df_elaad_preproc_l6months.csv
