name,transf,client,payoff,total
train_month_sac_gen_I_r_213,1958.2953504079535,4306.918592,419.84382946365963,1928.779412128387
