name,transf,client,payoff,total
train_month_sac_gen_J_f_468,1994.810770041653,4306.918592,422.3108412815719,1889.796980676775
