name,transf,client,payoff,total
test_month_sac_gen_J_p_64,678.3487420843776,1468.334912,149.17516390639216,640.8110060092303
