name,transf,client,payoff,total
train_month_sac_gen_I_p_180,2209.374437301278,4306.918592,422.3108412815719,1675.2333134171504
