name,transf,client,payoff,total,sessions
test_6month_sac_gen_1o_184,2858.4768580054224,9929.387430399998,886.8210602299855,6184.08951216459,df_elaad_preproc_l6months.csv
