name,transf,client,payoff,total
val_month_sac_gen_I_f_19,726.4932444837787,1488.30912,158.8282254603323,602.9876500558889
