name,transf,client,payoff,total,sessions
test_6month_sac_pred_noise_1d_156,4679.455496974361,9929.387430399998,893.2217503396156,4356.710183086021,df_elaad_preproc_l6months.csv
