name,transf,client,payoff,total,sessions
test_6month_sac_gen_h_240,2941.3641177836816,9929.387430399998,886.8210602299855,6101.202252386331,df_elaad_preproc_l6months.csv
