name,transf,client,payoff,total,sessions
test_6month_sac_gen_2o_121,2863.2196022014246,9929.387430399998,886.8210602299855,6179.346767968587,df_elaad_preproc_l6months.csv
