name,transf,client,payoff,total
test_month_sac_gen_I_t_372,709.1807840176301,1468.334912,149.17516390639216,609.9789640759777
