name,transf,client,payoff,total
val_month_sac_gen_I_c_155,658.6263149077614,1488.30912,159.56135988924024,670.1214452029983
