name,transf,client,payoff,total
val_month_sac_gen_I_w_134,681.9379129433623,1488.30912,159.56135988924024,646.8098471673973
