name,transf,client,payoff,total
val_month_sac_gen_I_f_313,659.0724471742376,1488.30912,158.8282254603323,670.40844736543
