name,transf,client,payoff,total
test_month_sac_gen_J_n_376,659.6605582057085,1468.334912,149.17516390639216,659.4991898878993
