name,transf,client,payoff,total
train_month_sac_gen_I_q_93,2330.372815872811,4306.918592,422.3108412815719,1554.2349348456173
