name,transf,client,payoff,total
val_month_sac_gen_I_v_295,645.7198225025447,1488.30912,159.56135988924024,683.0279376082149
