name,transf,client,payoff,total
test_month_sac_gen_J_j_21,737.7944281082239,1468.334912,149.17516390639216,581.365319985384
