name,transf,client,payoff,total
val_month_sac_gen_J_r_370,629.4188942326489,1488.30912,159.56135988924024,699.3288658781107
