name,transf,client,payoff,total
train_month_sac_gen_I_h_209,2023.5601945122362,4306.918592,422.3108412815719,1861.047556206192
