name,transf,client,payoff,total
val_month_sac_gen_J_w_72,615.0224998476224,1488.30912,155.96206259448996,717.3245575578876
