name,transf,client,payoff,total
val_month_sac_c_480,1824.2598205679142,2277.450960542104,145.3079860330326,307.8831539411572
