name,transf,client,payoff,total
test_month_sac_gen_J_b_345,692.1674262862805,1468.334912,149.17516390639216,626.9923218073274
