name,transf,client,payoff,total
val_month_sac_gen_J_h_493,658.1621432276575,1488.30912,159.56135988924024,670.5856168831021
