name,transf,client,payoff,total,sessions
test_6month_sac_pred_noise_4b_124,3292.7727506324936,9929.387430399998,891.2211003728393,5745.393579394666,df_elaad_preproc_l6months.csv
