name,transf,client,payoff,total,sessions
test_6month_sac_pred_noise_4d_127,4401.386697767283,9929.387430399998,891.2211003728393,4636.779632259876,df_elaad_preproc_l6months.csv
