name,transf,client,payoff,total
test_month_sac_gen_J_n_350,655.6784803753187,1468.334912,149.17516390639216,663.4812677182891
