name,transf,client,payoff,total
train_month_sac_gen_J_z_297,480.89776256650487,1349.0472576000002,118.92090480298455,749.2285902305108
