name,transf,client,payoff,total
test_month_sac_gen_I_t_263,704.2392782658242,1468.334912,149.17516390639216,614.9204698277837
