name,transf,client,payoff,total
val_month_sac_gen_I_v_83,670.9034367203687,1488.30912,159.56135988924024,657.8443233903909
