name,transf,client,payoff,total
val_month_sac_gen_I_u_168,656.6446839515345,1488.30912,159.56135988924024,672.1030761592251
