name,transf,client,payoff,total,sessions
6month_sac_disagg_5d_ML,4471.166050614225,9929.387430399998,881.6875054342313,4576.533874351542,df_elaad_preproc_l6months.csv
