name,transf,client,payoff,total,sessions
test_6month_sac_pred_noise_4a_294,2970.258413157516,9929.387430399998,891.2211003728393,6067.9079168696435,df_elaad_preproc_l6months.csv
