name,transf,client,payoff,total
val_month_sac_gen_I_j_351,648.2043690983935,1488.30912,159.56135988924024,680.5433910123661
