name,transf,client,payoff,total
val_month_sac_gen_I_j_199,653.9430709402552,1488.30912,159.56135988924024,674.8046891705044
