name,transf,client,payoff,total
train_month_sac_gen_I_x_364,-6990.601329458762,4306.918592,419.37754482199193,10878.142376636772
