name,transf,client,payoff,total,sessions
test_6month_sac_gen_4m_6,5374.627118419796,9929.387430399998,891.2211003728393,3663.539211607363,df_elaad_preproc_l6months.csv
