name,transf,client,payoff,total
val_month_sac_gen_a_27,738.0966116864096,1349.0472576000002,118.32161810264896,492.6290278109417
