name,transf,client,payoff,total
train_month_sac_gen_I_k_169,2040.789382251793,4306.918592,422.3108412815719,1843.818368466635
