name,transf,client,payoff,total
test_month_sac_gen_J_o_108,704.3091019130447,1468.334912,149.17516390639216,614.8506461805631
