name,transf,client,payoff,total
val_month_sac_gen_I_m_6,720.5693118104011,1488.30912,159.56135988924024,608.1784483003585
