name,transf,client,payoff,total
train_month_sac_gen_J_i_453,1951.8615816478757,4306.918592,422.3108412815719,1932.7461690705522
