name,transf,client,payoff,total,sessions
test_6month_sac_pred_noise_2a_277,2950.1888090646485,9929.387430399998,897.4875555656347,6081.711065769716,df_elaad_preproc_l6months.csv
