name,transf,client,payoff,total
train_month_sac_gen_J_m_349,1795.1062353312473,4306.918592,422.3108412815719,2089.501515387181
