name,transf,client,payoff,total
test_month_sac_gen_J_h_451,722.3703127887678,1468.334912,149.17516390639216,596.78943530484
