name,transf,client,payoff,total
test_month_sac_gen_J_o_451,678.1149332673716,1468.334912,149.17516390639216,641.0448148262362
