name,transf,client,payoff,total
train_month_sac_gen_I_a_276,2034.4933636381695,4306.918592,422.3108412815719,1850.114387080259
