name,transf,client,payoff,total
test_month_sac_gen_I_l_222,697.7497981575578,1468.334912,149.17516390639216,621.40994993605
