name,transf,client,payoff,total
val_month_sac_gen_I_p_444,701.0482255106344,1488.30912,159.56135988924024,627.6995346001252
