name,transf,client,payoff,total
val_month_sac_gen_I_m_17,691.2811890981123,1488.30912,159.56135988924024,637.4665710126474
