name,transf,client,payoff,total
val_month_sac_gen_I_q_96,763.5991693272414,1488.30912,159.56135988924024,565.1485907835183
