name,transf,client,payoff,total
test_month_sac_gen_J_r_422,681.6924021223999,1468.334912,149.17516390639216,637.4673459712079
