name,transf,client,payoff,total
test_month_sac_c_841,1010.6957217646452,1469.5622144,135.21440678133106,323.65208585402365
