name,transf,client,payoff,total
val_month_sac_gen_J_q_422,639.6790374978555,1488.30912,159.56135988924024,689.0687226129041
