name,transf,client,payoff,total,sessions
test_6month_sac_pred_noise_1e_272,5521.348700946715,9929.387430399998,893.2217503396156,3514.8169791136675,df_elaad_preproc_l6months.csv
