name,transf,client,payoff,total,sessions
test_6month_sac_pred_noise_3e_12,5362.890220176652,9929.387430399998,889.2877424740021,3677.2094677493437,df_elaad_preproc_l6months.csv
