name,transf,client,payoff,total
val_month_sac_gen_J_z_4,814.3939429447349,1488.30912,155.96206259448996,517.9531144607749
