name,transf,client,payoff,total
train_month_sac_gen_J_c_459,2027.3570162538063,4306.918592,422.3108412815719,1857.250734464622
