name,transf,client,payoff,total
val_month_sac_gen_I_d_464,629.6792362375973,1488.30912,159.56135988924024,699.0685238731623
