name,transf,client,payoff,total
train_month_sac_gen_J_c_338,2050.5103804336186,4306.918592,422.3108412815719,1834.0973702848096
