name,transf,client,payoff,total
train_month_sac_gen_I_l_46,2155.8583243167113,4306.918592,422.3108412815719,1728.7494264017168
