name,transf,client,payoff,total
test_month_sac_gen_I_u_23,760.0335951778559,1468.334912,149.17516390639216,559.126152915752
