name,transf,client,payoff,total
val_month_sac_gen_f_49,618.4174269545215,1349.0472576000002,118.32161810264896,612.3082125428298
