name,transf,client,payoff,total
test_month_sac_gen_J_h_51,787.1246645668829,1468.334912,149.17516390639216,532.035083526725
