name,transf,client,payoff,total
train_month_sac_gen_I_m_317,2001.5772111791678,4306.918592,422.3108412815719,1883.0305395392606
