name,transf,client,payoff,total,sessions
test_6month_sac_gen_1n_166,2916.09730377776,9929.387430399998,886.8210602299855,6126.469066392252,df_elaad_preproc_l6months.csv
