name,transf,client,payoff,total
test_month_sac_gen_J_c_167,704.2171448073454,1468.334912,149.17516390639216,614.9426032862624
