name,transf,client,payoff,total
train_month_sac_gen_J_s_34,2092.2685330274744,4306.918592,423.3108346063852,1791.3392243661403
