name,transf,client,payoff,total
test_month_sac_gen_J_d_369,703.3326817430334,1468.334912,149.17516390639216,615.8270663505745
