name,transf,client,payoff,total,sessions
test_6month_sac_gen_3m_144,2890.7132985644503,9929.387430399998,886.8210602299855,6151.853071605563,df_elaad_preproc_l6months.csv
