name,transf,client,payoff,total
train_month_sac_gen_J_j_251,1853.4295322181501,4306.918592,422.3108412815719,2031.178218500278
