name,transf,client,payoff,total
test_month_sac_gen_J_s_93,614.0757063166251,1468.334912,148.50825484764397,705.7509508357309
