name,transf,client,payoff,total,sessions
test_6month_sac_gen_3l_152,2873.174291057386,9929.387430399998,886.8210602299855,6169.392079112626,df_elaad_preproc_l6months.csv
