name,transf,client,payoff,total
train_month_sac_gen_I_c_142,2111.1029680651454,4306.918592,422.3108412815719,1773.5047826532827
