name,transf,client,payoff,total,sessions
test_6month_sac_pred_noise_5d_110,4589.890805395531,9929.387430399998,881.6875054342313,4457.809119570236,df_elaad_preproc_l6months.csv
