name,transf,client,payoff,total
test_month_sac_gen_J_s_14,716.7958249641416,1468.334912,148.50825484764397,603.0308321882144
