name,transf,client,payoff,total
test_month_sac_gen_I_k_376,682.510792364595,1468.334912,149.17516390639216,636.6489557290129
