name,transf,client,payoff,total
train_month_sac_gen_I_r_160,1996.9230871439793,4306.918592,418.97733031155303,1891.0181745444675
