name,transf,client,payoff,total
train_month_sac_gen_I_q_127,2287.76776700785,4306.918592,422.3108412815719,1596.839983710578
