name,transf,client,payoff,total
test_month_sac_gen_J_g_260,685.3902166338968,1468.334912,149.17516390639216,633.7695314597111
