name,transf,client,payoff,total
val_month_sac_gen_I_p_365,708.5266414584728,1488.30912,159.56135988924024,620.2211186522868
