name,transf,client,payoff,total,sessions
test_6month_sac_pred_noise_3c_118,3523.0887829192093,9929.387430399998,889.2877424740021,5517.010905006788,df_elaad_preproc_l6months.csv
