name,transf,client,payoff,total,sessions
train_month_sac_pred_noise_e_205,724.873715705764,1349.0472576000002,121.05417419449888,503.1193676997373,df_elaad_preproc_feb.csv
