name,transf,client,payoff,total,sessions
test_6month_sac_gen_5m_160,3000.3972331390523,9929.387430399998,881.6875054342313,6047.302691826715,df_elaad_preproc_l6months.csv
