name,transf,client,payoff,total,sessions
test_6month_sac_pred_noise_5e_32,5322.160664481384,9929.387430399998,881.6875054342313,3725.5392604843832,df_elaad_preproc_l6months.csv
