name,transf,client,payoff,total
train_month_sac_gen_J_w_267,1869.381769668251,4306.918592,417.2438715561188,2020.2929507756303
