name,transf,client,payoff,total
val_month_sac_gen_J_l_186,608.9470031301371,1488.30912,159.56135988924024,719.8007569806225
