name,transf,client,payoff,total
month_sac_IX_g,1172.900837898445,1469.5622144,137.41451695693777,159.2468595446172
