name,transf,client,payoff,total
test_month_sac_gen_J_w_231,586.5495546911989,1468.334912,148.50825484764397,733.2771024611573
