name,transf,client,payoff,total,sessions
test_6month_sac_pred_noise_3b_146,3071.3826139194452,9929.387430399998,889.2877424740021,5968.717074006551,df_elaad_preproc_l6months.csv
