name,transf,client,payoff,total
train_month_sac_gen_J_q_346,2014.8081471546118,4306.918592,422.3108412815719,1869.7996035638162
