name,transf,client,payoff,total
val_month_sac_gen_I_r_402,591.7229624057953,1488.30912,159.56135988924024,737.0247977049644
