name,transf,client,payoff,total
train_month_sac_gen_J_q_84,2109.691821693983,4306.918592,422.3108412815719,1774.9159290244452
