name,transf,client,payoff,total
val_month_sac_gen_I_z_194,704.4933407103601,1488.30912,159.56135988924024,624.2544194003995
