name,transf,client,payoff,total
val_month_sac_gen_J_o_107,665.256801368648,1488.30912,159.56135988924024,663.4909587421116
