name,transf,client,payoff,total
val_month_sac_gen_I_k_488,653.9771867188047,1488.30912,159.56135988924024,674.7705733919549
