name,transf,client,payoff,total
val_month_sac_gen_I_s_144,667.7136683938102,1488.30912,159.56135988924024,661.0340917169494
