name,transf,client,payoff,total
test_month_sac_gen_I_p_386,758.4165941376832,1468.334912,149.17516390639216,560.7431539559246
