name,transf,client,payoff,total
month_sac_IX_a,1225.4078096257658,1469.5622144,140.81446340887305,103.33994136536103
