name,transf,client,payoff,total
val_month_sac_gen_I_j_145,659.3878216334906,1488.30912,159.56135988924024,669.359938477269
