name,transf,client,payoff,total,sessions
test_6month_sac_pred_noise_2c_127,3542.418971927454,9929.387430399998,897.4875555656347,5489.480902906909,df_elaad_preproc_l6months.csv
