name,transf,client,payoff,total,sessions
test_6month_sac_pred_noise_2e_38,5118.796517595976,9929.387430399998,897.4875555656347,3913.1033572383876,df_elaad_preproc_l6months.csv
