name,transf,client,payoff,total
test_month_sac_gen_J_y_230,649.0536290673563,1468.334912,148.50825484764397,670.7730280849999
