name,transf,client,payoff,total
test_month_sac_gen_J_r_491,693.348987403468,1468.334912,149.17516390639216,625.8107606901399
