name,transf,client,payoff,total
train_month_sac_gen_I_x_190,-6070.905035973834,4306.918592,430.5772676482046,9947.24636032563
