name,transf,client,payoff,total
train_month_sac_gen_J_t_316,2021.9084130456056,4306.918592,417.9096673275943,1867.1005116267997
