name,transf,client,payoff,total
train_month_sac_gen_J_s_340,1843.2861922952052,4306.918592,424.9777600378286,2038.6546396669662
