name,transf,client,payoff,total
test_month_sac_gen_J_v_82,687.8468631831136,1468.334912,148.50825484764397,631.9797939692426
