name,transf,client,payoff,total
train_month_sac_gen_J_k_477,1767.5581835187647,4306.918592,422.3108412815719,2117.049567199663
