name,transf,client,payoff,total
train_month_sac_gen_J_a_462,1990.0818214884819,4306.918592,422.3108412815719,1894.525929229946
