name,transf,client,payoff,total
train_month_sac_gen_I_t_384,1809.3973885949802,4306.918592,420.44468831254574,2077.0765150924744
