name,transf,client,payoff,total
val_month_sac_gen_I_h_351,636.5165992391425,1488.30912,159.56135988924024,692.2311608716172
