name,transf,client,payoff,total
month_sac_IX_g,1119.197623099095,1469.5622144,139.08143602125716,211.28315527964781
