name,transf,client,payoff,total
test_month_sac_gen_J_m_457,652.7837993393857,1468.334912,149.17516390639216,666.3759487542221
