name,transf,client,payoff,total
val_month_sac_gen_b_32,671.8206454964832,1349.0472576000002,118.32161810264896,558.9049940008681
