name,transf,client,payoff,total
val_month_sac_gen_J_v_329,600.2430060157715,1488.30912,155.96206259448996,732.1040513897385
