name,transf,client,payoff,total
test_month_sac_gen_d_95,857.82373452198,1488.30912,159.56135988924024,470.92402558877967
