name,transf,client,payoff,total
val_month_sac_gen_J_a_417,647.1602275854001,1488.30912,159.56135988924024,681.5875325253596
