name,transf,client,payoff,total
test_month_sac_gen_J_k_317,622.4156243141306,1468.334912,149.17516390639216,696.7441237794773
