name,transf,client,payoff,total,sessions
test_6month_sac_gen_1n_114,2944.668220502745,9929.387430399998,886.8210602299855,6097.898149667268,df_elaad_preproc_l6months.csv
