name,transf,client,payoff,total
train_month_sac_gen_J_j_28,2181.046899288028,4306.918592,422.3108412815719,1703.5608514304004
