name,transf,client,payoff,total
test_month_sac_gen_I_b_401,690.5726231017002,1468.334912,149.17516390639216,628.5871249919077
