name,transf,client,payoff,total,sessions
test_6month_sac_pred_noise_5e_146,5050.226801034236,9929.387430399998,881.6875054342313,3997.473123931531,df_elaad_preproc_l6months.csv
