name,transf,client,payoff,total
train_month_sac_gen_I_s_435,1584.7297231965022,4306.918592,422.3108412815719,2299.878027521926
