name,transf,client,payoff,total,sessions
test_6month_sac_pred_noise_1e_140,5016.950806402185,9929.387430399998,893.2217503396156,4019.214873658198,df_elaad_preproc_l6months.csv
