name,transf,client,payoff,total
val_month_sac_gen_J_f_8,737.7259191337901,1488.30912,159.56135988924024,591.0218409769695
