name,transf,client,payoff,total
test_month_sac_gen_I_i_435,707.383431996444,1468.334912,149.17516390639216,611.7763160971639
