name,transf,client,payoff,total,sessions
6month_sac_disagg_1n_PF,2825.928047247826,9929.387430399998,886.8210602299855,6216.6383229221865,df_elaad_preproc_l6months.csv
