name,transf,client,payoff,total
val_month_sac_gen_I_t_127,707.4217740140011,1488.30912,159.56135988924024,621.3259860967585
