name,transf,client,payoff,total,sessions
test_6month_sac_pred_noise_2d_107,4574.5399713628285,9929.387430399998,897.4875555656347,4457.359903471535,df_elaad_preproc_l6months.csv
