name,transf,client,payoff,total
train_month_sac_gen_J_a_141,2046.7949931529458,4306.918592,422.3108412815719,1837.8127575654826
