name,transf,client,payoff,total
val_month_sac_gen_I_e_248,606.495245709876,1488.30912,155.96206259448996,725.8518116956338
