name,transf,client,payoff,total
val_month_sac_gen_I_l_189,650.881739542082,1488.30912,159.56135988924024,677.8660205686776
