name,transf,client,payoff,total
test_month_sac_gen_J_k_355,615.5336752086962,1468.334912,149.17516390639216,703.6260728849117
