name,transf,client,payoff,total
test_month_sac_c_278,1056.892581886088,1469.5622144,135.21440678133106,277.45522573258086
