name,transf,client,payoff,total
train_month_sac_gen_I_b_265,1973.7469474408863,4306.918592,422.3108412815719,1910.860803277542
