name,transf,client,payoff,total
train_month_sac_c_421,1047.6662221949086,2289.492687923877,157.2012507240518,1084.6252150049165
