name,transf,client,payoff,total
test_month_sac_gen_c_47,755.5309706017756,1488.30912,159.56135988924024,573.216789508984
