name,transf,client,payoff,total
val_month_sac_gen_I_j_8,813.8451549036167,1488.30912,159.56135988924024,514.9026052071429
