name,transf,client,payoff,total
val_month_sac_gen_J_l_434,588.2291698517672,1488.30912,159.56135988924024,740.5185902589924
