name,transf,client,payoff,total
val_month_sac_gen_I_g_116,786.7502400062599,1488.30912,159.56135988924024,541.9975201044997
