name,transf,client,payoff,total
val_month_sac_gen_I_i_2,791.4714491265387,1488.30912,159.56135988924024,537.276310984221
