name,transf,client,payoff,total
train_month_sac_gen_I_p_95,2250.3506789713974,4306.918592,422.3108412815719,1634.2570717470307
