name,transf,client,payoff,total
test_month_sac_gen_I_r_413,636.6032739114903,1468.334912,149.17516390639216,682.5564741821175
