name,transf,client,payoff,total
train_month_sac_gen_J_l_313,1840.832977268818,4306.918592,422.3108412815719,2043.7747734496102
