name,transf,client,payoff,total
train_month_sac_gen_J_j_178,1878.5816446323272,4306.918592,422.3108412815719,2006.0261060861012
