name,transf,client,payoff,total
val_month_sac_gen_I_u_413,647.2538539808507,1488.30912,159.56135988924024,681.493906129909
