name,transf,client,payoff,total
val_month_sac_gen_I_q_485,741.5040252642414,1488.30912,159.56135988924024,587.2437348465182
