name,transf,client,payoff,total
test_month_sac_gen_I_r_65,674.2875763583954,1468.334912,149.17516390639216,644.8721717352124
