name,transf,client,payoff,total
train_month_sac_gen_I_p_73,2274.595490011532,4306.918592,422.3108412815719,1610.012260706896
