name,transf,client,payoff,total
test_month_sac_gen_I_b_33,744.8425527431831,1468.334912,149.17516390639216,574.3171953504248
