name,transf,client,payoff,total,sessions
test_6month_sac_pred_noise_1e_204,5291.142011700325,9929.387430399998,893.2217503396156,3745.0236683600574,df_elaad_preproc_l6months.csv
