name,transf,client,payoff,total
test_month_sac_gen_J_t_477,643.8665421549454,1468.334912,148.50825484764397,675.9601149974108
