name,transf,client,payoff,total
train_month_sac_gen_J_a_417,1981.3781782593437,4306.918592,422.3108412815719,1903.2295724590845
