name,transf,client,payoff,total
test_month_sac_gen_I_o_331,727.6133033338635,1468.334912,149.17516390639216,591.5464447597443
