name,transf,client,payoff,total
test_month_sac_gen_J_z_219,595.0322253718479,1468.334912,148.50825484764397,724.7944317805081
