name,transf,client,payoff,total
test_month_sac_gen_J_a_97,707.4909092881826,1468.334912,149.17516390639216,611.6688388054253
