name,transf,client,payoff,total
test_month_sac_gen_I_g_325,814.5334032064777,1468.334912,149.17516390639216,504.62634488713013
