name,transf,client,payoff,total
train_month_sac_c_78,1172.7607013889647,2289.492687923877,157.2012507240518,959.5307358108605
