name,transf,client,payoff,total
train_month_sac_gen_J_f_292,1987.5348231601677,4306.918592,422.3108412815719,1897.0729275582607
