name,transf,client,payoff,total
val_month_sac_gen_J_q_179,657.9135278393451,1488.30912,159.56135988924024,670.8342322714145
