name,transf,client,payoff,total
test_month_sac_gen_J_o_383,680.8558466555895,1468.334912,149.17516390639216,638.3039014380183
