name,transf,client,payoff,total
test_month_sac_gen_J_a_269,693.7749350735962,1468.334912,149.17516390639216,625.3848130200116
