name,transf,client,payoff,total
test_month_sac_gen_I_j_437,713.0792249740937,1468.334912,149.17516390639216,606.0805231195142
