name,transf,client,payoff,total
val_sac_gen_a_27,16209.123495957558,30125.305835959498,1762.9897063291792,12153.192633672761
