name,transf,client,payoff,total
train_month_sac_gen_I_y_159,35.01097473044737,4306.918592,420.9104998274536,3850.997117442099
