name,transf,client,payoff,total
val_month_sac_gen_I_y_133,676.3990981618261,1488.30912,159.56135988924024,652.3486619489336
