name,transf,client,payoff,total
test_month_sac_gen_J_y_289,630.3350974891764,1468.334912,148.50825484764397,689.4915596631797
