name,transf,client,payoff,total
val_month_sac_gen_I_l_149,657.0205015984441,1488.30912,159.56135988924024,671.7272585123155
