name,transf,client,payoff,total
train_month_sac_gen_I_v_148,318.7366779941751,4306.918592,423.37737693028595,3564.804537075539
