name,transf,client,payoff,total
test_month_sac_gen_J_t_342,637.2510389734774,1468.334912,148.50825484764397,682.5756181788786
