name,transf,client,payoff,total
val_month_sac_gen_J_t_298,593.8070456086118,1488.30912,155.96206259448996,738.5400117968982
