name,transf,client,payoff,total
train_month_sac_c_678,1029.30921283277,2289.492687923877,157.2012507240518,1102.982224367055
