name,transf,client,payoff,total
train_month_sac_gen_I_v_495,-96.3406036251157,4306.918592,420.9772441972888,3982.2819514278267
