name,transf,client,payoff,total
test_month_sac_gen_J_q_366,677.7694334786929,1468.334912,149.17516390639216,641.3903146149149
