name,transf,client,payoff,total,sessions
test_6month_sac_gen_1n_163,2846.8815325359283,9929.387430399998,886.8210602299855,6195.684837634084,df_elaad_preproc_l6months.csv
