name,transf,client,payoff,total
val_month_sac_gen_I_f_265,659.1130012074606,1488.30912,158.8282254603323,670.367893332207
