name,transf,client,payoff,total
test_month_sac_gen_I_y_405,676.1826571536062,1468.334912,149.17516390639216,642.9770909400016
