name,transf,client,payoff,total
test_month_sac_gen_J_i_274,737.2093141346957,1468.334912,149.17516390639216,581.9504339589122
