name,transf,client,payoff,total
val_month_sac_gen_I_s_413,646.4090210839975,1488.30912,159.56135988924024,682.3387390267621
