name,transf,client,payoff,total
train_month_sac_gen_I_r_498,1913.7866261553024,4306.918592,415.11134099252445,1978.020624852173
