name,transf,client,payoff,total
train_month_sac_gen_I_u_180,-49.16852411384116,4306.918592,422.3108412815719,3933.7762748322693
