name,transf,client,payoff,total
train_month_sac_gen_J_w_252,1861.3771552002781,4306.918592,417.57725164958947,2027.9641851501324
