name,transf,client,payoff,total,sessions
test_6month_sac_pred_noise_5a_147,2878.8250223235273,9929.387430399998,881.6875054342313,6168.874902642239,df_elaad_preproc_l6months.csv
