name,transf,client,payoff,total,sessions
train_6month_sac_gen_5l_231,3095.1372371365533,8371.850816,843.3692254065265,4433.3443534569205,df_elaad_preproc_f6months.csv
