name,transf,client,payoff,total
val_month_sac_gen_I_s_43,704.9739027039235,1488.30912,159.56135988924024,623.7738574068362
