name,transf,client,payoff,total
test_month_sac_gen_I_c_367,674.23070135528,1468.334912,149.17516390639216,644.9290467383279
