name,transf,client,payoff,total
val_month_sac_gen_G_b_32,697.5927048406288,1488.30912,159.09496226131247,631.6214528980586
