name,transf,client,payoff,total
train_month_sac_gen_J_t_312,2021.4471539940946,4306.918592,417.9096673275943,1867.561770678311
