name,transf,client,payoff,total
train_month_sac_gen_J_a_453,1983.0632817409755,4306.918592,422.3108412815719,1901.5444689774527
