name,transf,client,payoff,total
train_month_sac_gen_J_m_261,1824.1593583020933,4306.918592,422.3108412815719,2060.448392416335
