name,transf,client,payoff,total
train_month_sac_gen_I_z_25,528.5515575421416,4306.918592,422.3108412815719,3356.056193176287
