name,transf,client,payoff,total
train_month_sac_gen_J_n_390,1797.8630085512436,4306.918592,422.3108412815719,2086.7447421671845
