name,transf,client,payoff,total,sessions
test_6month_sac_pred_noise_5c_67,3659.0680469190015,9929.387430399998,881.6875054342313,5388.631878046766,df_elaad_preproc_l6months.csv
