name,transf,client,payoff,total
train_month_sac_gen_J_d_147,2082.364181239339,4306.918592,422.3108412815719,1802.2435694790893
