name,transf,client,payoff,total
val_month_sac_gen_J_n_451,580.8529030393285,1488.30912,159.56135988924024,747.8948570714313
