name,transf,client,payoff,total
train_month_sac_gen_I_b_339,1971.980438642593,4306.918592,422.3108412815719,1912.627312075835
