name,transf,client,payoff,total
train_month_sac_gen_I_x_304,-7323.994173935003,4306.918592,416.84483755505204,11214.06792837995
