name,transf,client,payoff,total
train_month_sac_gen_I_m_68,2051.4538978052005,4306.918592,422.3108412815719,1833.1538529132276
