name,transf,client,payoff,total,sessions
test_6month_sac_pred_noise_4e_65,5196.605508821854,9929.387430399998,891.2211003728393,3841.5608212053053,df_elaad_preproc_l6months.csv
