name,transf,client,payoff,total,sessions
test_6month_sac_pred_noise_1e_43,5057.334351482939,9929.387430399998,893.2217503396156,3978.8313285774434,df_elaad_preproc_l6months.csv
