name,transf,client,payoff,total
val_month_sac_gen_J_t_197,608.8168519782939,1488.30912,155.96206259448996,723.5302054272161
