name,transf,client,payoff,total
train_month_sac_gen_I_k_425,2001.0068530091178,4306.918592,422.3108412815719,1883.6008977093106
