name,transf,client,payoff,total
val_month_sac_gen_J_x_70,730.2493533508366,1488.30912,159.56135988924024,598.498406759923
