name,transf,client,payoff,total
val_month_sac_gen_I_f_218,662.4956565887458,1488.30912,158.8282254603323,666.9852379509218
