name,transf,client,payoff,total
train_month_sac_gen_I_k_333,2011.9635490175913,4306.918592,422.3108412815719,1872.6442017008367
