name,transf,client,payoff,total
test_month_sac_gen_J_r_348,688.0330579626755,1468.334912,149.17516390639216,631.1266901309324
