name,transf,client,payoff,total,sessions
test_6month_sac_gen_3l_251,2840.460253886423,9929.387430399998,886.8210602299855,6202.10611628359,df_elaad_preproc_l6months.csv
