name,transf,client,payoff,total
val_month_sac_gen_J_c_65,733.5813896487684,1488.30912,159.56135988924024,595.1663704619912
