name,transf,client,payoff,total
test_month_sac_gen_J_p_386,653.7546127663638,1468.334912,149.17516390639216,665.405135327244
