name,transf,client,payoff,total
train_month_sac_gen_I_r_68,2104.3838534346905,4306.918592,426.64388589513175,1775.8908526701778
