name,transf,client,payoff,total
train_month_sac_gen_I_o_465,2129.106522440084,4306.918592,422.3108412815719,1755.5012282783441
