name,transf,client,payoff,total
train_month_sac_gen_I_u_215,-77.91972353570651,4306.918592,422.3108412815719,3962.527474254135
