name,transf,client,payoff,total,sessions
test_6month_sac_gen_1o_32,3141.9020154872514,9929.387430399998,886.8210602299855,5900.664354682762,df_elaad_preproc_l6months.csv
