name,transf,client,payoff,total
train_month_sac_gen_J_n_287,1836.9688309975945,4306.918592,422.3108412815719,2047.6389197208337
