name,transf,client,payoff,total,sessions
test_6month_sac_pred_noise_5c_198,3565.3346688128686,9929.387430399998,881.6875054342313,5482.365256152898,df_elaad_preproc_l6months.csv
