name,transf,client,payoff,total
train_month_sac_gen_I_n_459,1883.8220067916109,4306.918592,422.3108412815719,2000.7857439268173
