name,transf,client,payoff,total
test_month_sac_gen_I_o_197,732.1237130534153,1468.334912,149.17516390639216,587.0360350401926
