name,transf,client,payoff,total
test_month_sac_gen_I_m_230,672.1725408911414,1468.334912,149.17516390639216,646.9872072024665
