name,transf,client,payoff,total
train_month_sac_gen_J_z_233,487.1720094873514,1349.0472576000002,122.72086706878812,739.1543810438607
