name,transf,client,payoff,total
val_month_sac_gen_J_o_162,657.5997174167376,1488.30912,159.56135988924024,671.148042694022
