name,transf,client,payoff,total
train_month_sac_gen_I_w_103,-7482.169131613004,4306.918592,422.3108412815719,11366.77688233143
