name,transf,client,payoff,total
test_month_sac_gen_I_q_275,768.9554934390408,1468.334912,149.17516390639216,550.2042546545671
