name,transf,client,payoff,total
test_month_sac_gen_J_j_373,635.0939899917314,1468.334912,149.17516390639216,684.0657581018764
