name,transf,client,payoff,total
test_month_sac_gen_J_y_128,660.2428003567792,1468.334912,148.50825484764397,659.5838567955768
