name,transf,client,payoff,total,sessions
test_6month_sac_gen_2n_82,2979.220216170984,9929.387430399998,886.8210602299855,6063.346153999029,df_elaad_preproc_l6months.csv
