name,transf,client,payoff,total
test_month_sac_gen_I_o_23,743.4037743123015,1468.334912,149.17516390639216,575.7559737813064
