name,transf,client,payoff,total
val_month_sac_gen_b_66,657.9196014931017,1349.0472576000002,118.32161810264896,572.8060380042496
