name,transf,client,payoff,total
train_month_sac_gen_a_60,1248.822106204008,1469.5622144,138.5610864331635,82.17902176282848
