name,transf,client,payoff,total
val_month_sac_gen_J_i_468,637.8417946844,1488.30912,159.56135988924024,690.9059654263597
