name,transf,client,payoff,total
train_month_sac_gen_I_z_374,210.69037279768872,4306.918592,420.3764862082373,3675.851732994074
