name,transf,client,payoff,total
val_month_sac_gen_I_u_358,647.4925981370377,1488.30912,159.56135988924024,681.2551619737219
