name,transf,client,payoff,total
train_month_sac_gen_I_u_46,156.16950383373035,4306.918592,422.3108412815719,3728.438246884698
