name,transf,client,payoff,total
test_month_sac_gen_J_y_236,632.0313888104829,1468.334912,148.50825484764397,687.7952683418732
