name,transf,client,payoff,total
train_month_sac_gen_I_f_370,2073.6966978892874,4306.918592,421.11038371791597,1812.1115103927966
