name,transf,client,payoff,total,sessions
test_6month_sac_pred_noise_4e_49,5265.1320779043845,9929.387430399998,891.2211003728393,3773.0342521227744,df_elaad_preproc_l6months.csv
