name,transf,client,payoff,total
val_month_sac_gen_I_s_356,652.0293751540521,1488.30912,159.56135988924024,676.7183849567075
