name,transf,client,payoff,total
train_month_sac_gen_I_e_345,2043.819383482248,4306.918592,417.9096673275943,1845.1895411901578
