name,transf,client,payoff,total
test_month_sac_gen_I_j_332,713.4874139176177,1468.334912,149.17516390639216,605.6723341759902
