name,transf,client,payoff,total
val_month_sac_gen_J_z_278,590.3316885015112,1488.30912,155.96206259448996,742.0153689039987
