name,transf,client,payoff,total,sessions
test_6month_sac_gen_3l_229,2744.8952002398228,9929.387430399998,886.8210602299855,6297.67116993019,df_elaad_preproc_l6months.csv
