name,transf,client,payoff,total
test_month_sac_gen_I_w_83,690.0421786709715,1468.334912,149.17516390639216,629.1175694226364
