name,transf,client,payoff,total
test_month_sac_gen_I_o_375,725.7132260993861,1468.334912,149.17516390639216,593.4465219942217
