name,transf,client,payoff,total
test_month_sac_gen_J_w_306,588.719403945133,1468.334912,148.50825484764397,731.107253207223
