name,transf,client,payoff,total
val_month_sac_gen_J_p_47,687.2665096877543,1488.30912,159.56135988924024,641.4812504230053
