name,transf,client,payoff,total
test_month_sac_gen_I_y_82,702.6751969080267,1468.334912,149.17516390639216,616.4845511855812
