name,transf,client,payoff,total
test_month_sac_gen_I_z_62,742.4370750063573,1468.334912,149.17516390639216,576.7226730872505
