name,transf,client,payoff,total,sessions
test_6month_sac_gen_e_57,3064.6435397355544,9929.387430399998,886.8210602299855,5977.922830434458,df_elaad_preproc_l6months.csv
