name,transf,client,payoff,total
train_month_sac_gen_I_f_336,2080.6933417004166,4306.918592,421.11038371791597,1805.1148665816675
