name,transf,client,payoff,total
val_month_sac_gen_I_j_422,653.5821176790696,1488.30912,159.56135988924024,675.16564243169
