name,transf,client,payoff,total,sessions
test_6month_sac_pred_noise_5b_160,3034.825367985593,9929.387430399998,881.6875054342313,6012.874556980174,df_elaad_preproc_l6months.csv
