name,transf,client,payoff,total
val_month_sac_gen_I_c_125,667.5112900248428,1488.30912,159.56135988924024,661.2364700859168
