name,transf,client,payoff,total
test_month_sac_gen_I_z_7,779.3394531156239,1468.334912,149.17516390639216,539.820294977984
