name,transf,client,payoff,total,sessions
test_6month_sac_gen_5l_118,2860.8137825649446,9929.387430399998,886.8210602299855,6181.752587605068,df_elaad_preproc_l6months.csv
