name,transf,client,payoff,total,sessions
train_month_sac_pred_noise_c_205,893.752967955083,1349.0472576000002,123.38693320451131,331.90735644040586,df_elaad_preproc_feb.csv
