name,transf,client,payoff,total
test_month_sac_gen_I_y_63,717.8749585384014,1468.334912,149.17516390639216,601.2847895552064
