name,transf,client,payoff,total,sessions
test_6month_sac_pred_noise_5b_36,3295.7346454885346,9929.387430399998,881.6875054342313,5751.965279477232,df_elaad_preproc_l6months.csv
