name,transf,client,payoff,total
val_month_sac_c_168,1896.4364303336483,2277.450960542104,145.3079860330326,235.70654417542306
