name,transf,client,payoff,total
test_month_sac_gen_J_g_307,677.6531662939783,1468.334912,149.17516390639216,641.5065817996295
