name,transf,client,payoff,total,sessions
test_6month_sac_gen_j_125,3029.769028608999,9929.387430399998,886.8210602299855,6012.797341561014,df_elaad_preproc_l6months.csv
