name,transf,client,payoff,total
test_month_sac_gen_J_g_113,692.3643900865278,1468.334912,149.17516390639216,626.79535800708
