name,transf,client,payoff,total
test_month_sac_gen_J_h_119,762.1531225339411,1468.334912,149.17516390639216,557.0066255596668
