name,transf,client,payoff,total
test_month_sac_gen_J_h_115,771.2537518526497,1468.334912,149.17516390639216,547.9059962409582
