name,transf,client,payoff,total
train_month_sac_gen_J_h_14,2330.944323743985,4306.918592,422.3108412815719,1553.6634269744432
