name,transf,client,payoff,total
test_month_sac_gen_G_b_35,753.247192537293,1468.334912,148.64140204911905,566.446317413588
