name,transf,client,payoff,total
test_month_sac_gen_J_l_493,652.6142960793925,1468.334912,149.17516390639216,666.5454520142154
