name,transf,client,payoff,total
val_month_sac_gen_J_g_413,637.2528903938314,1488.30912,159.56135988924024,691.4948697169282
