name,transf,client,payoff,total,sessions
test_6month_sac_gen_h_10,3574.7613686452814,9929.387430399998,886.8210602299855,5467.805001524732,df_elaad_preproc_l6months.csv
