name,transf,client,payoff,total
train_month_sac_gen_J_k_256,1805.1079095563616,4306.918592,422.3108412815719,2079.4998411620663
