name,transf,client,payoff,total
val_month_sac_gen_I_e_156,616.3834268717412,1488.30912,155.96206259448996,715.9636305337688
