name,transf,client,payoff,total,sessions
test_6month_sac_pred_noise_3c_188,3635.779411603194,9929.387430399998,889.2877424740021,5404.320276322802,df_elaad_preproc_l6months.csv
