name,transf,client,payoff,total
val_month_sac_gen_J_g_330,637.8480094879073,1488.30912,159.56135988924024,690.8997506228523
