name,transf,client,payoff,total
train_month_sac_gen_J_t_73,2150.0639505666845,4306.918592,417.9096673275943,1738.944974105721
