name,transf,client,payoff,total
test_month_sac_gen_I_l_496,702.5692624313089,1468.334912,149.17516390639216,616.590485662299
