name,transf,client,payoff,total,sessions
test_6month_sac_pred_noise_3e_200,5148.570112385749,9929.387430399998,889.2877424740021,3891.529575540247,df_elaad_preproc_l6months.csv
