name,transf,client,payoff,total
test_month_sac_gen_J_j_311,640.8431686190784,1468.334912,149.17516390639216,678.3165794745295
