name,transf,client,payoff,total
val_month_sac_gen_I_h_409,634.248206110668,1488.30912,159.56135988924024,694.4995540000916
