name,transf,client,payoff,total
test_month_sac_gen_J_h_458,724.9205520056302,1468.334912,149.17516390639216,594.2391960879777
