name,transf,client,payoff,total
val_month_sac_gen_I_m_404,623.2968203100909,1488.30912,159.56135988924024,705.4509398006687
