name,transf,client,payoff,total,sessions
test_6month_sac_pred_noise_2e_105,5116.677160865913,9929.387430399998,897.4875555656347,3915.222713968451,df_elaad_preproc_l6months.csv
