name,transf,client,payoff,total,sessions
test_6month_sac_pred_noise_2b_221,3031.4312923152233,9929.387430399998,897.4875555656347,6000.468582519141,df_elaad_preproc_l6months.csv
