name,transf,client,payoff,total
test_month_sac_gen_I_p_417,751.1892968520949,1468.334912,149.17516390639216,567.9704512415129
