name,transf,client,payoff,total
val_month_sac_gen_I_a_114,680.7598202470812,1488.30912,159.56135988924024,647.9879398636785
