name,transf,client,payoff,total
train_month_sac_gen_J_d_398,2022.880251435045,4306.918592,422.3108412815719,1861.7274992833832
