name,transf,client,payoff,total
val_month_sac_gen_I_x_396,695.883578973521,1488.30912,159.56135988924024,632.8641811372386
