name,transf,client,payoff,total
train_month_sac_gen_I_x_260,-7649.247900543653,4306.918592,421.5105726564419,11534.655919887211
