name,transf,client,payoff,total,sessions
test_6month_sac_gen_f_195,2902.2301455847596,9929.387430399998,886.8210602299855,6140.336224585253,df_elaad_preproc_l6months.csv
