name,transf,client,payoff,total
val_month_sac_gen_I_u_77,680.9380969487436,1488.30912,159.56135988924024,647.809663162016
