name,transf,client,payoff,total,sessions
test_6month_sac_gen_a_201,2931.8547894459543,9929.387430399998,886.8210602299855,6110.711580724059,df_elaad_preproc_l6months.csv
