name,transf,client,payoff,total,sessions
test_6month_sac_gen_1l_152,2859.2419425796825,9929.387430399998,886.8210602299855,6183.324427590331,df_elaad_preproc_l6months.csv
