name,transf,client,payoff,total,sessions
test_6month_sac_pred_noise_1c_183,3517.691176723386,9929.387430399998,893.2217503396156,5518.474503336996,df_elaad_preproc_l6months.csv
