name,transf,client,payoff,total
val_month_sac_gen_J_f_236,646.7315186580893,1488.30912,159.56135988924024,682.0162414526703
