name,transf,client,payoff,total
test_month_sac_gen_I_j_459,709.0117627311079,1468.334912,149.17516390639216,610.1479853625
