name,transf,client,payoff,total
month_sac_IX_e,892.2270223072844,1469.5622144,135.48113853424934,441.85405355846615
