name,transf,client,payoff,total,sessions
test_6month_sac_gen_3l_182,2774.017466765279,9929.387430399998,886.8210602299855,6268.548903404733,df_elaad_preproc_l6months.csv
