name,transf,client,payoff,total,sessions
test_6month_sac_pred_noise_5e_154,5345.650615661786,9929.387430399998,881.6875054342313,3702.049309303981,df_elaad_preproc_l6months.csv
