name,transf,client,payoff,total
test_month_sac_gen_J_n_214,696.1815353069205,1468.334912,149.17516390639216,622.9782127866873
