name,transf,client,payoff,total
test_month_sac_gen_J_a_298,690.0474899178544,1468.334912,149.17516390639216,629.1122581757535
