name,transf,client,payoff,total
val_month_sac_gen_J_i_477,639.1883113855663,1488.30912,159.56135988924024,689.5594487251933
