name,transf,client,payoff,total,sessions
test_6month_sac_pred_noise_1c_187,3529.8544336431887,9929.387430399998,893.2217503396156,5506.311246417194,df_elaad_preproc_l6months.csv
