name,transf,client,payoff,total
val_month_sac_gen_I_q_406,738.6323767379943,1488.30912,159.56135988924024,590.1153833727653
