name,transf,client,payoff,total
test_month_sac_gen_J_s_101,606.2805959859513,1468.334912,148.50825484764397,713.5460611664048
