name,transf,client,payoff,total,sessions
test_6month_sac_pred_noise_4d_283,4488.299171361212,9929.387430399998,891.2211003728393,4549.8671586659475,df_elaad_preproc_l6months.csv
