name,transf,client,payoff,total
train_month_sac_gen_I_k_344,2004.6042840599866,4306.918592,422.3108412815719,1880.0034666584415
