name,transf,client,payoff,total
test_month_sac_gen_J_w_123,615.5517374272542,1468.334912,148.50825484764397,704.2749197251019
