name,transf,client,payoff,total
test_month_sac_gen_I_b_461,702.8353160590977,1468.334912,149.17516390639216,616.3244320345101
