name,transf,client,payoff,total
train_sac_c_0,87961.60806196666,149467.68812980913,8931.975524612415,52574.10454323006
