name,transf,client,payoff,total
val_month_sac_gen_J_b_442,635.9509461921259,1488.30912,159.56135988924024,692.7968139186337
