name,transf,client,payoff,total
test_month_sac_gen_I_p_449,752.1795342141518,1468.334912,149.17516390639216,566.9802138794561
