name,transf,client,payoff,total,sessions
test_6month_sac_gen_5m_83,3026.8312757546482,9929.387430399998,886.8210602299855,6015.735094415364,df_elaad_preproc_l6months.csv
