name,transf,client,payoff,total
val_month_sac_gen_J_d_240,653.722867813656,1488.30912,159.56135988924024,675.0248922971036
