name,transf,client,payoff,total
val_month_sac_gen_J_u_333,544.0954071851855,1488.30912,155.96206259448996,788.2516502203243
