name,transf,client,payoff,total
train_month_sac_gen_J_j_193,1876.906042175448,4306.918592,422.3108412815719,2007.7017085429802
