name,transf,client,payoff,total
test_month_sac_gen_c_39,704.6083858283819,1488.30912,159.56135988924024,624.1393742823777
