name,transf,client,payoff,total,sessions
test_6month_sac_pred_noise_5c_264,3538.567772423028,9929.387430399998,881.6875054342313,5509.132152542739,df_elaad_preproc_l6months.csv
