name,transf,client,payoff,total,sessions
test_6month_sac_pred_noise_1a_177,2839.5811068968455,9929.387430399998,893.2217503396156,6196.584573163537,df_elaad_preproc_l6months.csv
