name,transf,client,payoff,total
val_month_sac_gen_J_e_392,654.0936381688769,1488.30912,159.56135988924024,674.6541219418827
