name,transf,client,payoff,total,sessions
test_6month_sac_pred_noise_4d_163,4377.285725258907,9929.387430399998,891.2211003728393,4660.880604768252,df_elaad_preproc_l6months.csv
