name,transf,client,payoff,total
val_month_sac_gen_J_a_138,659.1605602304277,1488.30912,159.56135988924024,669.587199880332
