name,transf,client,payoff,total
train_month_sac_gen_J_t_228,2045.719620465953,4306.918592,417.9096673275943,1843.2893042064525
