name,transf,client,payoff,total
val_month_sac_gen_J_w_282,554.6064097138109,1488.30912,155.96206259448996,777.740647691699
