name,transf,client,payoff,total
test_month_sac_gen_J_c_20,772.9635113145797,1468.334912,149.17516390639216,546.1962367790281
