name,transf,client,payoff,total
test_month_sac_gen_J_l_239,660.199605308187,1468.334912,149.17516390639216,658.9601427854209
