name,transf,client,payoff,total
test_month_sac_gen_J_b_219,694.3879473021047,1468.334912,149.17516390639216,624.7718007915031
