name,transf,client,payoff,total
test_month_sac_gen_J_l_410,637.3274427790722,1468.334912,149.17516390639216,681.8323053145357
