name,transf,client,payoff,total
val_month_sac_gen_J_j_158,618.3108009198291,1488.30912,159.56135988924024,710.4369591909306
