name,transf,client,payoff,total
test_month_sac_gen_I_w_29,706.3336888871727,1468.334912,149.17516390639216,612.8260592064352
