name,transf,client,payoff,total
train_month_sac_gen_I_y_131,-50.17715389265339,4306.918592,419.84382946365963,3937.2519164289934
