name,transf,client,payoff,total,sessions
test_6month_sac_gen_4m_61,3043.8194462065912,9929.387430399998,891.2211003728393,5994.346883820568,df_elaad_preproc_l6months.csv
