name,transf,client,payoff,total,sessions
test_6month_sac_gen_2o_139,2836.6730070132744,9929.387430399998,886.8210602299855,6205.893363156738,df_elaad_preproc_l6months.csv
