name,transf,client,payoff,total
train_month_sac_c_476,1041.4981769065778,2289.492687923877,157.2012507240518,1090.7932602932474
