name,transf,client,payoff,total
train_month_sac_gen_I_k_157,2049.4381983468456,4306.918592,422.3108412815719,1835.1695523715825
