name,transf,client,payoff,total
train_month_sac_gen_I_p_323,2185.0298727224117,4306.918592,422.3108412815719,1699.5778779960165
