name,transf,client,payoff,total
train_month_sac_gen_J_c_406,2031.4960159038335,4306.918592,422.3108412815719,1853.1117348145945
