name,transf,client,payoff,total
val_month_sac_gen_J_v_284,605.1860329936777,1488.30912,155.96206259448996,727.1610244118322
