name,transf,client,payoff,total
train_month_sac_gen_J_a_445,1983.6038080689304,4306.918592,422.3108412815719,1901.0039426494977
