name,transf,client,payoff,total
test_month_sac_gen_J_v_376,620.2367665630052,1468.334912,148.50825484764397,699.589890589351
