name,transf,client,payoff,total
val_month_sac_gen_I_b_169,628.4516402154277,1488.30912,159.56135988924024,700.2961198953319
