name,transf,client,payoff,total
train_month_sac_c_961,1028.601196874972,2289.492687923877,157.2012507240518,1103.6902403248532
