name,transf,client,payoff,total,sessions
test_6month_sac_pred_noise_1b_243,3051.472905350044,9929.387430399998,893.2217503396156,5984.692774710338,df_elaad_preproc_l6months.csv
