name,transf,client,payoff,total
val_month_sac_gen_J_y_235,627.3069936976003,1488.30912,155.96206259448996,705.0400637079097
