name,transf,client,payoff,total
train_month_sac_gen_J_h_271,2058.890572691651,4306.918592,422.3108412815719,1825.7171780267772
