name,transf,client,payoff,total,sessions
test_6month_sac_pred_noise_2b_50,3235.3131120902644,9929.387430399998,897.4875555656347,5796.586762744099,df_elaad_preproc_l6months.csv
