name,transf,client,payoff,total,sessions
test_6month_sac_pred_noise_3d_283,4461.614852416746,9929.387430399998,889.2877424740021,4578.484835509251,df_elaad_preproc_l6months.csv
