name,transf,client,payoff,total
train_month_sac_gen_I_j_247,2035.4027607075122,4306.918592,422.3108412815719,1849.204990010916
