name,transf,client,payoff,total,sessions
test_6month_sac_gen_1l_43,3127.4288207345894,9929.387430399998,886.8210602299855,5915.137549435423,df_elaad_preproc_l6months.csv
