name,transf,client,payoff,total,sessions
test_month_sac_gen_G_c_229,1072.8994886622686,1468.334912,148.50825484764397,246.92716849008747,df_elaad_preproc_apr.csv
