name,transf,client,payoff,total
val_month_sac_gen_J_f_448,632.0755042144572,1488.30912,159.56135988924024,696.6722558963024
