name,transf,client,payoff,total
test_month_sac_gen_J_b_186,699.2388971561306,1468.334912,149.17516390639216,619.9208509374772
