name,transf,client,payoff,total
train_month_sac_gen_J_t_459,2017.1167287147914,4306.918592,417.9096673275943,1871.8921959576141
