name,transf,client,payoff,total
val_month_sac_gen_I_p_17,768.8199030307734,1488.30912,159.56135988924024,559.9278570799863
