name,transf,client,payoff,total,sessions
test_6month_sac_gen_j_242,3023.1798033256778,9929.387430399998,886.8210602299855,6019.386566844334,df_elaad_preproc_l6months.csv
