name,transf,client,payoff,total
train_month_sac_gen_J_m_114,1910.1159138178843,4306.918592,422.3108412815719,1974.4918369005436
