name,transf,client,payoff,total
train_month_sac_gen_I_q_433,2249.389511824701,4306.918592,422.3108412815719,1635.2182388937272
