name,transf,client,payoff,total,sessions
test_6month_sac_pred_noise_2e_182,4975.511362128709,9929.387430399998,897.4875555656347,4056.3885127056546,df_elaad_preproc_l6months.csv
