name,transf,client,payoff,total
val_month_sac_gen_I_e_353,602.5394841711574,1488.30912,155.96206259448996,729.8075732343525
