name,transf,client,payoff,total
val_month_sac_gen_J_o_129,659.3655899655873,1488.30912,159.56135988924024,669.3821701451723
