name,transf,client,payoff,total
test_month_sac_gen_J_l_174,697.9607045027166,1468.334912,149.17516390639216,621.1990435908913
