name,transf,client,payoff,total
val_month_sac_gen_I_n_71,627.1327535197137,1488.30912,159.56135988924024,701.615006591046
