name,transf,client,payoff,total,sessions
test_6month_sac_gen_4m_111,3007.571630227458,9929.387430399998,891.2211003728393,6030.594699799702,df_elaad_preproc_l6months.csv
