name,transf,client,payoff,total
train_month_sac_gen_J_v_428,2022.730766837129,4306.918592,417.9096673275943,1866.2781578352765
