name,transf,client,payoff,total
val_month_sac_gen_I_w_47,721.9759834820987,1488.30912,159.56135988924024,606.771776628661
