name,transf,client,payoff,total,sessions
test_6month_sac_gen_3m_145,2866.732246918802,9929.387430399998,889.2877424740021,6173.367441007194,df_elaad_preproc_l6months.csv
