name,transf,client,payoff,total
train_month_sac_gen_I_w_327,-7651.146953541506,4306.918592,422.3108412815719,11535.754704259934
