name,transf,client,payoff,total
val_month_sac_gen_J_x_207,684.141001883286,1488.30912,159.56135988924024,644.6067582274736
