name,transf,client,payoff,total
train_month_sac_gen_J_n_497,1781.7930880643428,4306.918592,422.3108412815719,2102.8146626540856
