name,transf,client,payoff,total
test_month_sac_gen_J_y_204,653.7142524206737,1468.334912,148.50825484764397,666.1124047316823
