name,transf,client,payoff,total
train_month_sac_gen_I_q_316,2259.709237901545,4306.918592,422.3108412815719,1624.8985128168833
