name,transf,client,payoff,total
test_month_sac_gen_J_f_69,685.6634839510472,1468.334912,149.17516390639216,633.4962641425607
