name,transf,client,payoff,total
test_month_sac_gen_I_f_391,725.5741832493454,1468.334912,147.8419170286109,594.9188117220438
