name,transf,client,payoff,total,sessions
test_6month_sac_gen_4m_43,3073.8113683302763,9929.387430399998,891.2211003728393,5964.354961696883,df_elaad_preproc_l6months.csv
