name,transf,client,payoff,total
train_month_sac_gen_I_l_327,2028.243179886586,4306.918592,422.3108412815719,1856.3645708318422
