name,transf,client,payoff,total
val_month_sac_gen_J_j_309,601.130080761169,1488.30912,159.56135988924024,727.6176793495906
