name,transf,client,payoff,total
train_month_sac_gen_I_z_337,160.22830250891855,4306.918592,421.5105726564419,3725.1797168346397
