name,transf,client,payoff,total,sessions
test_6month_sac_gen_3m_96,3089.9480981202387,9929.387430399998,886.8210602299855,5952.6182720497745,df_elaad_preproc_l6months.csv
