name,transf,client,payoff,total
test_month_sac_gen_J_r_431,678.8049815872349,1468.334912,149.17516390639216,640.3547665063729
