name,transf,client,payoff,total
val_month_sac_gen_G_b_210,605.1351701253592,1488.30912,159.09496226131247,724.0789876133282
