name,transf,client,payoff,total
test_month_sac_gen_a_98,756.8490427109373,1488.30912,159.56135988924024,571.8987173998223
