name,transf,client,payoff,total
train_month_sac_gen_J_i_95,2061.0546836185695,4306.918592,422.3108412815719,1823.5530670998587
