name,transf,client,payoff,total
train_month_sac_gen_J_n_170,1908.0621875788195,4306.918592,422.3108412815719,1976.545563139609
