name,transf,client,payoff,total
val_month_sac_gen_I_m_190,644.003531803997,1488.30912,159.56135988924024,684.7442283067626
