name,transf,client,payoff,total
test_sac_b_c_6,7255.558833382502,18301.238246399997,1736.5228628156017,9309.156550201893
