name,transf,client,payoff,total
train_month_sac_gen_J_a_270,2006.162398360775,4306.918592,422.3108412815719,1878.445352357653
