name,transf,client,payoff,total
test_month_sac_gen_I_c_483,681.4537184916855,1468.334912,149.17516390639216,637.7060296019223
