name,transf,client,payoff,total
test_month_sac_gen_I_k_2,866.6729766030612,1468.334912,149.17516390639216,452.48677149054663
