name,transf,client,payoff,total
val_month_sac_gen_I_b_120,648.4734739714945,1488.30912,159.56135988924024,680.2742861392651
