name,transf,client,payoff,total
train_month_sac_gen_J_z_40,559.6760045970557,1349.0472576000002,122.52078376517724,666.8504692377672
