name,transf,client,payoff,total
test_month_sac_gen_J_b_35,752.7860601858954,1468.334912,149.17516390639216,566.3736879077125
