name,transf,client,payoff,total
test_month_sac_gen_J_y_186,650.6709997913357,1468.334912,148.50825484764397,669.1556573610203
