name,transf,client,payoff,total
train_month_sac_gen_I_x_197,-6976.088836057925,4306.918592,422.510270647579,10860.497157410346
