name,transf,client,payoff,total
val_month_sac_gen_J_i_208,644.5527390098076,1488.30912,159.56135988924024,684.1950211009521
