name,transf,client,payoff,total,sessions
test_6month_sac_gen_2o_52,3140.9840907109656,9929.387430399998,886.8210602299855,5901.582279459048,df_elaad_preproc_l6months.csv
