name,transf,client,payoff,total
val_month_sac_gen_J_q_371,641.9789350496103,1488.30912,159.56135988924024,686.7688250611493
