name,transf,client,payoff,total
val_month_sac_gen_J_l_184,612.1244656307191,1488.30912,159.56135988924024,716.6232944800406
