name,transf,client,payoff,total
train_month_sac_gen_J_u_164,1962.5444851713048,4306.918592,422.6436774059385,1921.730429422757
