name,transf,client,payoff,total,sessions
test_6month_sac_pred_noise_5c_32,3786.1411286125167,9929.387430399998,881.6875054342313,5261.558796353251,df_elaad_preproc_l6months.csv
