name,transf,client,payoff,total
val_month_sac_gen_I_d_425,627.0419303304786,1488.30912,159.56135988924024,701.705829780281
