name,transf,client,payoff,total
train_month_sac_gen_I_o_318,2134.396375582573,4306.918592,422.3108412815719,1750.2113751358552
