name,transf,client,payoff,total
test_month_sac_gen_I_l_359,692.2808628202608,1468.334912,149.17516390639216,626.878885273347
