name,transf,client,payoff,total
test_month_sac_gen_J_b_438,692.4888465182828,1468.334912,149.17516390639216,626.670901575325
