name,transf,client,payoff,total
val_month_sac_gen_I_g_496,812.0650581472844,1488.30912,159.56135988924024,516.6827019634752
