name,transf,client,payoff,total
val_month_sac_gen_I_o_225,698.9240823547192,1488.30912,159.56135988924024,629.8236777560405
