name,transf,client,payoff,total
train_month_sac_gen_J_d_15,2218.336549679192,4306.918592,422.3108412815719,1666.271201039236
