name,transf,client,payoff,total,sessions
6month_sac_disagg_5e_HLL,5452.857020811307,9929.387430399998,881.6875054342313,3594.84290415446,df_elaad_preproc_l6months.csv
