name,transf,client,payoff,total,sessions
test_6month_sac_gen_e_87,2987.9070038010777,9929.387430399998,886.8210602299855,6054.659366368935,df_elaad_preproc_l6months.csv
