name,transf,client,payoff,total
test_month_sac_gen_J_h_480,736.8973970783618,1468.334912,149.17516390639216,582.262351015246
