name,transf,client,payoff,total
val_month_sac_gen_I_i_315,655.6880440984901,1488.30912,159.56135988924024,673.0597160122695
