name,transf,client,payoff,total
test_month_sac_gen_I_y_13,733.9908622435487,1468.334912,149.17516390639216,585.1688858500592
