name,transf,client,payoff,total
train_month_sac_c_618,1028.0554963366174,2289.492687923877,157.2012507240518,1104.2359408632078
