name,transf,client,payoff,total
test_month_sac_gen_J_e_196,691.4206697079503,1468.334912,149.17516390639216,627.7390783856575
