name,transf,client,payoff,total
test_month_sac_gen_J_p_127,664.8690952877197,1468.334912,149.17516390639216,654.2906528058882
