name,transf,client,payoff,total
train_month_sac_gen_I_v_192,-3.602866520666055,4306.918592,423.7773216789616,3886.7441368417044
