name,transf,client,payoff,total
val_month_sac_gen_I_e_313,601.4416764394431,1488.30912,155.96206259448996,730.9053809660668
