name,transf,client,payoff,total,sessions
test_6month_sac_gen_3l_174,2790.829000813449,9929.387430399998,886.8210602299855,6251.737369356564,df_elaad_preproc_l6months.csv
