name,transf,client,payoff,total,sessions
test_6month_sac_gen_1n_69,3050.905302744556,9929.387430399998,886.8210602299855,5991.661067425457,df_elaad_preproc_l6months.csv
