name,transf,client,payoff,total
val_month_sac_gen_J_k_412,558.4978903518681,1488.30912,159.56135988924024,770.2498697588915
