name,transf,client,payoff,total,sessions
test_6month_sac_gen_2m_48,3098.977961958647,9929.387430399998,897.4875555656347,5932.921912875717,df_elaad_preproc_l6months.csv
