name,transf,client,payoff,total
val_month_sac_gen_I_a_370,648.2661286591542,1488.30912,159.56135988924024,680.4816314516054
