name,transf,client,payoff,total
train_sac_gen_a_11,69515.11251422304,149467.68812980913,8931.975524612415,71020.60009097368
