name,transf,client,payoff,total
val_month_sac_gen_I_y_91,684.9209634705264,1488.30912,159.56135988924024,643.8267966402332
