name,transf,client,payoff,total
train_month_sac_gen_J_c_39,2306.48430577984,4306.918592,422.3108412815719,1578.1234449385884
