name,transf,client,payoff,total
train_month_sac_gen_f_43,1060.9269648781785,2818.609472,260.61601955727735,1497.0664875645443
