name,transf,client,payoff,total
test_month_sac_gen_I_q_284,771.5861799954135,1468.334912,149.17516390639216,547.5735680981943
