name,transf,client,payoff,total
val_month_sac_gen_J_i_123,653.4736154845796,1488.30912,159.56135988924024,675.27414462618
