name,transf,client,payoff,total,sessions
test_6month_sac_gen_e_201,2757.47742369552,9929.387430399998,886.8210602299855,6285.088946474492,df_elaad_preproc_l6months.csv
