name,transf,client,payoff,total,sessions
test_6month_sac_pred_noise_2d_227,4514.870455558497,9929.387430399998,897.4875555656347,4517.0294192758665,df_elaad_preproc_l6months.csv
