name,transf,client,payoff,total
month_sac_IX_g,1189.8956021261238,1469.5622144,138.54811057986427,141.11850169401185
