name,transf,client,payoff,total
test_month_sac_gen_J_t_422,637.2152959789305,1468.334912,148.50825484764397,682.6113611734256
