name,transf,client,payoff,total
val_month_sac_gen_J_p_168,650.657378306941,1488.30912,159.56135988924024,678.0903818038187
