name,transf,client,payoff,total
test_month_sac_gen_I_q_98,778.9185379425417,1468.334912,149.17516390639216,540.2412101510662
