name,transf,client,payoff,total
val_month_sac_gen_I_y_114,684.4039656595421,1488.30912,159.56135988924024,644.3437944512175
