name,transf,client,payoff,total,sessions
test_6month_sac_gen_5m_175,2953.769192688953,9929.387430399998,886.8210602299855,6088.797177481059,df_elaad_preproc_l6months.csv
