name,transf,client,payoff,total
test_month_sac_gen_J_u_300,601.1582703973968,1468.334912,148.50825484764397,718.6683867549593
