name,transf,client,payoff,total
test_month_sac_gen_J_o_49,726.3705341182882,1468.334912,149.17516390639216,592.7892139753196
