name,transf,client,payoff,total
val_month_sac_gen_I_q_416,739.0661319526946,1488.30912,159.56135988924024,589.681628158065
