name,transf,client,payoff,total
val_month_sac_gen_J_j_121,628.8576768834662,1488.30912,159.56135988924024,699.8900832272934
