name,transf,client,payoff,total
test_month_sac_gen_I_a_122,706.1806218033937,1468.334912,149.17516390639216,612.9791262902141
