name,transf,client,payoff,total
val_month_sac_gen_I_d_231,633.7347909202972,1488.30912,159.56135988924024,695.0129691904624
