name,transf,client,payoff,total
train_month_sac_gen_I_o_6,2457.6005087700314,4306.918592,422.3108412815719,1427.0072419483968
