name,transf,client,payoff,total
test_month_sac_gen_I_b_351,692.4238785939563,1468.334912,149.17516390639216,626.7358694996516
