name,transf,client,payoff,total
val_month_sac_gen_b_80,639.6302762262886,1349.0472576000002,118.32161810264896,591.0953632710626
