name,transf,client,payoff,total
val_month_sac_gen_J_v_231,608.4620641597876,1488.30912,155.96206259448996,723.8849932457224
