name,transf,client,payoff,total
train_month_sac_gen_I_s_17,1968.3609079718813,4306.918592,422.3108412815719,1916.246842746547
