name,transf,client,payoff,total
val_month_sac_gen_I_m_361,629.4403191329278,1488.30912,159.56135988924024,699.3074409778319
