name,transf,client,payoff,total
val_month_sac_gen_J_l_43,690.6451285746209,1488.30912,159.56135988924024,638.1026315361387
