name,transf,client,payoff,total
test_month_sac_gen_G_b_144,648.8832830841507,1468.334912,148.64140204911905,670.8102268667303
