name,transf,client,payoff,total
train_month_sac_gen_I_h_122,2052.3758997071996,4306.918592,422.3108412815719,1832.2318510112286
