name,transf,client,payoff,total
train_month_sac_gen_I_c_232,2097.0762921401674,4306.918592,422.3108412815719,1787.5314585782608
