name,transf,client,payoff,total
val_month_sac_gen_I_n_69,633.5919067453572,1488.30912,159.56135988924024,695.1558533654024
