name,transf,client,payoff,total
train_month_sac_gen_J_d_88,2119.1214106134794,4306.918592,422.3108412815719,1765.4863401049488
