name,transf,client,payoff,total
test_month_sac_gen_I_g_422,885.1863761294474,1468.334912,149.17516390639216,433.9733719641605
