name,transf,client,payoff,total
test_month_sac_gen_I_a_296,698.9089784266819,1468.334912,149.17516390639216,620.250769666926
