name,transf,client,payoff,total
train_month_sac_gen_f_42,1125.2412496927964,2818.609472,258.4150382539467,1434.953184053257
