name,transf,client,payoff,total
val_month_sac_gen_I_t_12,750.1574045600063,1488.30912,159.56135988924024,578.5903555507534
