name,transf,client,payoff,total
test_month_sac_gen_I_u_144,696.6964591029974,1468.334912,149.17516390639216,622.4632889906104
