name,transf,client,payoff,total
train_month_sac_gen_J_a_181,2030.1462692686107,4306.918592,422.3108412815719,1854.4614814498173
