name,transf,client,payoff,total
train_month_sac_gen_I_f_39,2285.0453455030042,4306.918592,421.11038371791597,1600.7628627790798
