name,transf,client,payoff,total
train_month_sac_gen_J_n_248,1851.633075943855,4306.918592,422.3108412815719,2032.974674774573
