name,transf,client,payoff,total,sessions
test_6month_sac_gen_4l_246,2980.278483382761,9929.387430399998,886.8210602299855,6062.287886787251,df_elaad_preproc_l6months.csv
