name,transf,client,payoff,total,sessions
test_6month_sac_pred_noise_3e_179,5164.965036082682,9929.387430399998,889.2877424740021,3875.1346518433143,df_elaad_preproc_l6months.csv
