name,transf,client,payoff,total
train_month_sac_gen_J_i_474,1963.736841522187,4306.918592,422.3108412815719,1920.870909196241
