name,transf,client,payoff,total
train_month_sac_gen_J_e_450,1997.7497432477608,4306.918592,422.3108412815719,1886.8580074706674
