name,transf,client,payoff,total
val_month_sac_gen_I_v_167,660.0160497687173,1488.30912,159.56135988924024,668.7317103420423
