name,transf,client,payoff,total,sessions
test_6month_sac_gen_f_129,2922.3029426836815,9929.387430399998,886.8210602299855,6120.26342748633,df_elaad_preproc_l6months.csv
