name,transf,client,payoff,total
train_month_sac_gen_G_b_145,928.1623861018313,1469.5622144,140.42797823010963,400.971850068059
