name,transf,client,payoff,total
train_month_sac_gen_J_t_191,2058.4499410059143,4306.918592,417.9096673275943,1830.5589836664913
