name,transf,client,payoff,total
val_month_sac_gen_I_z_127,706.1913293444878,1488.30912,159.56135988924024,622.5564307662719
