name,transf,client,payoff,total
train_month_sac_gen_J_u_35,2135.616457085098,4306.918592,421.4439874773858,1749.8581474375164
