name,transf,client,payoff,total,sessions
test_6month_sac_pred_noise_3e_245,5386.7665252528495,9929.387430399998,889.2877424740021,3653.3331626731465,df_elaad_preproc_l6months.csv
