name,transf,client,payoff,total
test_month_sac_gen_J_k_179,640.8459589869015,1468.334912,149.17516390639216,678.3137891067064
