name,transf,client,payoff,total,sessions
test_6month_sac_pred_noise_4c_142,3588.935795264996,9929.387430399998,891.2211003728393,5449.230534762163,df_elaad_preproc_l6months.csv
