name,transf,client,payoff,total
train_month_sac_gen_G_b_131,913.2876231107124,1469.5622144,142.96080709824537,413.31378419104215
