name,transf,client,payoff,total
val_month_sac_gen_I_d_354,629.834037144688,1488.30912,159.56135988924024,698.9137229660716
