name,transf,client,payoff,total
train_month_sac_gen_J_j_496,1842.1012093087988,4306.918592,422.3108412815719,2042.5065414096293
