name,transf,client,payoff,total
val_month_sac_c_10,2376.4974506122694,2277.450960542104,145.3079860330326,-244.354476103198
