name,transf,client,payoff,total
test_month_sac_gen_I_p_102,765.5344636562577,1468.334912,149.17516390639216,553.6252844373502
