name,transf,client,payoff,total
train_month_sac_gen_I_r_305,1944.9304567596982,4306.918592,419.64414295604405,1942.3439922842576
