name,transf,client,payoff,total
val_month_sac_gen_J_b_60,683.8858045730001,1488.30912,159.56135988924024,644.8619555377595
