name,transf,client,payoff,total,sessions
test_6month_sac_gen_2m_172,2943.950799515751,9929.387430399998,886.8210602299855,6098.615570654261,df_elaad_preproc_l6months.csv
