name,transf,client,payoff,total
train_month_sac_gen_J_v_265,2058.997336484139,4306.918592,417.9096673275943,1830.0115881882666
