name,transf,client,payoff,total
val_month_sac_gen_J_r_469,630.8608797040647,1488.30912,159.56135988924024,697.8868804066949
