name,transf,client,payoff,total
test_month_sac_gen_I_h_497,710.8941573547121,1468.334912,149.17516390639216,608.2655907388958
