name,transf,client,payoff,total
val_month_sac_gen_J_n_283,594.0507821403203,1488.30912,159.56135988924024,734.6969779704393
