name,transf,client,payoff,total
test_month_sac_gen_J_s_332,570.3022050513302,1468.334912,148.50825484764397,749.5244521010259
