name,transf,client,payoff,total
test_month_sac_gen_I_s_191,681.0446786734254,1468.334912,149.17516390639216,638.1150694201824
