name,transf,client,payoff,total
val_month_sac_gen_J_w_146,576.965348847735,1488.30912,155.96206259448996,755.381708557775
