name,transf,client,payoff,total,sessions
test_6month_sac_pred_noise_2c_191,3541.3992959185534,9929.387430399998,897.4875555656347,5490.50057891581,df_elaad_preproc_l6months.csv
