name,transf,client,payoff,total
val_month_sac_gen_I_o_88,713.3329468948211,1488.30912,159.56135988924024,615.4148132159385
