name,transf,client,payoff,total,sessions
test_6month_sac_pred_noise_2c_188,3576.079534217717,9929.387430399998,897.4875555656347,5455.820340616647,df_elaad_preproc_l6months.csv
