name,transf,client,payoff,total,sessions
test_6month_sac_pred_noise_5e_74,5188.5364308162225,9929.387430399998,881.6875054342313,3859.1634941495445,df_elaad_preproc_l6months.csv
