name,transf,client,payoff,total,sessions
test_6month_sac_gen_j_113,2940.1038158437054,9929.387430399998,886.8210602299855,6102.462554326306,df_elaad_preproc_l6months.csv
