name,transf,client,payoff,total
val_month_sac_gen_J_j_434,592.7231377792257,1488.30912,159.56135988924024,736.0246223315339
