name,transf,client,payoff,total
train_month_sac_gen_J_a_122,2060.1869929470236,4306.918592,422.3108412815719,1824.4207577714046
