name,transf,client,payoff,total
train_month_sac_gen_I_f_488,2088.794564343828,4306.918592,421.11038371791597,1797.013643938256
