name,transf,client,payoff,total
train_month_sac_gen_I_d_138,2022.1614780078041,4306.918592,422.3108412815719,1862.4462727106238
