name,transf,client,payoff,total
test_month_sac_gen_I_j_52,787.2155443585236,1468.334912,149.17516390639216,531.9442037350842
