name,transf,client,payoff,total
test_month_sac_gen_I_a_318,701.109802036498,1468.334912,149.17516390639216,618.0499460571099
