name,transf,client,payoff,total
val_month_sac_gen_J_h_160,668.830439197033,1488.30912,159.56135988924024,659.9173209137266
