name,transf,client,payoff,total
test_month_sac_gen_I_i_283,714.1807261082724,1468.334912,149.17516390639216,604.9790219853354
