name,transf,client,payoff,total,sessions
test_6month_sac_pred_noise_1c_27,3784.0178453975345,9929.387430399998,893.2217503396156,5252.147834662847,df_elaad_preproc_l6months.csv
