name,transf,client,payoff,total
val_month_sac_gen_I_i_62,672.4163101235976,1488.30912,159.56135988924024,656.3314499871622
