name,transf,client,payoff,total
test_month_sac_gen_J_w_367,588.3780294325226,1468.334912,148.50825484764397,731.4486277198334
