name,transf,client,payoff,total
test_month_sac_gen_J_u_433,580.5213757935804,1468.334912,148.50825484764397,739.3052813587756
