name,transf,client,payoff,total
train_month_sac_gen_J_p_78,2098.068993559581,4306.918592,422.3108412815719,1786.5387571588471
