name,transf,client,payoff,total
val_month_sac_gen_I_y_393,658.4872744525494,1488.30912,159.56135988924024,670.2604856582102
