name,transf,client,payoff,total
test_month_sac_gen_I_p_351,754.585942727091,1468.334912,149.17516390639216,564.5738053665168
