name,transf,client,payoff,total
test_month_sac_gen_I_d_211,666.9999622917734,1468.334912,149.17516390639216,652.1597858018345
