name,transf,client,payoff,total
test_month_sac_gen_I_b_335,692.3540473257376,1468.334912,149.17516390639216,626.8057007678702
