name,transf,client,payoff,total
test_month_sac_gen_I_j_264,715.716231244403,1468.334912,149.17516390639216,603.4435168492048
