name,transf,client,payoff,total,sessions
test_6month_sac_pred_noise_2c_60,3597.8190335032514,9929.387430399998,897.4875555656347,5434.080841331112,df_elaad_preproc_l6months.csv
