name,transf,client,payoff,total
train_month_sac_gen_I_q_439,2245.4631793045,4306.918592,422.3108412815719,1639.1445714139281
