name,transf,client,payoff,total,sessions
test_6month_sac_gen_2m_108,3070.996187805231,9929.387430399998,886.8210602299855,5971.570182364781,df_elaad_preproc_l6months.csv
