name,transf,client,payoff,total
train_month_sac_gen_J_p_178,2014.2402623215714,4306.918592,422.3108412815719,1870.367488396857
