name,transf,client,payoff,total
train_month_sac_gen_I_l_333,2020.5982021987547,4306.918592,422.3108412815719,1864.0095485196734
