name,transf,client,payoff,total
val_month_sac_gen_I_p_91,723.2599708282396,1488.30912,159.56135988924024,605.48778928252
