name,transf,client,payoff,total
test_month_sac_gen_I_r_27,704.6971126136445,1468.334912,149.17516390639216,614.4626354799633
