name,transf,client,payoff,total
test_month_sac_gen_J_f_261,669.8657485774141,1468.334912,149.17516390639216,649.2939995161937
