name,transf,client,payoff,total
train_month_sac_gen_I_t_2,2555.7104839825447,4306.918592,419.97719204780174,1331.2309159696536
