name,transf,client,payoff,total
train_month_sac_gen_I_r_174,1981.1795717285281,4306.918592,418.7769702765704,1906.9620499949015
