name,transf,client,payoff,total
val_month_sac_gen_I_d_5,736.5933160450686,1488.30912,159.56135988924024,592.154444065691
