name,transf,client,payoff,total,sessions
test_6month_sac_pred_noise_3e_294,5187.38717262038,9929.387430399998,889.2877424740021,3852.7125153056163,df_elaad_preproc_l6months.csv
