name,transf,client,payoff,total
test_month_sac_gen_I_e_497,644.7119650715418,1468.334912,148.50825484764397,675.1146920808142
