name,transf,client,payoff,total
train_month_sac_gen_J_q_237,2040.563282872513,4306.918592,422.3108412815719,1844.0444678459153
