name,transf,client,payoff,total
test_month_sac_gen_J_q_238,689.9170175203799,1468.334912,149.17516390639216,629.242730573228
