name,transf,client,payoff,total
val_month_sac_gen_J_d_2,740.3238710355952,1488.30912,159.56135988924024,588.4238890751644
