name,transf,client,payoff,total,sessions
test_6month_sac_pred_noise_1a_57,3160.2987333236415,9929.387430399998,893.2217503396156,5875.866946736741,df_elaad_preproc_l6months.csv
