name,transf,client,payoff,total
val_month_sac_gen_J_s_420,531.2095700185479,1488.30912,155.96206259448996,801.137487386962
