name,transf,client,payoff,total
test_month_sac_gen_I_x_146,765.077773214,1468.334912,149.17516390639216,554.0819748796079
