name,transf,client,payoff,total
train_month_sac_gen_J_w_472,1864.796737736232,4306.918592,421.24358661754957,2020.8782676462183
