name,transf,client,payoff,total,sessions
test_6month_sac_gen_1m_11,4266.0267810363075,9929.387430399998,886.8210602299855,4776.539589133705,df_elaad_preproc_l6months.csv
