name,transf,client,payoff,total
test_month_sac_gen_I_u_421,671.4599787643833,1468.334912,149.17516390639216,647.6997693292245
