name,transf,client,payoff,total,sessions
test_6month_sac_pred_noise_3d_160,4413.496922505831,9929.387430399998,889.2877424740021,4626.602765420165,df_elaad_preproc_l6months.csv
