name,transf,client,payoff,total
test_month_sac_gen_J_a_307,690.249709218374,1468.334912,149.17516390639216,628.9100388752338
