name,transf,client,payoff,total,sessions
test_6month_sac_pred_noise_4b_115,3256.985991743326,9929.387430399998,891.2211003728393,5781.180338283833,df_elaad_preproc_l6months.csv
