name,transf,client,payoff,total
train_month_sac_gen_J_g_33,2182.7949341778194,4306.918592,422.3108412815719,1701.8128165406088
