name,transf,client,payoff,total
train_month_sac_gen_I_n_348,1901.173339412289,4306.918592,422.3108412815719,1983.4344113061393
