name,transf,client,payoff,total,sessions
test_6month_sac_gen_2n_156,2894.032208986784,9929.387430399998,886.8210602299855,6148.534161183228,df_elaad_preproc_l6months.csv
