name,transf,client,payoff,total
test_month_sac_gen_J_c_76,716.3174528999325,1468.334912,149.17516390639216,602.8422951936753
