name,transf,client,payoff,total
val_month_sac_gen_J_u_444,532.7676448057516,1488.30912,155.96206259448996,799.5794125997584
