name,transf,client,payoff,total
train_month_sac_gen_J_n_259,1845.9263011925227,4306.918592,422.3108412815719,2038.6814495259055
