name,transf,client,payoff,total
train_month_sac_gen_I_z_409,367.9391148913534,4306.918592,418.0436307839677,3520.935846324679
