name,transf,client,payoff,total
val_month_sac_gen_I_k_407,649.0539623621938,1488.30912,159.56135988924024,679.6937977485659
