name,transf,client,payoff,total,sessions
test_6month_sac_gen_3m_45,3043.4552434725633,9929.387430399998,889.2877424740021,5996.644444453434,df_elaad_preproc_l6months.csv
