name,transf,client,payoff,total
train_month_sac_gen_J_x_209,604.9325335965576,1349.0472576000002,120.52077346518433,623.5939505382582
