name,transf,client,payoff,total,sessions
test_6month_sac_gen_4l_101,3002.7253818897802,9929.387430399998,886.8210602299855,6039.840988280232,df_elaad_preproc_l6months.csv
