name,transf,client,payoff,total
val_month_sac_gen_J_j_423,594.2759520235994,1488.30912,159.56135988924024,734.4718080871603
