name,transf,client,payoff,total
test_month_sac_gen_d_61,908.1078894564417,1488.30912,159.56135988924024,420.6398706543179
