name,transf,client,payoff,total
test_month_sac_gen_I_m_171,678.1867633329296,1468.334912,149.17516390639216,640.9729847606783
