name,transf,client,payoff,total
val_month_sac_gen_J_p_187,650.8782036137394,1488.30912,159.56135988924024,677.8695564970203
