name,transf,client,payoff,total
val_month_sac_gen_I_q_432,736.1500761882376,1488.30912,159.56135988924024,592.597683922522
