name,transf,client,payoff,total,sessions
test_6month_sac_gen_1m_135,2854.9983449089327,9929.387430399998,886.8210602299855,6187.56802526108,df_elaad_preproc_l6months.csv
