name,transf,client,payoff,total
train_month_sac_gen_J_m_418,1789.1264701406355,4306.918592,422.3108412815719,2095.481280577793
