name,transf,client,payoff,total
test_month_sac_gen_I_q_410,772.8512322734517,1468.334912,149.17516390639216,546.3085158201561
