name,transf,client,payoff,total
test_month_sac_gen_I_x_56,775.328651896454,1468.334912,149.17516390639216,543.8310961971539
