name,transf,client,payoff,total
test_month_sac_gen_J_r_56,703.5407159079227,1468.334912,149.17516390639216,615.6190321856851
