name,transf,client,payoff,total
train_month_sac_gen_I_h_143,2044.1847282355557,4306.918592,422.3108412815719,1840.4230224828725
