name,transf,client,payoff,total
val_month_sac_c_225,1858.5218945866918,2277.450960542104,145.3079860330326,273.6210799223796
