name,transf,client,payoff,total
test_month_sac_gen_I_v_280,691.7285978303178,1468.334912,149.17516390639216,627.4311502632901
