name,transf,client,payoff,total
val_month_sac_gen_J_p_321,642.3159363326881,1488.30912,159.56135988924024,686.4318237780715
