name,transf,client,payoff,total
train_month_sac_gen_J_f_200,2019.6792847455285,4306.918592,422.3108412815719,1864.9284659728996
