name,transf,client,payoff,total
test_month_sac_gen_G_a_274,613.2318781176332,1468.334912,148.50825484764397,706.5947790347229
