name,transf,client,payoff,total,sessions
test_6month_sac_pred_noise_1d_150,4527.839216286715,9929.387430399998,893.2217503396156,4508.3264637736675,df_elaad_preproc_l6months.csv
