name,transf,client,payoff,total
test_month_sac_gen_J_o_161,691.2445322252821,1468.334912,149.17516390639216,627.9152158683257
