name,transf,client,payoff,total
val_month_sac_gen_G_b_148,639.487175684309,1488.30912,159.09496226131247,689.7269820543784
