name,transf,client,payoff,total
val_month_sac_gen_I_d_38,671.7028872347073,1488.30912,159.56135988924024,657.0448728760523
