name,transf,client,payoff,total
train_month_sac_gen_I_r_340,1940.3179937935515,4306.918592,419.4444092564507,1947.1561889499978
