name,transf,client,payoff,total
val_month_sac_gen_J_u_19,635.8998620615123,1488.30912,155.96206259448996,696.4471953439977
