name,transf,client,payoff,total
test_month_sac_gen_b_72,733.4730614018232,1488.30912,159.56135988924024,595.2746987089365
