name,transf,client,payoff,total
val_month_sac_gen_J_n_435,583.5343833333427,1488.30912,159.56135988924024,745.2133767774169
