name,transf,client,payoff,total
train_month_sac_gen_J_q_131,2075.260119054551,4306.918592,422.3108412815719,1809.347631663877
