name,transf,client,payoff,total
test_month_sac_gen_J_i_403,737.458559564414,1468.334912,149.17516390639216,581.7011885291938
