name,transf,client,payoff,total
val_month_sac_gen_J_j_113,626.374748015792,1488.30912,159.56135988924024,702.3730120949676
