name,transf,client,payoff,total
test_month_sac_gen_I_h_205,714.9682862482709,1468.334912,149.17516390639216,604.1914618453369
