name,transf,client,payoff,total
test_month_sac_gen_I_z_182,730.5029697228977,1468.334912,149.17516390639216,588.6567783707102
