name,transf,client,payoff,total
train_month_sac_gen_I_z_3,669.6326428703655,4306.918592,423.9102216728261,3213.3757274568084
