name,transf,client,payoff,total
train_month_sac_gen_J_p_43,2167.388025240084,4306.918592,422.3108412815719,1717.2197254783441
