name,transf,client,payoff,total
train_month_sac_gen_I_c_177,2111.2798191597044,4306.918592,422.3108412815719,1773.3279315587238
