name,transf,client,payoff,total
test_month_sac_gen_J_l_359,660.9602634925604,1468.334912,149.17516390639216,658.1994846010474
