name,transf,client,payoff,total
val_month_sac_c_560,1828.0313185517025,2277.450960542104,145.3079860330326,304.1116559573689
