name,transf,client,payoff,total
train_month_sac_gen_J_y_84,921.3467694714311,1469.5622144,142.82843054963385,405.38701437893496
