name,transf,client,payoff,total,sessions
train_month_sac_gen_G_d_98,581.6801592305728,1349.0472576000002,120.7875760604468,646.5795223089806,df_elaad_preproc_feb.csv
