name,transf,client,payoff,total
val_month_sac_gen_I_t_428,677.9731864313808,1488.30912,159.56135988924024,650.7745736793788
