name,transf,client,payoff,total
test_month_sac_gen_I_r_406,638.7773767012418,1468.334912,149.17516390639216,680.382371392366
