name,transf,client,payoff,total
train_month_sac_gen_I_b_63,2088.927514173338,4306.918592,422.3108412815719,1795.6802365450903
