name,transf,client,payoff,total,sessions
test_6month_sac_pred_noise_4d_120,4630.111051219068,9929.387430399998,891.2211003728393,4408.055278808091,df_elaad_preproc_l6months.csv
