name,transf,client,payoff,total
train_month_sac_gen_I_j_75,2178.3433239424876,4306.918592,422.3108412815719,1706.2644267759406
