name,transf,client,payoff,total
val_month_sac_gen_J_h_20,722.5227348841267,1488.30912,159.56135988924024,606.2250252266329
