name,transf,client,payoff,total
test_month_sac_c_690,1005.5299422376625,1469.5622144,135.21440678133106,328.8178653810064
