name,transf,client,payoff,total
train_month_sac_gen_J_k_142,1842.4990814806301,4306.918592,422.3108412815719,2042.108669237798
