name,transf,client,payoff,total
train_month_sac_gen_d_24,1151.1148904516267,1469.5622144,140.42776021465667,178.01956373371652
