name,transf,client,payoff,total
val_month_sac_gen_I_n_29,650.5859322105871,1488.30912,159.56135988924024,678.1618279001725
