name,transf,client,payoff,total
test_month_sac_gen_I_t_42,729.65694533588,1468.334912,149.17516390639216,589.5028027577279
