name,transf,client,payoff,total
val_month_sac_gen_I_h_239,645.1311606675126,1488.30912,159.56135988924024,683.616599443247
