name,transf,client,payoff,total
val_month_sac_gen_J_g_242,651.6235002565418,1488.30912,159.56135988924024,677.1242598542178
