name,transf,client,payoff,total
val_month_sac_gen_I_w_465,658.113431696163,1488.30912,159.56135988924024,670.6343284145967
