name,transf,client,payoff,total
test_month_sac_gen_J_j_257,639.709814030558,1468.334912,149.17516390639216,679.4499340630498
