name,transf,client,payoff,total,sessions
test_6month_sac_pred_noise_2e_71,5195.323521454542,9929.387430399998,897.4875555656347,3836.5763533798217,df_elaad_preproc_l6months.csv
