name,transf,client,payoff,total,sessions
test_6month_sac_gen_5m_150,2892.145772016108,9929.387430399998,886.8210602299855,6150.420598153905,df_elaad_preproc_l6months.csv
