name,transf,client,payoff,total
train_month_sac_gen_J_z_273,588.7146480134338,1488.30912,158.56141831073728,741.0330536758288
