name,transf,client,payoff,total
test_month_sac_gen_I_s_311,671.1990828969531,1468.334912,149.17516390639216,647.9606651966548
