name,transf,client,payoff,total
val_month_sac_gen_J_b_490,639.6859168027319,1488.30912,159.56135988924024,689.0618433080278
