name,transf,client,payoff,total
train_month_sac_gen_I_d_325,1978.9507634646116,4306.918592,422.3108412815719,1905.6569872538166
