name,transf,client,payoff,total
train_month_sac_gen_J_d_25,2209.4116853535015,4306.918592,422.3108412815719,1675.1960653649267
