name,transf,client,payoff,total,sessions
test_6month_sac_pred_noise_3c_124,3641.1510686580896,9929.387430399998,889.2877424740021,5398.948619267907,df_elaad_preproc_l6months.csv
