name,transf,client,payoff,total
val_month_sac_gen_c_40,645.7803149728618,1349.0472576000002,118.32161810264896,584.9453245244895
