name,transf,client,payoff,total
val_month_sac_c_16,2295.2018509988748,2277.450960542104,145.3079860330326,-163.05887648980337
