name,transf,client,payoff,total
val_month_sac_gen_I_q_6,816.7320167725509,1488.30912,159.56135988924024,512.0157433382087
