name,transf,client,payoff,total
train_month_sac_gen_J_i_69,2110.722900742535,4306.918592,422.3108412815719,1773.8848499758933
