name,transf,client,payoff,total,sessions
test_6month_sac_pred_noise_4b_218,3054.359582298236,9929.387430399998,891.2211003728393,5983.806747728923,df_elaad_preproc_l6months.csv
