name,transf,client,payoff,total
train_month_sac_gen_J_m_230,1841.7081741066136,4306.918592,422.3108412815719,2042.8995766118146
