name,transf,client,payoff,total,sessions
test_6month_sac_pred_noise_2c_277,3461.2162567668925,9929.387430399998,897.4875555656347,5570.683618067471,df_elaad_preproc_l6months.csv
