name,transf,client,payoff,total
test_month_sac_gen_J_l_338,649.2059810581744,1468.334912,149.17516390639216,669.9537670354334
