name,transf,client,payoff,total,sessions
test_6month_sac_gen_3l_113,2851.8054277641427,9929.387430399998,886.8210602299855,6190.76094240587,df_elaad_preproc_l6months.csv
