name,transf,client,payoff,total
val_month_sac_gen_I_r_91,628.5655737559157,1488.30912,159.56135988924024,700.1821863548439
