name,transf,client,payoff,total
val_month_sac_gen_I_a_88,695.5967710010851,1488.30912,159.56135988924024,633.1509891096746
