name,transf,client,payoff,total
val_month_sac_gen_I_l_142,658.9214763164853,1488.30912,159.56135988924024,669.8262837942743
