name,transf,client,payoff,total
test_month_sac_gen_a_69,910.9175754737895,1488.30912,159.56135988924024,417.83018463697016
