name,transf,client,payoff,total
train_month_sac_gen_J_j_494,1843.3836976570474,4306.918592,422.3108412815719,2041.2240530613808
