name,transf,client,payoff,total
train_month_sac_gen_I_n_461,1888.5796935237397,4306.918592,422.3108412815719,1996.0280571946887
