name,transf,client,payoff,total
train_month_sac_gen_I_j_224,2037.4505990279063,4306.918592,422.3108412815719,1847.157151690522
