name,transf,client,payoff,total,sessions
test_6month_sac_gen_c_0,6916.484071596196,9929.387430399998,886.8210602299855,2126.0822985738164,df_elaad_preproc_l6months.csv
