name,transf,client,payoff,total
test_month_sac_gen_J_k_15,690.6336663236633,1468.334912,149.17516390639216,628.5260817699445
