name,transf,client,payoff,total
test_month_sac_gen_I_p_437,751.3272205895098,1468.334912,149.17516390639216,567.832527504098
