name,transf,client,payoff,total,sessions
train_month_sac_pred_noise_b_213,537.5610743727128,1349.0472576000002,119.5209393311502,691.9652438961372,df_elaad_preproc_feb.csv
