name,transf,client,payoff,total,sessions
test_6month_sac_gen_4m_56,2973.475146581378,9929.387430399998,891.2211003728393,6064.6911834457815,df_elaad_preproc_l6months.csv
