name,transf,client,payoff,total
test_month_sac_gen_J_s_127,607.8981036943721,1468.334912,148.50825484764397,711.928553457984
