name,transf,client,payoff,total
train_month_sac_gen_J_m_170,1882.0029671642408,4306.918592,422.3108412815719,2002.6047835541876
