name,transf,client,payoff,total
train_month_sac_c_827,1026.8829987023953,2289.492687923877,157.2012507240518,1105.4084384974299
