name,transf,client,payoff,total
train_month_sac_gen_J_s_342,1854.8292950627103,4306.918592,424.10998346836334,2027.9793134689266
