name,transf,client,payoff,total
val_month_sac_gen_I_a_411,644.1192928980712,1488.30912,159.56135988924024,684.6284672126885
