name,transf,client,payoff,total
val_month_sac_gen_I_w_9,773.5233922576984,1488.30912,159.56135988924024,555.2243678530613
