name,transf,client,payoff,total,sessions
test_6month_sac_gen_f_114,2992.0362816888064,9929.387430399998,886.8210602299855,6050.530088481206,df_elaad_preproc_l6months.csv
