name,transf,client,payoff,total
train_month_sac_gen_J_v_159,2109.267672072967,4306.918592,417.9096673275943,1779.7412525994387
