name,transf,client,payoff,total,sessions
test_6month_sac_pred_noise_4d_146,4524.729065069111,9929.387430399998,891.2211003728393,4513.437264958048,df_elaad_preproc_l6months.csv
