name,transf,client,payoff,total,sessions
test_6month_sac_gen_3l_77,2983.4676274916783,9929.387430399998,886.8210602299855,6059.098742678334,df_elaad_preproc_l6months.csv
