name,transf,client,payoff,total
test_sac_gen_a_2,1729.1480964089392,1469.5622144,135.21440678133106,-394.8002887902703
