name,transf,client,payoff,total,sessions
test_6month_sac_gen_j_71,3093.0381444489494,9929.387430399998,886.8210602299855,5949.528225721064,df_elaad_preproc_l6months.csv
