name,transf,client,payoff,total
test_month_sac_gen_J_a_376,687.2526002748714,1468.334912,149.17516390639216,631.9071478187365
