name,transf,client,payoff,total
train_month_sac_gen_I_k_145,2051.0284454866937,4306.918592,422.3108412815719,1833.5793052317345
