name,transf,client,payoff,total,sessions
test_6month_sac_pred_noise_2d_139,4421.942999431796,9929.387430399998,897.4875555656347,4609.956875402568,df_elaad_preproc_l6months.csv
