name,transf,client,payoff,total
train_month_sac_gen_I_v_28,235.26161853592652,4306.918592,421.70971711650003,3649.9472563475733
