name,transf,client,payoff,total
train_month_sac_gen_I_f_95,2180.022995511248,4306.918592,421.11038371791597,1705.7852127708359
