name,transf,client,payoff,total
train_month_sac_gen_J_h_18,2297.2106076331506,4306.918592,422.3108412815719,1587.3971430852775
