name,transf,client,payoff,total,sessions
test_6month_sac_gen_1m_102,3106.4654314353456,9929.387430399998,893.2217503396156,5929.700248625037,df_elaad_preproc_l6months.csv
