name,transf,client,payoff,total
val_month_sac_gen_I_x_223,708.4954849519356,1488.30912,159.56135988924024,620.252275158824
