name,transf,client,payoff,total
test_month_sac_gen_J_r_143,696.8997367305378,1468.334912,149.17516390639216,622.26001136307
