name,transf,client,payoff,total
train_month_sac_gen_J_e_187,2036.1082746177115,4306.918592,422.3108412815719,1848.4994761007165
