name,transf,client,payoff,total
test_month_sac_gen_G_a_173,663.9456986461364,1468.334912,148.50825484764397,655.8809585062197
