name,transf,client,payoff,total
val_month_sac_gen_I_w_57,711.8823501342965,1488.30912,159.56135988924024,616.8654099764631
