name,transf,client,payoff,total,sessions
test_6month_sac_gen_4m_180,2939.269624166287,9929.387430399998,891.2211003728393,6098.896705860872,df_elaad_preproc_l6months.csv
