name,transf,client,payoff,total
train_month_sac_gen_J_s_78,2018.606865722044,4306.918592,419.4432142053772,1868.8685120725788
