name,transf,client,payoff,total
val_month_sac_gen_J_w_398,546.6837991630539,1488.30912,155.96206259448996,785.6632582424561
