name,transf,client,payoff,total
val_month_sac_gen_J_f_253,645.0295621305597,1488.30912,159.56135988924024,683.7181979801999
