name,transf,client,payoff,total
train_month_sac_gen_I_v_322,37.64154233328601,4306.918592,420.9102109696564,3848.366838697057
