name,transf,client,payoff,total
val_month_sac_c_502,1826.4227772547029,2277.450960542104,145.3079860330326,305.72019725436854
