name,transf,client,payoff,total
val_sac_c_15,14428.41511759134,30125.305835959498,1762.9897063291792,13933.90101203898
