name,transf,client,payoff,total,sessions
test_6month_sac_gen_1l_176,2841.798794015591,9929.387430399998,886.8210602299855,6200.7675761544215,df_elaad_preproc_l6months.csv
