name,transf,client,payoff,total,sessions
test_6month_sac_pred_noise_1d_130,4563.458280368477,9929.387430399998,893.2217503396156,4472.707399691905,df_elaad_preproc_l6months.csv
