name,transf,client,payoff,total
val_month_sac_gen_I_v_76,673.9969600686167,1488.30912,159.56135988924024,654.750800042143
