name,transf,client,payoff,total,sessions
train_month_sac_gen_G_e_7,769.9435111175654,1349.0472576000002,119.78766148167406,459.3160850007607,df_elaad_preproc_feb.csv
