name,transf,client,payoff,total,sessions
test_6month_sac_gen_1l_195,2794.559877920979,9929.387430399998,886.8210602299855,6248.006492249033,df_elaad_preproc_l6months.csv
