name,transf,client,payoff,total
train_month_sac_gen_d_41,-1928.2860170647768,1469.5622144,142.094741946743,3255.753489518034
