name,transf,client,payoff,total
train_month_sac_gen_J_q_405,2001.502891396182,4306.918592,422.3108412815719,1883.1048593222463
