name,transf,client,payoff,total
val_month_sac_gen_J_r_188,638.943954680874,1488.30912,159.56135988924024,689.8038054298856
