name,transf,client,payoff,total
val_month_sac_gen_I_r_478,593.310784002135,1488.30912,159.56135988924024,735.4369761086245
