name,transf,client,payoff,total
val_month_sac_gen_I_h_370,637.4426442356342,1488.30912,159.56135988924024,691.3051158751255
