name,transf,client,payoff,total
test_month_sac_gen_J_e_134,688.2864676913234,1468.334912,149.17516390639216,630.8732804022844
