name,transf,client,payoff,total
test_month_sac_gen_I_o_414,723.1651136111768,1468.334912,149.17516390639216,595.994634482431
