name,transf,client,payoff,total
val_month_sac_gen_J_g_97,671.2779454520033,1488.30912,159.56135988924024,657.4698146587564
