name,transf,client,payoff,total,sessions
test_6month_sac_gen_5m_79,3015.4211594025187,9929.387430399998,886.8210602299855,6027.145210767494,df_elaad_preproc_l6months.csv
