name,transf,client,payoff,total
val_month_sac_c_29,2027.0743463228782,2277.450960542104,145.3079860330326,105.06862818619317
