name,transf,client,payoff,total
test_month_sac_gen_I_n_83,677.3700509901062,1468.334912,149.17516390639216,641.7896971035017
