name,transf,client,payoff,total
train_month_sac_gen_J_w_353,1829.9335046438703,4306.918592,422.6436774059385,2054.3414099501915
