name,transf,client,payoff,total,sessions
test_6month_sac_gen_e_239,2748.367555790739,9929.387430399998,886.8210602299855,6294.198814379273,df_elaad_preproc_l6months.csv
