name,transf,client,payoff,total
test_month_sac_gen_J_c_192,696.6631864230062,1468.334912,149.17516390639216,622.4965616706016
