name,transf,client,payoff,total
train_month_sac_gen_I_a_251,2043.187152073272,4306.918592,422.3108412815719,1841.4205986451561
