name,transf,client,payoff,total
test_month_sac_gen_J_w_5,896.3821299008857,1468.334912,148.50825484764397,423.44452725147033
