name,transf,client,payoff,total
val_month_sac_gen_J_l_468,587.4431731089117,1488.30912,159.56135988924024,741.304587001848
