name,transf,client,payoff,total
test_month_sac_gen_I_f_71,780.4602085495183,1468.334912,147.8419170286109,540.0327864218709
