name,transf,client,payoff,total,sessions
test_6month_sac_gen_4m_7,3710.6719834371543,9929.387430399998,886.8210602299855,5331.894386732858,df_elaad_preproc_l6months.csv
