name,transf,client,payoff,total
val_month_sac_gen_I_j_458,654.6462280745776,1488.30912,159.56135988924024,674.1015320361821
