name,transf,client,payoff,total
train_month_sac_gen_J_k_298,1792.0334257835198,4306.918592,422.3108412815719,2092.5743249349084
