name,transf,client,payoff,total
val_month_sac_gen_I_l_175,651.0548407265712,1488.30912,159.56135988924024,677.6929193841884
