name,transf,client,payoff,total,sessions
test_6month_sac_pred_noise_4b_166,3197.1049099719776,9929.387430399998,891.2211003728393,5841.061420055182,df_elaad_preproc_l6months.csv
