name,transf,client,payoff,total
month_sac_IX_d,941.2663108657738,1469.5622144,139.88128216972385,388.4146213645023
