name,transf,client,payoff,total,sessions
test_6month_sac_pred_noise_4a_110,2874.013908148548,9929.387430399998,891.2211003728393,6164.152421878611,df_elaad_preproc_l6months.csv
