name,transf,client,payoff,total
test_month_sac_gen_J_q_77,716.2812278760975,1468.334912,149.17516390639216,602.8785202175103
