name,transf,client,payoff,total
test_month_sac_gen_J_x_64,817.2529014397217,1468.334912,149.17516390639216,501.9068466538862
