name,transf,client,payoff,total
test_month_sac_gen_I_a_261,705.0335345804153,1468.334912,149.17516390639216,614.1262135131925
