name,transf,client,payoff,total
val_month_sac_gen_J_f_186,648.4042506430984,1488.30912,159.56135988924024,680.3435094676613
