name,transf,client,payoff,total,sessions
test_6month_sac_pred_noise_3b_225,3045.9917691331502,9929.387430399998,889.2877424740021,5994.107918792846,df_elaad_preproc_l6months.csv
