name,transf,client,payoff,total,sessions
test_6month_sac_pred_noise_5a_78,3031.928520237545,9929.387430399998,881.6875054342313,6015.7714047282225,df_elaad_preproc_l6months.csv
