name,transf,client,payoff,total
test_month_sac_c_955,1018.2296654109347,1469.5622144,135.21440678133106,316.1181422077342
