name,transf,client,payoff,total
train_month_sac_gen_J_u_123,1994.2179932021318,4306.918592,425.57714973705555,1887.1234490608126
