name,transf,client,payoff,total
test_month_sac_gen_I_p_408,753.7489306617153,1468.334912,149.17516390639216,565.4108174318925
