name,transf,client,payoff,total
test_month_sac_gen_J_l_75,731.1636733676667,1468.334912,149.17516390639216,587.9960747259412
