name,transf,client,payoff,total
test_month_sac_gen_J_i_25,823.0318505920263,1468.334912,149.17516390639216,496.1278975015815
