name,transf,client,payoff,total
val_month_sac_gen_d_44,654.6757786755927,1349.0472576000002,118.32161810264896,576.0498608217586
