name,transf,client,payoff,total,sessions
test_6month_sac_gen_5m_199,2911.4286540836592,9929.387430399998,886.8210602299855,6131.137716086354,df_elaad_preproc_l6months.csv
