name,transf,client,payoff,total
val_month_sac_c_319,1847.3346435500282,2277.450960542104,145.3079860330326,284.8083309590432
