name,transf,client,payoff,total
val_month_sac_gen_I_l_27,703.6220356646493,1488.30912,159.56135988924024,625.1257244461103
