name,transf,client,payoff,total
val_month_sac_gen_J_o_195,657.449085610459,1488.30912,159.56135988924024,671.2986745003006
