name,transf,client,payoff,total,sessions
test_6month_sac_pred_noise_1c_249,3583.693939253837,9929.387430399998,893.2217503396156,5452.471740806545,df_elaad_preproc_l6months.csv
