name,transf,client,payoff,total
test_month_sac_gen_J_c_341,680.1604418654138,1468.334912,149.17516390639216,638.9993062281941
