name,transf,client,payoff,total
train_month_sac_gen_J_z_48,568.9998812375202,1349.0472576000002,121.58749255752828,658.4598838049517
