name,transf,client,payoff,total
val_month_sac_gen_I_m_440,622.2711873966705,1488.30912,159.56135988924024,706.4765727140891
