name,transf,client,payoff,total
train_month_sac_gen_J_p_132,2044.2600033795793,4306.918592,422.3108412815719,1840.3477473388489
