name,transf,client,payoff,total
test_month_sac_gen_J_y_49,706.9119118761236,1468.334912,148.50825484764397,612.9147452762325
