name,transf,client,payoff,total
val_month_sac_gen_J_m_210,618.2012616424429,1488.30912,159.56135988924024,710.5464984683167
