name,transf,client,payoff,total
val_month_sac_gen_J_a_224,646.8167105188394,1488.30912,159.56135988924024,681.9310495919203
