name,transf,client,payoff,total,sessions
test_6month_sac_pred_noise_3c_189,3545.043127303984,9929.387430399998,889.2877424740021,5495.0565606220125,df_elaad_preproc_l6months.csv
