name,transf,client,payoff,total
train_month_sac_gen_I_g_257,2488.5297535397967,4306.918592,422.3108412815719,1396.0779971786314
