name,transf,client,payoff,total
test_month_sac_gen_J_k_264,632.7414117911153,1468.334912,149.17516390639216,686.4183363024925
