name,transf,client,payoff,total
train_month_sac_gen_I_g_434,2544.707903906662,4306.918592,422.3108412815719,1339.899846811766
