name,transf,client,payoff,total
val_month_sac_gen_I_o_470,692.9411009851337,1488.30912,159.56135988924024,635.8066591256259
