name,transf,client,payoff,total
test_month_sac_gen_J_p_118,664.5810003388459,1468.334912,149.17516390639216,654.5787477547619
