name,transf,client,payoff,total
test_month_sac_gen_I_y_50,715.016144566802,1468.334912,149.17516390639216,604.1436035268058
