name,transf,client,payoff,total,sessions
test_6month_sac_pred_noise_1b_111,3127.4128923325775,9929.387430399998,893.2217503396156,5908.752787727805,df_elaad_preproc_l6months.csv
