name,transf,client,payoff,total
test_month_sac_gen_I_a_431,691.8032763769527,1468.334912,149.17516390639216,627.3564717166552
