name,transf,client,payoff,total
val_month_sac_gen_I_c_88,678.4637663925795,1488.30912,159.56135988924024,650.2839937181802
