name,transf,client,payoff,total
train_month_sac_gen_I_e_226,2052.2674522587663,4306.918592,417.9096673275943,1836.7414724136393
