name,transf,client,payoff,total
test_month_sac_gen_I_c_58,726.4761243707769,1468.334912,149.17516390639216,592.6836237228309
