name,transf,client,payoff,total
test_month_sac_gen_J_a_260,696.8370293769142,1468.334912,149.17516390639216,622.3227187166937
