name,transf,client,payoff,total
test_month_sac_gen_f_25,729.726196831086,1488.30912,159.56135988924024,599.0215632796737
