name,transf,client,payoff,total
train_month_sac_gen_J_f_40,2161.2031262046567,4306.918592,422.3108412815719,1723.4046245137715
