name,transf,client,payoff,total,sessions
test_6month_sac_gen_h_184,2928.538783875664,9929.387430399998,886.8210602299855,6114.027586294349,df_elaad_preproc_l6months.csv
