name,transf,client,payoff,total
val_month_sac_gen_J_q_5,734.9595397367373,1488.30912,159.56135988924024,593.7882203740223
