name,transf,client,payoff,total,sessions
test_6month_sac_gen_h_49,3082.6047629326304,9929.387430399998,886.8210602299855,5959.961607237383,df_elaad_preproc_l6months.csv
