name,transf,client,payoff,total
val_month_sac_gen_J_p_180,656.58103360566,1488.30912,159.56135988924024,672.1667265050996
