name,transf,client,payoff,total
val_month_sac_gen_J_o_416,644.9309654015199,1488.30912,159.56135988924024,683.8167947092397
