name,transf,client,payoff,total
test_month_sac_gen_I_w_171,667.1424364678523,1468.334912,149.17516390639216,652.0173116257555
