name,transf,client,payoff,total,sessions
train_month_sac_gen_G_c_265,963.9820266460572,1349.0472576000002,119.25427084848326,265.81096010545974,df_elaad_preproc_feb.csv
