name,transf,client,payoff,total
train_month_sac_gen_I_e_153,2088.7910456302607,4306.918592,417.9096673275943,1800.217879042145
