name,transf,client,payoff,total
train_month_sac_gen_J_j_245,1858.9802557063852,4306.918592,422.3108412815719,2025.6274950120433
