name,transf,client,payoff,total
test_month_sac_gen_J_n_247,682.400576897785,1468.334912,149.17516390639216,636.7591711958229
