name,transf,client,payoff,total
train_month_sac_gen_I_c_77,2140.2347149375337,4306.918592,422.3108412815719,1744.3730357808945
