name,transf,client,payoff,total
train_month_sac_gen_I_l_102,2080.6500249671217,4306.918592,422.3108412815719,1803.9577257513065
