name,transf,client,payoff,total
train_month_sac_gen_I_w_497,-7659.852189039718,4306.918592,422.3108412815719,11544.459939758146
