name,transf,client,payoff,total,sessions
test_6month_sac_gen_e_223,2733.7156633481654,9929.387430399998,886.8210602299855,6308.850706821848,df_elaad_preproc_l6months.csv
