name,transf,client,payoff,total
val_month_sac_gen_I_p_334,707.8107282089488,1488.30912,159.56135988924024,620.9370319018108
