name,transf,client,payoff,total
test_month_sac_gen_I_r_202,638.5134990892723,1468.334912,149.17516390639216,680.6462490043356
