name,transf,client,payoff,total
test_month_sac_gen_I_e_133,647.5008112889325,1468.334912,148.50825484764397,672.3258458634236
