name,transf,client,payoff,total
test_month_sac_gen_J_e_87,693.0915511361641,1468.334912,149.17516390639216,626.0681969574438
