name,transf,client,payoff,total
val_month_sac_gen_I_j_55,698.6480829254023,1488.30912,159.56135988924024,630.0996771853575
