name,transf,client,payoff,total
val_month_sac_gen_I_p_447,703.5999780171704,1488.30912,159.56135988924024,625.1477820935893
