name,transf,client,payoff,total
test_month_sac_c_640,1023.9190560037864,1469.5622144,135.21440678133106,310.42875161488246
