name,transf,client,payoff,total
test_month_sac_gen_I_a_44,752.704980894951,1468.334912,149.17516390639216,566.4547671986569
