name,transf,client,payoff,total
train_month_sac_gen_I_a_89,2129.0150836220023,4306.918592,422.3108412815719,1755.5926670964259
