name,transf,client,payoff,total
train_month_sac_gen_I_t_204,1933.0801527356643,4306.918592,419.37754482199193,1954.4608944423437
