name,transf,client,payoff,total,sessions
6month_sac_disagg_4d_ML,4542.339149172347,9929.387430399998,891.2211003728393,4495.8271808548125,df_elaad_preproc_l6months.csv
