name,transf,client,payoff,total
val_month_sac_gen_J_q_92,680.1147415696735,1488.30912,159.56135988924024,648.6330185410861
