name,transf,client,payoff,total,sessions
test_6month_sac_gen_h_55,3092.1213219931897,9929.387430399998,886.8210602299855,5950.445048176824,df_elaad_preproc_l6months.csv
