name,transf,client,payoff,total
month_sac_IX_j,1186.7820875172338,1469.5622144,136.48122382774224,146.29890305502389
