name,transf,client,payoff,total,sessions
test_6month_sac_gen_1m_91,3098.4987035599383,9929.387430399998,893.2217503396156,5937.6669765004435,df_elaad_preproc_l6months.csv
