name,transf,client,payoff,total
val_month_sac_gen_J_s_489,536.6073588750853,1488.30912,155.96206259448996,795.7396985304247
