name,transf,client,payoff,total
train_month_sac_gen_I_z_88,370.85472367017644,4306.918592,416.9773603426844,3519.086507987139
