name,transf,client,payoff,total
train_month_sac_gen_I_i_53,2131.8535939148305,4306.918592,422.3108412815719,1752.7541568035977
