name,transf,client,payoff,total
month_sac_IX_b,1100.7651504119697,1469.5622144,136.4146438055031,232.38242018252714
