name,transf,client,payoff,total
test_month_sac_gen_J_k_337,615.325713107079,1468.334912,149.17516390639216,703.8340349865289
