name,transf,client,payoff,total
train_month_sac_gen_J_p_354,1996.6644456565714,4306.918592,422.3108412815719,1887.9433050618568
