name,transf,client,payoff,total
val_month_sac_gen_J_t_267,601.5420987655111,1488.30912,155.96206259448996,730.8049586399989
