name,transf,client,payoff,total
test_month_sac_gen_J_x_166,750.5307836060681,1468.334912,149.17516390639216,568.6289644875397
