name,transf,client,payoff,total
test_month_sac_gen_I_d_29,690.0707184688742,1468.334912,149.17516390639216,629.0890296247336
