name,transf,client,payoff,total
val_month_sac_gen_J_j_293,605.2961840158216,1488.30912,159.56135988924024,723.451576094938
