name,transf,client,payoff,total
month_sac_IX_g,1097.1454666658028,1469.5622144,139.21455644585052,233.20219128834657
