name,transf,client,payoff,total
train_month_sac_c_682,1028.0501150072741,2289.492687923877,157.2012507240518,1104.241322192551
