name,transf,client,payoff,total
test_month_sac_gen_I_z_355,720.5259246768367,1468.334912,149.17516390639216,598.6338234167712
