name,transf,client,payoff,total
val_month_sac_gen_G_a_46,655.019245057554,1488.30912,155.96206259448996,677.3278123479558
