name,transf,client,payoff,total
test_month_sac_gen_I_i_144,720.8361522337711,1468.334912,149.17516390639216,598.3235958598367
