name,transf,client,payoff,total,sessions
test_6month_sac_pred_noise_3b_203,3059.0421335569763,9929.387430399998,889.2877424740021,5981.05755436902,df_elaad_preproc_l6months.csv
