name,transf,client,payoff,total,sessions
test_6month_sac_gen_3l_127,2808.226338877984,9929.387430399998,886.8210602299855,6234.340031292029,df_elaad_preproc_l6months.csv
