name,transf,client,payoff,total
test_month_sac_gen_I_l_300,699.0041576759783,1468.334912,149.17516390639216,620.1555904176296
