name,transf,client,payoff,total
test_month_sac_gen_I_w_122,680.3313425607635,1468.334912,149.17516390639216,638.8284055328444
