name,transf,client,payoff,total,sessions
test_6month_sac_pred_noise_3b_46,3207.3613005202833,9929.387430399998,889.2877424740021,5832.738387405713,df_elaad_preproc_l6months.csv
