name,transf,client,payoff,total,sessions
test_6month_sac_gen_2l_111,3001.976472227836,9929.387430399998,886.8210602299855,6040.589897942176,df_elaad_preproc_l6months.csv
