name,transf,client,payoff,total
test_month_sac_gen_I_r_278,633.9223716456112,1468.334912,149.17516390639216,685.2373764479967
