name,transf,client,payoff,total,sessions
test_6month_sac_gen_h_115,2969.169635418564,9929.387430399998,886.8210602299855,6073.396734751448,df_elaad_preproc_l6months.csv
