name,transf,client,payoff,total
test_month_sac_gen_J_e_442,675.9766493776503,1468.334912,149.17516390639216,643.1830987159575
