name,transf,client,payoff,total,sessions
test_6month_sac_gen_4m_125,2813.055009345349,9929.387430399998,891.2211003728393,6225.11132068181,df_elaad_preproc_l6months.csv
