name,transf,client,payoff,total
train_month_sac_gen_I_h_320,2006.2895733987077,4306.918592,422.3108412815719,1878.3181773197202
