name,transf,client,payoff,total,sessions
test_6month_sac_gen_1n_41,3212.0052357520117,9929.387430399998,886.8210602299855,5830.5611344180015,df_elaad_preproc_l6months.csv
