name,transf,client,payoff,total
test_month_sac_gen_J_l_468,649.743414219806,1468.334912,149.17516390639216,669.4163338738018
