name,transf,client,payoff,total
test_month_sac_gen_I_r_273,635.8426575760981,1468.334912,149.17516390639216,683.3170905175098
