name,transf,client,payoff,total
test_month_sac_gen_J_z_202,609.1290192307172,1468.334912,148.50825484764397,710.697637921639
