name,transf,client,payoff,total,sessions
test_6month_sac_gen_2m_62,3090.9271347591975,9929.387430399998,897.4875555656347,5940.972740075166,df_elaad_preproc_l6months.csv
