name,transf,client,payoff,total
val_month_sac_c_72,1997.022592158607,2277.450960542104,145.3079860330326,135.12038235046435
