name,transf,client,payoff,total
test_month_sac_gen_I_o_140,736.6411665824306,1468.334912,149.17516390639216,582.5185815111772
