name,transf,client,payoff,total
val_month_sac_gen_I_h_377,638.8412953896077,1488.30912,159.56135988924024,689.9064647211519
