name,transf,client,payoff,total
train_month_sac_gen_I_b_254,1986.8740046039543,4306.918592,422.3108412815719,1897.733746114474
