name,transf,client,payoff,total
test_month_sac_gen_I_w_439,643.0140327867603,1468.334912,149.17516390639216,676.1457153068476
