name,transf,client,payoff,total
train_month_sac_gen_J_w_474,1861.0313966835502,4306.918592,423.04431823613385,2022.842877080316
