name,transf,client,payoff,total
train_month_sac_gen_J_t_127,2089.8443460256503,4306.918592,417.9096673275943,1799.1645786467552
