name,transf,client,payoff,total
train_month_sac_gen_I_n_153,1925.5843942484714,4306.918592,422.3108412815719,1959.0233564699565
