name,transf,client,payoff,total
train_month_sac_gen_J_h_189,2083.9196639860356,4306.918592,422.3108412815719,1800.6880867323925
