name,transf,client,payoff,total,sessions
test_6month_sac_gen_1l_155,2850.161144444117,9929.387430399998,886.8210602299855,6192.405225725895,df_elaad_preproc_l6months.csv
