name,transf,client,payoff,total
test_month_sac_gen_J_u_438,575.9175309563882,1468.334912,148.50825484764397,743.9091261959679
