name,transf,client,payoff,total
val_month_sac_gen_I_n_432,598.4805368523482,1488.30912,159.56135988924024,730.2672232584114
