name,transf,client,payoff,total
test_month_sac_gen_J_p_381,652.8888292655541,1468.334912,149.17516390639216,666.2709188280537
