name,transf,client,payoff,total
train_month_sac_gen_I_r_455,1944.650731106396,4306.918592,420.9102109696564,1941.3576499239475
