name,transf,client,payoff,total,sessions
test_6month_sac_pred_noise_5e_146,5328.847877098711,9929.387430399998,881.6875054342313,3718.8520478670557,df_elaad_preproc_l6months.csv
