name,transf,client,payoff,total
train_month_sac_gen_J_w_142,1926.7215952939669,4306.918592,416.91082389217837,1963.2861728138548
