name,transf,client,payoff,total
train_month_sac_gen_J_c_325,2054.8023024038257,4306.918592,422.3108412815719,1829.8054483146025
