name,transf,client,payoff,total
train_month_sac_gen_J_j_65,2033.5033789294196,4306.918592,422.3108412815719,1851.1043717890088
