name,transf,client,payoff,total,sessions
test_6month_sac_gen_4l_61,3023.676863439425,9929.387430399998,886.8210602299855,6018.8895067305875,df_elaad_preproc_l6months.csv
