name,transf,client,payoff,total
train_month_sac_gen_J_n_498,1777.8508415775866,4306.918592,422.3108412815719,2106.7569091408413
