name,transf,client,payoff,total,sessions
test_6month_sac_pred_noise_1a_140,2949.113908941739,9929.387430399998,893.2217503396156,6087.051771118643,df_elaad_preproc_l6months.csv
