name,transf,client,payoff,total
test_month_sac_gen_I_z_269,724.059818019683,1468.334912,149.17516390639216,595.0999300739248
