name,transf,client,payoff,total,sessions
6month_sac_disagg_1e_LD,2927.567353486609,9929.387430399998,886.8210602299855,6114.999016683403,df_elaad_preproc_l6months.csv
