name,transf,client,payoff,total
month_sac_IX_i,902.9922571514787,1469.5622144,137.88112672692372,428.6888305215974
