name,transf,client,payoff,total
val_month_sac_gen_J_p_301,640.3983548235227,1488.30912,159.56135988924024,688.349405287237
