name,transf,client,payoff,total,sessions
6month_sac_disagg_4e_P,4992.179922572133,9929.387430399998,891.2211003728393,4045.9864074550255,df_elaad_preproc_l6months.csv
