name,transf,client,payoff,total
test_month_sac_gen_G_a_196,661.0323947358922,1468.334912,148.50825484764397,658.7942624164639
