name,transf,client,payoff,total,sessions
test_month_sac_gen_G_c_268,1090.1347430599355,1468.334912,148.50825484764397,229.69191409242052,df_elaad_preproc_apr.csv
