name,transf,client,payoff,total,sessions
test_6month_sac_gen_2o_5,4636.0680102616025,9929.387430399998,886.8210602299855,4406.49835990841,df_elaad_preproc_l6months.csv
