name,transf,client,payoff,total
test_month_sac_gen_J_o_256,690.9445579948597,1468.334912,149.17516390639216,628.2151900987482
