name,transf,client,payoff,total
train_month_sac_gen_J_p_367,1997.924586608449,4306.918592,422.3108412815719,1886.6831641099789
