name,transf,client,payoff,total
train_month_sac_gen_J_u_454,1839.6958886570367,4306.918592,420.24305075144946,2046.979652591514
