name,transf,client,payoff,total
train_month_sac_gen_I_y_414,-13.65691698761907,4306.918592,415.3102545941263,3905.265254393493
