name,transf,client,payoff,total
train_month_sac_gen_e_1,2050.8093940908902,2818.609472,261.7490484163678,506.05102949274203
