name,transf,client,payoff,total
train_month_sac_gen_I_p_156,2221.5429870374064,4306.918592,422.3108412815719,1663.0647636810218
