name,transf,client,payoff,total
train_month_sac_gen_I_x_313,-7017.0799965928345,4306.918592,422.510270647579,10901.488317945255
