name,transf,client,payoff,total,sessions
test_6month_sac_pred_noise_3e_201,5300.5890794375955,9929.387430399998,889.2877424740021,3739.5106084884005,df_elaad_preproc_l6months.csv
