name,transf,client,payoff,total
val_month_sac_gen_J_l_371,588.5580886349084,1488.30912,159.56135988924024,740.1896714758514
