name,transf,client,payoff,total
val_month_sac_gen_J_m_149,630.9027388548484,1488.30912,159.56135988924024,697.8450212559112
