name,transf,client,payoff,total
train_month_sac_gen_J_c_306,2065.599672152154,4306.918592,422.3108412815719,1819.008078566274
