name,transf,client,payoff,total
test_month_sac_gen_I_r_239,639.6068164819628,1468.334912,149.17516390639216,679.552931611645
