name,transf,client,payoff,total
train_month_sac_gen_J_d_0,3287.5607366245126,4306.918592,422.3108412815719,597.0470140939154
