name,transf,client,payoff,total
test_month_sac_gen_I_a_119,710.6010871534922,1468.334912,149.17516390639216,608.5586609401156
