name,transf,client,payoff,total
test_month_sac_gen_I_v_143,685.9667343633296,1468.334912,149.17516390639216,633.1930137302783
