name,transf,client,payoff,total
val_month_sac_gen_J_v_214,606.5314859584447,1488.30912,155.96206259448996,725.8155714470652
