name,transf,client,payoff,total,sessions
test_6month_sac_gen_2o_44,3185.0449280891353,9929.387430399998,886.8210602299855,5857.521442080877,df_elaad_preproc_l6months.csv
