name,transf,client,payoff,total
test_month_sac_gen_I_a_185,703.7001475787586,1468.334912,149.17516390639216,615.4596005148493
