name,transf,client,payoff,total
train_month_sac_c_325,1066.9344332215499,2289.492687923877,157.2012507240518,1065.3570039782753
