name,transf,client,payoff,total
test_month_sac_gen_I_o_43,730.626597471821,1468.334912,149.17516390639216,588.5331506217868
