name,transf,client,payoff,total
test_month_sac_gen_J_o_133,690.9180720505904,1468.334912,149.17516390639216,628.2416760430175
