name,transf,client,payoff,total
train_month_sac_gen_J_e_22,2253.1860728203455,4306.918592,422.3108412815719,1631.4216778980826
