name,transf,client,payoff,total
test_month_sac_gen_J_g_453,678.6523254613371,1468.334912,149.17516390639216,640.5074226322707
