name,transf,client,payoff,total,sessions
test_6month_sac_gen_e_146,2805.651681360793,9929.387430399998,886.8210602299855,6236.91468880922,df_elaad_preproc_l6months.csv
