name,transf,client,payoff,total
train_month_sac_gen_J_d_133,2083.8440337333923,4306.918592,422.3108412815719,1800.763716985036
