name,transf,client,payoff,total
val_month_sac_gen_a_74,864.9748144815671,1349.0472576000002,118.32161810264896,365.75082501578413
