name,transf,client,payoff,total,sessions
test_6month_sac_gen_4l_162,2898.952155383924,9929.387430399998,886.8210602299855,6143.614214786088,df_elaad_preproc_l6months.csv
