name,transf,client,payoff,total
train_month_sac_gen_J_j_122,1912.880798277251,4306.918592,422.3108412815719,1971.7269524411772
