name,transf,client,payoff,total
test_month_sac_gen_J_g_247,680.7910827899566,1468.334912,149.17516390639216,638.3686653036513
