name,transf,client,payoff,total
test_month_sac_c_744,1024.2684386999827,1469.5622144,135.21440678133106,310.0793689186862
