name,transf,client,payoff,total
val_month_sac_gen_J_j_308,604.4737483452072,1488.30912,159.56135988924024,724.2740117655524
