name,transf,client,payoff,total,sessions
test_6month_sac_pred_noise_2c_178,3521.738172359079,9929.387430399998,897.4875555656347,5510.161702475285,df_elaad_preproc_l6months.csv
