name,transf,client,payoff,total,sessions
test_6month_sac_pred_noise_4c_89,3710.4585376054824,9929.387430399998,891.2211003728393,5327.707792421677,df_elaad_preproc_l6months.csv
