name,transf,client,payoff,total
val_month_sac_gen_J_j_202,616.5461569047735,1488.30912,159.56135988924024,712.2016032059862
