name,transf,client,payoff,total
train_month_sac_gen_I_m_110,2053.5985517381755,4306.918592,422.3108412815719,1831.0091989802527
