name,transf,client,payoff,total
val_month_sac_gen_J_t_419,589.0745937086642,1488.30912,155.96206259448996,743.2724636968458
