name,transf,client,payoff,total
train_month_sac_gen_J_q_184,2057.8749443942816,4306.918592,422.3108412815719,1826.7328063241466
