name,transf,client,payoff,total
train_month_sac_gen_I_f_274,2086.6184566050056,4306.918592,421.11038371791597,1799.1897516770784
