name,transf,client,payoff,total
train_month_sac_gen_a_70,1252.1972610404696,1469.5622144,138.5610864331635,78.80386692636682
