name,transf,client,payoff,total
test_month_sac_gen_I_s_234,675.2588567865887,1468.334912,149.17516390639216,643.9008913070192
