name,transf,client,payoff,total
val_month_sac_gen_I_m_154,643.6062185690862,1488.30912,159.56135988924024,685.1415415416734
