name,transf,client,payoff,total
test_month_sac_gen_I_t_221,700.1316097277186,1468.334912,149.17516390639216,619.0281383658893
