name,transf,client,payoff,total
val_month_sac_gen_J_m_241,602.3759770250579,1488.30912,159.56135988924024,726.3717830857017
