name,transf,client,payoff,total
test_month_sac_gen_I_n_492,665.3237069626916,1468.334912,149.17516390639216,653.8360411309162
