name,transf,client,payoff,total
train_month_sac_gen_I_z_261,356.40213030222424,4306.918592,416.9109886247487,3533.605473073027
