name,transf,client,payoff,total
val_month_sac_gen_I_f_432,650.3960541750224,1488.30912,158.8282254603323,679.0848403646452
