name,transf,client,payoff,total
train_month_sac_gen_I_v_357,-110.06079064620636,4306.918592,420.9772441972888,3996.002138448918
