name,transf,client,payoff,total
val_month_sac_gen_J_r_491,636.6121860278454,1488.30912,159.56135988924024,692.1355740829142
