name,transf,client,payoff,total
train_month_sac_gen_J_g_104,2078.1533271565218,4306.918592,422.3108412815719,1806.4544235619064
