name,transf,client,payoff,total
train_month_sac_gen_I_g_436,2546.793659636252,4306.918592,422.3108412815719,1337.8140910821762
