name,transf,client,payoff,total,sessions
test_6month_sac_gen_i_13,3484.2787424158196,9929.387430399998,886.8210602299855,5558.287627754193,df_elaad_preproc_l6months.csv
