name,transf,client,payoff,total
month_sac_IX_a,1208.4192066642715,1469.5622144,138.54811057986427,122.59489715586409
