name,transf,client,payoff,total
test_month_sac_gen_I_i_171,721.6750287239947,1468.334912,149.17516390639216,597.4847193696131
