name,transf,client,payoff,total,sessions
test_6month_sac_pred_noise_4c_114,3618.2237395234633,9929.387430399998,891.2211003728393,5419.942590503696,df_elaad_preproc_l6months.csv
