name,transf,client,payoff,total
train_month_sac_gen_I_w_117,-7519.657291980871,4306.918592,422.3108412815719,11404.265042699299
