name,transf,client,payoff,total
train_month_sac_c_28,1328.470761931898,2289.492687923877,157.2012507240518,803.8206752679271
