name,transf,client,payoff,total
test_month_sac_gen_G_b_167,646.9323332378026,1468.334912,148.64140204911905,672.7611767130784
