name,transf,client,payoff,total
test_month_sac_gen_J_o_96,698.6828494572092,1468.334912,149.17516390639216,620.4768986363987
