name,transf,client,payoff,total
test_month_sac_gen_J_a_441,680.9853788122557,1468.334912,149.17516390639216,638.1743692813521
