name,transf,client,payoff,total
train_month_sac_gen_I_f_192,2101.396594445756,4306.918592,421.11038371791597,1784.4116138363281
