name,transf,client,payoff,total,sessions
test_6month_sac_gen_2n_59,3016.867951653602,9929.387430399998,886.8210602299855,6025.698418516411,df_elaad_preproc_l6months.csv
