name,transf,client,payoff,total
val_month_sac_gen_J_v_387,598.647778849843,1488.30912,155.96206259448996,733.699278555667
