name,transf,client,payoff,total,sessions
test_6month_sac_gen_j_88,2937.5356323246288,9929.387430399998,886.8210602299855,6105.030737845384,df_elaad_preproc_l6months.csv
