name,transf,client,payoff,total,sessions
test_6month_sac_pred_noise_4d_252,4463.671534502181,9929.387430399998,891.2211003728393,4574.494795524978,df_elaad_preproc_l6months.csv
