name,transf,client,payoff,total
val_month_sac_gen_I_o_477,694.917374285147,1488.30912,159.56135988924024,633.8303858256127
