name,transf,client,payoff,total
test_month_sac_gen_I_w_103,680.9258193216828,1468.334912,149.17516390639216,638.2339287719251
