name,transf,client,payoff,total
val_month_sac_gen_J_e_57,691.3921476990035,1488.30912,159.56135988924024,637.355612411756
