name,transf,client,payoff,total,sessions
test_6month_sac_pred_noise_1d_281,4705.483766914225,9929.387430399998,893.2217503396156,4330.681913146157,df_elaad_preproc_l6months.csv
