name,transf,client,payoff,total
test_month_sac_gen_J_n_203,678.3644750245751,1468.334912,149.17516390639216,640.7952730690328
