name,transf,client,payoff,total,sessions
test_6month_sac_pred_noise_1a_266,2982.8880306607484,9929.387430399998,893.2217503396156,6053.277649399634,df_elaad_preproc_l6months.csv
