name,transf,client,payoff,total,sessions
test_6month_sac_gen_a_32,3169.0632165298603,9929.387430399998,886.8210602299855,5873.503153640153,df_elaad_preproc_l6months.csv
