name,transf,client,payoff,total
test_month_sac_gen_J_n_253,672.8141011369106,1468.334912,149.17516390639216,646.3456469566972
