name,transf,client,payoff,total
train_month_sac_gen_I_g_180,2620.8506391169185,4306.918592,422.3108412815719,1263.7571116015097
