name,transf,client,payoff,total
val_month_sac_gen_a_32,843.7123467948768,1349.0472576000002,118.32161810264896,387.0132927024745
