name,transf,client,payoff,total
train_month_sac_gen_I_v_86,117.34087794256183,4306.918592,426.1107377530932,3763.466976304345
