name,transf,client,payoff,total
test_month_sac_gen_J_l_153,691.886567680792,1468.334912,149.17516390639216,627.2731804128158
