name,transf,client,payoff,total
test_month_sac_gen_J_q_476,687.649132715725,1468.334912,149.17516390639216,631.5106153778828
