name,transf,client,payoff,total
train_month_sac_gen_I_d_132,2022.66800094348,4306.918592,422.3108412815719,1861.9397497749483
