name,transf,client,payoff,total
train_month_sac_gen_J_c_161,2130.700985737076,4306.918592,422.3108412815719,1753.9067649813524
