name,transf,client,payoff,total
train_month_sac_gen_I_j_39,2251.0882496552617,4306.918592,422.3108412815719,1633.5195010631664
