name,transf,client,payoff,total
val_month_sac_gen_d_35,671.5640805323239,1349.0472576000002,118.32161810264896,559.1615589650273
