name,transf,client,payoff,total,sessions
test_6month_sac_pred_noise_5e_66,5297.080773872392,9929.387430399998,881.6875054342313,3750.6191510933754,df_elaad_preproc_l6months.csv
