name,transf,client,payoff,total
val_month_sac_gen_I_v_212,652.2607187198473,1488.30912,159.56135988924024,676.4870413909123
