name,transf,client,payoff,total
val_month_sac_gen_I_u_97,669.758151501889,1488.30912,159.56135988924024,658.9896086088706
