name,transf,client,payoff,total
test_month_sac_gen_J_n_162,707.1650190601027,1468.334912,149.17516390639216,611.9947290335051
