name,transf,client,payoff,total
val_month_sac_gen_I_f_186,663.6600191362245,1488.30912,158.8282254603323,665.8208754034431
