name,transf,client,payoff,total,sessions
test_6month_sac_gen_4m_112,2952.1325749706584,9929.387430399998,886.8210602299855,6090.433795199355,df_elaad_preproc_l6months.csv
