name,transf,client,payoff,total
val_month_sac_gen_J_i_299,640.9048098890287,1488.30912,159.56135988924024,687.8429502217309
