name,transf,client,payoff,total
test_month_sac_gen_I_b_13,793.7640351529656,1468.334912,149.17516390639216,525.3957129406423
