name,transf,client,payoff,total
train_month_sac_gen_I_m_438,1962.0503903529352,4306.918592,422.3108412815719,1922.557360365493
