name,transf,client,payoff,total
train_month_sac_gen_I_v_309,50.552855418444324,4306.918592,416.9109886247487,3839.4547479568073
