name,transf,client,payoff,total
train_month_sac_gen_I_d_475,1975.53212020537,4306.918592,422.3108412815719,1909.075630513058
