name,transf,client,payoff,total
train_month_sac_gen_J_d_298,2032.0600431157561,4306.918592,422.3108412815719,1852.5477076026718
