name,transf,client,payoff,total,sessions
test_6month_sac_gen_a_7,3672.877910432605,9929.387430399998,886.8210602299855,5369.688459737408,df_elaad_preproc_l6months.csv
