name,transf,client,payoff,total
test_month_sac_gen_J_g_202,682.1707067861871,1468.334912,149.17516390639216,636.9890413074207
