name,transf,client,payoff,total
train_month_sac_gen_I_d_490,1983.2407336007102,4306.918592,422.3108412815719,1901.3670171177182
