name,transf,client,payoff,total
train_month_sac_c_787,1026.3871929853494,2289.492687923877,157.2012507240518,1105.9042442144757
