name,transf,client,payoff,total,sessions
test_6month_sac_gen_2m_19,3418.9643607242197,9929.387430399998,897.4875555656347,5612.935514110144,df_elaad_preproc_l6months.csv
