name,transf,client,payoff,total
test_month_sac_gen_J_r_384,686.0667477478671,1468.334912,149.17516390639216,633.0930003457407
