name,transf,client,payoff,total
val_month_sac_gen_I_d_327,628.4116183534707,1488.30912,159.56135988924024,700.3361417572889
