name,transf,client,payoff,total
train_month_sac_gen_J_s_417,1845.7898468601386,4306.918592,417.2438715561188,2043.8848735837423
