name,transf,client,payoff,total
train_month_sac_gen_J_u_402,1863.9631647351177,4306.918592,423.4434960609456,2019.5119312039365
