name,transf,client,payoff,total,sessions
6month_sac_disagg_5c_MD,3798.775242929047,9929.387430399998,881.6875054342313,5248.924682036721,df_elaad_preproc_l6months.csv
