name,transf,client,payoff,total
val_month_sac_gen_J_q_200,655.5472674821157,1488.30912,159.56135988924024,673.200492628644
