name,transf,client,payoff,total,sessions
test_6month_sac_pred_noise_3d_109,4788.458816024513,9929.387430399998,889.2877424740021,4251.6408719014835,df_elaad_preproc_l6months.csv
