name,transf,client,payoff,total
test_month_sac_gen_J_f_119,673.5116021755292,1468.334912,149.17516390639216,645.6481459180786
