name,transf,client,payoff,total
val_month_sac_gen_I_s_60,692.8479079918188,1488.30912,159.56135988924024,635.8998521189408
