name,transf,client,payoff,total,sessions
test_6month_sac_gen_1m_51,3264.1521102305405,9929.387430399998,893.2217503396156,5772.013569829842,df_elaad_preproc_l6months.csv
