name,transf,client,payoff,total,sessions
test_6month_sac_pred_noise_5d_49,4543.4817850772015,9929.387430399998,881.6875054342313,4504.218139888566,df_elaad_preproc_l6months.csv
