name,transf,client,payoff,total
train_month_sac_c_368,1056.6079747318395,2289.492687923877,157.2012507240518,1075.6834624679857
