name,transf,client,payoff,total
val_month_sac_gen_I_l_348,640.7378071246029,1488.30912,159.56135988924024,688.0099529861568
