name,transf,client,payoff,total
train_month_sac_gen_I_w_283,-7610.342972154126,4306.918592,422.3108412815719,11494.950722872554
