name,transf,client,payoff,total
train_month_sac_gen_I_r_419,1902.5982657009667,4306.918592,427.57692029277564,1976.7434060062576
