name,transf,client,payoff,total,sessions
test_6month_sac_gen_2m_49,3290.303843928267,9929.387430399998,886.8210602299855,5752.262526241746,df_elaad_preproc_l6months.csv
