name,transf,client,payoff,total,sessions
test_6month_sac_gen_i_104,2829.158638155989,9929.387430399998,886.8210602299855,6213.407732014024,df_elaad_preproc_l6months.csv
