name,transf,client,payoff,total,sessions
test_6month_sac_pred_noise_2e_24,4957.716484435733,9929.387430399998,897.4875555656347,4074.1833903986308,df_elaad_preproc_l6months.csv
