name,transf,client,payoff,total
test_month_sac_gen_J_h_489,738.4422783839863,1468.334912,149.17516390639216,580.7174697096216
