name,transf,client,payoff,total
train_month_sac_gen_I_d_213,1996.917717369349,4306.918592,422.3108412815719,1887.6900333490794
