name,transf,client,payoff,total
train_month_sac_gen_I_z_158,297.87824362229986,4306.918592,419.64414295604405,3589.396205421656
