name,transf,client,payoff,total
test_month_sac_gen_I_y_7,749.7752699558155,1468.334912,149.17516390639216,569.3844781377924
