name,transf,client,payoff,total
test_month_sac_gen_J_y_0,1200.3149090463262,1468.334912,148.50825484764397,119.51174810602987
