name,transf,client,payoff,total
test_month_sac_gen_J_n_73,735.5336850417265,1468.334912,149.17516390639216,583.6260630518814
