name,transf,client,payoff,total,sessions
test_6month_sac_gen_5m_98,2938.7755299900164,9929.387430399998,886.8210602299855,6103.790840179996,df_elaad_preproc_l6months.csv
