name,transf,client,payoff,total
test_month_sac_gen_J_a_224,690.7613174065917,1468.334912,149.17516390639216,628.3984306870161
