name,transf,client,payoff,total
val_month_sac_gen_I_g_200,804.4425368438383,1488.30912,159.56135988924024,524.3052232669213
