name,transf,client,payoff,total,sessions
test_6month_sac_pred_noise_1a_269,2993.8989420389044,9929.387430399998,893.2217503396156,6042.266738021478,df_elaad_preproc_l6months.csv
