name,transf,client,payoff,total
test_month_sac_gen_I_y_284,682.8911158945264,1468.334912,149.17516390639216,636.2686321990815
