name,transf,client,payoff,total,sessions
test_6month_sac_pred_noise_4a_10,3690.0216327453427,9929.387430399998,891.2211003728393,5348.144697281817,df_elaad_preproc_l6months.csv
