name,transf,client,payoff,total
val_month_sac_gen_I_b_186,631.7641211266321,1488.30912,159.56135988924024,696.9836389841275
