name,transf,client,payoff,total
val_month_sac_gen_I_s_260,658.8144819333897,1488.30912,159.56135988924024,669.9332781773699
