name,transf,client,payoff,total
train_month_sac_gen_I_n_286,1907.4214604622857,4306.918592,422.3108412815719,1977.1862902561425
