name,transf,client,payoff,total
test_month_sac_gen_I_r_114,652.263656357714,1468.334912,149.17516390639216,666.8960917358938
