name,transf,client,payoff,total
val_month_sac_gen_I_v_429,647.9710347657642,1488.30912,159.56135988924024,680.7767253449954
