name,transf,client,payoff,total
val_month_sac_gen_I_c_24,722.9185201958946,1488.30912,159.56135988924024,605.829239914865
