name,transf,client,payoff,total
val_month_sac_gen_I_k_415,651.4808767255917,1488.30912,159.56135988924024,677.2668833851681
