name,transf,client,payoff,total
train_month_sac_gen_J_i_367,1958.0423295330208,4306.918592,422.3108412815719,1926.565421185407
