name,transf,client,payoff,total,sessions
test_6month_sac_gen_j_262,3103.8209524482863,9929.387430399998,886.8210602299855,5938.745417721726,df_elaad_preproc_l6months.csv
