name,transf,client,payoff,total
train_month_sac_gen_I_s_319,1604.9756125192941,4306.918592,422.3108412815719,2279.632138199134
