name,transf,client,payoff,total,sessions
test_6month_sac_gen_k_110,2963.380040081836,9929.387430399998,886.8210602299855,6079.186330088176,df_elaad_preproc_l6months.csv
