name,transf,client,payoff,total,sessions
test_6month_sac_gen_4m_134,2832.9395212104305,9929.387430399998,891.2211003728393,6205.226808816729,df_elaad_preproc_l6months.csv
