name,transf,client,payoff,total
test_month_sac_gen_J_x_87,772.0657889785994,1468.334912,149.17516390639216,547.0939591150085
