name,transf,client,payoff,total
test_month_sac_gen_J_d_496,710.6227620515245,1468.334912,149.17516390639216,608.5369860420833
