name,transf,client,payoff,total,sessions
test_6month_sac_pred_noise_4c_112,3565.813330928688,9929.387430399998,891.2211003728393,5472.352999098472,df_elaad_preproc_l6months.csv
