name,transf,client,payoff,total
train_month_sac_c_497,1041.008420913765,2289.492687923877,157.2012507240518,1091.2830162860603
