name,transf,client,payoff,total,sessions
test_6month_sac_gen_j_42,3049.223915729345,9929.387430399998,886.8210602299855,5993.342454440668,df_elaad_preproc_l6months.csv
