name,transf,client,payoff,total
val_month_sac_gen_I_t_294,672.0338836038331,1488.30912,159.56135988924024,656.7138765069265
