name,transf,client,payoff,total
val_month_sac_gen_J_u_321,546.3780466049976,1488.30912,155.96206259448996,785.9690108005123
