name,transf,client,payoff,total
train_month_sac_gen_I_f_487,2090.0489129735647,4306.918592,421.11038371791597,1795.7592953085193
