name,transf,client,payoff,total
val_month_sac_gen_J_r_134,649.1125672091198,1488.30912,159.56135988924024,679.6351929016398
