name,transf,client,payoff,total
test_month_sac_gen_J_t_158,665.8477873870693,1468.334912,148.50825484764397,653.9788697652868
