name,transf,client,payoff,total
train_month_sac_gen_I_n_451,1880.6355615016892,4306.918592,422.3108412815719,2003.972189216739
