name,transf,client,payoff,total
val_month_sac_gen_I_r_82,631.0841461371592,1488.30912,159.56135988924024,697.6636139736004
