name,transf,client,payoff,total
val_month_sac_gen_J_c_313,663.5981790550169,1488.30912,159.56135988924024,665.1495810557428
