name,transf,client,payoff,total
val_month_sac_gen_J_p_152,652.0148490971985,1488.30912,159.56135988924024,676.7329110135611
