name,transf,client,payoff,total
month_sac_IX_c,952.2586077749199,1469.5622144,140.6816517634435,376.6219548616365
