name,transf,client,payoff,total
train_month_sac_gen_J_e_113,2061.3065429031903,4306.918592,422.3108412815719,1823.3012078152378
