name,transf,client,payoff,total
val_month_sac_c_857,1830.098477991177,2277.450960542104,145.3079860330326,302.0444965178943
