name,transf,client,payoff,total
train_month_sac_gen_J_n_228,1863.1421720419753,4306.918592,422.3108412815719,2021.4655786764529
