name,transf,client,payoff,total,sessions
test_6month_sac_pred_noise_5d_111,4373.671015082178,9929.387430399998,881.6875054342313,4674.028909883589,df_elaad_preproc_l6months.csv
