name,transf,client,payoff,total
test_month_sac_gen_I_z_146,735.6463903168062,1468.334912,149.17516390639216,583.5133577768016
