name,transf,client,payoff,total
test_month_sac_gen_I_a_328,702.5743711721013,1468.334912,149.17516390639216,616.5853769215065
