name,transf,client,payoff,total
val_month_sac_gen_J_e_75,674.6354509123546,1488.30912,159.56135988924024,654.112309198405
