name,transf,client,payoff,total
train_month_sac_gen_J_p_302,2001.2939315433728,4306.918592,422.3108412815719,1883.3138191750554
