name,transf,client,payoff,total
train_month_sac_gen_J_q_19,2222.2227335588927,4306.918592,422.3108412815719,1662.3850171595354
