name,transf,client,payoff,total
val_month_sac_gen_I_m_122,653.6030449717462,1488.30912,159.56135988924024,675.1447151390134
