name,transf,client,payoff,total
month_sac_IX_i,895.9847182047793,1469.5622144,136.14845349765795,437.4290426975627
