name,transf,client,payoff,total
test_month_sac_gen_I_k_121,724.3351750713982,1468.334912,149.17516390639216,594.8245730222096
