name,transf,client,payoff,total
test_month_sac_gen_J_w_48,695.2330875303093,1468.334912,148.50825484764397,624.5935696220467
