name,transf,client,payoff,total,sessions
test_6month_sac_pred_noise_2a_102,2884.176947038911,9929.387430399998,897.4875555656347,6147.722927795453,df_elaad_preproc_l6months.csv
