name,transf,client,payoff,total
train_month_sac_gen_d_88,1269.9486964263042,1469.5622144,137.89482088429185,61.71869708940386
