name,transf,client,payoff,total
test_month_sac_gen_I_c_368,669.6764823438624,1468.334912,149.17516390639216,649.4832657497454
