name,transf,client,payoff,total
test_month_sac_gen_I_p_15,814.2732153355082,1468.334912,149.17516390639216,504.88653275809963
