name,transf,client,payoff,total,sessions
train_month_sac_pred_noise_d_145,706.4580481228253,1349.0472576000002,121.58786125757965,521.0013482195952,df_elaad_preproc_feb.csv
