name,transf,client,payoff,total
val_month_sac_gen_J_p_30,705.1123099268184,1488.30912,159.56135988924024,623.6354501839412
