name,transf,client,payoff,total
train_month_sac_gen_I_c_275,2052.9930488656755,4306.918592,422.3108412815719,1831.6147018527527
