name,transf,client,payoff,total
test_month_sac_gen_J_o_159,695.6030361017671,1468.334912,149.17516390639216,623.5567119918408
