name,transf,client,payoff,total
val_month_sac_gen_I_t_57,741.7351259919396,1488.30912,159.56135988924024,587.01263411882
