name,transf,client,payoff,total
test_month_sac_gen_I_d_227,673.6904442969221,1468.334912,149.17516390639216,645.4693037966857
