name,transf,client,payoff,total
train_month_sac_gen_c_39,734.9831134668542,1469.5622144,142.094741946743,592.4843589864026
