name,transf,client,payoff,total
val_month_sac_gen_J_v_170,614.3073937693941,1488.30912,155.96206259448996,718.0396636361158
