name,transf,client,payoff,total
val_month_sac_gen_d_48,941.2767991944304,1349.0472576000002,118.32161810264896,289.44884030292087
