name,transf,client,payoff,total
train_month_sac_gen_J_g_137,2063.3452864859382,4306.918592,422.3108412815719,1821.26246423249
