name,transf,client,payoff,total,sessions
train_month_sac_gen_G_e_6,767.9897411027708,1349.0472576000002,123.98731338484632,457.07020311238307,df_elaad_preproc_feb.csv
