name,transf,client,payoff,total
val_month_sac_gen_I_q_197,744.233418418286,1488.30912,159.56135988924024,584.5143416924736
