name,transf,client,payoff,total
val_month_sac_gen_J_u_75,622.4144085494895,1488.30912,155.96206259448996,709.9326488560205
