name,transf,client,payoff,total
test_month_sac_gen_J_r_133,692.8302071951096,1468.334912,149.17516390639216,626.3295408984983
