name,transf,client,payoff,total
train_month_sac_gen_I_u_149,-46.485129894402405,4306.918592,422.3108412815719,3931.0928806128304
