name,transf,client,payoff,total
val_month_sac_gen_J_x_118,724.5371422529222,1488.30912,159.56135988924024,604.2106178578374
