name,transf,client,payoff,total
train_month_sac_gen_J_b_328,2007.7220745556708,4306.918592,422.3108412815719,1876.8856761627576
