name,transf,client,payoff,total
train_month_sac_gen_J_x_207,602.946045258243,1349.0472576000002,120.52077346518433,625.5804388765729
