name,transf,client,payoff,total
test_month_sac_gen_J_d_34,738.9696865957619,1468.334912,149.17516390639216,580.1900614978459
