name,transf,client,payoff,total,sessions
test_6month_sac_pred_noise_3d_3,5776.6094773696295,9929.387430399998,889.2877424740021,3263.4902105563665,df_elaad_preproc_l6months.csv
