name,transf,client,payoff,total
test_month_sac_gen_J_g_135,683.7509004134565,1468.334912,149.17516390639216,635.4088476801513
