name,transf,client,payoff,total
train_month_sac_gen_J_b_3,2523.194389360103,4306.918592,422.3108412815719,1361.4133613583253
