name,transf,client,payoff,total
val_month_sac_gen_J_b_225,650.0378876471157,1488.30912,159.56135988924024,678.7098724636439
