name,transf,client,payoff,total
test_month_sac_gen_J_t_111,685.6334532141689,1468.334912,148.50825484764397,634.1932039381873
