name,transf,client,payoff,total
test_month_sac_gen_J_p_19,694.5109583778024,1468.334912,149.17516390639216,624.6487897158055
