name,transf,client,payoff,total,sessions
test_6month_sac_pred_noise_1e_60,5188.580642602327,9929.387430399998,893.2217503396156,3847.5850374580555,df_elaad_preproc_l6months.csv
