name,transf,client,payoff,total
val_month_sac_gen_J_w_91,589.7154708372702,1488.30912,155.96206259448996,742.6315865682398
