name,transf,client,payoff,total
train_month_sac_gen_J_m_411,1787.2562317895977,4306.918592,422.3108412815719,2097.3515189288305
