name,transf,client,payoff,total
val_month_sac_gen_I_f_35,708.8753986315104,1488.30912,158.8282254603323,620.6054959081572
