name,transf,client,payoff,total
val_month_sac_gen_I_g_87,794.4548880325776,1488.30912,159.56135988924024,534.292872078182
