name,transf,client,payoff,total
train_month_sac_gen_J_f_30,2177.100578455257,4306.918592,422.3108412815719,1707.507172263171
