name,transf,client,payoff,total
val_month_sac_gen_I_o_290,693.7322165164708,1488.30912,159.56135988924024,635.0155435942888
