name,transf,client,payoff,total
train_month_sac_gen_I_k_496,2037.4894098816558,4306.918592,422.3108412815719,1847.1183408367724
