name,transf,client,payoff,total,sessions
test_6month_sac_gen_4m_31,3322.4357540579686,9929.387430399998,886.8210602299855,5720.130616112045,df_elaad_preproc_l6months.csv
