name,transf,client,payoff,total
val_month_sac_gen_I_l_205,646.6640184500181,1488.30912,159.56135988924024,682.0837416607415
