name,transf,client,payoff,total
test_month_sac_c_475,1026.9437569842066,1469.5622144,135.21440678133106,307.40405063446224
