name,transf,client,payoff,total
test_month_sac_gen_J_j_415,631.547611978772,1468.334912,149.17516390639216,687.6121361148358
