name,transf,client,payoff,total
test_month_sac_gen_J_q_7,812.4312379501198,1468.334912,149.17516390639216,506.72851014348805
