name,transf,client,payoff,total,sessions
test_6month_sac_gen_1o_105,3008.133043409958,9929.387430399998,886.8210602299855,6034.433326760054,df_elaad_preproc_l6months.csv
