name,transf,client,payoff,total,sessions
test_6month_sac_gen_1o_104,2944.096373316089,9929.387430399998,886.8210602299855,6098.469996853924,df_elaad_preproc_l6months.csv
