name,transf,client,payoff,total
train_month_sac_gen_I_a_295,2030.2731566459092,4306.918592,422.3108412815719,1854.334594072519
