name,transf,client,payoff,total
test_month_sac_gen_I_a_256,695.3759814453956,1468.334912,149.17516390639216,623.7837666482122
