name,transf,client,payoff,total
test_month_sac_gen_J_l_85,743.3148586424454,1468.334912,149.17516390639216,575.8448894511624
