name,transf,client,payoff,total
train_month_sac_gen_I_h_253,2021.4306414605662,4306.918592,422.3108412815719,1863.177109257862
