name,transf,client,payoff,total,sessions
test_6month_sac_gen_2m_79,3096.3780906397637,9929.387430399998,886.8210602299855,5946.188279530248,df_elaad_preproc_l6months.csv
