name,transf,client,payoff,total
val_month_sac_gen_I_q_188,743.5177163724451,1488.30912,159.56135988924024,585.2300437383146
