name,transf,client,payoff,total
train_month_sac_gen_J_s_259,1891.8136638743715,4306.918592,419.64354663814527,1995.4613814874829
