name,transf,client,payoff,total
train_month_sac_gen_I_j_205,2041.6559198316763,4306.918592,422.3108412815719,1842.9518308867518
