name,transf,client,payoff,total
val_month_sac_gen_b_20,698.3530395819978,1349.0472576000002,118.32161810264896,532.3725999153535
