name,transf,client,payoff,total
month_sac_IX_a,1092.840020487638,1469.5622144,139.41496438405034,237.3072295283116
