name,transf,client,payoff,total
train_month_sac_gen_J_d_395,2020.200040702519,4306.918592,422.3108412815719,1864.4077100159093
