name,transf,client,payoff,total,sessions
test_6month_sac_pred_noise_2a_40,3045.5811160805306,9929.387430399998,897.4875555656347,5986.318758753833,df_elaad_preproc_l6months.csv
