name,transf,client,payoff,total
test_sac_c_49,7637.5302746087145,18301.238246399997,1736.5228628156017,8927.18510897568
