name,transf,client,payoff,total
train_month_sac_gen_G_a_102,958.3101491321263,1469.5622144,139.8280913687821,371.4239738990915
