name,transf,client,payoff,total,sessions
test_6month_sac_pred_noise_4e_146,5282.199526667992,9929.387430399998,891.2211003728393,3755.9668033591665,df_elaad_preproc_l6months.csv
