name,transf,client,payoff,total
test_month_sac_gen_J_c_390,676.0520944460866,1468.334912,149.17516390639216,643.1076536475213
