name,transf,client,payoff,total
train_month_sac_c_757,1025.9411913505332,2289.492687923877,157.2012507240518,1106.350245849292
