name,transf,client,payoff,total
val_month_sac_gen_I_w_246,664.9884539637779,1488.30912,159.56135988924024,663.7593061469818
