name,transf,client,payoff,total,sessions
test_6month_sac_gen_e_114,2867.4725612404463,9929.387430399998,886.8210602299855,6175.093808929567,df_elaad_preproc_l6months.csv
