name,transf,client,payoff,total,sessions
test_6month_sac_gen_k_81,3036.9428365563967,9929.387430399998,886.8210602299855,6005.623533613616,df_elaad_preproc_l6months.csv
