name,transf,client,payoff,total
test_month_sac_gen_J_b_77,717.7924778454096,1468.334912,149.17516390639216,601.3672702481982
