name,transf,client,payoff,total,sessions
test_6month_sac_pred_noise_1a_150,2832.7761142754543,9929.387430399998,893.2217503396156,6203.389565784928,df_elaad_preproc_l6months.csv
