name,transf,client,payoff,total
test_month_sac_gen_G_b_123,659.1477049289254,1468.334912,148.64140204911905,660.5458050219556
