name,transf,client,payoff,total
val_month_sac_gen_J_a_18,747.1692201734733,1488.30912,159.56135988924024,581.5785399372865
