name,transf,client,payoff,total,sessions
test_6month_sac_gen_k_176,2849.4661488555093,9929.387430399998,886.8210602299855,6193.100221314504,df_elaad_preproc_l6months.csv
