name,transf,client,payoff,total,sessions
test_6month_sac_gen_3m_102,3032.3214134495715,9929.387430399998,886.8210602299855,6010.24495672044,df_elaad_preproc_l6months.csv
