name,transf,client,payoff,total
test_month_sac_gen_J_j_282,643.5905159775962,1468.334912,149.17516390639216,675.5692321160117
