name,transf,client,payoff,total
val_month_sac_gen_I_w_128,680.7077480772728,1488.30912,159.56135988924024,648.0400120334868
