name,transf,client,payoff,total
train_month_sac_gen_I_y_493,-148.65059781110045,4306.918592,415.70985056411735,4039.8593392469834
