name,transf,client,payoff,total
train_month_sac_gen_I_x_465,-7217.293487382166,4306.918592,416.84483755505204,11107.367241827114
