name,transf,client,payoff,total
test_month_sac_gen_I_i_172,719.2898516739926,1468.334912,149.17516390639216,599.8698964196152
