name,transf,client,payoff,total
val_month_sac_gen_I_w_468,657.2713489119021,1488.30912,159.56135988924024,671.4764111988575
