name,transf,client,payoff,total
val_month_sac_c_681,1826.5755918218783,2277.450960542104,145.3079860330326,305.56738268719306
