name,transf,client,payoff,total
test_sac_d_c_4,13694.586776679149,18301.238246399997,1736.5228628156017,2870.1286069052458
