name,transf,client,payoff,total
val_month_sac_gen_J_z_54,678.4891750420005,1488.30912,155.96206259448996,653.8578823635094
