name,transf,client,payoff,total
train_month_sac_gen_J_w_419,1835.5176161825652,4306.918592,423.3767486733501,2048.0242271440848
