name,transf,client,payoff,total
train_month_sac_gen_I_l_274,2032.000006401869,4306.918592,422.3108412815719,1852.607744316559
