name,transf,client,payoff,total,sessions
test_6month_sac_pred_noise_5a_74,3010.3061260449026,9929.387430399998,881.6875054342313,6037.393798920864,df_elaad_preproc_l6months.csv
