name,transf,client,payoff,total,sessions
test_6month_sac_pred_noise_1a_162,2942.558146835627,9929.387430399998,893.2217503396156,6093.607533224756,df_elaad_preproc_l6months.csv
