name,transf,client,payoff,total
val_month_sac_gen_G_a_167,657.7230068434233,1488.30912,155.96206259448996,674.6240505620867
