name,transf,client,payoff,total
val_month_sac_gen_I_p_281,706.4348421477152,1488.30912,159.56135988924024,622.3129179630444
