name,transf,client,payoff,total
val_month_sac_gen_I_f_373,650.4229134778778,1488.30912,158.8282254603323,679.0579810617897
