name,transf,client,payoff,total
val_month_sac_gen_J_t_448,589.7498610761747,1488.30912,155.96206259448996,742.5971963293352
