name,transf,client,payoff,total
val_month_sac_gen_J_q_418,637.4035178886149,1488.30912,159.56135988924024,691.3442422221447
