name,transf,client,payoff,total
train_month_sac_c_595,1033.4846676458,2289.492687923877,157.2012507240518,1098.806769554025
