name,transf,client,payoff,total,sessions
test_6month_sac_gen_a_164,3007.5455177178965,9929.387430399998,886.8210602299855,6035.020852452117,df_elaad_preproc_l6months.csv
