name,transf,client,payoff,total
train_month_sac_gen_J_h_53,2212.1593653565556,4306.918592,422.3108412815719,1672.4483853618726
