name,transf,client,payoff,total
train_month_sac_gen_I_e_96,2127.8254516267193,4306.918592,417.9096673275943,1761.1834730456862
