name,transf,client,payoff,total
val_month_sac_gen_I_v_365,648.3398548101068,1488.30912,159.56135988924024,680.4079053006528
