name,transf,client,payoff,total,sessions
test_6month_sac_gen_5m_76,2928.9681589572638,9929.387430399998,881.6875054342313,6118.731766008503,df_elaad_preproc_l6months.csv
