name,transf,client,payoff,total,sessions
test_6month_sac_gen_k_4,5370.884246675617,9929.387430399998,886.8210602299855,3671.682123494396,df_elaad_preproc_l6months.csv
