name,transf,client,payoff,total
test_month_sac_gen_I_u_128,693.7722563117961,1468.334912,149.17516390639216,625.3874917818117
