name,transf,client,payoff,total
train_month_sac_gen_I_v_202,383.46629017230816,4306.918592,430.5772676482046,3492.875034179487
