name,transf,client,payoff,total
train_month_sac_gen_J_a_167,2034.753348973145,4306.918592,422.3108412815719,1849.8544017452832
