name,transf,client,payoff,total
train_month_sac_gen_I_b_412,1963.3017479869868,4306.918592,422.3108412815719,1921.3060027314414
