name,transf,client,payoff,total
val_month_sac_gen_J_w_10,776.7338462476546,1488.30912,155.96206259448996,555.6132111578554
