name,transf,client,payoff,total
val_month_sac_gen_J_u_127,591.4545062630567,1488.30912,155.96206259448996,740.8925511424532
