name,transf,client,payoff,total
test_month_sac_gen_J_d_473,704.3975942073009,1468.334912,149.17516390639216,614.7621538863069
