name,transf,client,payoff,total
val_month_sac_c_353,1846.4510632153906,2277.450960542104,145.3079860330326,285.6919112936808
