name,transf,client,payoff,total
val_month_sac_gen_I_o_356,696.3396371197447,1488.30912,159.56135988924024,632.408122991015
