name,transf,client,payoff,total,sessions
test_6month_sac_pred_noise_5e_158,5031.327866694481,9929.387430399998,881.6875054342313,4016.3720582712863,df_elaad_preproc_l6months.csv
