name,transf,client,payoff,total
train_month_sac_gen_I_j_170,2052.5851689582605,4306.918592,422.3108412815719,1832.0225817601677
