name,transf,client,payoff,total
test_month_sac_gen_J_t_198,659.631617200177,1468.334912,148.50825484764397,660.1950399521791
