name,transf,client,payoff,total
train_month_sac_gen_c_0,-58.69822357464142,1469.5622144,139.36134605838342,1388.899091916258
