name,transf,client,payoff,total
val_month_sac_gen_J_g_329,642.0648432060557,1488.30912,159.56135988924024,686.6829169047039
