name,transf,client,payoff,total
train_month_sac_gen_J_i_492,1971.3703497040933,4306.918592,422.3108412815719,1913.2374010143349
