name,transf,client,payoff,total
test_month_sac_gen_I_r_5,758.1308620721616,1468.334912,149.17516390639216,561.0288860214463
