name,transf,client,payoff,total
train_month_sac_gen_I_j_47,2218.9051581847025,4306.918592,422.3108412815719,1665.7025925337257
