name,transf,client,payoff,total
train_month_sac_gen_I_g_444,2528.9208493080114,4306.918592,422.3108412815719,1355.6869014104168
