name,transf,client,payoff,total
test_month_sac_gen_J_r_37,697.9496106142519,1468.334912,149.17516390639216,621.2101374793559
