name,transf,client,payoff,total
train_month_sac_c_766,1026.5587817893315,2289.492687923877,157.2012507240518,1105.7326554104936
