name,transf,client,payoff,total
val_month_sac_gen_J_s_228,548.2869775325713,1488.30912,155.96206259448996,784.0600798729386
