name,transf,client,payoff,total,sessions
6month_sac_disagg_4c_P,3561.8864891301127,9929.387430399998,891.2211003728393,5476.279840897047,df_elaad_preproc_l6months.csv
