name,transf,client,payoff,total,sessions
test_6month_sac_gen_5m_40,3197.5520434385535,9929.387430399998,886.8210602299855,5845.01432673146,df_elaad_preproc_l6months.csv
