name,transf,client,payoff,total
test_month_sac_gen_I_h_356,702.6589170177558,1468.334912,149.17516390639216,616.500831075852
