name,transf,client,payoff,total
test_month_sac_c_494,1025.5392436751679,1469.5622144,135.21440678133106,308.808563943501
