name,transf,client,payoff,total
val_month_sac_gen_I_m_357,631.1244084893265,1488.30912,159.56135988924024,697.6233516214331
