name,transf,client,payoff,total,sessions
test_6month_sac_gen_a_159,3008.455384187886,9929.387430399998,886.8210602299855,6034.110985982126,df_elaad_preproc_l6months.csv
