name,transf,client,payoff,total
test_month_sac_gen_J_w_112,614.1427406195613,1468.334912,148.50825484764397,705.6839165327947
