name,transf,client,payoff,total
val_month_sac_gen_I_a_470,644.013538322806,1488.30912,159.56135988924024,684.7342217879536
