name,transf,client,payoff,total
train_month_sac_gen_I_k_180,2039.7798564394996,4306.918592,422.3108412815719,1844.8278942789284
