name,transf,client,payoff,total
train_month_sac_gen_I_t_177,1843.3609794486074,4306.918592,419.71001680063966,2043.847595750753
