name,transf,client,payoff,total
val_month_sac_gen_J_m_218,612.4367489761244,1488.30912,159.56135988924024,716.3110111346352
