name,transf,client,payoff,total,sessions
test_6month_sac_gen_2n_90,2961.7251021506427,9929.387430399998,886.8210602299855,6080.841268019371,df_elaad_preproc_l6months.csv
