name,transf,client,payoff,total
val_month_sac_gen_J_x_209,684.0885037171656,1488.30912,159.56135988924024,644.659256393594
