name,transf,client,payoff,total
test_month_sac_gen_I_s_155,692.4084846739445,1468.334912,149.17516390639216,626.7512634196634
