name,transf,client,payoff,total,sessions
test_6month_sac_gen_d_168,2757.626138143464,9929.387430399998,886.8210602299855,6284.940232026549,df_elaad_preproc_l6months.csv
