name,transf,client,payoff,total
train_month_sac_gen_I_u_50,145.46860685795284,4306.918592,422.3108412815719,3739.139143860475
