name,transf,client,payoff,total,sessions
test_6month_sac_pred_noise_3e_47,5277.070522307185,9929.387430399998,889.2877424740021,3763.0291656188115,df_elaad_preproc_l6months.csv
