name,transf,client,payoff,total
train_month_sac_gen_I_g_98,2448.5069672527934,4306.918592,422.3108412815719,1436.1007834656348
