name,transf,client,payoff,total,sessions
test_6month_sac_gen_g_120,2994.8812501779275,9929.387430399998,886.8210602299855,6047.685119992086,df_elaad_preproc_l6months.csv
