name,transf,client,payoff,total
test_month_sac_gen_I_w_399,656.6501370449516,1468.334912,149.17516390639216,662.5096110486562
