name,transf,client,payoff,total
test_month_sac_gen_I_t_97,738.3019832134382,1468.334912,149.17516390639216,580.8577648801696
