name,transf,client,payoff,total
train_month_sac_gen_I_m_472,1980.3721609921574,4306.918592,422.3108412815719,1904.2355897262705
