name,transf,client,payoff,total
test_month_sac_gen_J_b_139,712.2069309010114,1468.334912,149.17516390639216,606.9528171925964
