name,transf,client,payoff,total
val_month_sac_gen_I_i_76,671.6542812509115,1488.30912,159.56135988924024,657.0934788598481
