name,transf,client,payoff,total
train_month_sac_gen_J_k_244,1809.8009879077217,4306.918592,422.3108412815719,2074.8067628107065
