name,transf,client,payoff,total,sessions
test_6month_sac_gen_i_17,3405.1883040252023,9929.387430399998,886.8210602299855,5637.378066144811,df_elaad_preproc_l6months.csv
