name,transf,client,payoff,total
val_month_sac_gen_J_r_260,633.569741039929,1488.30912,159.56135988924024,695.1780190708307
