name,transf,client,payoff,total,sessions
test_6month_sac_pred_noise_5b_106,3158.9397845289513,9929.387430399998,881.6875054342313,5888.760140436816,df_elaad_preproc_l6months.csv
