name,transf,client,payoff,total
test_month_sac_c_488,1028.1411803868086,1469.5622144,135.21440678133106,306.20662723186024
