name,transf,client,payoff,total,sessions
test_6month_sac_pred_noise_3c_173,3494.7676359433053,9929.387430399998,889.2877424740021,5545.332051982691,df_elaad_preproc_l6months.csv
