name,transf,client,payoff,total
val_month_sac_gen_J_k_275,570.4880531047875,1488.30912,159.56135988924024,758.2597070059721
