name,transf,client,payoff,total
val_month_sac_gen_I_z_487,696.8532301092378,1488.30912,159.56135988924024,631.8945300015218
