name,transf,client,payoff,total,sessions
test_6month_sac_pred_noise_4c_188,3577.1360339115836,9929.387430399998,891.2211003728393,5461.030296115576,df_elaad_preproc_l6months.csv
