name,transf,client,payoff,total
val_month_sac_gen_I_l_69,682.9291725898943,1488.30912,159.56135988924024,645.8185875208653
