name,transf,client,payoff,total
train_month_sac_gen_J_o_337,2015.8481801566745,4306.918592,422.3108412815719,1868.7595705617537
