name,transf,client,payoff,total
train_month_sac_gen_I_g_218,2652.1371825745127,4306.918592,422.3108412815719,1232.4705681439154
