name,transf,client,payoff,total
val_month_sac_gen_J_u_122,598.8326303739359,1488.30912,155.96206259448996,733.5144270315741
