name,transf,client,payoff,total,sessions
test_6month_sac_pred_noise_1d_169,4525.008117919161,9929.387430399998,893.2217503396156,4511.157562141221,df_elaad_preproc_l6months.csv
