name,transf,client,payoff,total,sessions
test_6month_sac_gen_1l_131,2907.7118827591166,9929.387430399998,886.8210602299855,6134.854487410896,df_elaad_preproc_l6months.csv
