name,transf,client,payoff,total
train_month_sac_gen_I_k_448,1991.5335029122177,4306.918592,422.3108412815719,1893.0742478062102
