name,transf,client,payoff,total,sessions
test_6month_sac_gen_3l_162,2795.498118233385,9929.387430399998,886.8210602299855,6247.068251936627,df_elaad_preproc_l6months.csv
