name,transf,client,payoff,total,sessions
test_6month_sac_pred_noise_2a_112,2880.3725898913995,9929.387430399998,897.4875555656347,6151.527284942964,df_elaad_preproc_l6months.csv
