name,transf,client,payoff,total,sessions
test_6month_sac_pred_noise_5e_293,5162.502287231565,9929.387430399998,881.6875054342313,3885.197637734202,df_elaad_preproc_l6months.csv
