name,transf,client,payoff,total
train_month_sac_gen_J_l_214,1860.2319501551385,4306.918592,422.3108412815719,2024.3758005632899
