name,transf,client,payoff,total,sessions
test_6month_sac_pred_noise_1d_101,4621.006228401753,9929.387430399998,893.2217503396156,4415.159451658629,df_elaad_preproc_l6months.csv
