name,transf,client,payoff,total
train_month_sac_gen_I_y_397,-85.02195971731294,4306.918592,419.4444092564507,3972.496142460862
