name,transf,client,payoff,total
val_month_sac_gen_I_y_182,666.9090103474467,1488.30912,159.56135988924024,661.838749763313
