name,transf,client,payoff,total
test_month_sac_gen_J_s_467,566.4470248743639,1468.334912,148.50825484764397,753.3796322779922
