name,transf,client,payoff,total
test_month_sac_gen_J_i_176,750.6540054589142,1468.334912,149.17516390639216,568.5057426346937
