name,transf,client,payoff,total
test_month_sac_gen_I_k_31,728.6560710074637,1468.334912,149.17516390639216,590.5036770861442
