name,transf,client,payoff,total,sessions
test_6month_sac_pred_noise_5b_110,3153.4373326856276,9929.387430399998,881.6875054342313,5894.26259228014,df_elaad_preproc_l6months.csv
