name,transf,client,payoff,total,sessions
test_6month_sac_pred_noise_4e_114,5151.835091162213,9929.387430399998,891.2211003728393,3886.331238864946,df_elaad_preproc_l6months.csv
