name,transf,client,payoff,total
test_month_sac_gen_J_b_252,689.1644860694308,1468.334912,149.17516390639216,629.995262024177
