name,transf,client,payoff,total
train_month_sac_gen_J_t_318,2020.3918693042217,4306.918592,417.9096673275943,1868.617055368184
