name,transf,client,payoff,total
val_month_sac_gen_J_m_184,615.9458767288734,1488.30912,159.56135988924024,712.8018833818862
