name,transf,client,payoff,total
test_month_sac_gen_J_i_194,750.0390640829002,1468.334912,149.17516390639216,569.1206840107077
