name,transf,client,payoff,total,sessions
test_6month_sac_gen_c_65,3105.3397885639374,9929.387430399998,886.8210602299855,5937.226581606075,df_elaad_preproc_l6months.csv
