name,transf,client,payoff,total,sessions
test_6month_sac_pred_noise_4b_72,3390.1806016621135,9929.387430399998,891.2211003728393,5647.985728365045,df_elaad_preproc_l6months.csv
