name,transf,client,payoff,total
val_month_sac_gen_J_u_441,534.7554733303731,1488.30912,155.96206259448996,797.5915840751368
