name,transf,client,payoff,total,sessions
test_6month_sac_gen_h_48,3062.585927186616,9929.387430399998,886.8210602299855,5979.980442983397,df_elaad_preproc_l6months.csv
