name,transf,client,payoff,total
val_month_sac_gen_J_f_417,634.5297177997073,1488.30912,159.56135988924024,694.2180423110524
