name,transf,client,payoff,total
train_month_sac_gen_I_r_270,1933.7190199061315,4306.918592,426.77845203652805,1946.4211200573404
