name,transf,client,payoff,total
val_month_sac_gen_J_u_332,543.9227285922905,1488.30912,155.96206259448996,788.4243288132195
