name,transf,client,payoff,total
val_month_sac_gen_J_g_284,648.2145074338555,1488.30912,159.56135988924024,680.5332526769041
