name,transf,client,payoff,total
val_month_sac_gen_J_i_393,636.2274417361617,1488.30912,159.56135988924024,692.520318374598
