name,transf,client,payoff,total,sessions
test_6month_sac_gen_1l_279,2874.0832699941493,9929.387430399998,886.8210602299855,6168.483100175863,df_elaad_preproc_l6months.csv
