name,transf,client,payoff,total
test_month_sac_gen_J_p_130,662.2439177907236,1468.334912,149.17516390639216,656.9158303028843
