name,transf,client,payoff,total
train_month_sac_gen_J_x_86,655.7134275744847,1349.0472576000002,120.52077346518433,572.8130565603311
