name,transf,client,payoff,total
train_month_sac_gen_I_x_114,-7283.323925155502,4306.918592,420.4438324377625,11169.79868471774
