name,transf,client,payoff,total
val_month_sac_gen_I_a_364,648.831381309994,1488.30912,159.56135988924024,679.9163788007656
