name,transf,client,payoff,total,sessions
test_6month_sac_gen_5m_116,2997.2705847341213,9929.387430399998,881.6875054342313,6050.429340231645,df_elaad_preproc_l6months.csv
