name,transf,client,payoff,total
val_month_sac_gen_J_o_308,650.1847219365011,1488.30912,159.56135988924024,678.5630381742585
