name,transf,client,payoff,total
val_month_sac_gen_J_m_155,624.6562098515215,1488.30912,159.56135988924024,704.0915502592381
