name,transf,client,payoff,total,sessions
test_6month_sac_gen_1l_124,2920.597248553522,9929.387430399998,886.8210602299855,6121.96912161649,df_elaad_preproc_l6months.csv
