name,transf,client,payoff,total
test_month_sac_gen_J_d_446,694.1331313891603,1468.334912,149.17516390639216,625.0266167044475
