name,transf,client,payoff,total
val_month_sac_gen_J_d_374,650.9196494734863,1488.30912,159.56135988924024,677.8281106372733
