name,transf,client,payoff,total
train_month_sac_gen_J_b_149,2050.8865997493444,4306.918592,422.3108412815719,1833.7211509690837
