name,transf,client,payoff,total,sessions
test_6month_sac_gen_j_139,2926.9952146643686,9929.387430399998,886.8210602299855,6115.571155505644,df_elaad_preproc_l6months.csv
