name,transf,client,payoff,total,sessions
test_6month_sac_gen_1o_49,3346.8398144079065,9929.387430399998,886.8210602299855,5695.726555762107,df_elaad_preproc_l6months.csv
