name,transf,client,payoff,total
test_month_sac_gen_I_d_385,663.3176500758801,1468.334912,149.17516390639216,655.8420980177277
