name,transf,client,payoff,total
val_month_sac_gen_J_l_446,589.4249526371966,1488.30912,159.56135988924024,739.322807473563
