name,transf,client,payoff,total
test_month_sac_gen_J_c_331,684.4840714403517,1468.334912,149.17516390639216,634.6756766532561
