name,transf,client,payoff,total
test_month_sac_gen_J_y_171,674.6594548329892,1468.334912,148.50825484764397,645.1672023193669
