name,transf,client,payoff,total
val_month_sac_gen_I_r_320,597.220536802888,1488.30912,159.56135988924024,731.5272233078717
