name,transf,client,payoff,total
val_month_sac_gen_J_o_12,749.8328020595075,1488.30912,159.56135988924024,578.9149580512521
