name,transf,client,payoff,total
test_month_sac_gen_I_p_485,782.8162694402637,1468.334912,149.17516390639216,536.3434786533442
