name,transf,client,payoff,total
val_month_sac_gen_J_q_370,644.0619193782472,1488.30912,159.56135988924024,684.6858407325124
