name,transf,client,payoff,total
test_month_sac_gen_J_s_390,567.0703034549445,1468.334912,148.50825484764397,752.7563536974117
