name,transf,client,payoff,total
val_month_sac_gen_I_c_455,637.151999165908,1488.30912,159.56135988924024,691.5957609448517
