name,transf,client,payoff,total
train_month_sac_gen_I_x_325,-7673.636483175377,4306.918592,416.5772999749627,11563.977775200414
