name,transf,client,payoff,total
test_month_sac_gen_J_w_309,592.3142100896864,1468.334912,148.50825484764397,727.5124470626697
