name,transf,client,payoff,total,sessions
test_6month_sac_gen_1n_23,3321.845772526305,9929.387430399998,886.8210602299855,5720.720597643707,df_elaad_preproc_l6months.csv
