name,transf,client,payoff,total,sessions
test_6month_sac_pred_noise_5d_297,4426.321299087351,9929.387430399998,881.6875054342313,4621.378625878417,df_elaad_preproc_l6months.csv
