name,transf,client,payoff,total
test_month_sac_gen_I_u_344,670.6253527990411,1468.334912,149.17516390639216,648.5343952945667
