name,transf,client,payoff,total
test_month_sac_gen_I_r_423,637.2067001068867,1468.334912,149.17516390639216,681.9530479867211
