name,transf,client,payoff,total
val_month_sac_gen_J_z_104,663.7177245818103,1488.30912,155.96206259448996,668.6293328236995
