name,transf,client,payoff,total
train_month_sac_gen_I_q_63,2361.873814728112,4306.918592,422.3108412815719,1522.7339359903162
