name,transf,client,payoff,total
val_month_sac_gen_I_f_469,647.544557103,1488.30912,158.8282254603323,681.9363374366676
