name,transf,client,payoff,total,sessions
test_6month_sac_gen_5l_37,3276.7932075104954,9929.387430399998,886.8210602299855,5765.773162659518,df_elaad_preproc_l6months.csv
