name,transf,client,payoff,total
val_month_sac_gen_I_a_495,650.4799300492659,1488.30912,159.56135988924024,678.2678300614937
