name,transf,client,payoff,total,sessions
test_6month_sac_gen_3l_179,2832.898960892115,9929.387430399998,886.8210602299855,6209.667409277898,df_elaad_preproc_l6months.csv
