name,transf,client,payoff,total,sessions
test_6month_sac_gen_c_131,2967.4816230709753,9929.387430399998,886.8210602299855,6075.0847470990375,df_elaad_preproc_l6months.csv
