name,transf,client,payoff,total,sessions
test_6month_sac_pred_noise_1b_182,3074.7887711156345,9929.387430399998,893.2217503396156,5961.376908944748,df_elaad_preproc_l6months.csv
