name,transf,client,payoff,total
train_month_sac_gen_I_s_378,1599.5624946314363,4306.918592,422.3108412815719,2285.0452560869917
