name,transf,client,payoff,total,sessions
test_6month_sac_pred_noise_1d_139,4386.6301399666245,9929.387430399998,893.2217503396156,4649.535540093758,df_elaad_preproc_l6months.csv
