name,transf,client,payoff,total,sessions
test_6month_sac_gen_4m_164,2830.4479618053197,9929.387430399998,891.2211003728393,6207.71836822184,df_elaad_preproc_l6months.csv
