name,transf,client,payoff,total
val_month_sac_gen_I_o_336,696.6164958311648,1488.30912,159.56135988924024,632.1312642795949
