name,transf,client,payoff,total
val_month_sac_gen_I_v_294,646.6035468541631,1488.30912,159.56135988924024,682.1442132565965
