name,transf,client,payoff,total
test_month_sac_gen_I_e_387,626.5621123410651,1468.334912,148.50825484764397,693.264544811291
