name,transf,client,payoff,total,sessions
test_6month_sac_gen_1l_73,3052.6287077034094,9929.387430399998,886.8210602299855,5989.937662466604,df_elaad_preproc_l6months.csv
