name,transf,client,payoff,total
val_month_sac_gen_J_t_471,593.9672157454672,1488.30912,155.96206259448996,738.3798416600428
