name,transf,client,payoff,total
val_month_sac_gen_I_t_224,691.0611702974958,1488.30912,159.56135988924024,637.6865898132639
