name,transf,client,payoff,total
test_month_sac_gen_J_l_440,650.632731380709,1468.334912,149.17516390639216,668.5270167128989
