name,transf,client,payoff,total
test_month_sac_gen_J_o_450,678.542521011877,1468.334912,149.17516390639216,640.6172270817308
