name,transf,client,payoff,total
val_month_sac_gen_I_l_351,641.0634409145596,1488.30912,159.56135988924024,687.6843191962
