name,transf,client,payoff,total,sessions
test_6month_sac_gen_f_67,3033.3960018770654,9929.387430399998,886.8210602299855,6009.170368292947,df_elaad_preproc_l6months.csv
