name,transf,client,payoff,total
test_month_sac_gen_J_a_228,688.2119945462535,1468.334912,149.17516390639216,630.9477535473543
