name,transf,client,payoff,total,sessions
test_6month_sac_gen_a_83,2963.4785605793513,9929.387430399998,886.8210602299855,6079.087809590661,df_elaad_preproc_l6months.csv
