name,transf,client,payoff,total
val_month_sac_gen_J_d_203,662.0133186018593,1488.30912,159.56135988924024,666.7344415089003
