name,transf,client,payoff,total
train_month_sac_gen_I_x_332,-7506.955502805069,4306.918592,419.6437537321416,11394.230341072927
