name,transf,client,payoff,total
train_month_sac_gen_G_a_163,654.4505486489251,1488.30912,158.29545359043794,675.5631177606369
