name,transf,client,payoff,total,sessions
test_6month_sac_gen_1n_118,2956.8888950771993,9929.387430399998,886.8210602299855,6085.6774750928125,df_elaad_preproc_l6months.csv
