name,transf,client,payoff,total
test_month_sac_gen_J_n_340,664.0058256720494,1468.334912,149.17516390639216,655.1539224215585
