name,transf,client,payoff,total
train_month_sac_gen_I_a_164,2049.84398850908,4306.918592,422.3108412815719,1834.763762209348
