name,transf,client,payoff,total,sessions
test_6month_sac_gen_j_3,4628.025700630959,9929.387430399998,886.8210602299855,4414.540669539054,df_elaad_preproc_l6months.csv
