name,transf,client,payoff,total,sessions
test_6month_sac_gen_e_85,2965.042463859681,9929.387430399998,886.8210602299855,6077.523906310331,df_elaad_preproc_l6months.csv
