name,transf,client,payoff,total
val_month_sac_gen_I_y_285,656.8606705194668,1488.30912,159.56135988924024,671.8870895912928
