name,transf,client,payoff,total
val_month_sac_gen_J_s_258,546.6465767018126,1488.30912,155.96206259448996,785.7004807036974
