name,transf,client,payoff,total,sessions
test_6month_sac_gen_e_14,3499.777059972195,9929.387430399998,886.8210602299855,5542.789310197817,df_elaad_preproc_l6months.csv
