name,transf,client,payoff,total
val_month_sac_gen_I_b_293,625.3307415945801,1488.30912,159.56135988924024,703.4170185161795
