name,transf,client,payoff,total
val_month_sac_gen_J_j_372,595.676371359234,1488.30912,159.56135988924024,733.0713887515255
