name,transf,client,payoff,total
train_month_sac_gen_I_s_381,1594.1335300443966,4306.918592,422.3108412815719,2290.4742206740316
