name,transf,client,payoff,total
test_month_sac_gen_I_i_260,716.065355108715,1468.334912,149.17516390639216,603.0943929848928
