name,transf,client,payoff,total
val_month_sac_gen_I_p_396,700.8526479941961,1488.30912,159.56135988924024,627.8951121165635
