name,transf,client,payoff,total
test_month_sac_gen_I_l_78,717.7796482239119,1468.334912,149.17516390639216,601.380099869696
