name,transf,client,payoff,total
train_month_sac_gen_I_p_72,2280.852467763347,4306.918592,422.3108412815719,1603.7552829550814
