name,transf,client,payoff,total
test_month_sac_gen_J_y_164,659.9815834604376,1468.334912,148.50825484764397,659.8450736919185
