name,transf,client,payoff,total
test_month_sac_gen_I_p_475,775.817260547602,1468.334912,149.17516390639216,543.3424875460058
