name,transf,client,payoff,total
train_month_sac_gen_J_w_325,1862.9195435230674,4306.918592,417.9096673275943,2026.089381149338
