name,transf,client,payoff,total,sessions
test_6month_sac_gen_3m_174,2780.14479596395,9929.387430399998,889.2877424740021,6259.9548919620465,df_elaad_preproc_l6months.csv
