name,transf,client,payoff,total,sessions
test_6month_sac_gen_g_198,2866.9285878272212,9929.387430399998,886.8210602299855,6175.637782342792,df_elaad_preproc_l6months.csv
