name,transf,client,payoff,total,sessions
test_6month_sac_pred_noise_2e_197,5119.066876438761,9929.387430399998,897.4875555656347,3912.8329983956028,df_elaad_preproc_l6months.csv
