name,transf,client,payoff,total,sessions
test_6month_sac_gen_c_3,4995.2199757459575,9929.387430399998,886.8210602299855,4047.3463944240552,df_elaad_preproc_l6months.csv
