name,transf,client,payoff,total,sessions
test_6month_sac_gen_4l_45,3057.7689518532516,9929.387430399998,886.8210602299855,5984.797418316761,df_elaad_preproc_l6months.csv
