name,transf,client,payoff,total
test_month_sac_gen_J_i_164,750.537918615248,1468.334912,149.17516390639216,568.6218294783598
