name,transf,client,payoff,total
month_sac_IX_i,834.9422689217712,1469.5622144,138.08191236508497,496.53803311314374
