name,transf,client,payoff,total
val_month_sac_c_367,1835.8047251246394,2277.450960542104,145.3079860330326,296.338249384432
