name,transf,client,payoff,total
train_month_sac_gen_I_c_326,2065.920728132075,4306.918592,422.3108412815719,1818.6870225863531
