name,transf,client,payoff,total
val_month_sac_gen_I_c_230,646.6020051756421,1488.30912,159.56135988924024,682.1457549351176
