name,transf,client,payoff,total
val_month_sac_gen_J_w_254,559.1991847034495,1488.30912,155.96206259448996,773.1478727020603
