name,transf,client,payoff,total
test_month_sac_gen_J_q_445,676.3454120193646,1468.334912,149.17516390639216,642.8143360742432
