name,transf,client,payoff,total
test_month_sac_gen_I_o_24,736.9389593759587,1468.334912,149.17516390639216,582.2207887176492
