name,transf,client,payoff,total,sessions
test_6month_sac_gen_e_42,3139.40072360653,9929.387430399998,886.8210602299855,5903.165646563482,df_elaad_preproc_l6months.csv
