name,transf,client,payoff,total,sessions
test_6month_sac_gen_4l_1,5166.451212857915,9929.387430399998,886.8210602299855,3876.1151573120974,df_elaad_preproc_l6months.csv
