name,transf,client,payoff,total
test_month_sac_gen_I_z_424,725.1602255645362,1468.334912,149.17516390639216,593.9995225290717
