name,transf,client,payoff,total
val_month_sac_gen_J_t_490,598.4141795387853,1488.30912,155.96206259448996,733.9328778667245
