name,transf,client,payoff,total,sessions
test_6month_sac_gen_c_64,3115.072572166118,9929.387430399998,886.8210602299855,5927.493798003894,df_elaad_preproc_l6months.csv
