name,transf,client,payoff,total
val_month_sac_gen_J_c_126,716.8819736831097,1488.30912,159.56135988924024,611.8657864276499
