name,transf,client,payoff,total
val_month_sac_gen_J_v_261,605.6620442576011,1488.30912,155.96206259448996,726.6850131479089
