name,transf,client,payoff,total
train_month_sac_gen_I_n_221,1906.4077756726763,4306.918592,422.3108412815719,1978.1999750457517
