name,transf,client,payoff,total
val_month_sac_gen_J_q_101,674.3260937160002,1488.30912,159.56135988924024,654.4216663947595
