name,transf,client,payoff,total
val_month_sac_gen_J_k_211,579.1574176562626,1488.30912,159.56135988924024,749.590342454497
