name,transf,client,payoff,total,sessions
test_6month_sac_pred_noise_5d_269,4460.9593440546505,9929.387430399998,881.6875054342313,4586.740580911117,df_elaad_preproc_l6months.csv
