name,transf,client,payoff,total
test_month_sac_gen_J_l_244,655.9936147160165,1468.334912,149.17516390639216,663.1661333775913
