name,transf,client,payoff,total
val_month_sac_gen_I_l_33,700.4282684569605,1488.30912,159.56135988924024,628.3194916537991
