name,transf,client,payoff,total
test_month_sac_gen_J_l_479,661.5183155551433,1468.334912,149.17516390639216,657.6414325384645
