name,transf,client,payoff,total
train_month_sac_gen_I_o_134,2164.836598040803,4306.918592,422.3108412815719,1719.7711526776252
