name,transf,client,payoff,total,sessions
test_6month_sac_pred_noise_4c_51,3702.3741418123354,9929.387430399998,891.2211003728393,5335.792188214824,df_elaad_preproc_l6months.csv
