name,transf,client,payoff,total
val_month_sac_gen_J_h_205,667.3149383839834,1488.30912,159.56135988924024,661.4328217267762
