name,transf,client,payoff,total
test_month_sac_gen_J_b_330,686.6433288786509,1468.334912,149.17516390639216,632.516419214957
