name,transf,client,payoff,total
train_month_sac_gen_I_e_242,2050.04723573889,4306.918592,417.9096673275943,1838.9616889335157
