name,transf,client,payoff,total
val_month_sac_gen_I_g_22,742.1557424169848,1488.30912,159.56135988924024,586.5920176937748
