name,transf,client,payoff,total,sessions
test_6month_sac_pred_noise_5a_97,2932.0332139567918,9929.387430399998,881.6875054342313,6115.666711008975,df_elaad_preproc_l6months.csv
