name,transf,client,payoff,total,sessions
test_6month_sac_gen_2o_8,4225.068467484549,9929.387430399998,886.8210602299855,4817.4979026854635,df_elaad_preproc_l6months.csv
