name,transf,client,payoff,total,sessions
test_6month_sac_gen_2n_164,2892.8037284881675,9929.387430399998,886.8210602299855,6149.762641681846,df_elaad_preproc_l6months.csv
