name,transf,client,payoff,total,sessions
test_6month_sac_pred_noise_1a_195,2795.918804607756,9929.387430399998,893.2217503396156,6240.246875452626,df_elaad_preproc_l6months.csv
