name,transf,client,payoff,total
test_month_sac_gen_I_z_284,725.2163753629479,1468.334912,149.17516390639216,593.9433727306599
