name,transf,client,payoff,total,sessions
test_6month_sac_gen_2l_50,3156.532652997851,9929.387430399998,886.8210602299855,5886.033717172162,df_elaad_preproc_l6months.csv
