name,transf,client,payoff,total,sessions
test_6month_sac_gen_3m_170,2894.867035740359,9929.387430399998,889.2877424740021,6145.232652185638,df_elaad_preproc_l6months.csv
