name,transf,client,payoff,total
test_month_sac_gen_J_h_69,792.1726746739336,1468.334912,149.17516390639216,526.9870734196743
