name,transf,client,payoff,total
val_month_sac_gen_I_l_412,637.917293124877,1488.30912,159.56135988924024,690.8304669858826
