name,transf,client,payoff,total,sessions
test_6month_sac_gen_e_238,2753.9485858887556,9929.387430399998,886.8210602299855,6288.617784281258,df_elaad_preproc_l6months.csv
