name,transf,client,payoff,total,sessions
test_6month_sac_pred_noise_5b_152,3117.233029393812,9929.387430399998,881.6875054342313,5930.466895571955,df_elaad_preproc_l6months.csv
