name,transf,client,payoff,total
train_month_sac_gen_I_z_36,345.1091595383291,4306.918592,415.70985056411735,3546.0995818975534
