name,transf,client,payoff,total
train_month_sac_gen_I_r_261,1944.5269024066201,4306.918592,418.44380496328233,1943.9478846300976
