name,transf,client,payoff,total,sessions
test_6month_sac_pred_noise_5d_68,4527.497911521623,9929.387430399998,881.6875054342313,4520.2020134441445,df_elaad_preproc_l6months.csv
