name,transf,client,payoff,total
train_month_sac_gen_J_k_393,1767.9039612417398,4306.918592,422.3108412815719,2116.703789476688
