name,transf,client,payoff,total,sessions
test_6month_sac_gen_2o_28,3139.9498448974327,9929.387430399998,886.8210602299855,5902.6165252725805,df_elaad_preproc_l6months.csv
