name,transf,client,payoff,total
test_month_sac_c_292,1043.8280149096695,1469.5622144,135.21440678133106,290.5197927089994
