name,transf,client,payoff,total,sessions
test_6month_sac_pred_noise_5d_291,4582.315343490033,9929.387430399998,881.6875054342313,4465.384581475733,df_elaad_preproc_l6months.csv
