name,transf,client,payoff,total
train_month_sac_gen_J_a_199,2028.081603024712,4306.918592,422.3108412815719,1856.5261476937162
