name,transf,client,payoff,total,sessions
test_6month_sac_pred_noise_2a_63,2998.3936119601185,9929.387430399998,897.4875555656347,6033.506262874245,df_elaad_preproc_l6months.csv
