name,transf,client,payoff,total
train_month_sac_gen_J_m_233,1840.9678348741372,4306.918592,422.3108412815719,2043.639915844291
