name,transf,client,payoff,total
val_month_sac_c_547,1824.065269744767,2277.450960542104,145.3079860330326,308.0777047643044
