name,transf,client,payoff,total
train_month_sac_gen_J_o_59,2166.744964696143,4306.918592,422.3108412815719,1717.862786022285
