name,transf,client,payoff,total
val_month_sac_gen_I_j_353,653.8757248282302,1488.30912,159.56135988924024,674.8720352825294
