name,transf,client,payoff,total
test_month_sac_gen_I_t_111,712.6345971820768,1468.334912,149.17516390639216,606.525150911531
