name,transf,client,payoff,total
train_month_sac_c_386,1050.954798305368,2289.492687923877,157.2012507240518,1081.336638894457
