name,transf,client,payoff,total,sessions
test_month_sac_gen_G_c_255,1173.8518593971007,1468.334912,148.50825484764397,145.97479775525534,df_elaad_preproc_apr.csv
