name,transf,client,payoff,total
train_month_sac_gen_I_n_368,1892.4188710524427,4306.918592,422.3108412815719,1992.1888796659855
