name,transf,client,payoff,total
test_month_sac_gen_I_y_480,680.8207286191471,1468.334912,149.17516390639216,638.3390194744608
