name,transf,client,payoff,total
val_month_sac_gen_J_a_77,680.9584398563723,1488.30912,159.56135988924024,647.7893202543873
