name,transf,client,payoff,total
test_month_sac_gen_J_n_86,718.8323381899564,1468.334912,149.17516390639216,600.3274099036514
