name,transf,client,payoff,total
train_month_sac_gen_J_v_394,2028.3823943823406,4306.918592,417.9096673275943,1860.6265302900647
