name,transf,client,payoff,total
val_month_sac_gen_I_k_24,739.0366210994475,1488.30912,159.56135988924024,589.7111390113121
