name,transf,client,payoff,total
val_month_sac_gen_I_r_489,591.2759593153061,1488.30912,159.56135988924024,737.4718007954536
