name,transf,client,payoff,total,sessions
test_6month_sac_gen_2m_71,2991.614479111701,9929.387430399998,897.4875555656347,6040.285395722663,df_elaad_preproc_l6months.csv
