name,transf,client,payoff,total
train_month_sac_gen_I_t_8,2181.4566478302286,4306.918592,420.11088826644277,1705.3510559033286
