name,transf,client,payoff,total
train_month_sac_gen_J_v_146,2120.301312200694,4306.918592,417.9096673275943,1768.7076124717114
