name,transf,client,payoff,total
train_month_sac_gen_J_x_6,801.0436970808958,1488.30912,158.62811850635504,528.6373044127491
