name,transf,client,payoff,total
train_month_sac_gen_J_y_45,577.7210805422137,1349.0472576000002,120.78788796612594,650.5382890916605
