name,transf,client,payoff,total
test_month_sac_gen_J_p_126,661.3884988056122,1468.334912,149.17516390639216,657.7712492879956
