name,transf,client,payoff,total,sessions
test_6month_sac_gen_f_146,2866.545412415183,9929.387430399998,886.8210602299855,6176.02095775483,df_elaad_preproc_l6months.csv
