name,transf,client,payoff,total,sessions
test_6month_sac_pred_noise_3b_126,3078.9645616423454,9929.387430399998,889.2877424740021,5961.135126283651,df_elaad_preproc_l6months.csv
