name,transf,client,payoff,total,sessions
test_6month_sac_pred_noise_5b_59,3366.6032668843736,9929.387430399998,881.6875054342313,5681.096658081393,df_elaad_preproc_l6months.csv
