name,transf,client,payoff,total
test_month_sac_gen_I_t_100,729.3738216186014,1468.334912,149.17516390639216,589.7859264750065
