name,transf,client,payoff,total
train_month_sac_gen_I_t_455,1881.189873244823,4306.918592,419.6437537321416,2006.0849650230352
