name,transf,client,payoff,total
train_month_sac_gen_I_y_259,67.84015874681097,4306.918592,416.84483755505204,3822.2335956981374
