name,transf,client,payoff,total
train_month_sac_gen_I_c_71,2163.366402465809,4306.918592,422.3108412815719,1721.241348252619
