name,transf,client,payoff,total
val_month_sac_gen_J_q_497,647.6355125211023,1488.30912,159.56135988924024,681.1122475896573
