name,transf,client,payoff,total
train_month_sac_gen_I_f_292,2084.8661312520894,4306.918592,421.11038371791597,1800.9420770299946
