name,transf,client,payoff,total
val_month_sac_gen_J_j_143,625.9096411769654,1488.30912,159.56135988924024,702.8381189337942
