name,transf,client,payoff,total
test_month_sac_gen_J_t_253,651.436582520168,1468.334912,148.50825484764397,668.3900746321881
