name,transf,client,payoff,total
val_month_sac_gen_J_l_67,656.698861768323,1488.30912,159.56135988924024,672.0488983424366
