name,transf,client,payoff,total
val_month_sac_gen_J_u_301,548.1942009883079,1488.30912,155.96206259448996,784.152856417202
