name,transf,client,payoff,total
test_month_sac_gen_I_o_114,739.2032813156084,1468.334912,149.17516390639216,579.9564667779995
