name,transf,client,payoff,total
test_month_sac_gen_I_p_55,787.962959702747,1468.334912,149.17516390639216,531.1967883908609
