name,transf,client,payoff,total,sessions
test_6month_sac_gen_4m_69,3049.2632762455055,9929.387430399998,886.8210602299855,5993.303093924507,df_elaad_preproc_l6months.csv
