name,transf,client,payoff,total
train_month_sac_gen_J_v_250,2068.5593860222198,4306.918592,417.9096673275943,1820.4495386501858
