name,transf,client,payoff,total,sessions
test_6month_sac_gen_3m_162,2893.7374704411877,9929.387430399998,886.8210602299855,6148.8288997288255,df_elaad_preproc_l6months.csv
