name,transf,client,payoff,total,sessions
test_6month_sac_pred_noise_1c_84,3571.9711756746756,9929.387430399998,893.2217503396156,5464.194504385707,df_elaad_preproc_l6months.csv
