name,transf,client,payoff,total
train_month_sac_gen_I_r_267,1933.626830337251,4306.918592,416.2438188041474,1957.0479428586018
