name,transf,client,payoff,total
train_month_sac_gen_I_l_431,2009.471799976633,4306.918592,422.3108412815719,1875.135950741795
