name,transf,client,payoff,total
val_month_sac_gen_J_t_67,639.2763110171261,1488.30912,155.96206259448996,693.0707463883839
