name,transf,client,payoff,total
train_month_sac_gen_J_i_396,1957.5376416110178,4306.918592,422.3108412815719,1927.0701091074106
