name,transf,client,payoff,total
test_month_sac_gen_I_n_237,658.6401845700988,1468.334912,149.17516390639216,660.5195635235091
