name,transf,client,payoff,total
val_month_sac_gen_I_c_355,637.6190675027119,1488.30912,159.56135988924024,691.1286926080477
