name,transf,client,payoff,total
test_month_sac_gen_I_f_250,740.1136279862965,1468.334912,147.8419170286109,580.3793669850927
