name,transf,client,payoff,total,sessions
train_month_sac_gen_G_c_116,837.2225642849696,1349.0472576000002,121.38808025725349,390.4366130577771,df_elaad_preproc_feb.csv
