name,transf,client,payoff,total
test_month_sac_gen_I_g_385,848.0719038270913,1468.334912,149.17516390639216,471.0878442665165
