name,transf,client,payoff,total
val_month_sac_gen_I_x_495,696.650414923706,1488.30912,159.56135988924024,632.0973451870536
