name,transf,client,payoff,total,sessions
test_6month_sac_pred_noise_3b_14,4672.4671742846585,9929.387430399998,889.2877424740021,4367.632513641338,df_elaad_preproc_l6months.csv
