name,transf,client,payoff,total
train_month_sac_gen_J_b_162,2044.8767888748935,4306.918592,422.3108412815719,1839.7309618435347
