name,transf,client,payoff,total
test_month_sac_gen_J_p_485,676.7956554267676,1468.334912,149.17516390639216,642.3640926668403
