name,transf,client,payoff,total
val_month_sac_gen_J_s_195,555.2284332313271,1488.30912,155.96206259448996,777.1186241741827
