name,transf,client,payoff,total
test_month_sac_gen_I_t_409,719.3140674712473,1468.334912,149.17516390639216,599.8456806223605
