name,transf,client,payoff,total
test_month_sac_gen_J_u_355,592.3253459160705,1468.334912,148.50825484764397,727.5013112362856
