name,transf,client,payoff,total,sessions
test_6month_sac_gen_j_14,3623.5508912930427,9929.387430399998,886.8210602299855,5419.0154788769705,df_elaad_preproc_l6months.csv
