name,transf,client,payoff,total
test_month_sac_gen_I_o_366,727.7757621274939,1468.334912,149.17516390639216,591.383985966114
