name,transf,client,payoff,total
test_month_sac_gen_I_k_278,689.6049717075434,1468.334912,149.17516390639216,629.5547763860644
