name,transf,client,payoff,total
val_month_sac_gen_J_o_433,644.8681678884567,1488.30912,159.56135988924024,683.879592222303
