name,transf,client,payoff,total,sessions
test_6month_sac_gen_c_168,2941.5388657804165,9929.387430399998,886.8210602299855,6101.027504389596,df_elaad_preproc_l6months.csv
