name,transf,client,payoff,total
train_month_sac_gen_J_m_30,2175.465573572602,4306.918592,422.3108412815719,1709.1421771458263
