name,transf,client,payoff,total
test_month_sac_gen_I_m_347,666.1325325205348,1468.334912,149.17516390639216,653.027215573073
