name,transf,client,payoff,total
test_month_sac_gen_I_x_475,741.9518923498897,1468.334912,149.17516390639216,577.2078557437181
