name,transf,client,payoff,total
val_month_sac_gen_J_g_139,661.3262751538741,1488.30912,159.56135988924024,667.4214849568855
