name,transf,client,payoff,total
val_month_sac_c_17,2306.9440424898085,2277.450960542104,145.3079860330326,-174.80106798073706
