name,transf,client,payoff,total
train_month_sac_gen_J_v_277,2056.940695997663,4306.918592,417.9096673275943,1832.0682286747424
