name,transf,client,payoff,total
test_month_sac_gen_I_k_419,681.047297701477,1468.334912,149.17516390639216,638.1124503921309
