name,transf,client,payoff,total
train_month_sac_gen_J_f_241,2008.381621933804,4306.918592,422.3108412815719,1876.226128784624
