name,transf,client,payoff,total
test_month_sac_gen_J_c_363,674.1359876635843,1468.334912,149.17516390639216,645.0237604300236
