name,transf,client,payoff,total
test_month_sac_gen_I_n_47,662.7251963660108,1468.334912,149.17516390639216,656.4345517275971
