name,transf,client,payoff,total
test_month_sac_gen_I_m_200,680.5001663661387,1468.334912,149.17516390639216,638.6595817274691
