name,transf,client,payoff,total
test_month_sac_gen_I_u_123,703.2246054231102,1468.334912,149.17516390639216,615.9351426704976
