name,transf,client,payoff,total
train_month_sac_gen_I_a_390,2015.2828849229418,4306.918592,422.3108412815719,1869.3248657954864
