name,transf,client,payoff,total
test_month_sac_gen_G_a_3,1087.089603215394,1468.334912,148.50825484764397,232.73705393696213
