name,transf,client,payoff,total
train_month_sac_gen_J_i_312,1968.9038059500112,4306.918592,422.3108412815719,1915.703944768417
