name,transf,client,payoff,total
val_month_sac_gen_J_n_105,642.338706035393,1488.30912,159.56135988924024,686.4090540753666
