name,transf,client,payoff,total
train_month_sac_gen_J_p_144,2033.50893880486,4306.918592,422.3108412815719,1851.0988119135682
