name,transf,client,payoff,total
val_month_sac_gen_I_d_251,635.2388161253955,1488.30912,159.56135988924024,693.5089439853641
