name,transf,client,payoff,total
train_month_sac_gen_I_q_464,2259.962479592167,4306.918592,422.3108412815719,1624.6452711262614
