name,transf,client,payoff,total
test_month_sac_gen_J_w_411,581.6952278228283,1468.334912,148.50825484764397,738.1314293295277
