name,transf,client,payoff,total
val_month_sac_gen_J_p_233,641.547590793087,1488.30912,159.56135988924024,687.2001693176726
