name,transf,client,payoff,total
train_month_sac_gen_J_i_385,1960.4857564179315,4306.918592,422.3108412815719,1924.1219943004967
