name,transf,client,payoff,total
test_month_sac_gen_I_b_445,696.8805059293118,1468.334912,149.17516390639216,622.2792421642961
