name,transf,client,payoff,total
train_month_sac_gen_G_b_252,529.1047894325372,1349.0472576000002,120.05426526627244,699.8882029011905
