name,transf,client,payoff,total
val_month_sac_gen_J_j_114,625.8969086839983,1488.30912,159.56135988924024,702.8508514267614
