name,transf,client,payoff,total,sessions
test_6month_sac_pred_noise_1c_105,3511.704950487015,9929.387430399998,893.2217503396156,5524.460729573367,df_elaad_preproc_l6months.csv
