name,transf,client,payoff,total
val_month_sac_gen_J_a_361,638.5162330381778,1488.30912,159.56135988924024,690.2315270725819
