name,transf,client,payoff,total
train_month_sac_gen_I_u_339,-124.20892437934071,4306.918592,422.3108412815719,4008.816675097769
