name,transf,client,payoff,total
test_month_sac_gen_I_g_201,880.722924024924,1468.334912,149.17516390639216,438.4368240686838
