name,transf,client,payoff,total
val_month_sac_gen_I_n_248,601.7280605802013,1488.30912,159.56135988924024,727.0196995305585
