name,transf,client,payoff,total
test_month_sac_gen_I_j_311,719.4230346623042,1468.334912,149.17516390639216,599.7367134313037
