name,transf,client,payoff,total
train_month_sac_gen_I_j_424,2015.2152765285196,4306.918592,422.3108412815719,1869.3924741899086
