name,transf,client,payoff,total
val_month_sac_gen_J_t_118,618.7219886290134,1488.30912,155.96206259448996,713.6250687764966
