name,transf,client,payoff,total,sessions
test_6month_sac_gen_e_30,3303.9972191798934,9929.387430399998,886.8210602299855,5738.569150990119,df_elaad_preproc_l6months.csv
