name,transf,client,payoff,total,sessions
test_6month_sac_gen_3m_29,3674.3718192401884,9929.387430399998,886.8210602299855,5368.194550929824,df_elaad_preproc_l6months.csv
