name,transf,client,payoff,total
test_month_sac_gen_J_m_294,682.0262708530661,1468.334912,149.17516390639216,637.1334772405418
