name,transf,client,payoff,total
train_month_sac_gen_J_p_190,2025.0695549032216,4306.918592,422.3108412815719,1859.5381958152066
