name,transf,client,payoff,total
train_month_sac_gen_J_q_334,2016.051419101341,4306.918592,422.3108412815719,1868.5563316170874
