name,transf,client,payoff,total
train_month_sac_gen_I_s_472,1607.325179684668,4306.918592,422.3108412815719,2277.28257103376
