name,transf,client,payoff,total
test_month_sac_gen_J_i_238,748.5741351294789,1468.334912,149.17516390639216,570.5856129641289
