name,transf,client,payoff,total,sessions
test_6month_sac_pred_noise_4b_94,3295.3438433008655,9929.387430399998,891.2211003728393,5742.822486726294,df_elaad_preproc_l6months.csv
