name,transf,client,payoff,total
train_month_sac_gen_J_s_360,1868.8537317816672,4306.918592,419.4432142053772,2018.6216460129556
