name,transf,client,payoff,total,sessions
test_6month_sac_pred_noise_5e_165,5033.799946794822,9929.387430399998,881.6875054342313,4013.899978170945,df_elaad_preproc_l6months.csv
