name,transf,client,payoff,total,sessions
test_6month_sac_pred_noise_5a_253,2942.2865418175215,9929.387430399998,881.6875054342313,6105.413383148245,df_elaad_preproc_l6months.csv
