name,transf,client,payoff,total,sessions
train_month_sac_gen_G_c_240,964.1238361933023,1349.0472576000002,121.4540761967743,263.46934520992363,df_elaad_preproc_feb.csv
