name,transf,client,payoff,total
test_month_sac_gen_J_b_194,698.5218987676014,1468.334912,149.17516390639216,620.6378493260064
