name,transf,client,payoff,total,sessions
test_6month_sac_pred_noise_1e_121,5236.9556303210375,9929.387430399998,893.2217503396156,3799.2100497393453,df_elaad_preproc_l6months.csv
