name,transf,client,payoff,total
val_month_sac_gen_I_l_124,660.4296321656802,1488.30912,159.56135988924024,668.3181279450794
