name,transf,client,payoff,total
train_month_sac_gen_I_a_297,2029.7125356395836,4306.918592,422.3108412815719,1854.8952150788446
