name,transf,client,payoff,total,sessions
test_6month_sac_pred_noise_1e_25,5167.746786923743,9929.387430399998,893.2217503396156,3868.4188931366402,df_elaad_preproc_l6months.csv
