name,transf,client,payoff,total
train_month_sac_gen_J_y_161,573.1447672977586,1349.0472576000002,116.65419479786544,659.2482955043762
