name,transf,client,payoff,total
val_month_sac_gen_I_i_102,670.1546973520278,1488.30912,159.56135988924024,658.5930627587318
