name,transf,client,payoff,total,sessions
test_6month_sac_gen_1n_186,2933.7222808839306,9929.387430399998,886.8210602299855,6108.844089286082,df_elaad_preproc_l6months.csv
