name,transf,client,payoff,total
train_month_sac_gen_J_f_493,2019.7540685704028,4306.918592,422.3108412815719,1864.8536821480257
