name,transf,client,payoff,total
val_month_sac_gen_J_l_426,583.2761407867306,1488.30912,159.56135988924024,745.471619324029
