name,transf,client,payoff,total
val_month_sac_gen_I_p_383,708.8188267421613,1488.30912,159.56135988924024,619.9289333685983
