name,transf,client,payoff,total
test_month_sac_gen_I_m_305,676.5670164613737,1468.334912,149.17516390639216,642.5927316322342
