name,transf,client,payoff,total
train_month_sac_gen_I_v_135,151.9016466388523,4306.918592,419.3769601367892,3735.6399852243585
