name,transf,client,payoff,total
test_month_sac_gen_J_x_191,743.8948542007937,1468.334912,149.17516390639216,575.2648938928141
