name,transf,client,payoff,total
test_month_sac_gen_J_d_95,727.1067297556009,1468.334912,149.17516390639216,592.053018338007
