name,transf,client,payoff,total
train_month_sac_gen_I_t_451,1921.4116960161573,4306.918592,418.11014248789365,1967.396753495949
