name,transf,client,payoff,total
val_month_sac_gen_J_e_106,664.917184755674,1488.30912,159.56135988924024,663.8305753550856
