name,transf,client,payoff,total
train_month_sac_gen_I_n_129,1948.0650689654324,4306.918592,422.3108412815719,1936.542681752996
