name,transf,client,payoff,total
test_month_sac_gen_I_p_301,758.5579201079402,1468.334912,149.17516390639216,560.6018279856677
