name,transf,client,payoff,total,sessions
test_6month_sac_gen_c_134,3008.1456176400943,9929.387430399998,886.8210602299855,6034.420752529919,df_elaad_preproc_l6months.csv
