name,transf,client,payoff,total
test_month_sac_gen_J_h_382,732.2018417589859,1468.334912,149.17516390639216,586.957906334622
