name,transf,client,payoff,total
val_month_sac_gen_J_y_51,686.5230326945378,1488.30912,155.96206259448996,645.824024710972
