name,transf,client,payoff,total
test_month_sac_gen_I_z_8,764.2182173420786,1468.334912,149.17516390639216,554.9415307515293
