name,transf,client,payoff,total
test_month_sac_gen_J_g_465,686.9228566644874,1468.334912,149.17516390639216,632.2368914291204
