name,transf,client,payoff,total
train_month_sac_gen_I_j_62,2188.8188277038635,4306.918592,422.3108412815719,1695.7889230145647
