name,transf,client,payoff,total,sessions
test_6month_sac_pred_noise_3b_263,3284.9103083431864,9929.387430399998,889.2877424740021,5755.18937958281,df_elaad_preproc_l6months.csv
