name,transf,client,payoff,total
val_month_sac_gen_I_q_444,735.1929369654583,1488.30912,159.56135988924024,593.5548231453013
