name,transf,client,payoff,total
test_month_sac_gen_I_v_287,689.0584963487032,1468.334912,149.17516390639216,630.1012517449046
