name,transf,client,payoff,total
test_month_sac_gen_J_k_350,615.4010003180128,1468.334912,149.17516390639216,703.758747775595
