name,transf,client,payoff,total
val_month_sac_gen_J_u_405,535.6090777394625,1488.30912,155.96206259448996,796.7379796660475
