name,transf,client,payoff,total,sessions
test_6month_sac_gen_1l_233,2757.4864846152655,9929.387430399998,886.8210602299855,6285.079885554747,df_elaad_preproc_l6months.csv
