name,transf,client,payoff,total
train_month_sac_gen_I_l_418,2016.6258306597504,4306.918592,422.3108412815719,1867.981920058678
