name,transf,client,payoff,total
val_month_sac_gen_I_y_479,661.1104406985919,1488.30912,159.56135988924024,667.6373194121677
