name,transf,client,payoff,total,sessions
test_6month_sac_gen_1n_92,3017.014205566222,9929.387430399998,886.8210602299855,6025.5521646037905,df_elaad_preproc_l6months.csv
