name,transf,client,payoff,total
val_month_sac_gen_I_b_313,625.6658633994151,1488.30912,159.56135988924024,703.0818967113446
