name,transf,client,payoff,total
val_month_sac_gen_I_y_498,664.7516423527384,1488.30912,159.56135988924024,663.9961177580212
