name,transf,client,payoff,total
val_month_sac_gen_I_v_3,734.4732624183057,1488.30912,159.56135988924024,594.2744976924539
