name,transf,client,payoff,total,sessions
test_6month_sac_pred_noise_2e_112,5362.935644652198,9929.387430399998,897.4875555656347,3668.964230182166,df_elaad_preproc_l6months.csv
