name,transf,client,payoff,total
train_month_sac_gen_I_o_382,2124.460534989771,4306.918592,422.3108412815719,1760.147215728657
