name,transf,client,payoff,total
train_month_sac_gen_J_r_354,1996.6843708253616,4306.918592,422.3108412815719,1887.9233798930663
