name,transf,client,payoff,total,sessions
test_6month_sac_pred_noise_2c_248,3498.1798340882237,9929.387430399998,897.4875555656347,5533.7200407461405,df_elaad_preproc_l6months.csv
