name,transf,client,payoff,total
val_month_sac_gen_I_o_284,695.4969831814781,1488.30912,159.56135988924024,633.2507769292815
