name,transf,client,payoff,total,sessions
train_month_sac_gen_G_e_2,860.3612872625075,1349.0472576000002,120.9208020079624,367.7651683295303,df_elaad_preproc_feb.csv
