name,transf,client,payoff,total,sessions
6month_sac_disagg_4a_HLL,2999.905722946686,9929.387430399998,891.2211003728393,6038.260607080473,df_elaad_preproc_l6months.csv
