name,transf,client,payoff,total
train_month_sac_gen_I_f_430,2070.4358549834815,4306.918592,421.11038371791597,1815.3723532986025
