name,transf,client,payoff,total
test_month_sac_gen_I_e_178,637.3026674890879,1468.334912,148.50825484764397,682.5239896632681
