name,transf,client,payoff,total
train_month_sac_gen_I_z_497,262.68751239050096,4306.918592,419.2436818404789,3624.98739776902
