name,transf,client,payoff,total,sessions
test_6month_sac_gen_3m_87,2896.4842736476476,9929.387430399998,886.8210602299855,6146.082096522365,df_elaad_preproc_l6months.csv
