name,transf,client,payoff,total
train_month_sac_gen_J_f_441,1981.8407936100448,4306.918592,422.3108412815719,1902.7669571083834
