name,transf,client,payoff,total
test_month_sac_gen_I_q_278,778.1749185314122,1468.334912,149.17516390639216,540.9848295621956
