name,transf,client,payoff,total
test_month_sac_gen_I_f_315,735.1198357457513,1468.334912,147.8419170286109,585.3731592256379
