name,transf,client,payoff,total
test_month_sac_gen_I_w_28,712.8956678055865,1468.334912,149.17516390639216,606.2640802880213
