name,transf,client,payoff,total,sessions
test_6month_sac_pred_noise_5e_113,5107.688140782354,9929.387430399998,881.6875054342313,3940.011784183413,df_elaad_preproc_l6months.csv
