name,transf,client,payoff,total
train_month_sac_gen_I_w_341,-7663.5309617388575,4306.918592,422.3108412815719,11548.138712457285
