name,transf,client,payoff,total
train_month_sac_gen_J_g_438,2003.6049705997937,4306.918592,422.3108412815719,1881.0027801186343
