name,transf,client,payoff,total
test_month_sac_gen_J_w_170,601.3029289352417,1468.334912,148.50825484764397,718.5237282171145
