name,transf,client,payoff,total
test_month_sac_gen_I_l_486,703.6324234099175,1468.334912,149.17516390639216,615.5273246836904
