name,transf,client,payoff,total
train_month_sac_gen_J_j_54,2045.644349343303,4306.918592,422.3108412815719,1838.9634013751252
