name,transf,client,payoff,total,sessions
6month_sac_disagg_5a_LL,2767.192474730815,9929.387430399998,881.6875054342313,6280.507450234953,df_elaad_preproc_l6months.csv
