name,transf,client,payoff,total
train_month_sac_gen_I_e_97,2118.839015054337,4306.918592,417.9096673275943,1770.1699096180687
