name,transf,client,payoff,total
test_month_sac_gen_J_b_390,696.6503278251016,1468.334912,149.17516390639216,622.5094202685062
