name,transf,client,payoff,total,sessions
test_6month_sac_pred_noise_1d_175,4416.335267501228,9929.387430399998,893.2217503396156,4619.830412559154,df_elaad_preproc_l6months.csv
