name,transf,client,payoff,total
test_month_sac_gen_I_x_429,737.2036755473325,1468.334912,149.17516390639216,581.9560725462753
