name,transf,client,payoff,total,sessions
test_6month_sac_pred_noise_5c_121,3584.935773256143,9929.387430399998,881.6875054342313,5462.764151709624,df_elaad_preproc_l6months.csv
