name,transf,client,payoff,total
val_month_sac_gen_I_o_254,697.5034623684093,1488.30912,159.56135988924024,631.2442977423505
