name,transf,client,payoff,total
train_month_sac_gen_J_v_379,2029.613762160417,4306.918592,417.9096673275943,1859.3951625119885
