name,transf,client,payoff,total,sessions
test_6month_sac_pred_noise_5c_35,3721.6008691140387,9929.387430399998,881.6875054342313,5326.099055851728,df_elaad_preproc_l6months.csv
