name,transf,client,payoff,total
train_month_sac_gen_I_r_178,1954.7668038845813,4306.918592,426.30975616637795,1925.8420319490406
