name,transf,client,payoff,total
test_month_sac_gen_J_p_276,650.9260544482156,1468.334912,149.17516390639216,668.2336936453922
