name,transf,client,payoff,total
test_month_sac_gen_J_d_263,704.0313048382693,1468.334912,149.17516390639216,615.1284432553385
