name,transf,client,payoff,total,sessions
test_6month_sac_pred_noise_5d_183,4625.660787501176,9929.387430399998,881.6875054342313,4422.0391374645915,df_elaad_preproc_l6months.csv
