name,transf,client,payoff,total,sessions
test_6month_sac_gen_2n_184,2897.910931963772,9929.387430399998,886.8210602299855,6144.65543820624,df_elaad_preproc_l6months.csv
