name,transf,client,payoff,total,sessions
test_6month_sac_gen_1o_16,3360.1754710249465,9929.387430399998,886.8210602299855,5682.390899145066,df_elaad_preproc_l6months.csv
