name,transf,client,payoff,total
test_month_sac_gen_J_g_8,760.5149680224273,1468.334912,149.17516390639216,558.6447800711805
