name,transf,client,payoff,total
test_month_sac_gen_I_o_320,727.381127459665,1468.334912,149.17516390639216,591.7786206339429
