name,transf,client,payoff,total
train_month_sac_gen_I_n_446,1881.304100493405,4306.918592,422.3108412815719,2003.3036502250234
