name,transf,client,payoff,total
test_month_sac_gen_J_m_11,819.0321158861498,1468.334912,149.17516390639216,500.1276322074581
