name,transf,client,payoff,total,sessions
test_6month_sac_pred_noise_4a_145,2941.3721006283795,9929.387430399998,891.2211003728393,6096.79422939878,df_elaad_preproc_l6months.csv
