name,transf,client,payoff,total
test_month_sac_gen_I_z_222,728.9700606909175,1468.334912,149.17516390639216,590.1896874026903
