name,transf,client,payoff,total
test_month_sac_gen_I_r_15,719.0465243384962,1468.334912,149.17516390639216,600.1132237551117
