name,transf,client,payoff,total
train_month_sac_gen_I_t_119,1939.664456973964,4306.918592,416.31051252388596,1950.9436225021502
