name,transf,client,payoff,total
test_month_sac_gen_J_m_319,686.3919502722642,1468.334912,149.17516390639216,632.7677978213436
