name,transf,client,payoff,total
train_month_sac_gen_J_o_167,2048.977382977867,4306.918592,422.3108412815719,1835.6303677405613
