name,transf,client,payoff,total,sessions
test_6month_sac_pred_noise_1d_278,4561.883338933857,9929.387430399998,893.2217503396156,4474.282341126525,df_elaad_preproc_l6months.csv
