name,transf,client,payoff,total
test_month_sac_gen_J_o_16,750.8477020093351,1468.334912,149.17516390639216,568.3120460842728
