name,transf,client,payoff,total
train_month_sac_gen_J_y_9,661.8087127504182,1349.0472576000002,119.85423502803407,567.384309821548
