name,transf,client,payoff,total
val_month_sac_gen_I_a_38,715.0722825549683,1488.30912,159.56135988924024,613.6754775557913
