name,transf,client,payoff,total,sessions
test_6month_sac_pred_noise_4b_105,3226.469588852333,9929.387430399998,891.2211003728393,5811.6967411748265,df_elaad_preproc_l6months.csv
