name,transf,client,payoff,total
val_month_sac_gen_J_e_331,656.1704959953172,1488.30912,159.56135988924024,672.5772641154424
