name,transf,client,payoff,total
test_month_sac_gen_J_o_373,689.2595284572648,1468.334912,149.17516390639216,629.9002196363431
