name,transf,client,payoff,total
test_month_sac_gen_J_i_51,795.4222758360569,1468.334912,149.17516390639216,523.737472257551
