name,transf,client,payoff,total,sessions
6month_sac_disagg_2e_MD,3117.1981031703485,9929.387430399998,886.8210602299855,5925.368266999663,df_elaad_preproc_l6months.csv
