name,transf,client,payoff,total
val_month_sac_gen_I_f_289,660.0681810467927,1488.30912,158.8282254603323,669.4127134928749
