name,transf,client,payoff,total
test_month_sac_gen_I_t_355,706.4053556137068,1468.334912,149.17516390639216,612.7543924799011
