name,transf,client,payoff,total,sessions
test_6month_sac_gen_2l_88,3109.0861902758024,9929.387430399998,886.8210602299855,5933.48017989421,df_elaad_preproc_l6months.csv
