name,transf,client,payoff,total
train_month_sac_gen_I_w_322,-7650.385737564506,4306.918592,422.3108412815719,11534.993488282933
