name,transf,client,payoff,total,sessions
test_6month_sac_pred_noise_2c_182,3648.839509308147,9929.387430399998,897.4875555656347,5383.060365526217,df_elaad_preproc_l6months.csv
