name,transf,client,payoff,total
val_month_sac_gen_I_s_7,772.0308930692065,1488.30912,159.56135988924024,556.7168670415531
