name,transf,client,payoff,total
val_sac_c_70,14973.247288702614,30125.305835959498,1762.9897063291792,13389.068840927705
