name,transf,client,payoff,total
val_month_sac_gen_I_s_391,651.3508623357327,1488.30912,159.56135988924024,677.3968977750269
