name,transf,client,payoff,total,sessions
test_6month_sac_gen_c_206,2943.3424672869805,9929.387430399998,886.8210602299855,6099.223902883032,df_elaad_preproc_l6months.csv
