name,transf,client,payoff,total,sessions
test_6month_sac_pred_noise_1e_103,5075.729368519128,9929.387430399998,893.2217503396156,3960.436311541255,df_elaad_preproc_l6months.csv
