name,transf,client,payoff,total
val_month_sac_c_680,1829.4719339017179,2277.450960542104,145.3079860330326,302.6710406073535
