name,transf,client,payoff,total
train_month_sac_c_623,1029.3037357844903,2289.492687923877,157.2012507240518,1102.9877014153349
