name,transf,client,payoff,total
val_month_sac_gen_J_p_163,650.7006761584194,1488.30912,159.56135988924024,678.0470839523402
