name,transf,client,payoff,total,sessions
test_6month_sac_pred_noise_5e_178,5229.316933648445,9929.387430399998,881.6875054342313,3818.3829913173217,df_elaad_preproc_l6months.csv
