name,transf,client,payoff,total
train_month_sac_gen_f_26,1107.7272012684539,2818.609472,257.3493373536804,1453.532933377866
