name,transf,client,payoff,total
test_month_sac_gen_I_w_355,660.2749330789261,1468.334912,149.17516390639216,658.8848150146817
