name,transf,client,payoff,total,sessions
test_6month_sac_gen_2n_139,2936.369351960802,9929.387430399998,886.8210602299855,6106.19701820921,df_elaad_preproc_l6months.csv
