name,transf,client,payoff,total
val_month_sac_gen_I_q_211,745.2751622991352,1488.30912,159.56135988924024,583.4725978116244
