name,transf,client,payoff,total
train_month_sac_c_37,1282.6291719728674,2289.492687923877,157.2012507240518,849.6622652269577
