name,transf,client,payoff,total
train_month_sac_gen_J_c_34,2326.507571422835,4306.918592,422.3108412815719,1558.100179295593
