name,transf,client,payoff,total,sessions
test_6month_sac_gen_g_164,2981.9679823853226,9929.387430399998,886.8210602299855,6060.59838778469,df_elaad_preproc_l6months.csv
