name,transf,client,payoff,total
test_month_sac_gen_I_c_132,706.8736830929897,1468.334912,149.17516390639216,612.2860650006181
