name,transf,client,payoff,total
train_month_sac_gen_J_d_456,2021.058262429383,4306.918592,422.3108412815719,1863.5494882890453
