name,transf,client,payoff,total
val_month_sac_gen_J_c_351,656.9040654058504,1488.30912,159.56135988924024,671.8436947049092
