name,transf,client,payoff,total
test_month_sac_gen_J_r_177,695.4661794727217,1468.334912,149.17516390639216,623.6935686208861
