name,transf,client,payoff,total
train_month_sac_gen_J_k_358,1769.7159489477874,4306.918592,422.3108412815719,2114.891801770641
