name,transf,client,payoff,total
val_month_sac_gen_J_h_301,670.2264452472559,1488.30912,159.56135988924024,658.5213148635037
