name,transf,client,payoff,total
val_month_sac_gen_J_v_209,610.9206497012281,1488.30912,155.96206259448996,721.4264077042819
