name,transf,client,payoff,total
test_month_sac_gen_I_i_257,715.3093352599415,1468.334912,149.17516390639216,603.8504128336664
