name,transf,client,payoff,total
train_month_sac_gen_J_w_17,2387.7832120523053,4306.918592,421.64456025691106,1497.4908196907836
