name,transf,client,payoff,total
test_month_sac_gen_J_i_410,736.2651172366548,1468.334912,149.17516390639216,582.8946308569531
