name,transf,client,payoff,total
val_month_sac_gen_J_f_385,633.3536192530992,1488.30912,159.56135988924024,695.3941408576604
