name,transf,client,payoff,total,sessions
test_6month_sac_gen_j_255,2986.017391436445,9929.387430399998,886.8210602299855,6056.548978733568,df_elaad_preproc_l6months.csv
