name,transf,client,payoff,total,sessions
test_6month_sac_gen_j_134,2932.6540635765678,9929.387430399998,886.8210602299855,6109.9123065934455,df_elaad_preproc_l6months.csv
