name,transf,client,payoff,total
val_month_sac_gen_J_a_156,657.9407228605494,1488.30912,159.56135988924024,670.8070372502102
