name,transf,client,payoff,total
test_month_sac_gen_J_l_311,655.5001774116106,1468.334912,149.17516390639216,663.6595706819973
