name,transf,client,payoff,total
train_month_sac_gen_J_k_171,1835.3425716540792,4306.918592,422.3108412815719,2049.265179064349
