name,transf,client,payoff,total
val_month_sac_gen_J_w_436,542.0665444735948,1488.30912,155.96206259448996,790.2805129319152
