name,transf,client,payoff,total
train_month_sac_gen_I_d_35,2131.7468769501234,4306.918592,422.3108412815719,1752.8608737683048
