name,transf,client,payoff,total
train_month_sac_gen_J_u_266,1893.5947310392291,4306.918592,420.64393747019324,1992.6799234905775
