name,transf,client,payoff,total
test_month_sac_gen_I_u_26,748.2100417459706,1468.334912,149.17516390639216,570.9497063476373
