name,transf,client,payoff,total
test_month_sac_gen_J_u_19,655.3044093165533,1468.334912,148.50825484764397,664.5222478358028
