name,transf,client,payoff,total,sessions
test_6month_sac_pred_noise_2b_204,3060.729673010935,9929.387430399998,897.4875555656347,5971.170201823428,df_elaad_preproc_l6months.csv
