name,transf,client,payoff,total,sessions
test_6month_sac_pred_noise_3c_257,3655.5334458066395,9929.387430399998,889.2877424740021,5384.566242119357,df_elaad_preproc_l6months.csv
