name,transf,client,payoff,total
test_month_sac_gen_I_n_470,658.345648028603,1468.334912,149.17516390639216,660.8141000650048
