name,transf,client,payoff,total
val_month_sac_gen_J_z_164,648.8698287072126,1488.30912,155.96206259448996,683.4772286982973
