name,transf,client,payoff,total
test_month_sac_gen_I_r_466,639.0615609991831,1468.334912,149.17516390639216,680.0981870944247
