name,transf,client,payoff,total
val_month_sac_gen_I_f_466,648.3268849245707,1488.30912,158.8282254603323,681.1540096150969
