name,transf,client,payoff,total
test_month_sac_gen_I_d_302,672.8058574942736,1468.334912,149.17516390639216,646.3538905993342
