name,transf,client,payoff,total,sessions
test_6month_sac_pred_noise_2e_63,5342.364035074398,9929.387430399998,897.4875555656347,3689.5358397599657,df_elaad_preproc_l6months.csv
