name,transf,client,payoff,total
val_month_sac_gen_I_m_347,625.680119080615,1488.30912,159.56135988924024,703.0676410301446
