name,transf,client,payoff,total
train_month_sac_gen_J_b_4,2477.369995579241,4306.918592,422.3108412815719,1407.2377551391874
