name,transf,client,payoff,total,sessions
test_6month_sac_pred_noise_3d_101,4507.827818940739,9929.387430399998,889.2877424740021,4532.271868985257,df_elaad_preproc_l6months.csv
