name,transf,client,payoff,total
train_month_sac_gen_J_s_216,1892.4691590986054,4306.918592,419.97714090397574,1994.4722919974188
