name,transf,client,payoff,total
val_month_sac_gen_J_t_146,615.9438396125636,1488.30912,155.96206259448996,716.4032177929464
