name,transf,client,payoff,total
test_month_sac_gen_J_j_317,639.5242621421341,1468.334912,149.17516390639216,679.6354859514737
