name,transf,client,payoff,total
val_month_sac_gen_I_v_152,657.0090946307118,1488.30912,159.56135988924024,671.7386654800478
