name,transf,client,payoff,total
test_month_sac_gen_J_d_440,690.6089014034023,1468.334912,149.17516390639216,628.5508466902055
