name,transf,client,payoff,total
train_month_sac_gen_I_j_286,2039.481869513287,4306.918592,422.3108412815719,1845.125881205141
