name,transf,client,payoff,total
train_month_sac_gen_J_v_321,2047.8890428305915,4306.918592,417.9096673275943,1841.1198818418143
