name,transf,client,payoff,total
val_month_sac_gen_I_w_68,700.266478299231,1488.30912,159.56135988924024,628.4812818115286
