name,transf,client,payoff,total
train_month_sac_gen_J_a_443,1980.7817816538404,4306.918592,422.3108412815719,1903.8259690645878
