name,transf,client,payoff,total,sessions
test_6month_sac_pred_noise_4a_132,2888.111319851943,9929.387430399998,891.2211003728393,6150.055010175216,df_elaad_preproc_l6months.csv
