name,transf,client,payoff,total
train_month_sac_gen_J_s_174,1926.1722762267655,4306.918592,422.91102144627405,1957.8352943269606
