name,transf,client,payoff,total
val_month_sac_gen_I_h_465,639.6634206831095,1488.30912,159.56135988924024,689.0843394276501
