name,transf,client,payoff,total
val_month_sac_gen_I_g_264,801.8960571497341,1488.30912,159.56135988924024,526.8517029610255
