name,transf,client,payoff,total
val_month_sac_c_839,1824.109141055452,2277.450960542104,145.3079860330326,308.03383345361937
