name,transf,client,payoff,total
test_month_sac_gen_J_f_440,656.3568392083397,1468.334912,149.17516390639216,662.8029088852682
