name,transf,client,payoff,total,sessions
test_6month_sac_gen_2m_152,2978.818223161133,9929.387430399998,886.8210602299855,6063.748147008879,df_elaad_preproc_l6months.csv
