name,transf,client,payoff,total,sessions
test_6month_sac_gen_1m_188,3013.1150234286756,9929.387430399998,886.8210602299855,6029.451346741336,df_elaad_preproc_l6months.csv
