name,transf,client,payoff,total
test_month_sac_gen_J_u_292,603.1093042165691,1468.334912,148.50825484764397,716.717352935787
