name,transf,client,payoff,total
test_month_sac_gen_J_x_236,736.9172355242624,1468.334912,149.17516390639216,582.2425125693454
