name,transf,client,payoff,total,sessions
test_6month_sac_pred_noise_1e_144,4969.925201028316,9929.387430399998,893.2217503396156,4066.2404790320666,df_elaad_preproc_l6months.csv
