name,transf,client,payoff,total
test_month_sac_gen_J_u_139,617.9600411301531,1468.334912,148.50825484764397,701.8666160222031
