name,transf,client,payoff,total
test_month_sac_gen_J_x_192,744.4208313225903,1468.334912,149.17516390639216,574.7389167710176
