name,transf,client,payoff,total
val_sac_gen_a_5,16316.986654357523,30125.305835959498,1762.9897063291792,12045.329475272796
