name,transf,client,payoff,total
val_month_sac_gen_a_36,836.9048406003169,1349.0472576000002,118.32161810264896,393.82079889703436
