name,transf,client,payoff,total
train_month_sac_gen_d_15,-1768.3883309565185,1469.5622144,142.094741946743,3095.8558034097755
