name,transf,client,payoff,total
train_month_sac_gen_J_u_452,1815.2398445445197,4306.918592,421.5783036642921,2070.1004437911884
