name,transf,client,payoff,total
val_month_sac_gen_J_t_376,589.6356513381406,1488.30912,155.96206259448996,742.7114060673694
