name,transf,client,payoff,total,sessions
6month_sac_disagg_3b_P,2840.167426564272,9929.387430399998,886.8210602299855,6202.39894360574,df_elaad_preproc_l6months.csv
