name,transf,client,payoff,total
val_month_sac_gen_I_h_33,675.7360607361898,1488.30912,159.56135988924024,653.0116993745698
