name,transf,client,payoff,total
val_month_sac_gen_J_t_304,592.7763589086753,1488.30912,155.96206259448996,739.5706984968347
