name,transf,client,payoff,total
train_month_sac_gen_J_l_356,1830.6491626769157,4306.918592,422.3108412815719,2053.9585880415125
