name,transf,client,payoff,total
test_month_sac_gen_I_w_362,655.6814775209673,1468.334912,149.17516390639216,663.4782705726406
