name,transf,client,payoff,total,sessions
test_6month_sac_gen_g_146,2945.5543562567964,9929.387430399998,886.8210602299855,6097.012013913216,df_elaad_preproc_l6months.csv
