name,transf,client,payoff,total
test_month_sac_gen_J_a_463,686.5310720911162,1468.334912,149.17516390639216,632.6286760024916
