name,transf,client,payoff,total
train_month_sac_gen_J_p_141,2039.1733356632249,4306.918592,422.3108412815719,1845.4344150552033
