name,transf,client,payoff,total,sessions
test_6month_sac_gen_2n_97,3064.1163546072426,9929.387430399998,886.8210602299855,5978.45001556277,df_elaad_preproc_l6months.csv
