name,transf,client,payoff,total
train_month_sac_gen_J_s_272,1859.390301807127,4306.918592,423.3108346063852,2024.2174555864879
