name,transf,client,payoff,total
train_month_sac_gen_I_f_433,2071.9925604084556,4306.918592,421.11038371791597,1813.8156478736284
