name,transf,client,payoff,total
test_month_sac_c_723,1028.2467745338333,1469.5622144,135.21440678133106,306.10103308483554
