name,transf,client,payoff,total
val_month_sac_gen_I_m_427,623.2815176301289,1488.30912,159.56135988924024,705.4662424806309
