name,transf,client,payoff,total
test_month_sac_c_348,1059.6964077505131,1469.5622144,135.21440678133106,274.65139986815575
