name,transf,client,payoff,total
train_month_sac_gen_I_x_10,-7405.042016638403,4306.918592,415.3102545941263,11296.650354044277
