name,transf,client,payoff,total
test_month_sac_gen_J_t_131,674.9141338623033,1468.334912,148.50825484764397,644.9125232900528
