name,transf,client,payoff,total,sessions
test_6month_sac_gen_5l_217,2774.4000900926144,9929.387430399998,886.8210602299855,6268.1662800773975,df_elaad_preproc_l6months.csv
