name,transf,client,payoff,total,sessions
test_6month_sac_pred_noise_2d_267,4420.837377803977,9929.387430399998,897.4875555656347,4611.062497030387,df_elaad_preproc_l6months.csv
