name,transf,client,payoff,total,sessions
test_6month_sac_pred_noise_4c_82,3640.3295764343598,9929.387430399998,891.2211003728393,5397.836753592799,df_elaad_preproc_l6months.csv
