name,transf,client,payoff,total
month_sac_IX_f,1589.4507658937628,1469.5622144,137.2818496289826,-257.1704011227455
