name,transf,client,payoff,total
test_month_sac_gen_J_r_206,689.6110240798262,1468.334912,149.17516390639216,629.5487240137817
