name,transf,client,payoff,total
val_month_sac_gen_d_3,833.9737804487531,1349.0472576000002,118.32161810264896,396.75185904859813
