name,transf,client,payoff,total
train_month_sac_c_637,1027.5318619465615,2289.492687923877,157.2012507240518,1104.7595752532636
