name,transf,client,payoff,total
train_month_sac_gen_I_h_433,1992.3258221526376,4306.918592,422.3108412815719,1892.2819285657906
