name,transf,client,payoff,total
train_month_sac_gen_I_d_185,1998.7013869824414,4306.918592,422.3108412815719,1885.9063637359868
