name,transf,client,payoff,total
val_month_sac_gen_J_p_139,652.4852601026745,1488.30912,159.56135988924024,676.2625000080852
