name,transf,client,payoff,total
test_month_sac_gen_I_r_79,659.5487412729705,1468.334912,149.17516390639216,659.6110068206374
