name,transf,client,payoff,total,sessions
train_6month_sac_gen_3l_189,3194.8354235348334,8371.850816,846.1678069616585,4330.8475855035085,df_elaad_preproc_f6months.csv
