name,transf,client,payoff,total
test_month_sac_gen_I_m_385,666.5198407960986,1468.334912,149.17516390639216,652.6399072975092
