name,transf,client,payoff,total,sessions
test_6month_sac_gen_3l_40,2983.9743019179114,9929.387430399998,886.8210602299855,6058.592068252101,df_elaad_preproc_l6months.csv
