name,transf,client,payoff,total,sessions
test_6month_sac_gen_5l_169,2841.01808448643,9929.387430399998,886.8210602299855,6201.548285683582,df_elaad_preproc_l6months.csv
