name,transf,client,payoff,total,sessions
test_6month_sac_gen_e_151,2806.932002902638,9929.387430399998,886.8210602299855,6235.634367267374,df_elaad_preproc_l6months.csv
