name,transf,client,payoff,total
train_month_sac_gen_J_w_388,1832.053955242437,4306.918592,422.91102144627405,2051.953615311289
