name,transf,client,payoff,total
train_month_sac_gen_J_c_178,2117.589651126779,4306.918592,422.3108412815719,1767.0180995916494
