name,transf,client,payoff,total,sessions
test_6month_sac_pred_noise_2b_259,3163.916571240031,9929.387430399998,897.4875555656347,5867.983303594333,df_elaad_preproc_l6months.csv
