name,transf,client,payoff,total
train_month_sac_gen_J_q_258,2041.5757139727823,4306.918592,422.3108412815719,1843.032036745646
