name,transf,client,payoff,total,sessions
test_6month_sac_gen_e_229,2743.959770586502,9929.387430399998,886.8210602299855,6298.606599583511,df_elaad_preproc_l6months.csv
