name,transf,client,payoff,total
test_month_sac_gen_I_k_190,706.3045668830173,1468.334912,149.17516390639216,612.8551812105906
