name,transf,client,payoff,total
val_month_sac_gen_I_t_398,679.8190240484744,1488.30912,159.56135988924024,648.9287360622852
