name,transf,client,payoff,total
val_month_sac_gen_J_a_82,678.3808282276415,1488.30912,159.56135988924024,650.3669318831182
