name,transf,client,payoff,total
train_month_sac_gen_J_p_472,2010.709164261249,4306.918592,422.3108412815719,1873.8985864571791
