name,transf,client,payoff,total
val_month_sac_gen_J_u_415,537.0367942016571,1488.30912,155.96206259448996,795.3102632038529
