name,transf,client,payoff,total
val_month_sac_gen_J_t_178,609.6199338297754,1488.30912,155.96206259448996,722.7271235757346
