name,transf,client,payoff,total,sessions
test_6month_sac_pred_noise_2d_162,4399.000211675378,9929.387430399998,897.4875555656347,4632.899663158986,df_elaad_preproc_l6months.csv
