name,transf,client,payoff,total
val_month_sac_gen_I_y_359,662.1119319377456,1488.30912,159.56135988924024,666.635828173014
