name,transf,client,payoff,total
val_month_sac_gen_I_d_291,628.9702225213007,1488.30912,159.56135988924024,699.7775375894589
