name,transf,client,payoff,total
train_month_sac_gen_I_y_412,-53.749545053313625,4306.918592,423.0439827888433,3937.6241542644702
