name,transf,client,payoff,total
train_month_sac_gen_J_m_386,1790.5577185713164,4306.918592,422.3108412815719,2094.050032147112
