name,transf,client,payoff,total
train_month_sac_gen_J_x_72,1061.5210044169326,1469.5622144,142.094741946743,265.94646803632435
