name,transf,client,payoff,total
train_sac_c_90,67290.63730480828,149467.68812980913,8931.975524612415,73245.07530038845
