name,transf,client,payoff,total
val_month_sac_gen_J_q_328,647.5033743065137,1488.30912,159.56135988924024,681.2443858042459
