name,transf,client,payoff,total,sessions
train_month_sac_pred_noise_a_238,506.8934376531836,1349.0472576000002,120.32105381356293,721.8327661332537,df_elaad_preproc_feb.csv
