name,transf,client,payoff,total,sessions
test_6month_sac_gen_5l_26,3588.8191455801116,9929.387430399998,886.8210602299855,5453.747224589901,df_elaad_preproc_l6months.csv
