name,transf,client,payoff,total
test_month_sac_gen_I_m_404,664.0213983605851,1468.334912,149.17516390639216,655.1383497330228
