name,transf,client,payoff,total
train_month_sac_gen_J_p_176,2023.0947062073526,4306.918592,422.3108412815719,1861.5130445110753
