name,transf,client,payoff,total
val_month_sac_gen_a_84,713.3455325174,1349.0472576000002,118.32161810264896,517.3801069799513
