name,transf,client,payoff,total
test_month_sac_gen_J_k_415,613.5133320347275,1468.334912,149.17516390639216,705.6464160588804
