name,transf,client,payoff,total
test_month_sac_gen_J_c_430,672.6453318876172,1468.334912,149.17516390639216,646.5144162059906
