name,transf,client,payoff,total,sessions
test_6month_sac_gen_j_168,2983.8433308936937,9929.387430399998,886.8210602299855,6058.7230392763195,df_elaad_preproc_l6months.csv
