name,transf,client,payoff,total
val_month_sac_gen_I_h_228,646.5396968760224,1488.30912,159.56135988924024,682.2080632347372
