name,transf,client,payoff,total
val_month_sac_gen_J_s_135,574.4697641697529,1488.30912,155.96206259448996,757.877293235757
