name,transf,client,payoff,total
test_month_sac_gen_I_s_71,689.069127161054,1468.334912,149.17516390639216,630.0906209325539
