name,transf,client,payoff,total,sessions
test_6month_sac_gen_2o_95,2875.0136479286275,9929.387430399998,886.8210602299855,6167.552722241386,df_elaad_preproc_l6months.csv
