name,transf,client,payoff,total
train_month_sac_gen_I_t_402,1925.5036724742072,4306.918592,421.2431073465141,1960.1718121792787
