name,transf,client,payoff,total,sessions
test_6month_sac_pred_noise_4a_101,2935.0502999761047,9929.387430399998,891.2211003728393,6103.116030051055,df_elaad_preproc_l6months.csv
