name,transf,client,payoff,total
val_month_sac_gen_I_k_498,659.6283952869042,1488.30912,159.56135988924024,669.1193648238554
