name,transf,client,payoff,total
train_month_sac_gen_I_x_367,-7223.837396826567,4306.918592,418.1773480201892,11112.578640806378
