name,transf,client,payoff,total
train_month_sac_gen_J_b_278,2012.8697984085718,4306.918592,422.3108412815719,1871.7379523098562
