name,transf,client,payoff,total
month_sac_IX_h,1201.524746701142,1469.5622144,138.88129844730503,129.15616925155285
