name,transf,client,payoff,total
train_month_sac_gen_f_40,1058.3426981638197,2818.609472,264.3489250538372,1495.9178487823433
