name,transf,client,payoff,total
test_month_sac_gen_I_h_493,710.0398190727501,1468.334912,149.17516390639216,609.1199290208577
