name,transf,client,payoff,total
test_month_sac_gen_J_w_12,792.7869684260266,1468.334912,148.50825484764397,527.0396887263294
