name,transf,client,payoff,total,sessions
test_6month_sac_gen_4l_127,2944.6796788139022,9929.387430399998,886.8210602299855,6097.8866913561105,df_elaad_preproc_l6months.csv
