name,transf,client,payoff,total
train_month_sac_gen_I_q_32,2421.5923702096297,4306.918592,422.3108412815719,1463.0153805087984
