name,transf,client,payoff,total
val_month_sac_gen_I_x_487,687.2958656299888,1488.30912,159.56135988924024,641.4518944807708
