name,transf,client,payoff,total
val_month_sac_gen_J_b_244,645.2593513264221,1488.30912,159.56135988924024,683.4884087843375
