name,transf,client,payoff,total
val_month_sac_gen_I_g_339,806.8167562430747,1488.30912,159.56135988924024,521.9310038676849
