name,transf,client,payoff,total
val_month_sac_gen_I_c_432,633.0939357499443,1488.30912,159.56135988924024,695.6538243608154
