name,transf,client,payoff,total
val_month_sac_gen_I_e_456,602.7337047701756,1488.30912,155.96206259448996,729.6133526353344
