name,transf,client,payoff,total
val_month_sac_gen_I_d_116,648.0450471769052,1488.30912,159.56135988924024,680.7027129338544
