name,transf,client,payoff,total
test_month_sac_gen_J_u_185,617.339953723123,1468.334912,148.50825484764397,702.4867034292331
