name,transf,client,payoff,total,sessions
test_6month_sac_pred_noise_5e_289,4993.506672699024,9929.387430399998,881.6875054342313,4054.1932522667425,df_elaad_preproc_l6months.csv
