name,transf,client,payoff,total
train_month_sac_gen_I_y_147,102.8310270857973,4306.918592,417.9111059660337,3786.176458948169
