name,transf,client,payoff,total
val_month_sac_gen_J_a_268,642.631431614394,1488.30912,159.56135988924024,686.1163284963657
