name,transf,client,payoff,total,sessions
test_6month_sac_gen_1n_21,3332.8370038313483,9929.387430399998,886.8210602299855,5709.7293663386645,df_elaad_preproc_l6months.csv
