name,transf,client,payoff,total
train_month_sac_c_747,1020.6544723491978,2289.492687923877,157.2012507240518,1111.6369648506272
