name,transf,client,payoff,total
test_month_sac_gen_J_z_282,585.7871399451728,1468.334912,148.50825484764397,734.0395172071833
