name,transf,client,payoff,total
val_month_sac_gen_I_i_121,664.5413943962778,1488.30912,159.56135988924024,664.2063657144818
