name,transf,client,payoff,total
train_month_sac_gen_I_c_249,2076.51954066048,4306.918592,422.3108412815719,1808.0882100579483
