name,transf,client,payoff,total
test_month_sac_gen_I_m_293,670.4811905684177,1468.334912,149.17516390639216,648.6785575251902
