name,transf,client,payoff,total
test_month_sac_gen_J_a_108,700.1345172565798,1468.334912,149.17516390639216,619.0252308370281
