name,transf,client,payoff,total
train_month_sac_gen_J_u_20,2176.738055677377,4306.918592,418.7108722722462,1711.4696640503769
