name,transf,client,payoff,total
train_month_sac_gen_I_a_167,2060.1607719038047,4306.918592,422.3108412815719,1824.4469788146234
