name,transf,client,payoff,total
test_month_sac_gen_I_c_497,687.6008363564504,1468.334912,149.17516390639216,631.5589117371575
