name,transf,client,payoff,total
val_month_sac_c_258,1834.2058059618575,2277.450960542104,145.3079860330326,297.93716854721384
