name,transf,client,payoff,total
val_month_sac_gen_I_o_493,693.4392536481063,1488.30912,159.56135988924024,635.3085064626534
