name,transf,client,payoff,total
val_month_sac_gen_I_w_415,658.9577694851066,1488.30912,159.56135988924024,669.789990625653
