name,transf,client,payoff,total
val_month_sac_gen_J_j_370,594.7649074129795,1488.30912,159.56135988924024,733.9828526977801
