name,transf,client,payoff,total
train_month_sac_gen_J_n_375,1802.4691714580695,4306.918592,422.3108412815719,2082.1385792603587
