name,transf,client,payoff,total
train_month_sac_gen_I_b_307,1973.2885600581908,4306.918592,422.3108412815719,1911.3191906602374
