name,transf,client,payoff,total
test_month_sac_gen_I_t_158,701.2804637891657,1468.334912,149.17516390639216,617.8792843044422
