name,transf,client,payoff,total
test_month_sac_gen_I_e_1,811.3438610748186,1468.334912,148.50825484764397,508.48279607753744
