name,transf,client,payoff,total
test_month_sac_gen_J_k_253,628.633312482651,1468.334912,149.17516390639216,690.5264356109568
