name,transf,client,payoff,total,sessions
test_6month_sac_gen_4l_103,2958.7551210044785,9929.387430399998,886.8210602299855,6083.811249165534,df_elaad_preproc_l6months.csv
