name,transf,client,payoff,total,sessions
test_6month_sac_pred_noise_4b_231,3057.0388450377836,9929.387430399998,891.2211003728393,5981.127484989376,df_elaad_preproc_l6months.csv
