name,transf,client,payoff,total
val_month_sac_gen_I_z_294,708.6662196301115,1488.30912,159.56135988924024,620.0815404806481
