name,transf,client,payoff,total
test_month_sac_gen_J_o_361,685.1214745122659,1468.334912,149.17516390639216,634.038273581342
