name,transf,client,payoff,total
test_month_sac_gen_I_f_230,752.0271856893957,1468.334912,147.8419170286109,568.4658092819934
