name,transf,client,payoff,total,sessions
test_6month_sac_pred_noise_2e_12,5221.644629111705,9929.387430399998,897.4875555656347,3810.2552457226584,df_elaad_preproc_l6months.csv
