name,transf,client,payoff,total
val_month_sac_gen_J_d_157,665.3845499034372,1488.30912,159.56135988924024,663.3632102073225
