name,transf,client,payoff,total
val_month_sac_c_267,1851.3925566713253,2277.450960542104,145.3079860330326,280.75041783774606
