name,transf,client,payoff,total
train_month_sac_gen_I_l_422,2013.3209387914565,4306.918592,422.3108412815719,1871.2868119269715
