name,transf,client,payoff,total
val_month_sac_gen_J_t_487,595.9771173410561,1488.30912,155.96206259448996,736.3699400644539
