name,transf,client,payoff,total,sessions
test_6month_sac_pred_noise_2d_104,4381.285658790821,9929.387430399998,897.4875555656347,4650.614216043543,df_elaad_preproc_l6months.csv
