name,transf,client,payoff,total
val_month_sac_gen_J_t_318,595.8695682750572,1488.30912,155.96206259448996,736.4774891304528
