name,transf,client,payoff,total
val_month_sac_gen_I_p_225,711.3351785067041,1488.30912,159.56135988924024,617.4125816040555
