name,transf,client,payoff,total
test_month_sac_gen_J_k_1,877.9964069252342,1468.334912,149.17516390639216,441.1633411683737
