name,transf,client,payoff,total
val_month_sac_c_604,1831.0580588280702,2277.450960542104,145.3079860330326,301.0849156810012
