name,transf,client,payoff,total,sessions
test_6month_sac_gen_5m_147,2894.4045587815795,9929.387430399998,886.8210602299855,6148.161811388432,df_elaad_preproc_l6months.csv
