name,transf,client,payoff,total
month_sac_IX_g,1600.1288291879496,1469.5622144,139.88128216972385,-270.4478969576735
