name,transf,client,payoff,total
val_month_sac_gen_I_f_264,660.7346003479523,1488.30912,158.8282254603323,668.7462941917153
