name,transf,client,payoff,total
test_month_sac_gen_I_r_233,640.8531261119111,1468.334912,149.17516390639216,678.3066219816967
