name,transf,client,payoff,total
val_month_sac_gen_J_h_415,657.3987537709918,1488.30912,159.56135988924024,671.3490063397678
