name,transf,client,payoff,total
test_month_sac_gen_I_j_287,722.3415583984324,1468.334912,149.17516390639216,596.8181896951754
