name,transf,client,payoff,total
val_month_sac_gen_I_r_164,610.425575392429,1488.30912,159.56135988924024,718.3221847183306
