name,transf,client,payoff,total
train_month_sac_gen_I_c_20,2252.7449072390245,4306.918592,422.3108412815719,1631.8628434794036
