name,transf,client,payoff,total
test_month_sac_gen_I_y_85,701.2399471031405,1468.334912,149.17516390639216,617.9198009904674
