name,transf,client,payoff,total
train_month_sac_gen_J_t_239,2041.4789374730026,4306.918592,417.9096673275943,1847.529987199403
