name,transf,client,payoff,total
test_month_sac_gen_I_c_46,720.0688460260697,1468.334912,149.17516390639216,599.0909020675382
