name,transf,client,payoff,total
val_month_sac_gen_I_v_148,658.7099150263577,1488.30912,159.56135988924024,670.0378450844019
