name,transf,client,payoff,total
val_month_sac_c_961,1818.510605053787,2277.450960542104,145.3079860330326,313.6323694552844
