name,transf,client,payoff,total
val_month_sac_gen_J_r_345,633.4536937415901,1488.30912,159.56135988924024,695.2940663691695
