name,transf,client,payoff,total
train_month_sac_gen_I_e_281,2046.6790890517964,4306.918592,417.9096673275943,1842.3298356206092
