name,transf,client,payoff,total
train_month_sac_gen_I_y_257,54.354371022403996,4306.918592,423.24371445813506,3829.320506519461
