name,transf,client,payoff,total
test_month_sac_gen_I_u_69,708.7568594055291,1468.334912,149.17516390639216,610.4028886880787
