name,transf,client,payoff,total
val_month_sac_gen_I_b_417,612.7038402032027,1488.30912,159.56135988924024,716.043919907557
