name,transf,client,payoff,total
train_month_sac_gen_I_n_20,2126.3579476343684,4306.918592,422.3108412815719,1758.2498030840597
