name,transf,client,payoff,total,sessions
test_6month_sac_pred_noise_5d_190,4558.002997179142,9929.387430399998,881.6875054342313,4489.696927786625,df_elaad_preproc_l6months.csv
