name,transf,client,payoff,total
val_month_sac_c_490,1813.1814904170556,2277.450960542104,145.3079860330326,318.96148409201584
