name,transf,client,payoff,total
test_month_sac_gen_I_s_179,682.7745971573219,1468.334912,149.17516390639216,636.385150936286
