name,transf,client,payoff,total
val_month_sac_gen_J_w_295,555.1882261311911,1488.30912,155.96206259448996,777.1588312743188
