name,transf,client,payoff,total
train_month_sac_gen_G_a_103,921.0641892770116,1469.5622144,142.82843054963385,405.6695945733545
