name,transf,client,payoff,total
test_month_sac_c_772,1027.4704453461159,1469.5622144,135.21440678133106,306.877362272553
