name,transf,client,payoff,total
train_month_sac_gen_I_h_397,1998.0026887205556,4306.918592,422.3108412815719,1886.6050619978723
