name,transf,client,payoff,total
val_month_sac_gen_I_p_24,756.4213108185434,1488.30912,159.56135988924024,572.3264492922162
