name,transf,client,payoff,total
val_month_sac_gen_J_p_268,644.2616486793361,1488.30912,159.56135988924024,684.4861114314235
