name,transf,client,payoff,total,sessions
test_6month_sac_pred_noise_1e_113,5313.035489436007,9929.387430399998,893.2217503396156,3723.1301906243757,df_elaad_preproc_l6months.csv
