name,transf,client,payoff,total,sessions
6month_sac_disagg_5b_LL,2966.430393038847,9929.387430399998,881.6875054342313,6081.2695319269205,df_elaad_preproc_l6months.csv
