name,transf,client,payoff,total,sessions
test_6month_sac_gen_b_35,3230.729638752523,9929.387430399998,886.8210602299855,5811.83673141749,df_elaad_preproc_l6months.csv
