name,transf,client,payoff,total
train_month_sac_gen_J_d_94,2118.730216081798,4306.918592,422.3108412815719,1765.8775346366301
