name,transf,client,payoff,total,sessions
test_6month_sac_gen_1n_129,2959.127020547814,9929.387430399998,886.8210602299855,6083.439349622198,df_elaad_preproc_l6months.csv
