name,transf,client,payoff,total
train_month_sac_gen_J_w_341,1861.7052758430361,4306.918592,419.64354663814527,2025.5697695188182
