name,transf,client,payoff,total
train_month_sac_gen_J_v_108,2165.3056038376913,4306.918592,417.9096673275943,1723.7033208347143
