name,transf,client,payoff,total,sessions
test_6month_sac_pred_noise_2e_177,5232.1855840995495,9929.387430399998,897.4875555656347,3799.7142907348143,df_elaad_preproc_l6months.csv
