name,transf,client,payoff,total
val_month_sac_gen_c_20,645.8597264224861,1349.0472576000002,118.32161810264896,584.8659130748651
