name,transf,client,payoff,total,sessions
test_6month_sac_gen_a_19,3286.6083021160666,9929.387430399998,886.8210602299855,5755.958068053946,df_elaad_preproc_l6months.csv
