name,transf,client,payoff,total
test_month_sac_gen_I_n_94,671.4864092424657,1468.334912,149.17516390639216,647.6733388511421
