name,transf,client,payoff,total
val_month_sac_gen_I_f_381,651.3257313721319,1488.30912,158.8282254603323,678.1551631675356
