name,transf,client,payoff,total
val_month_sac_gen_I_q_237,742.3390992772016,1488.30912,159.56135988924024,586.4086608335581
