name,transf,client,payoff,total
test_month_sac_gen_J_v_323,628.1669524094712,1468.334912,148.50825484764397,691.659704742885
