name,transf,client,payoff,total,sessions
test_6month_sac_gen_j_121,2989.226641051699,9929.387430399998,886.8210602299855,6053.339729118314,df_elaad_preproc_l6months.csv
