name,transf,client,payoff,total
val_month_sac_gen_f_34,648.7822018620376,1349.0472576000002,118.32161810264896,581.9434376353137
