name,transf,client,payoff,total
val_month_sac_gen_I_r_472,594.5706356103085,1488.30912,159.56135988924024,734.1771245004511
