name,transf,client,payoff,total
month_sac_IX_i,845.5660013265128,1469.5622144,139.2144087790124,484.7818042944747
