name,transf,client,payoff,total
val_month_sac_gen_J_s_447,531.8625065927706,1488.30912,155.96206259448996,800.4845508127394
