name,transf,client,payoff,total
train_month_sac_gen_J_v_59,2261.7365409406393,4306.918592,417.9096673275943,1627.2723837317662
