name,transf,client,payoff,total
test_month_sac_gen_J_x_134,759.0575832215245,1468.334912,149.17516390639216,560.1021648720833
