name,transf,client,payoff,total
val_month_sac_gen_J_k_111,593.3215607668425,1488.30912,159.56135988924024,735.4261993439172
