name,transf,client,payoff,total
val_month_sac_gen_J_j_45,690.9669427989012,1488.30912,159.56135988924024,637.7808173118585
