name,transf,client,payoff,total
val_month_sac_gen_J_y_111,668.6277508890136,1488.30912,155.96206259448996,663.7193065164963
