name,transf,client,payoff,total
val_month_sac_gen_a_69,734.5264552174152,1349.0472576000002,118.32161810264896,496.19918427993605
