name,transf,client,payoff,total
test_month_sac_gen_J_z_9,890.4598979020756,1468.334912,148.50825484764397,429.3667592502805
