name,transf,client,payoff,total
val_month_sac_gen_J_c_498,654.1382604057958,1488.30912,159.56135988924024,674.6094997049638
