name,transf,client,payoff,total
val_month_sac_c_832,1823.5822522680744,2277.450960542104,145.3079860330326,308.560722240997
