name,transf,client,payoff,total
test_month_sac_gen_J_t_110,684.451742522827,1468.334912,148.50825484764397,635.374914629529
