name,transf,client,payoff,total
test_month_sac_gen_I_r_387,641.2835652894853,1468.334912,149.17516390639216,677.8761828041225
