name,transf,client,payoff,total
train_month_sac_gen_I_p_14,2399.3332293909234,4306.918592,422.3108412815719,1485.2745213275048
