name,transf,client,payoff,total
test_month_sac_gen_I_j_489,722.2160151247513,1468.334912,149.17516390639216,596.9437329688566
