name,transf,client,payoff,total
test_month_sac_gen_I_d_355,663.6327606221048,1468.334912,149.17516390639216,655.526987471503
