name,transf,client,payoff,total
val_month_sac_gen_I_r_168,609.7898823237219,1488.30912,159.56135988924024,718.9578777870377
