name,transf,client,payoff,total
val_month_sac_gen_I_d_8,736.1859607103597,1488.30912,159.56135988924024,592.5617994003999
