name,transf,client,payoff,total
test_month_sac_gen_J_w_319,589.3750770812605,1468.334912,148.50825484764397,730.4515800710956
