name,transf,client,payoff,total
train_month_sac_gen_I_p_475,2192.3585325882673,4306.918592,422.3108412815719,1692.249218130161
