name,transf,client,payoff,total,sessions
test_6month_sac_pred_noise_5b_57,3376.7973509133512,9929.387430399998,881.6875054342313,5670.902574052416,df_elaad_preproc_l6months.csv
