name,transf,client,payoff,total
val_month_sac_gen_I_a_347,647.3409693270046,1488.30912,159.56135988924024,681.406790783755
