name,transf,client,payoff,total
val_month_sac_gen_I_m_72,649.2291160361572,1488.30912,159.56135988924024,679.5186440746024
