name,transf,client,payoff,total
val_month_sac_gen_I_q_69,782.4589422285031,1488.30912,159.56135988924024,546.2888178822566
