name,transf,client,payoff,total,sessions
test_6month_sac_pred_noise_4a_103,2866.000622632834,9929.387430399998,891.2211003728393,6172.165707394325,df_elaad_preproc_l6months.csv
