name,transf,client,payoff,total
val_month_sac_gen_G_a_246,614.982053740222,1488.30912,155.96206259448996,717.365003665288
