name,transf,client,payoff,total,sessions
test_6month_sac_gen_1n_131,2977.328230006461,9929.387430399998,886.8210602299855,6065.238140163552,df_elaad_preproc_l6months.csv
