name,transf,client,payoff,total
train_month_sac_gen_I_l_475,2015.5549268401157,4306.918592,422.3108412815719,1869.0528238783127
