name,transf,client,payoff,total
val_month_sac_gen_J_i_323,639.84538213652,1488.30912,159.56135988924024,688.9023779742397
