name,transf,client,payoff,total
val_month_sac_c_176,1888.7824230473414,2277.450960542104,145.3079860330326,243.36055146173004
