name,transf,client,payoff,total,sessions
test_6month_sac_pred_noise_5d_263,4519.0166582147385,9929.387430399998,881.6875054342313,4528.683266751028,df_elaad_preproc_l6months.csv
