name,transf,client,payoff,total,sessions
test_6month_sac_gen_c_23,3465.630973808439,9929.387430399998,886.8210602299855,5576.935396361574,df_elaad_preproc_l6months.csv
