name,transf,client,payoff,total
train_month_sac_gen_I_g_418,2564.709753732145,4306.918592,422.3108412815719,1319.897996986283
