name,transf,client,payoff,total
train_month_sac_gen_J_n_254,1848.0228545334417,4306.918592,422.3108412815719,2036.5848961849865
