name,transf,client,payoff,total
val_month_sac_gen_I_l_228,650.8143086339767,1488.30912,159.56135988924024,677.9334514767829
