name,transf,client,payoff,total
test_sac_gen_a_28,8971.619642974898,18301.238246399997,1736.5228628156017,7593.095740609497
