name,transf,client,payoff,total
train_month_sac_gen_G_b_277,523.4552705928304,1349.0472576000002,120.98745742687827,704.6045295802916
