name,transf,client,payoff,total
train_month_sac_gen_I_t_285,1955.1558455289805,4306.918592,415.11134099252445,1936.651405478495
