name,transf,client,payoff,total,sessions
test_6month_sac_gen_k_91,2979.628541629621,9929.387430399998,886.8210602299855,6062.937828540391,df_elaad_preproc_l6months.csv
