name,transf,client,payoff,total
train_month_sac_gen_I_d_79,2075.1524223107162,4306.918592,422.3108412815719,1809.455328407712
