name,transf,client,payoff,total
train_month_sac_gen_I_q_235,2268.9193417341676,4306.918592,422.3108412815719,1615.6884089842606
