name,transf,client,payoff,total,sessions
test_6month_sac_pred_noise_3a_104,2929.7732728202845,9929.387430399998,889.2877424740021,6110.326415105712,df_elaad_preproc_l6months.csv
