name,transf,client,payoff,total,sessions
test_6month_sac_pred_noise_3c_183,3531.7007428588995,9929.387430399998,889.2877424740021,5508.398945067097,df_elaad_preproc_l6months.csv
