name,transf,client,payoff,total,sessions
test_6month_sac_pred_noise_3a_75,3065.9857302122045,9929.387430399998,889.2877424740021,5974.113957713792,df_elaad_preproc_l6months.csv
