name,transf,client,payoff,total
train_month_sac_gen_I_j_277,2037.5943633013578,4306.918592,422.3108412815719,1847.0133874170706
