name,transf,client,payoff,total
val_month_sac_gen_J_k_122,590.2312456380059,1488.30912,159.56135988924024,738.5165144727537
