name,transf,client,payoff,total
val_month_sac_gen_I_w_184,668.9309195112139,1488.30912,159.56135988924024,659.8168405995457
