name,transf,client,payoff,total,sessions
test_6month_sac_pred_noise_5e_152,5482.464132301336,9929.387430399998,881.6875054342313,3565.2357926644313,df_elaad_preproc_l6months.csv
