name,transf,client,payoff,total
train_sac_gen_a_6,68918.05542473598,149467.68812980913,8931.975524612415,71617.65718046074
