name,transf,client,payoff,total,sessions
test_6month_sac_pred_noise_1a_214,2898.2840877300096,9929.387430399998,893.2217503396156,6137.881592330373,df_elaad_preproc_l6months.csv
