name,transf,client,payoff,total,sessions
test_6month_sac_gen_d_213,2740.0167403516944,9929.387430399998,886.8210602299855,6302.549629818319,df_elaad_preproc_l6months.csv
