name,transf,client,payoff,total
val_month_sac_gen_I_m_65,652.9127878095226,1488.30912,159.56135988924024,675.834972301237
