name,transf,client,payoff,total
val_month_sac_gen_I_z_62,719.135446032621,1488.30912,159.56135988924024,609.6123140781388
