name,transf,client,payoff,total
val_month_sac_gen_G_a_165,656.7408366548179,1488.30912,155.96206259448996,675.606220750692
