name,transf,client,payoff,total,sessions
test_6month_sac_gen_4m_97,2999.9407752388315,9929.387430399998,891.2211003728393,6038.225554788328,df_elaad_preproc_l6months.csv
