name,transf,client,payoff,total
test_month_sac_gen_I_r_326,640.2823608722475,1468.334912,149.17516390639216,678.8773872213603
