name,transf,client,payoff,total,sessions
test_6month_sac_gen_i_219,2698.8715851174006,9929.387430399998,886.8210602299855,6343.694785052612,df_elaad_preproc_l6months.csv
