name,transf,client,payoff,total
val_month_sac_gen_I_x_166,710.2891689731905,1488.30912,159.56135988924024,618.4585911375691
