name,transf,client,payoff,total
train_month_sac_gen_I_m_138,2059.5389399169767,4306.918592,422.3108412815719,1825.0688108014515
