name,transf,client,payoff,total,sessions
test_6month_sac_pred_noise_5b_173,3091.377782673343,9929.387430399998,881.6875054342313,5956.322142292423,df_elaad_preproc_l6months.csv
