name,transf,client,payoff,total
test_month_sac_gen_J_z_99,680.9558770769194,1468.334912,148.50825484764397,638.8707800754366
