name,transf,client,payoff,total
test_month_sac_gen_I_t_12,782.7744931374284,1468.334912,149.17516390639216,536.3852549561794
