name,transf,client,payoff,total
train_month_sac_gen_I_i_76,2109.007696175948,4306.918592,422.3108412815719,1775.6000545424804
