name,transf,client,payoff,total
val_month_sac_gen_J_o_94,669.2986041952277,1488.30912,159.56135988924024,659.449155915532
