name,transf,client,payoff,total
test_month_sac_gen_J_q_385,683.7470332262345,1468.334912,149.17516390639216,635.4127148673733
