name,transf,client,payoff,total
test_month_sac_gen_b_69,737.5494361846299,1488.30912,159.56135988924024,591.1983239261297
