name,transf,client,payoff,total
test_month_sac_gen_J_m_317,680.8095876440914,1468.334912,149.17516390639216,638.3501604495165
