name,transf,client,payoff,total
train_month_sac_gen_I_c_221,2102.696660944486,4306.918592,422.3108412815719,1781.911089773942
