name,transf,client,payoff,total
val_month_sac_gen_J_h_482,655.8268349891271,1488.30912,159.56135988924024,672.9209251216325
