name,transf,client,payoff,total
test_month_sac_gen_J_k_403,614.0875389440616,1468.334912,149.17516390639216,705.0722091495462
