name,transf,client,payoff,total
train_month_sac_gen_J_d_478,2046.6027461341375,4306.918592,422.3108412815719,1838.0050045842909
