name,transf,client,payoff,total
train_month_sac_gen_J_c_217,2091.2465529417896,4306.918592,422.3108412815719,1793.3611977766386
