name,transf,client,payoff,total
val_month_sac_gen_J_h_185,669.7955368056538,1488.30912,159.56135988924024,658.9522233051059
