name,transf,client,payoff,total
train_month_sac_gen_I_q_240,2265.876272654933,4306.918592,422.3108412815719,1618.7314780634952
