name,transf,client,payoff,total
val_month_sac_gen_I_k_125,685.8547878203327,1488.30912,159.56135988924024,642.892972290427
