name,transf,client,payoff,total,sessions
test_6month_sac_pred_noise_3e_14,5330.537491774901,9929.387430399998,889.2877424740021,3709.5621961510947,df_elaad_preproc_l6months.csv
