name,transf,client,payoff,total,sessions
test_6month_sac_pred_noise_4a_155,2845.450973593215,9929.387430399998,891.2211003728393,6192.715356433944,df_elaad_preproc_l6months.csv
