name,transf,client,payoff,total,sessions
test_6month_sac_pred_noise_2d_218,4392.6536446176315,9929.387430399998,897.4875555656347,4639.246230216732,df_elaad_preproc_l6months.csv
