name,transf,client,payoff,total,sessions
test_6month_sac_pred_noise_3e_55,5124.549489504348,9929.387430399998,889.2877424740021,3915.5501984216485,df_elaad_preproc_l6months.csv
