name,transf,client,payoff,total
val_month_sac_c_831,1830.0967065471589,2277.450960542104,145.3079860330326,302.0462679619125
