name,transf,client,payoff,total
test_month_sac_gen_I_z_23,738.6649195251788,1468.334912,149.17516390639216,580.494828568429
