name,transf,client,payoff,total
val_month_sac_gen_I_w_155,685.3353054947381,1488.30912,159.56135988924024,643.4124546160215
