name,transf,client,payoff,total
val_month_sac_gen_I_i_207,660.3813807712014,1488.30912,159.56135988924024,668.3663793395583
