name,transf,client,payoff,total
test_month_sac_gen_I_x_110,754.3704698463744,1468.334912,149.17516390639216,564.7892782472335
