name,transf,client,payoff,total
val_month_sac_gen_J_p_349,636.4453208014545,1488.30912,159.56135988924024,692.3024393093051
