name,transf,client,payoff,total
val_month_sac_gen_I_m_436,626.3780934172482,1488.30912,159.56135988924024,702.3696666935114
