name,transf,client,payoff,total
test_month_sac_gen_I_i_368,707.8092427909439,1468.334912,149.17516390639216,611.3505053026639
