name,transf,client,payoff,total
test_month_sac_gen_J_a_333,688.4715008753586,1468.334912,149.17516390639216,630.6882472182492
