name,transf,client,payoff,total,sessions
test_6month_sac_gen_2l_141,2900.8627508302425,9929.387430399998,886.8210602299855,6141.703619339771,df_elaad_preproc_l6months.csv
