name,transf,client,payoff,total,sessions
test_6month_sac_pred_noise_2e_184,5273.205585389082,9929.387430399998,897.4875555656347,3758.6942894452814,df_elaad_preproc_l6months.csv
