name,transf,client,payoff,total
test_sac_c_98,7849.868577705751,18301.238246399997,1736.5228628156017,8714.846805878644
