name,transf,client,payoff,total
val_month_sac_gen_J_i_106,658.9408129254208,1488.30912,159.56135988924024,669.8069471853389
