name,transf,client,payoff,total
train_month_sac_gen_I_u_348,-123.36352371664356,4306.918592,422.3108412815719,4007.971274435072
