name,transf,client,payoff,total,sessions
test_6month_sac_pred_noise_3a_223,2871.7629967268495,9929.387430399998,889.2877424740021,6168.336691199147,df_elaad_preproc_l6months.csv
