name,transf,client,payoff,total
test_month_sac_gen_I_g_334,841.1474589029533,1468.334912,149.17516390639216,478.01228919065454
