name,transf,client,payoff,total
val_month_sac_gen_I_j_37,711.679888208364,1488.30912,159.56135988924024,617.0678719023956
