name,transf,client,payoff,total
test_month_sac_gen_I_h_121,723.1420024143815,1468.334912,149.17516390639216,596.0177456792263
