name,transf,client,payoff,total
test_month_sac_gen_I_f_418,723.5204932928849,1468.334912,147.8419170286109,596.9725016785042
