name,transf,client,payoff,total
val_month_sac_gen_I_b_303,623.8323355413117,1488.30912,159.56135988924024,704.9154245694479
