name,transf,client,payoff,total
test_month_sac_gen_J_m_378,665.5122486298561,1468.334912,149.17516390639216,653.6474994637517
