name,transf,client,payoff,total
train_month_sac_gen_I_m_474,1979.6680404515364,4306.918592,422.3108412815719,1904.9397102668918
