name,transf,client,payoff,total
train_month_sac_gen_I_r_469,1939.4466134306408,4306.918592,418.0432575295838,1949.4287210397754
