name,transf,client,payoff,total
val_month_sac_gen_a_58,727.982481409525,1349.0472576000002,118.32161810264896,502.74315808782626
