name,transf,client,payoff,total
test_month_sac_gen_I_b_43,736.5253346540087,1468.334912,149.17516390639216,582.6344134395991
