name,transf,client,payoff,total
val_month_sac_gen_I_c_260,640.4363453158951,1488.30912,159.56135988924024,688.3114147948645
