name,transf,client,payoff,total
train_month_sac_gen_J_p_231,2007.0628523666596,4306.918592,422.3108412815719,1877.5448983517686
