name,transf,client,payoff,total
val_month_sac_gen_J_o_407,647.0523491114195,1488.30912,159.56135988924024,681.6954109993401
