name,transf,client,payoff,total
val_month_sac_c_38,2036.049553716531,2277.450960542104,145.3079860330326,96.09342079254048
