name,transf,client,payoff,total
test_month_sac_gen_G_a_113,669.3228233883626,1468.334912,148.50825484764397,650.5038337639935
