name,transf,client,payoff,total,sessions
test_6month_sac_pred_noise_4a_173,2834.570552055743,9929.387430399998,891.2211003728393,6203.595777971416,df_elaad_preproc_l6months.csv
