name,transf,client,payoff,total,sessions
test_6month_sac_pred_noise_1b_178,3138.856977849758,9929.387430399998,893.2217503396156,5897.308702210624,df_elaad_preproc_l6months.csv
