name,transf,client,payoff,total
val_month_sac_gen_I_i_436,653.81683908057,1488.30912,159.56135988924024,674.9309210301897
