name,transf,client,payoff,total,sessions
test_6month_sac_pred_noise_3e_29,5385.638543719086,9929.387430399998,889.2877424740021,3654.4611442069104,df_elaad_preproc_l6months.csv
