name,transf,client,payoff,total
test_month_sac_gen_I_h_279,709.501785106555,1468.334912,149.17516390639216,609.6579629870529
