name,transf,client,payoff,total
test_month_sac_gen_I_u_62,715.2022536188014,1468.334912,149.17516390639216,603.9574944748065
