name,transf,client,payoff,total
test_month_sac_gen_J_a_13,768.1265303326836,1468.334912,149.17516390639216,551.0332177609242
