name,transf,client,payoff,total,sessions
test_6month_sac_gen_1n_137,2865.3614751745977,9929.387430399998,886.8210602299855,6177.204894995415,df_elaad_preproc_l6months.csv
