name,transf,client,payoff,total
test_month_sac_gen_I_q_433,773.0422645742901,1468.334912,149.17516390639216,546.1174835193177
