name,transf,client,payoff,total,sessions
test_6month_sac_gen_5l_122,2894.0814567849006,9929.387430399998,886.8210602299855,6148.484913385111,df_elaad_preproc_l6months.csv
