name,transf,client,payoff,total
val_month_sac_gen_J_u_105,597.7574864808174,1488.30912,155.96206259448996,734.5895709246925
