name,transf,client,payoff,total,sessions
test_6month_sac_pred_noise_3e_190,5326.527300803073,9929.387430399998,889.2877424740021,3713.5723871229234,df_elaad_preproc_l6months.csv
