name,transf,client,payoff,total
val_month_sac_gen_J_q_465,636.6953215691847,1488.30912,159.56135988924024,692.0524385415749
