name,transf,client,payoff,total
val_month_sac_gen_J_h_229,669.3248873325346,1488.30912,159.56135988924024,659.4228727782252
