name,transf,client,payoff,total
val_month_sac_gen_J_f_16,704.5829065417157,1488.30912,159.56135988924024,624.164853569044
