name,transf,client,payoff,total,sessions
test_6month_sac_pred_noise_4e_291,5393.0371730297065,9929.387430399998,891.2211003728393,3645.1291569974524,df_elaad_preproc_l6months.csv
