name,transf,client,payoff,total
val_month_sac_gen_I_f_224,660.1069063768568,1488.30912,158.8282254603323,669.3739881628107
