name,transf,client,payoff,total
val_month_sac_gen_J_c_318,665.2759759927658,1488.30912,159.56135988924024,663.4717841179938
