name,transf,client,payoff,total,sessions
test_6month_sac_pred_noise_2b_141,3025.7644619545717,9929.387430399998,897.4875555656347,6006.135412879792,df_elaad_preproc_l6months.csv
