name,transf,client,payoff,total,sessions
test_6month_sac_gen_5l_182,2785.495445109739,9929.387430399998,886.8210602299855,6257.070925060274,df_elaad_preproc_l6months.csv
