name,transf,client,payoff,total
val_month_sac_gen_I_v_298,652.9479916784649,1488.30912,159.56135988924024,675.7997684322947
