name,transf,client,payoff,total
train_month_sac_gen_I_b_289,1962.1700683017953,4306.918592,422.3108412815719,1922.437682416633
