name,transf,client,payoff,total
test_month_sac_gen_I_d_370,665.6540596428059,1468.334912,149.17516390639216,653.5056884508019
