name,transf,client,payoff,total
train_month_sac_gen_I_e_147,2091.0763414171843,4306.918592,417.9096673275943,1797.9325832552213
