name,transf,client,payoff,total
train_month_sac_gen_I_b_353,1972.4298337319474,4306.918592,422.3108412815719,1912.1779169864808
