name,transf,client,payoff,total
train_month_sac_gen_J_h_40,2235.6216576663364,4306.918592,422.3108412815719,1648.9860930520917
