name,transf,client,payoff,total
test_month_sac_gen_J_r_306,691.1090699361498,1468.334912,149.17516390639216,628.050678157458
