name,transf,client,payoff,total
val_month_sac_gen_I_f_219,661.6211210106509,1488.30912,158.8282254603323,667.8597735290167
