name,transf,client,payoff,total,sessions
test_6month_sac_pred_noise_3d_14,5011.068353169802,9929.387430399998,889.2877424740021,4029.0313347561937,df_elaad_preproc_l6months.csv
