name,transf,client,payoff,total
val_month_sac_gen_I_f_285,656.0775280746415,1488.30912,158.8282254603323,673.4033664650261
