name,transf,client,payoff,total
train_month_sac_gen_I_m_173,2040.4308486379962,4306.918592,422.3108412815719,1844.1769020804322
