name,transf,client,payoff,total,sessions
test_6month_sac_pred_noise_3c_80,3730.1999198228727,9929.387430399998,889.2877424740021,5309.899768103123,df_elaad_preproc_l6months.csv
