name,transf,client,payoff,total,sessions
test_6month_sac_gen_2m_77,3169.930140778266,9929.387430399998,886.8210602299855,5872.636229391746,df_elaad_preproc_l6months.csv
