name,transf,client,payoff,total
val_month_sac_gen_I_y_317,655.7452689428095,1488.30912,159.56135988924024,673.0024911679502
