name,transf,client,payoff,total
test_month_sac_gen_b_56,738.5841059702022,1488.30912,159.56135988924024,590.1636541405574
