name,transf,client,payoff,total,sessions
test_6month_sac_pred_noise_4a_134,2921.8659867894603,9929.387430399998,891.2211003728393,6116.300343237699,df_elaad_preproc_l6months.csv
