name,transf,client,payoff,total,sessions
test_6month_sac_gen_1l_74,3056.4775329006798,9929.387430399998,886.8210602299855,5986.088837269333,df_elaad_preproc_l6months.csv
