name,transf,client,payoff,total
val_month_sac_gen_J_l_29,703.6048898371582,1488.30912,159.56135988924024,625.1428702736014
