name,transf,client,payoff,total
test_month_sac_gen_I_e_154,643.8738076787167,1468.334912,148.50825484764397,675.9528494736394
