name,transf,client,payoff,total,sessions
test_6month_sac_pred_noise_3a_120,2884.8392239504783,9929.387430399998,889.2877424740021,6155.260463975518,df_elaad_preproc_l6months.csv
