name,transf,client,payoff,total
val_month_sac_gen_I_g_195,810.5598507914867,1488.30912,159.56135988924024,518.1879093192729
