name,transf,client,payoff,total
train_month_sac_gen_I_m_372,1987.4147543789645,4306.918592,422.3108412815719,1897.1929963394637
