name,transf,client,payoff,total,sessions
test_6month_sac_gen_5l_181,2796.9218802789555,9929.387430399998,886.8210602299855,6245.644489891058,df_elaad_preproc_l6months.csv
