name,transf,client,payoff,total
train_month_sac_gen_J_u_396,1812.3307240742743,4306.918592,428.4449340824828,2066.142933843243
