name,transf,client,payoff,total
val_month_sac_gen_I_z_303,713.2277158859267,1488.30912,159.56135988924024,615.5200442248329
