name,transf,client,payoff,total,sessions
train_month_sac_pred_noise_c_136,719.6323277009203,1349.0472576000002,119.25427084848326,510.1606590505966,df_elaad_preproc_feb.csv
