name,transf,client,payoff,total
val_month_sac_c_280,1840.3391892648594,2277.450960542104,145.3079860330326,291.80378524421195
