name,transf,client,payoff,total
test_month_sac_gen_J_h_310,737.8865921853707,1468.334912,149.17516390639216,581.2731559082372
