name,transf,client,payoff,total
test_month_sac_gen_J_i_138,756.6251171414112,1468.334912,149.17516390639216,562.5346309521966
