name,transf,client,payoff,total
test_month_sac_gen_I_e_68,664.8355100938214,1468.334912,148.50825484764397,654.9911470585346
