name,transf,client,payoff,total,sessions
test_6month_sac_pred_noise_2e_144,5292.321888674169,9929.387430399998,897.4875555656347,3739.577986160195,df_elaad_preproc_l6months.csv
