name,transf,client,payoff,total
test_month_sac_gen_J_k_168,635.7103051414239,1468.334912,149.17516390639216,683.449442952184
