name,transf,client,payoff,total
val_month_sac_c_115,1913.7872594280977,2277.450960542104,145.3079860330326,218.35571508097365
