name,transf,client,payoff,total
val_month_sac_gen_J_d_265,651.6616764721146,1488.30912,159.56135988924024,677.086083638645
