name,transf,client,payoff,total,sessions
test_6month_sac_pred_noise_4c_294,3625.989591739586,9929.387430399998,891.2211003728393,5412.176738287573,df_elaad_preproc_l6months.csv
