name,transf,client,payoff,total
test_month_sac_gen_J_h_360,728.6074285235571,1468.334912,149.17516390639216,590.5523195700507
