name,transf,client,payoff,total
test_month_sac_gen_I_o_437,720.9831469052003,1468.334912,149.17516390639216,598.1766011884075
