name,transf,client,payoff,total
val_month_sac_gen_I_w_221,666.2005130276422,1488.30912,159.56135988924024,662.5472470831176
