name,transf,client,payoff,total
test_month_sac_gen_I_r_141,647.1488269674942,1468.334912,149.17516390639216,672.0109211261137
