name,transf,client,payoff,total
test_month_sac_gen_I_t_178,708.1594302269057,1468.334912,149.17516390639216,611.0003178667022
