name,transf,client,payoff,total
test_month_sac_gen_J_d_366,702.2145500554604,1468.334912,149.17516390639216,616.9451980381474
