name,transf,client,payoff,total
test_month_sac_gen_J_l_69,735.6227179873031,1468.334912,149.17516390639216,583.5370301063048
