name,transf,client,payoff,total
test_sac_b_c_31,7554.085060404381,18301.238246399997,1736.5228628156017,9010.630323180014
