name,transf,client,payoff,total
test_month_sac_gen_I_r_402,639.061304351319,1468.334912,149.17516390639216,680.0984437422889
