name,transf,client,payoff,total
test_month_sac_gen_I_r_475,638.7118979665388,1468.334912,149.17516390639216,680.447850127069
