name,transf,client,payoff,total
val_month_sac_gen_J_c_482,651.7948738577381,1488.30912,159.56135988924024,676.9528862530215
