name,transf,client,payoff,total,sessions
test_6month_sac_gen_4l_166,2898.8398245879257,9929.387430399998,886.8210602299855,6143.726545582087,df_elaad_preproc_l6months.csv
