name,transf,client,payoff,total,sessions
test_6month_sac_gen_5l_91,2982.1026064629605,9929.387430399998,886.8210602299855,6060.463763707052,df_elaad_preproc_l6months.csv
