name,transf,client,payoff,total
train_month_sac_c_889,1023.1443197024034,2289.492687923877,157.2012507240518,1109.1471174974217
