name,transf,client,payoff,total
test_month_sac_c_53,1200.3277306369246,1469.5622144,135.21440678133106,134.02007698174427
