name,transf,client,payoff,total,sessions
test_6month_sac_gen_e_218,2724.93701107418,9929.387430399998,886.8210602299855,6317.629359095832,df_elaad_preproc_l6months.csv
