name,transf,client,payoff,total
train_month_sac_gen_J_j_97,1953.291806801833,4306.918592,422.3108412815719,1931.3159439165952
