name,transf,client,payoff,total
train_month_sac_gen_J_k_158,1837.6418007282778,4306.918592,422.3108412815719,2046.9659499901504
