name,transf,client,payoff,total,sessions
test_6month_sac_gen_4l_131,2906.0639543792095,9929.387430399998,886.8210602299855,6136.502415790803,df_elaad_preproc_l6months.csv
