name,transf,client,payoff,total
val_month_sac_gen_J_u_104,601.3774248673382,1488.30912,155.96206259448996,730.9696325381717
