name,transf,client,payoff,total
train_month_sac_gen_J_z_46,658.6778349603293,1488.30912,162.36158059217365,667.2697044474969
