name,transf,client,payoff,total
val_month_sac_gen_I_f_293,654.8601734766323,1488.30912,158.8282254603323,674.6207210630353
