name,transf,client,payoff,total
train_month_sac_gen_J_c_125,2175.187696130456,4306.918592,422.3108412815719,1709.4200545879721
