name,transf,client,payoff,total
val_month_sac_gen_J_o_497,655.0293053552995,1488.30912,159.56135988924024,673.7184547554602
