name,transf,client,payoff,total
val_month_sac_gen_I_y_415,658.5502147123971,1488.30912,159.56135988924024,670.1975453983625
