name,transf,client,payoff,total,sessions
test_6month_sac_gen_2o_88,2970.999878789032,9929.387430399998,886.8210602299855,6071.56649138098,df_elaad_preproc_l6months.csv
