name,transf,client,payoff,total,sessions
test_6month_sac_pred_noise_4b_59,3470.989660127617,9929.387430399998,891.2211003728393,5567.1766698995425,df_elaad_preproc_l6months.csv
