name,transf,client,payoff,total
val_month_sac_c_422,1825.1601515406214,2277.450960542104,145.3079860330326,306.98282296844997
