name,transf,client,payoff,total
val_month_sac_gen_I_g_150,792.7242409053622,1488.30912,159.56135988924024,536.0235192053974
