name,transf,client,payoff,total
train_month_sac_gen_J_g_306,2021.3162875736352,4306.918592,422.3108412815719,1863.291463144793
