name,transf,client,payoff,total
test_month_sac_gen_J_t_306,636.5565554040143,1468.334912,148.50825484764397,683.2701017483419
