name,transf,client,payoff,total
train_month_sac_gen_I_k_60,2149.519306289135,4306.918592,422.3108412815719,1735.0884444292933
