name,transf,client,payoff,total
val_month_sac_gen_I_x_55,722.1201789214508,1488.30912,159.56135988924024,606.6275811893088
