name,transf,client,payoff,total
val_month_sac_gen_I_q_483,738.0630208777945,1488.30912,159.56135988924024,590.6847392329651
