name,transf,client,payoff,total
test_month_sac_gen_I_p_326,760.3746687643323,1468.334912,149.17516390639216,558.7850793292755
