name,transf,client,payoff,total
train_month_sac_gen_J_k_170,1836.3756655395705,4306.918592,422.3108412815719,2048.2320851788577
