name,transf,client,payoff,total
val_month_sac_gen_J_f_157,649.3405300226352,1488.30912,159.56135988924024,679.4072300881244
