name,transf,client,payoff,total
month_sac_IX_a,1248.3321048774685,1469.5622144,139.08143602125716,82.14867350127423
