name,transf,client,payoff,total
train_month_sac_gen_J_m_207,1844.6847940224206,4306.918592,422.3108412815719,2039.9229566960075
