name,transf,client,payoff,total
month_sac_IX_c,929.5971475952057,1469.5622144,140.88104343111218,399.08402337368204
