name,transf,client,payoff,total
train_month_sac_gen_I_q_238,2269.636596040397,4306.918592,422.3108412815719,1614.9711546780313
