name,transf,client,payoff,total,sessions
test_6month_sac_gen_2m_82,3141.686423467587,9929.387430399998,886.8210602299855,5900.8799467024255,df_elaad_preproc_l6months.csv
