name,transf,client,payoff,total
val_month_sac_gen_J_d_202,659.4277911446594,1488.30912,159.56135988924024,669.3199689661003
