name,transf,client,payoff,total
test_month_sac_gen_I_v_64,700.5372813936569,1468.334912,149.17516390639216,618.6224666999509
