name,transf,client,payoff,total
test_month_sac_gen_I_j_236,728.3978628605844,1468.334912,149.17516390639216,590.7618852330235
