name,transf,client,payoff,total,sessions
6month_sac_disagg_3e_LD,5219.938126680557,9929.387430399998,889.2877424740021,3820.1615612454393,df_elaad_preproc_l6months.csv
