name,transf,client,payoff,total
val_month_sac_gen_I_b_166,630.7595305130026,1488.30912,159.56135988924024,697.988229597757
