name,transf,client,payoff,total
test_month_sac_gen_I_g_337,847.0647585079561,1468.334912,149.17516390639216,472.0949895856518
