name,transf,client,payoff,total
val_month_sac_gen_a_20,851.0662918439976,1349.0472576000002,118.32161810264896,379.6593476533536
