name,transf,client,payoff,total
test_month_sac_gen_d_27,830.3610542303961,1488.30912,159.56135988924024,498.38670588036354
