name,transf,client,payoff,total
train_month_sac_gen_I_n_473,1895.7347430885266,4306.918592,422.3108412815719,1988.8730076299016
