name,transf,client,payoff,total
val_month_sac_gen_I_q_229,738.9648976239785,1488.30912,159.56135988924024,589.7828624867811
