name,transf,client,payoff,total,sessions
test_6month_sac_gen_2m_162,2962.5579154028546,9929.387430399998,886.8210602299855,6080.008454767158,df_elaad_preproc_l6months.csv
