name,transf,client,payoff,total
val_month_sac_gen_J_s_244,546.8329588309387,1488.30912,155.96206259448996,785.5140985745713
