name,transf,client,payoff,total
val_month_sac_gen_I_t_413,678.4351914410091,1488.30912,159.56135988924024,650.3125686697506
