name,transf,client,payoff,total
train_month_sac_gen_J_i_61,2139.652961897871,4306.918592,422.3108412815719,1744.954788820557
