name,transf,client,payoff,total
test_month_sac_gen_J_e_259,692.2892605973238,1468.334912,149.17516390639216,626.870487496284
