name,transf,client,payoff,total
train_sac_b_c_18,64962.08359644035,149467.68812980913,8931.975524612415,75573.62900875637
