name,transf,client,payoff,total
val_month_sac_gen_I_d_260,632.5385861421898,1488.30912,159.56135988924024,696.2091739685698
