name,transf,client,payoff,total
train_month_sac_gen_J_p_289,1997.1362193942932,4306.918592,422.3108412815719,1887.471531324135
