name,transf,client,payoff,total
train_month_sac_gen_I_u_100,14.380078449521875,4306.918592,422.3108412815719,3870.2276722689066
