name,transf,client,payoff,total,sessions
test_6month_sac_pred_noise_1b_45,3244.6551433672994,9929.387430399998,893.2217503396156,5791.510536693083,df_elaad_preproc_l6months.csv
