name,transf,client,payoff,total
test_month_sac_gen_I_m_453,662.3531243950907,1468.334912,149.17516390639216,656.8066236985171
