name,transf,client,payoff,total,sessions
test_6month_sac_pred_noise_1b_102,3124.1324148223284,9929.387430399998,893.2217503396156,5912.033265238054,df_elaad_preproc_l6months.csv
