name,transf,client,payoff,total,sessions
test_6month_sac_gen_f_139,2908.2789578652128,9929.387430399998,886.8210602299855,6134.2874123048005,df_elaad_preproc_l6months.csv
