name,transf,client,payoff,total
month_sac_IX_a,1217.8594839148109,1469.5622144,137.6817893295963,114.02094115559271
