name,transf,client,payoff,total
test_month_sac_gen_G_a_167,658.6188960642467,1468.334912,148.50825484764397,661.2077610881095
