name,transf,client,payoff,total
train_month_sac_gen_I_p_408,2171.6818405774698,4306.918592,422.3108412815719,1712.9259101409584
