name,transf,client,payoff,total
val_month_sac_gen_J_c_292,667.448830248466,1488.30912,159.56135988924024,661.2989298622936
