name,transf,client,payoff,total
train_month_sac_gen_J_g_83,2075.386571482879,4306.918592,422.3108412815719,1809.2211792355492
