name,transf,client,payoff,total
val_month_sac_gen_I_h_216,647.8841159188961,1488.30912,159.56135988924024,680.8636441918636
