name,transf,client,payoff,total
train_month_sac_gen_J_l_255,1846.3990023236083,4306.918592,422.3108412815719,2038.2087483948198
