name,transf,client,payoff,total
train_month_sac_gen_J_h_340,2052.037654377821,4306.918592,422.3108412815719,1832.570096340607
