name,transf,client,payoff,total,sessions
test_6month_sac_gen_2o_106,2875.7437933191127,9929.387430399998,886.8210602299855,6166.8225768509,df_elaad_preproc_l6months.csv
