name,transf,client,payoff,total
train_month_sac_gen_I_u_186,-57.27479835448298,4306.918592,422.3108412815719,3941.8825490729114
