name,transf,client,payoff,total
train_month_sac_gen_J_c_234,2084.3669338572035,4306.918592,422.3108412815719,1800.2408168612246
