name,transf,client,payoff,total
train_month_sac_gen_I_o_153,2159.071790411996,4306.918592,422.3108412815719,1725.5359603064321
