name,transf,client,payoff,total
val_month_sac_gen_J_m_29,688.8077113433328,1488.30912,159.56135988924024,639.9400487674268
