name,transf,client,payoff,total
val_month_sac_gen_I_a_260,660.4791208988696,1488.30912,159.56135988924024,668.2686392118901
