name,transf,client,payoff,total,sessions
test_6month_sac_gen_1o_42,3041.1969755877294,9929.387430399998,886.8210602299855,6001.369394582283,df_elaad_preproc_l6months.csv
