name,transf,client,payoff,total
test_month_sac_gen_J_i_100,766.0378770854165,1468.334912,149.17516390639216,553.1218710081913
