name,transf,client,payoff,total,sessions
test_6month_sac_pred_noise_3e_159,5454.422236095327,9929.387430399998,889.2877424740021,3585.677451830669,df_elaad_preproc_l6months.csv
