name,transf,client,payoff,total
val_month_sac_gen_I_a_284,653.2838628598605,1488.30912,159.56135988924024,675.4638972508992
