name,transf,client,payoff,total
test_month_sac_gen_b_26,742.1233785652009,1488.30912,159.56135988924024,586.6243815455587
