name,transf,client,payoff,total
train_month_sac_gen_I_v_87,108.01297274432596,4306.918592,423.24371445813506,3775.6619047975387
