name,transf,client,payoff,total,sessions
test_6month_sac_gen_3m_117,2782.8214490843648,9929.387430399998,889.2877424740021,6257.278238841632,df_elaad_preproc_l6months.csv
