name,transf,client,payoff,total
val_month_sac_gen_J_m_449,586.7051228842781,1488.30912,159.56135988924024,742.0426372264815
