name,transf,client,payoff,total
test_month_sac_c_493,1023.5395195572953,1469.5622144,135.21440678133106,310.80828806137356
