name,transf,client,payoff,total
test_month_sac_gen_J_r_225,693.7616290780483,1468.334912,149.17516390639216,625.3981190155596
