name,transf,client,payoff,total
val_month_sac_gen_J_a_255,645.6434660401283,1488.30912,159.56135988924024,683.1042940706313
