name,transf,client,payoff,total
test_month_sac_gen_I_z_289,721.1903782800483,1468.334912,149.17516390639216,597.9693698135595
