name,transf,client,payoff,total
test_month_sac_gen_G_a_163,654.4473303643038,1468.334912,148.50825484764397,665.3793267880524
