name,transf,client,payoff,total,sessions
test_6month_sac_gen_1m_119,3103.04922194587,9929.387430399998,886.8210602299855,5939.517148224142,df_elaad_preproc_l6months.csv
