name,transf,client,payoff,total
train_month_sac_gen_I_s_229,1637.339983628892,4306.918592,422.3108412815719,2247.2677670895364
