name,transf,client,payoff,total
val_month_sac_gen_G_b_284,585.7264036128432,1488.30912,159.09496226131247,743.4877541258442
