name,transf,client,payoff,total,sessions
test_6month_sac_pred_noise_5d_45,4474.3989557798095,9929.387430399998,881.6875054342313,4573.300969185957,df_elaad_preproc_l6months.csv
