name,transf,client,payoff,total
test_month_sac_gen_J_r_318,681.069924504671,1468.334912,149.17516390639216,638.0898235889368
