name,transf,client,payoff,total
val_month_sac_gen_I_o_53,728.5683424178612,1488.30912,159.56135988924024,600.1794176928984
