name,transf,client,payoff,total
val_month_sac_c_513,1815.7858884422176,2277.450960542104,145.3079860330326,316.3570860668538
