name,transf,client,payoff,total,sessions
test_6month_sac_pred_noise_5a_122,2810.7363351833033,9929.387430399998,881.6875054342313,6236.963589782465,df_elaad_preproc_l6months.csv
