name,transf,client,payoff,total
train_month_sac_gen_I_p_388,2181.608567658924,4306.918592,422.3108412815719,1702.999183059504
