name,transf,client,payoff,total
train_month_sac_gen_I_w_31,-6991.375624018431,4306.918592,422.3108412815719,10875.98337473686
