name,transf,client,payoff,total,sessions
test_6month_sac_pred_noise_3d_238,4539.334567589012,9929.387430399998,889.2877424740021,4500.765120336984,df_elaad_preproc_l6months.csv
