name,transf,client,payoff,total
val_month_sac_gen_J_o_415,642.2730300727346,1488.30912,159.56135988924024,686.474730038025
