name,transf,client,payoff,total
test_month_sac_gen_I_z_220,725.8073160737854,1468.334912,149.17516390639216,593.3524320198225
