name,transf,client,payoff,total
test_month_sac_gen_J_w_0,1255.0356323063543,1468.334912,148.50825484764397,64.79102484600179
