name,transf,client,payoff,total
train_month_sac_gen_I_g_38,2353.262642328984,4306.918592,422.3108412815719,1531.3451083894442
