name,transf,client,payoff,total
val_month_sac_gen_I_l_257,647.7959646758287,1488.30912,159.56135988924024,680.951795434931
