name,transf,client,payoff,total,sessions
test_6month_sac_gen_1m_95,3166.7246392681245,9929.387430399998,893.2217503396156,5869.441040792258,df_elaad_preproc_l6months.csv
