name,transf,client,payoff,total
train_sac_c_40,66919.55150047177,149467.68812980913,8931.975524612415,73616.16110472495
