name,transf,client,payoff,total,sessions
test_6month_sac_gen_e_36,3212.6266009944075,9929.387430399998,886.8210602299855,5829.939769175606,df_elaad_preproc_l6months.csv
