name,transf,client,payoff,total,sessions
test_6month_sac_pred_noise_4e_92,5356.920194754997,9929.387430399998,891.2211003728393,3681.2461352721616,df_elaad_preproc_l6months.csv
