name,transf,client,payoff,total
val_month_sac_gen_J_u_166,578.7484662128056,1488.30912,155.96206259448996,753.5985911927044
