name,transf,client,payoff,total
val_month_sac_gen_J_r_288,631.2352620595162,1488.30912,159.56135988924024,697.5124980512435
