name,transf,client,payoff,total
train_month_sac_gen_J_g_308,2031.80310460402,4306.918592,422.3108412815719,1852.8046461144081
