name,transf,client,payoff,total
val_month_sac_gen_J_c_375,657.4900787107842,1488.30912,159.56135988924024,671.2576813999754
