name,transf,client,payoff,total,sessions
test_6month_sac_gen_2n_157,2871.500626325407,9929.387430399998,886.8210602299855,6171.065743844605,df_elaad_preproc_l6months.csv
