name,transf,client,payoff,total
month_sac_IX_b,1065.1587233419827,1469.5622144,141.28139156041726,263.1220994975999
