name,transf,client,payoff,total
test_month_sac_gen_J_y_212,663.3165635862833,1468.334912,148.50825484764397,656.5100935660728
