name,transf,client,payoff,total
test_month_sac_gen_J_t_380,643.7141249871037,1468.334912,148.50825484764397,676.1125321652523
