name,transf,client,payoff,total
train_month_sac_gen_J_l_177,1886.4721752073845,4306.918592,422.3108412815719,1998.1355755110435
