name,transf,client,payoff,total
val_month_sac_gen_J_k_165,585.2492415313653,1488.30912,159.56135988924024,743.4985185793944
