name,transf,client,payoff,total
val_month_sac_gen_I_j_395,651.7438527825641,1488.30912,159.56135988924024,677.0039073281955
