name,transf,client,payoff,total
test_month_sac_gen_I_i_323,705.404291770605,1468.334912,149.17516390639216,613.7554563230028
