name,transf,client,payoff,total
train_month_sac_gen_I_v_294,-58.190064610388845,4306.918592,419.37702845510245,3945.731628155286
