name,transf,client,payoff,total
val_month_sac_gen_J_e_234,650.9407374119381,1488.30912,159.56135988924024,677.8070226988216
