name,transf,client,payoff,total
test_month_sac_c_867,1024.9963130668227,1469.5622144,135.21440678133106,309.35149455184614
