name,transf,client,payoff,total
train_month_sac_c_563,1036.3446184688692,2289.492687923877,157.2012507240518,1095.946818730956
