name,transf,client,payoff,total
train_month_sac_gen_I_o_240,2142.1168540901554,4306.918592,422.3108412815719,1742.4908966282728
