name,transf,client,payoff,total,sessions
test_6month_sac_pred_noise_4d_105,4463.567621508439,9929.387430399998,891.2211003728393,4574.598708518721,df_elaad_preproc_l6months.csv
