name,transf,client,payoff,total
test_month_sac_gen_I_e_205,633.7022173677582,1468.334912,148.50825484764397,686.1244397845978
