name,transf,client,payoff,total,sessions
test_6month_sac_pred_noise_1a_226,2886.3137359259968,9929.387430399998,893.2217503396156,6149.851944134386,df_elaad_preproc_l6months.csv
