name,transf,client,payoff,total
val_month_sac_gen_I_x_380,703.5344154231489,1488.30912,159.56135988924024,625.2133446876107
