name,transf,client,payoff,total
val_month_sac_gen_I_g_357,801.9965605929508,1488.30912,159.56135988924024,526.7511995178088
