name,transf,client,payoff,total
train_month_sac_gen_J_i_42,2209.399598255135,4306.918592,422.3108412815719,1675.2081524632931
