name,transf,client,payoff,total
train_month_sac_gen_J_u_340,1849.8109350735824,4306.918592,421.7766467427567,2035.331010183661
