name,transf,client,payoff,total,sessions
test_6month_sac_pred_noise_5b_299,3230.1792189743414,9929.387430399998,881.6875054342313,5817.520705991426,df_elaad_preproc_l6months.csv
