name,transf,client,payoff,total
month_sac_IX_d,904.5590318062559,1469.5622144,139.8816579481387,425.1215246456053
