name,transf,client,payoff,total
train_month_sac_gen_I_d_53,2096.5790409736305,4306.918592,422.3108412815719,1788.0287097447977
