name,transf,client,payoff,total
test_month_sac_gen_J_p_8,741.366153447758,1468.334912,149.17516390639216,577.7935946458498
