name,transf,client,payoff,total
val_month_sac_gen_J_u_135,591.4430692563832,1488.30912,155.96206259448996,740.9039881491267
