name,transf,client,payoff,total
test_month_sac_gen_J_o_448,677.3006747768516,1468.334912,149.17516390639216,641.8590733167563
