name,transf,client,payoff,total,sessions
test_6month_sac_gen_2n_29,3165.2058426668395,9929.387430399998,886.8210602299855,5877.360527503173,df_elaad_preproc_l6months.csv
