name,transf,client,payoff,total
val_month_sac_gen_a_79,850.5711428929762,1349.0472576000002,118.32161810264896,380.154496604375
