name,transf,client,payoff,total,sessions
test_6month_sac_gen_h_178,2941.126269825944,9929.387430399998,886.8210602299855,6101.440100344069,df_elaad_preproc_l6months.csv
