name,transf,client,payoff,total
test_month_sac_gen_I_t_293,699.7322403277833,1468.334912,149.17516390639216,619.4275077658245
