name,transf,client,payoff,total
val_month_sac_gen_J_c_110,706.3187416349803,1488.30912,159.56135988924024,622.4290184757795
