name,transf,client,payoff,total
val_month_sac_gen_I_q_260,739.9754184817976,1488.30912,159.56135988924024,588.7723416289621
