name,transf,client,payoff,total
test_month_sac_gen_I_g_475,845.1599470499838,1468.334912,149.17516390639216,473.9998010436241
