name,transf,client,payoff,total
val_month_sac_gen_J_a_465,645.4442332443612,1488.30912,159.56135988924024,683.3035268663984
