name,transf,client,payoff,total
train_month_sac_gen_J_c_94,2199.9315879661854,4306.918592,422.3108412815719,1684.6761627522428
