name,transf,client,payoff,total
val_month_sac_gen_G_b_268,589.6544150451948,1488.30912,159.09496226131247,739.5597426934926
