name,transf,client,payoff,total
train_month_sac_gen_I_d_323,1979.0212178798215,4306.918592,422.3108412815719,1905.5865328386067
