name,transf,client,payoff,total
test_month_sac_gen_J_f_291,660.9828083346667,1468.334912,149.17516390639216,658.1769397589411
