name,transf,client,payoff,total
train_month_sac_gen_J_l_448,1804.935556503302,4306.918592,422.3108412815719,2079.672194215126
