name,transf,client,payoff,total
test_month_sac_gen_I_b_371,691.057950272285,1468.334912,149.17516390639216,628.1017978213229
