name,transf,client,payoff,total
val_month_sac_gen_J_t_424,588.7869813605298,1488.30912,155.96206259448996,743.5600760449802
