name,transf,client,payoff,total,sessions
test_6month_sac_gen_g_248,2948.414662725705,9929.387430399998,886.8210602299855,6094.151707444307,df_elaad_preproc_l6months.csv
