name,transf,client,payoff,total
test_month_sac_gen_J_c_158,704.9533842766807,1468.334912,149.17516390639216,614.2063638169271
