name,transf,client,payoff,total
val_month_sac_gen_I_c_247,639.354424732493,1488.30912,159.56135988924024,689.3933353782666
