name,transf,client,payoff,total,sessions
test_6month_sac_pred_noise_2b_283,3193.786564626743,9929.387430399998,897.4875555656347,5838.113310207621,df_elaad_preproc_l6months.csv
