name,transf,client,payoff,total,sessions
test_6month_sac_pred_noise_5a_293,3029.4426895644783,9929.387430399998,881.6875054342313,6018.257235401288,df_elaad_preproc_l6months.csv
