name,transf,client,payoff,total
month_sac_IX_h,1269.371554162961,1469.5622144,140.1481199392937,60.04254029774515
