name,transf,client,payoff,total
train_month_sac_gen_I_d_173,2004.4576894116628,4306.918592,422.3108412815719,1880.1500613067656
