name,transf,client,payoff,total,sessions
test_6month_sac_gen_e_149,2803.3724675576623,9929.387430399998,886.8210602299855,6239.193902612351,df_elaad_preproc_l6months.csv
