name,transf,client,payoff,total,sessions
test_6month_sac_pred_noise_1c_61,3652.3705237462736,9929.387430399998,893.2217503396156,5383.795156314109,df_elaad_preproc_l6months.csv
