name,transf,client,payoff,total
train_month_sac_gen_J_z_52,664.7680463174574,1488.30912,159.62807665686086,663.9129970256815
