name,transf,client,payoff,total
test_month_sac_gen_J_m_172,695.8319699006925,1468.334912,149.17516390639216,623.3277781929154
