name,transf,client,payoff,total
train_month_sac_gen_J_b_242,2023.5131718207922,4306.918592,422.3108412815719,1861.094578897636
