name,transf,client,payoff,total,sessions
test_6month_sac_pred_noise_2e_154,5101.470358196226,9929.387430399998,897.4875555656347,3930.429516638138,df_elaad_preproc_l6months.csv
