name,transf,client,payoff,total,sessions
test_6month_sac_gen_5m_118,2902.976183528189,9929.387430399998,886.8210602299855,6139.590186641824,df_elaad_preproc_l6months.csv
