name,transf,client,payoff,total
val_month_sac_gen_J_b_284,643.0205406037887,1488.30912,159.56135988924024,685.7272195069709
