name,transf,client,payoff,total
train_month_sac_gen_J_p_240,2010.0732452339648,4306.918592,422.3108412815719,1874.5345054844634
