name,transf,client,payoff,total
train_month_sac_gen_I_b_297,1970.771495780152,4306.918592,422.3108412815719,1913.8362549382764
