name,transf,client,payoff,total
val_month_sac_gen_I_j_153,661.5413068709472,1488.30912,159.56135988924024,667.2064532398124
