name,transf,client,payoff,total
val_month_sac_c_774,1838.4852078044764,2277.450960542104,145.3079860330326,293.65776670459496
