name,transf,client,payoff,total
train_month_sac_gen_I_h_277,2018.327782023282,4306.918592,422.3108412815719,1866.2799686951462
