name,transf,client,payoff,total
train_month_sac_gen_I_a_62,2172.4999735823403,4306.918592,422.3108412815719,1712.1077771360879
