name,transf,client,payoff,total,sessions
test_6month_sac_gen_4m_145,2998.8019122571404,9929.387430399998,891.2211003728393,6039.364417770019,df_elaad_preproc_l6months.csv
