name,transf,client,payoff,total
test_month_sac_gen_J_f_402,652.9900789263027,1468.334912,149.17516390639216,666.1696691673052
