name,transf,client,payoff,total
test_month_sac_e_1,1635.3000124359987,2289.492687923877,157.2012507240518,496.99142476382644
