name,transf,client,payoff,total
train_month_sac_gen_J_r_21,2170.551033047337,4306.918592,422.3108412815719,1714.056717671091
