name,transf,client,payoff,total,sessions
test_6month_sac_gen_3l_284,2847.7247901353458,9929.387430399998,886.8210602299855,6194.841580034667,df_elaad_preproc_l6months.csv
