name,transf,client,payoff,total
val_month_sac_gen_J_m_187,616.6427669406283,1488.30912,159.56135988924024,712.1049931701314
