name,transf,client,payoff,total
test_month_sac_gen_I_g_113,751.7562938510648,1468.334912,149.17516390639216,567.403454242543
