name,transf,client,payoff,total
val_month_sac_gen_I_k_212,655.7977863893396,1488.30912,159.56135988924024,672.9499737214201
