name,transf,client,payoff,total,sessions
test_6month_sac_pred_noise_4e_12,5193.7459684171845,9929.387430399998,891.2211003728393,3844.4203616099744,df_elaad_preproc_l6months.csv
