name,transf,client,payoff,total
train_month_sac_gen_J_w_16,2389.0778079947227,4306.918592,426.37630364709565,1491.4644803581816
