name,transf,client,payoff,total
test_month_sac_gen_J_j_309,633.0575329124265,1468.334912,149.17516390639216,686.1022151811814
