name,transf,client,payoff,total
val_month_sac_gen_J_m_205,616.015526618555,1488.30912,159.56135988924024,712.7322334922046
