name,transf,client,payoff,total
test_sac_b_c_30,7553.529555721519,18301.238246399997,1736.5228628156017,9011.185827862877
