name,transf,client,payoff,total
val_month_sac_gen_J_c_171,699.813337379901,1488.30912,159.56135988924024,628.9344227308586
