name,transf,client,payoff,total
val_month_sac_gen_J_w_437,544.960912685078,1488.30912,155.96206259448996,787.386144720432
