name,transf,client,payoff,total
test_month_sac_gen_I_k_152,716.5225750610334,1468.334912,149.17516390639216,602.6371730325744
