name,transf,client,payoff,total
test_month_sac_gen_I_w_367,653.7552990929263,1468.334912,149.17516390639216,665.4044490006816
