name,transf,client,payoff,total
val_month_sac_gen_d_56,1021.1701894163267,1349.0472576000002,118.32161810264896,209.55545008102453
