name,transf,client,payoff,total
train_month_sac_gen_I_j_315,2033.0813217378025,4306.918592,422.3108412815719,1851.5264289806255
