name,transf,client,payoff,total
train_month_sac_gen_J_d_8,2288.1420780570743,4306.918592,422.3108412815719,1596.465672661354
