name,transf,client,payoff,total
train_month_sac_gen_J_g_159,2053.791694423039,4306.918592,422.3108412815719,1830.816056295389
