name,transf,client,payoff,total
train_month_sac_gen_I_o_237,2146.381022028704,4306.918592,422.3108412815719,1738.226728689724
