name,transf,client,payoff,total
train_month_sac_gen_J_o_101,2095.6424344294473,4306.918592,422.3108412815719,1788.9653162889808
