name,transf,client,payoff,total,sessions
test_6month_sac_pred_noise_1a_183,2931.561172604397,9929.387430399998,893.2217503396156,6104.604507455985,df_elaad_preproc_l6months.csv
