name,transf,client,payoff,total
test_month_sac_gen_J_w_467,582.8644624921377,1468.334912,148.50825484764397,736.9621946602183
