name,transf,client,payoff,total
test_month_sac_gen_I_o_94,750.4288158874692,1468.334912,149.17516390639216,568.7309322061386
