name,transf,client,payoff,total,sessions
test_6month_sac_pred_noise_5d_66,4362.6227259734305,9929.387430399998,881.6875054342313,4685.077198992336,df_elaad_preproc_l6months.csv
