name,transf,client,payoff,total
train_month_sac_c_638,1030.5253464781965,2289.492687923877,157.2012507240518,1101.7660907216286
