name,transf,client,payoff,total
test_month_sac_gen_I_g_258,898.4056347830276,1468.334912,149.17516390639216,420.75411331058024
