name,transf,client,payoff,total
train_month_sac_gen_I_e_89,2115.46616337486,4306.918592,417.9096673275943,1773.5427612975454
