name,transf,client,payoff,total
val_month_sac_gen_I_z_176,705.9748192716163,1488.30912,159.56135988924024,622.7729408391433
