name,transf,client,payoff,total,sessions
test_6month_sac_pred_noise_5c_209,3511.3053650504785,9929.387430399998,881.6875054342313,5536.3945599152885,df_elaad_preproc_l6months.csv
