name,transf,client,payoff,total
train_month_sac_gen_I_e_80,2121.504876409824,4306.918592,417.9096673275943,1767.5040482625814
