name,transf,client,payoff,total
train_month_sac_gen_G_b_279,523.6559408532056,1349.0472576000002,117.8543589493917,707.5369577974029
