name,transf,client,payoff,total
val_month_sac_gen_J_o_346,648.8193117152953,1488.30912,159.56135988924024,679.9284483954643
