name,transf,client,payoff,total
test_month_sac_gen_J_v_146,667.5651553650341,1468.334912,148.50825484764397,652.261501787322
