name,transf,client,payoff,total
val_month_sac_gen_J_y_65,676.1107906834145,1488.30912,155.96206259448996,656.2362667220955
