name,transf,client,payoff,total
train_month_sac_gen_I_l_2,2818.950101299594,4306.918592,422.3108412815719,1065.6576494188344
