name,transf,client,payoff,total,sessions
test_6month_sac_pred_noise_5a_118,2897.604312878223,9929.387430399998,881.6875054342313,6150.0956120875435,df_elaad_preproc_l6months.csv
