name,transf,client,payoff,total
val_month_sac_gen_a_88,711.8110120020981,1349.0472576000002,118.32161810264896,518.9146274952532
