name,transf,client,payoff,total
val_month_sac_gen_I_q_186,745.9876870887016,1488.30912,159.56135988924024,582.7600730220581
