name,transf,client,payoff,total
test_month_sac_gen_I_h_448,690.9849165187036,1468.334912,149.17516390639216,628.1748315749043
