name,transf,client,payoff,total
train_month_sac_gen_J_a_394,1983.028944598661,4306.918592,422.3108412815719,1901.5788061197673
