name,transf,client,payoff,total,sessions
test_6month_sac_pred_noise_1d_191,4462.452870051201,9929.387430399998,893.2217503396156,4573.712810009181,df_elaad_preproc_l6months.csv
