name,transf,client,payoff,total
train_month_sac_gen_I_w_13,-6806.738653644304,4306.918592,422.3108412815719,10691.34640436273
