name,transf,client,payoff,total
train_month_sac_gen_e_6,1668.5229579481336,2818.609472,261.7490484163678,888.3374656354987
