name,transf,client,payoff,total
test_month_sac_gen_I_r_70,678.4629480156367,1468.334912,149.17516390639216,640.6968000779711
