name,transf,client,payoff,total,sessions
test_6month_sac_pred_noise_5c_134,3560.4581594795877,9929.387430399998,881.6875054342313,5487.24176548618,df_elaad_preproc_l6months.csv
