name,transf,client,payoff,total
train_month_sac_c_353,1054.7635843591822,2289.492687923877,157.2012507240518,1077.527852840643
