name,transf,client,payoff,total,sessions
test_6month_sac_gen_c_128,2952.74510211734,9929.387430399998,886.8210602299855,6089.821268052672,df_elaad_preproc_l6months.csv
