name,transf,client,payoff,total
val_month_sac_gen_I_h_210,645.9602266763819,1488.30912,159.56135988924024,682.7875334343778
