name,transf,client,payoff,total,sessions
test_6month_sac_gen_2n_108,3071.700530085589,9929.387430399998,886.8210602299855,5970.865840084423,df_elaad_preproc_l6months.csv
