name,transf,client,payoff,total
train_month_sac_gen_I_e_211,2060.9263694027527,4306.918592,417.9096673275943,1828.0825552696529
