name,transf,client,payoff,total
train_month_sac_gen_I_q_53,2380.2111991997012,4306.918592,422.3108412815719,1504.396551518727
