name,transf,client,payoff,total
val_month_sac_gen_J_f_421,633.430098038845,1488.30912,159.56135988924024,695.3176620719146
