name,transf,client,payoff,total
test_month_sac_gen_J_p_42,685.8625021257014,1468.334912,149.17516390639216,633.2972459679064
