name,transf,client,payoff,total
val_month_sac_gen_J_d_183,659.7355574357608,1488.30912,159.56135988924024,669.0122026749989
