name,transf,client,payoff,total
val_month_sac_gen_J_f_68,677.9922041677958,1488.30912,159.56135988924024,650.7555559429638
