name,transf,client,payoff,total
train_month_sac_gen_I_z_346,326.24161797476677,4306.918592,423.24371445813506,3557.433259567098
