name,transf,client,payoff,total
val_month_sac_gen_I_n_21,674.7820428449255,1488.30912,159.56135988924024,653.9657172658342
