name,transf,client,payoff,total
val_month_sac_gen_I_f_275,658.6051967763675,1488.30912,158.8282254603323,670.8756977633001
