name,transf,client,payoff,total
month_sac_IX_b,1092.6368128081144,1469.5622144,140.6816517634435,236.24374982844196
