name,transf,client,payoff,total
val_month_sac_gen_I_d_317,629.6572182503719,1488.30912,159.56135988924024,699.0905418603877
