name,transf,client,payoff,total
train_month_sac_gen_I_a_169,2051.3248163534267,4306.918592,422.3108412815719,1833.2829343650014
