name,transf,client,payoff,total
val_month_sac_c_610,1824.8813204828978,2277.450960542104,145.3079860330326,307.26165402617363
