name,transf,client,payoff,total
test_month_sac_gen_I_m_214,675.115416321082,1468.334912,149.17516390639216,644.0443317725259
