name,transf,client,payoff,total
month_sac_IX_i,830.9556982940878,1469.5622144,135.5479236201832,503.05859248572887
