name,transf,client,payoff,total
val_month_sac_gen_J_n_358,587.8731765253588,1488.30912,159.56135988924024,740.8745835854008
