name,transf,client,payoff,total
train_month_sac_gen_J_t_299,2021.7394731519503,4306.918592,417.9096673275943,1867.2694515204553
