name,transf,client,payoff,total
val_month_sac_gen_J_n_197,630.8630970286978,1488.30912,159.56135988924024,697.8846630820619
