name,transf,client,payoff,total
test_month_sac_gen_I_r_229,640.4196481373555,1468.334912,149.17516390639216,678.7400999562524
