name,transf,client,payoff,total
val_month_sac_gen_I_h_87,662.7286047511712,1488.30912,159.56135988924024,666.0191553595885
