name,transf,client,payoff,total
val_month_sac_gen_I_q_364,738.5133835149156,1488.30912,159.56135988924024,590.234376595844
