name,transf,client,payoff,total,sessions
test_6month_sac_gen_e_17,3398.3258212641376,9929.387430399998,886.8210602299855,5644.240548905875,df_elaad_preproc_l6months.csv
