name,transf,client,payoff,total
test_month_sac_c_740,1030.3532152849502,1469.5622144,135.21440678133106,303.99459233371863
