name,transf,client,payoff,total
val_month_sac_gen_J_w_22,699.9618794775635,1488.30912,155.96206259448996,632.3851779279464
