name,transf,client,payoff,total,sessions
test_6month_sac_pred_noise_4a_53,3113.3988687921915,9929.387430399998,891.2211003728393,5924.767461234967,df_elaad_preproc_l6months.csv
