name,transf,client,payoff,total
val_sac_c_71,14971.182165958242,30125.305835959498,1762.9897063291792,13391.133963672077
