name,transf,client,payoff,total
test_month_sac_gen_J_t_127,670.8858913347151,1468.334912,148.50825484764397,648.940765817641
