name,transf,client,payoff,total
train_month_sac_gen_J_q_333,2013.4531162287371,4306.918592,422.3108412815719,1871.154634489691
