name,transf,client,payoff,total
val_month_sac_gen_J_c_181,687.6258888299681,1488.30912,159.56135988924024,641.1218712807915
