name,transf,client,payoff,total
test_month_sac_gen_J_f_289,663.1680719502466,1468.334912,149.17516390639216,655.9916761433612
