name,transf,client,payoff,total
val_month_sac_gen_I_c_356,641.0418544274385,1488.30912,159.56135988924024,687.7059056833211
