name,transf,client,payoff,total
val_month_sac_gen_I_r_143,613.190357835776,1488.30912,159.56135988924024,715.5574022749836
