name,transf,client,payoff,total
val_month_sac_gen_J_f_200,647.0561567949312,1488.30912,159.56135988924024,681.6916033158284
