name,transf,client,payoff,total,sessions
test_6month_sac_gen_5m_24,3431.8942621233095,9929.387430399998,886.8210602299855,5610.672108046703,df_elaad_preproc_l6months.csv
