name,transf,client,payoff,total
val_month_sac_gen_G_a_127,649.2502675593398,1488.30912,155.96206259448996,683.0967898461702
