name,transf,client,payoff,total
train_month_sac_gen_I_m_379,1982.0280592467316,4306.918592,422.3108412815719,1902.5796914716966
