name,transf,client,payoff,total
test_month_sac_gen_J_n_460,639.3844340925355,1468.334912,149.17516390639216,679.7753140010724
