name,transf,client,payoff,total
train_month_sac_gen_J_f_372,1990.5435430409625,4306.918592,422.3108412815719,1894.0642076774657
