name,transf,client,payoff,total
test_month_sac_gen_I_b_296,700.9034006566138,1468.334912,149.17516390639216,618.256347436994
