name,transf,client,payoff,total
train_month_sac_gen_J_i_47,2203.319193555205,4306.918592,422.3108412815719,1681.2885571632232
