name,transf,client,payoff,total
val_month_sac_gen_J_j_440,596.0077923219656,1488.30912,159.56135988924024,732.739967788794
