name,transf,client,payoff,total
train_month_sac_gen_I_m_425,1960.914823145802,4306.918592,422.3108412815719,1923.692927572626
