name,transf,client,payoff,total
train_month_sac_gen_I_q_8,2535.1017913105625,4306.918592,422.3108412815719,1349.5059594078657
