name,transf,client,payoff,total
val_month_sac_gen_J_i_154,651.7805454423615,1488.30912,159.56135988924024,676.9672146683981
