name,transf,client,payoff,total
test_month_sac_gen_J_c_10,802.7426689762337,1468.334912,149.17516390639216,516.4170791173741
