name,transf,client,payoff,total
val_month_sac_gen_J_k_139,589.5073609043283,1488.30912,159.56135988924024,739.2403992064314
