name,transf,client,payoff,total
val_month_sac_gen_J_h_89,688.0428944452809,1488.30912,159.56135988924024,640.7048656654788
