name,transf,client,payoff,total
val_month_sac_gen_J_j_471,595.9180091407438,1488.30912,159.56135988924024,732.8297509700158
