name,transf,client,payoff,total
val_month_sac_gen_J_i_72,676.1818357700877,1488.30912,159.56135988924024,652.5659243406719
