name,transf,client,payoff,total
val_month_sac_gen_J_d_274,652.3631511671653,1488.30912,159.56135988924024,676.3846089435945
