name,transf,client,payoff,total
train_month_sac_gen_J_b_175,2051.904313911653,4306.918592,422.3108412815719,1832.7034368067752
