name,transf,client,payoff,total
nc2_Optim,3595.171122161083,18301.238246399997,1733.1290251669222,12972.938099071993
