name,transf,client,payoff,total
test_month_sac_gen_c_28,709.684906934199,1488.30912,159.56135988924024,619.0628531765606
