name,transf,client,payoff,total,sessions
test_6month_sac_pred_noise_3b_149,3049.1235261010434,9929.387430399998,889.2877424740021,5990.976161824953,df_elaad_preproc_l6months.csv
