name,transf,client,payoff,total
test_month_sac_gen_J_j_147,654.0676088896037,1468.334912,149.17516390639216,665.0921392040042
