name,transf,client,payoff,total
test_month_sac_gen_J_e_365,680.0817824961634,1468.334912,149.17516390639216,639.0779655974444
