name,transf,client,payoff,total
test_month_sac_gen_J_g_79,690.7178225054456,1468.334912,149.17516390639216,628.4419255881622
