name,transf,client,payoff,total
test_month_sac_gen_J_a_397,681.7749695839688,1468.334912,149.17516390639216,637.3847785096391
