name,transf,client,payoff,total,sessions
test_6month_sac_gen_j_175,2856.2210819416,9929.387430399998,886.8210602299855,6186.345288228413,df_elaad_preproc_l6months.csv
