name,transf,client,payoff,total
train_month_sac_gen_J_h_35,2249.904598300597,4306.918592,422.3108412815719,1634.703152417831
