name,transf,client,payoff,total,sessions
test_6month_sac_pred_noise_4b_140,3096.1250778528756,9929.387430399998,891.2211003728393,5942.041252174284,df_elaad_preproc_l6months.csv
