name,transf,client,payoff,total,sessions
test_6month_sac_pred_noise_1d_184,4712.688869107128,9929.387430399998,893.2217503396156,4323.476810953254,df_elaad_preproc_l6months.csv
