name,transf,client,payoff,total
train_month_sac_gen_I_c_257,2072.617761592456,4306.918592,422.3108412815719,1811.989989125972
