name,transf,client,payoff,total,sessions
test_6month_sac_gen_h_191,2884.853266205301,9929.387430399998,886.8210602299855,6157.713103964712,df_elaad_preproc_l6months.csv
