name,transf,client,payoff,total
train_month_sac_gen_J_i_347,1962.1468785404181,4306.918592,422.3108412815719,1922.46087217801
