name,transf,client,payoff,total
val_month_sac_gen_J_z_222,601.5990332296167,1488.30912,155.96206259448996,730.7480241758933
