name,transf,client,payoff,total,sessions
test_6month_sac_pred_noise_4e_136,5136.716703527577,9929.387430399998,891.2211003728393,3901.449626499582,df_elaad_preproc_l6months.csv
