name,transf,client,payoff,total,sessions
test_6month_sac_gen_j_241,3053.3459648343937,9929.387430399998,886.8210602299855,5989.220405335618,df_elaad_preproc_l6months.csv
