name,transf,client,payoff,total
train_month_sac_gen_J_x_152,697.6994793044694,1488.30912,158.62811850635504,631.9815221891755
