name,transf,client,payoff,total
val_month_sac_gen_J_l_161,612.4780181924834,1488.30912,159.56135988924024,716.2697419182762
