name,transf,client,payoff,total,sessions
6month_sac_disagg_3b_HLL,3143.498595940773,9929.387430399998,889.2877424740021,5896.601091985223,df_elaad_preproc_l6months.csv
