name,transf,client,payoff,total
test_month_sac_gen_J_a_192,696.4487042366513,1468.334912,149.17516390639216,622.7110438569565
