name,transf,client,payoff,total
test_month_sac_gen_I_k_48,734.0366177303288,1468.334912,149.17516390639216,585.1231303632791
