name,transf,client,payoff,total
train_month_sac_gen_J_c_444,2026.2771771647522,4306.918592,422.3108412815719,1858.330573553676
