name,transf,client,payoff,total
val_month_sac_gen_J_p_300,639.1777783664235,1488.30912,159.56135988924024,689.5699817443362
