name,transf,client,payoff,total
test_month_sac_gen_I_r_145,645.3571540746339,1468.334912,149.17516390639216,673.802594018974
