name,transf,client,payoff,total
val_month_sac_gen_I_j_457,652.3762171098532,1488.30912,159.56135988924024,676.3715430009065
