name,transf,client,payoff,total
val_month_sac_gen_I_z_461,698.8680176821526,1488.30912,159.56135988924024,629.879742428607
