name,transf,client,payoff,total
train_month_sac_gen_G_a_299,905.0246077958734,1469.5622144,138.89480016113316,425.64280644299333
