name,transf,client,payoff,total
test_month_sac_gen_J_t_208,661.3813550632395,1468.334912,148.50825484764397,658.4453020891165
