name,transf,client,payoff,total
test_month_sac_gen_d_70,846.29410332673,1488.30912,159.56135988924024,482.45365678402965
