name,transf,client,payoff,total
test_month_sac_gen_J_m_93,691.9317895214233,1468.334912,149.17516390639216,627.2279585721845
