name,transf,client,payoff,total
train_month_sac_gen_I_s_398,1598.121110531016,4306.918592,422.3108412815719,2286.4866401874124
