name,transf,client,payoff,total
test_month_sac_gen_I_f_14,815.353318190396,1468.334912,147.8419170286109,505.13967678099317
