name,transf,client,payoff,total
train_month_sac_gen_J_r_334,1996.3725020601737,4306.918592,422.3108412815719,1888.2352486582545
