name,transf,client,payoff,total
val_month_sac_gen_J_n_335,592.377790708483,1488.30912,159.56135988924024,736.3699694022766
