name,transf,client,payoff,total
test_month_sac_gen_I_n_142,676.7920550502334,1468.334912,149.17516390639216,642.3676930433744
