name,transf,client,payoff,total
test_month_sac_c_897,1029.488195058234,1469.5622144,135.21440678133106,304.8596125604349
