name,transf,client,payoff,total,sessions
test_6month_sac_pred_noise_2e_147,5064.7353765088665,9929.387430399998,897.4875555656347,3967.1644983254973,df_elaad_preproc_l6months.csv
