name,transf,client,payoff,total
test_month_sac_gen_I_n_124,674.0200707294578,1468.334912,149.17516390639216,645.1396773641501
