name,transf,client,payoff,total,sessions
test_6month_sac_pred_noise_4e_95,5339.9769503042135,9929.387430399998,891.2211003728393,3698.1893797229454,df_elaad_preproc_l6months.csv
