name,transf,client,payoff,total
test_month_sac_gen_I_v_282,687.3352573968975,1468.334912,149.17516390639216,631.8244906967103
