name,transf,client,payoff,total,sessions
train_month_sac_pred_noise_e_270,685.5019051960776,1349.0472576000002,122.05444677471485,541.4909056292078,df_elaad_preproc_feb.csv
