name,transf,client,payoff,total
month_sac_IX_h,1171.2532408198977,1469.5622144,135.2148644323018,163.09410914780045
