name,transf,client,payoff,total
val_month_sac_gen_J_m_464,595.6381528440955,1488.30912,159.56135988924024,733.1096072666642
