name,transf,client,payoff,total
train_month_sac_gen_J_f_3,2396.654425604504,4306.918592,422.3108412815719,1487.9533251139242
