name,transf,client,payoff,total,sessions
test_6month_sac_gen_b_211,2939.6852165320565,9929.387430399998,886.8210602299855,6102.881153637956,df_elaad_preproc_l6months.csv
