name,transf,client,payoff,total
test_month_sac_gen_I_o_61,745.9011134975634,1468.334912,149.17516390639216,573.2586345960444
