name,transf,client,payoff,total
train_month_sac_gen_J_i_237,1976.3125533438645,4306.918592,422.3108412815719,1908.295197374564
