name,transf,client,payoff,total
val_month_sac_gen_J_l_254,598.8594387235586,1488.30912,159.56135988924024,729.8883213872011
