name,transf,client,payoff,total
val_month_sac_gen_J_o_378,645.8220714180438,1488.30912,159.56135988924024,682.9256886927158
