name,transf,client,payoff,total,sessions
test_6month_sac_pred_noise_5b_253,3148.170716140535,9929.387430399998,881.6875054342313,5899.529208825232,df_elaad_preproc_l6months.csv
