name,transf,client,payoff,total
test_month_sac_gen_I_n_427,649.9731860111605,1468.334912,149.17516390639216,669.1865620824474
