name,transf,client,payoff,total
val_month_sac_gen_J_e_144,656.7213333009714,1488.30912,159.56135988924024,672.0264268097883
