name,transf,client,payoff,total
val_month_sac_gen_J_b_274,642.6167935458247,1488.30912,159.56135988924024,686.1309665649349
