name,transf,client,payoff,total
test_month_sac_gen_I_j_402,709.7077825623376,1468.334912,149.17516390639216,609.4519655312703
