name,transf,client,payoff,total
train_month_sac_gen_I_o_441,2116.0434498020463,4306.918592,422.3108412815719,1768.5643009163819
