name,transf,client,payoff,total
month_sac_IX_h,1239.689417804178,1469.5622144,138.2813406348783,91.59145596094362
