name,transf,client,payoff,total
month_sac_IX_h,1268.3607219429502,1469.5622144,139.21432641272722,61.987166044322436
