name,transf,client,payoff,total
test_month_sac_gen_I_l_279,696.6793477558504,1468.334912,149.17516390639216,622.4804003377575
