name,transf,client,payoff,total
train_month_sac_gen_G_b_106,552.5202780501556,1349.0472576000002,119.18766717587772,677.3393123739668
