name,transf,client,payoff,total
val_month_sac_gen_I_z_355,707.3820433793542,1488.30912,159.56135988924024,621.3657167314054
