name,transf,client,payoff,total,sessions
test_6month_sac_pred_noise_5a_17,3470.5801973801263,9929.387430399998,881.6875054342313,5577.119727585641,df_elaad_preproc_l6months.csv
