name,transf,client,payoff,total
val_month_sac_gen_I_k_369,649.6777267834752,1488.30912,159.56135988924024,679.0700333272844
