name,transf,client,payoff,total,sessions
test_6month_sac_gen_j_22,3497.067487176907,9929.387430399998,886.8210602299855,5545.498882993106,df_elaad_preproc_l6months.csv
