name,transf,client,payoff,total
train_month_sac_gen_I_g_473,2574.2985637538104,4306.918592,422.3108412815719,1310.3091869646178
