name,transf,client,payoff,total,sessions
test_6month_sac_pred_noise_4b_276,3097.0262598945387,9929.387430399998,891.2211003728393,5941.14007013262,df_elaad_preproc_l6months.csv
