name,transf,client,payoff,total
val_month_sac_gen_I_t_255,680.1464041250299,1488.30912,159.56135988924024,648.6013559857297
