name,transf,client,payoff,total
test_month_sac_gen_G_a_104,654.4381013115317,1468.334912,148.50825484764397,665.3885558408244
