name,transf,client,payoff,total
val_month_sac_gen_J_b_245,646.8505662720576,1488.30912,159.56135988924024,681.8971938387022
