name,transf,client,payoff,total,sessions
test_6month_sac_gen_5l_150,2879.582537768114,9929.387430399998,886.8210602299855,6162.983832401898,df_elaad_preproc_l6months.csv
