name,transf,client,payoff,total
val_month_sac_gen_J_l_291,592.101142894664,1488.30912,159.56135988924024,736.6466172160956
