name,transf,client,payoff,total,sessions
test_6month_sac_pred_noise_2b_118,3057.258724302321,9929.387430399998,897.4875555656347,5974.641150532043,df_elaad_preproc_l6months.csv
