name,transf,client,payoff,total,sessions
test_6month_sac_gen_2o_0,6361.949607322276,9929.387430399998,886.8210602299855,2680.6167628477365,df_elaad_preproc_l6months.csv
