name,transf,client,payoff,total
val_month_sac_gen_I_r_211,603.4596294673046,1488.30912,159.56135988924024,725.2881306434551
