name,transf,client,payoff,total
test_month_sac_gen_J_u_85,608.0183461131031,1468.334912,148.50825484764397,711.8083110392529
