name,transf,client,payoff,total
test_month_sac_gen_G_a_169,654.6383083905436,1468.334912,148.50825484764397,665.1883487618124
