name,transf,client,payoff,total,sessions
test_6month_sac_gen_2n_17,3413.0794852921317,9929.387430399998,886.8210602299855,5629.486884877881,df_elaad_preproc_l6months.csv
