name,transf,client,payoff,total,sessions
test_6month_sac_pred_noise_2a_53,3125.8647695879567,9929.387430399998,897.4875555656347,5906.035105246407,df_elaad_preproc_l6months.csv
