name,transf,client,payoff,total,sessions
test_6month_sac_pred_noise_4c_179,3458.6131479664755,9929.387430399998,891.2211003728393,5579.553182060684,df_elaad_preproc_l6months.csv
