name,transf,client,payoff,total
test_month_sac_gen_I_p_370,755.6773110991194,1468.334912,149.17516390639216,563.4824369944885
