name,transf,client,payoff,total
test_month_sac_c_505,1019.4800434971801,1469.5622144,135.21440678133106,314.8677641214888
