name,transf,client,payoff,total
test_month_sac_gen_I_j_180,731.0368787791857,1468.334912,149.17516390639216,588.1228693144221
