name,transf,client,payoff,total
test_month_sac_gen_J_c_477,682.0255443103821,1468.334912,149.17516390639216,637.1342037832258
