name,transf,client,payoff,total
train_month_sac_gen_I_e_35,2212.7034172708554,4306.918592,417.9096673275943,1676.3055074015501
