name,transf,client,payoff,total
test_month_sac_gen_J_q_74,710.0557890820811,1468.334912,149.17516390639216,609.1039590115267
