name,transf,client,payoff,total,sessions
test_6month_sac_gen_3m_8,4677.940413479866,9929.387430399998,886.8210602299855,4364.625956690146,df_elaad_preproc_l6months.csv
