name,transf,client,payoff,total
train_month_sac_gen_J_n_449,1793.4580448777306,4306.918592,422.3108412815719,2091.1497058406976
