name,transf,client,payoff,total
test_month_sac_gen_J_h_285,735.9303761018626,1468.334912,149.17516390639216,583.2293719917452
