name,transf,client,payoff,total
test_month_sac_gen_I_u_336,674.089384616932,1468.334912,149.17516390639216,645.0703634766759
