name,transf,client,payoff,total
test_month_sac_gen_J_j_69,691.9279501436415,1468.334912,149.17516390639216,627.2317979499663
