name,transf,client,payoff,total
val_month_sac_gen_I_d_266,632.9767287199708,1488.30912,159.56135988924024,695.771031390789
