name,transf,client,payoff,total
test_month_sac_gen_J_d_232,705.6946748832768,1468.334912,149.17516390639216,613.4650732103311
