name,transf,client,payoff,total
train_month_sac_gen_J_r_431,1994.9817012686128,4306.918592,422.3108412815719,1889.6260494498156
