name,transf,client,payoff,total
test_month_sac_gen_I_t_300,704.1527275601532,1468.334912,149.17516390639216,615.0070205334547
