name,transf,client,payoff,total
val_sac_c_58,14886.842937234089,30125.305835959498,1762.9897063291792,13475.47319239623
