name,transf,client,payoff,total,sessions
test_6month_sac_pred_noise_1d_174,4372.0928517432985,9929.387430399998,893.2217503396156,4664.072828317084,df_elaad_preproc_l6months.csv
