name,transf,client,payoff,total
test_month_sac_gen_J_d_323,705.9410620814331,1468.334912,149.17516390639216,613.2186860121748
