name,transf,client,payoff,total
val_month_sac_gen_I_d_269,634.9602343358094,1488.30912,159.56135988924024,693.7875257749502
