name,transf,client,payoff,total
test_month_sac_gen_J_g_259,679.8564834002357,1468.334912,149.17516390639216,639.3032646933722
