name,transf,client,payoff,total,sessions
test_6month_sac_pred_noise_2a_16,3820.448572527245,9929.387430399998,897.4875555656347,5211.4513023071195,df_elaad_preproc_l6months.csv
