name,transf,client,payoff,total
train_month_sac_gen_J_w_60,2073.501295007498,4306.918592,416.0432497536218,1817.3740472388804
