name,transf,client,payoff,total,sessions
test_6month_sac_pred_noise_2c_43,3666.6716426905778,9929.387430399998,897.4875555656347,5365.228232143786,df_elaad_preproc_l6months.csv
