name,transf,client,payoff,total
test_month_sac_gen_I_d_418,668.1296960134376,1468.334912,149.17516390639216,651.0300520801702
