name,transf,client,payoff,total
val_month_sac_gen_I_m_100,648.1703351944593,1488.30912,159.56135988924024,680.5774249163003
