name,transf,client,payoff,total
train_month_sac_gen_I_m_322,1986.7220951663073,4306.918592,422.3108412815719,1897.8856555521206
