name,transf,client,payoff,total,sessions
test_6month_sac_gen_i_162,2766.394645061373,9929.387430399998,886.8210602299855,6276.171725108639,df_elaad_preproc_l6months.csv
