name,transf,client,payoff,total
test_month_sac_c_330,1056.5230454292623,1469.5622144,135.21440678133106,277.82476218940656
