name,transf,client,payoff,total
train_month_sac_gen_J_h_281,2059.2579622990907,4306.918592,422.3108412815719,1825.3497884193375
