name,transf,client,payoff,total
test_month_sac_gen_I_n_185,660.4338964878947,1468.334912,149.17516390639216,658.7258516057132
