name,transf,client,payoff,total
test_month_sac_gen_J_f_497,675.3431166709747,1468.334912,149.17516390639216,643.8166314226331
