name,transf,client,payoff,total
test_month_sac_gen_I_k_306,684.8097317547847,1468.334912,149.17516390639216,634.3500163388231
