name,transf,client,payoff,total
test_month_sac_c_500,1020.6264941218768,1469.5622144,135.21440678133106,313.72131349679205
