name,transf,client,payoff,total
train_month_sac_gen_I_s_334,1604.45975388141,4306.918592,422.3108412815719,2280.147996837018
