name,transf,client,payoff,total
test_month_sac_gen_I_z_137,743.4407554208306,1468.334912,149.17516390639216,575.7189926727773
