name,transf,client,payoff,total,sessions
train_month_sac_gen_G_c_48,625.8639500510768,1349.0472576000002,122.52078376517724,600.6625237837461,df_elaad_preproc_feb.csv
