name,transf,client,payoff,total
val_month_sac_gen_J_b_119,667.9183118556815,1488.30912,159.56135988924024,660.8294482550782
