name,transf,client,payoff,total
val_month_sac_gen_J_r_35,681.75040899208,1488.30912,159.56135988924024,646.9973511186797
