name,transf,client,payoff,total
test_month_sac_gen_I_g_372,865.0594315078399,1468.334912,149.17516390639216,454.1003165857679
