name,transf,client,payoff,total
val_month_sac_gen_I_i_469,655.7418271709807,1488.30912,159.56135988924024,673.0059329397789
