name,transf,client,payoff,total
test_month_sac_gen_J_r_255,696.2774364706181,1468.334912,149.17516390639216,622.8823116229897
