name,transf,client,payoff,total
val_month_sac_gen_I_s_482,646.653078832249,1488.30912,159.56135988924024,682.0946812785107
