name,transf,client,payoff,total,sessions
test_6month_sac_gen_5m_155,2887.6609694891777,9929.387430399998,886.8210602299855,6154.905400680835,df_elaad_preproc_l6months.csv
