name,transf,client,payoff,total
train_month_sac_gen_J_d_290,2029.4408562286867,4306.918592,422.3108412815719,1855.1668944897415
