name,transf,client,payoff,total
train_month_sac_gen_I_u_487,-101.97742276553168,4306.918592,422.3108412815719,3986.58517348396
