name,transf,client,payoff,total
test_month_sac_gen_J_u_102,597.7353471335372,1468.334912,148.50825484764397,722.0913100188188
