name,transf,client,payoff,total
test_month_sac_gen_I_t_64,724.7865066870794,1468.334912,149.17516390639216,594.3732414065285
