name,transf,client,payoff,total,sessions
test_6month_sac_pred_noise_5a_164,2896.6720827095846,9929.387430399998,881.6875054342313,6151.027842256182,df_elaad_preproc_l6months.csv
