name,transf,client,payoff,total
val_month_sac_gen_I_m_120,657.433560349669,1488.30912,159.56135988924024,671.3141997610905
