name,transf,client,payoff,total
train_month_sac_gen_J_r_292,2004.3330665756064,4306.918592,422.3108412815719,1880.2746841428216
