name,transf,client,payoff,total,sessions
test_6month_sac_pred_noise_2c_101,3621.9745616842492,9929.387430399998,897.4875555656347,5409.925313150115,df_elaad_preproc_l6months.csv
