name,transf,client,payoff,total
train_month_sac_gen_I_k_88,2104.536524038501,4306.918592,422.3108412815719,1780.0712266799273
