name,transf,client,payoff,total
test_month_sac_gen_a_82,775.170213252513,1488.30912,159.56135988924024,553.5775468582467
