name,transf,client,payoff,total
train_month_sac_gen_J_f_378,1988.6898394878287,4306.918592,422.3108412815719,1895.9179112305992
