name,transf,client,payoff,total
train_month_sac_gen_I_a_405,2005.8852877293864,4306.918592,422.3108412815719,1878.7224629890416
