name,transf,client,payoff,total
val_month_sac_gen_J_y_135,675.2450467019493,1488.30912,155.96206259448996,657.1020107035606
