name,transf,client,payoff,total
test_month_sac_gen_G_a_77,666.882988060745,1468.334912,148.50825484764397,652.9436690916111
