name,transf,client,payoff,total
val_month_sac_gen_J_h_88,687.1338565811984,1488.30912,159.56135988924024,641.6139035295612
