name,transf,client,payoff,total
test_month_sac_gen_I_s_399,666.62847905961,1468.334912,149.17516390639216,652.5312690339979
