name,transf,client,payoff,total
test_month_sac_gen_J_t_129,673.5898475443444,1468.334912,148.50825484764397,646.2368096080118
