name,transf,client,payoff,total
train_month_sac_gen_I_n_258,1907.373349624443,4306.918592,422.3108412815719,1977.234401093985
