name,transf,client,payoff,total
test_month_sac_gen_J_s_242,580.1123418320384,1468.334912,148.50825484764397,739.7143153203176
