name,transf,client,payoff,total
val_month_sac_gen_J_z_63,674.7424414879193,1488.30912,155.96206259448996,657.6046159175905
