name,transf,client,payoff,total
train_month_sac_gen_I_r_28,2196.2559848625447,4306.918592,422.3108412815719,1688.3517658558835
