name,transf,client,payoff,total
val_month_sac_gen_I_d_329,627.9954042668307,1488.30912,159.56135988924024,700.7523558439289
