name,transf,client,payoff,total
train_month_sac_gen_J_v_136,2125.8750526615113,4306.918592,417.9096673275943,1763.1338720108943
