name,transf,client,payoff,total
val_month_sac_c_605,1824.3896930222593,2277.450960542104,145.3079860330326,307.7532814868121
