name,transf,client,payoff,total
test_month_sac_gen_J_k_53,672.0417147078974,1468.334912,149.17516390639216,647.1180333857104
