name,transf,client,payoff,total
test_month_sac_gen_J_z_70,702.5676642587634,1468.334912,148.50825484764397,617.2589928935927
