name,transf,client,payoff,total
train_month_sac_gen_I_g_280,2511.0861302034655,4306.918592,422.3108412815719,1373.5216205149627
