name,transf,client,payoff,total
train_month_sac_gen_I_f_484,2089.463869629011,4306.918592,421.11038371791597,1796.3443386530732
