name,transf,client,payoff,total
val_month_sac_gen_J_p_285,641.3568909574303,1488.30912,159.56135988924024,687.3908691533293
