name,transf,client,payoff,total
train_month_sac_gen_J_g_0,3337.465163489834,4306.918592,422.3108412815719,547.1425872285939
