name,transf,client,payoff,total
train_month_sac_gen_I_r_468,1909.5992158458293,4306.918592,422.5773063992423,1974.7420697549283
