name,transf,client,payoff,total
val_sac_c_91,15024.758470812076,30125.305835959498,1762.9897063291792,13337.557658818243
