name,transf,client,payoff,total
val_month_sac_gen_I_y_312,662.1007439655845,1488.30912,159.56135988924024,666.6470161451753
