name,transf,client,payoff,total,sessions
test_6month_sac_gen_1m_124,2914.141370302725,9929.387430399998,893.2217503396156,6122.024309757658,df_elaad_preproc_l6months.csv
