name,transf,client,payoff,total
val_month_sac_c_156,1902.6434536828003,2277.450960542104,145.3079860330326,229.49952082627107
