name,transf,client,payoff,total
test_month_sac_gen_J_g_226,682.5857889806512,1468.334912,149.17516390639216,636.5739591129567
