name,transf,client,payoff,total,sessions
test_6month_sac_pred_noise_5a_103,2952.007274440499,9929.387430399998,881.6875054342313,6095.692650525269,df_elaad_preproc_l6months.csv
