name,transf,client,payoff,total
test_month_sac_gen_J_s_124,600.7231230523935,1468.334912,148.50825484764397,719.1035340999626
