name,transf,client,payoff,total
test_month_sac_gen_I_l_392,685.9624115766458,1468.334912,149.17516390639216,633.1973365169621
