name,transf,client,payoff,total
train_month_sac_gen_J_s_66,2029.8920512242598,4306.918592,420.1102652804173,1856.916275495323
