name,transf,client,payoff,total
test_month_sac_gen_G_b_263,631.8725575309718,1468.334912,148.64140204911905,687.8209524199092
