name,transf,client,payoff,total
val_month_sac_gen_J_i_452,637.5649156996726,1488.30912,159.56135988924024,691.182844411087
