name,transf,client,payoff,total
train_month_sac_gen_J_s_205,1918.9895116705738,4306.918592,417.9096673275943,1970.0194130018317
