name,transf,client,payoff,total
train_month_sac_gen_I_y_68,-3.1604180734193505,4306.918592,425.31041030328936,3884.76859977013
