name,transf,client,payoff,total
test_month_sac_gen_J_z_279,584.6103429339839,1468.334912,148.50825484764397,735.2163142183722
