name,transf,client,payoff,total,sessions
test_6month_sac_pred_noise_5e_195,5178.989711142853,9929.387430399998,881.6875054342313,3868.7102138229143,df_elaad_preproc_l6months.csv
