name,transf,client,payoff,total,sessions
test_6month_sac_gen_g_170,2973.4701328770066,9929.387430399998,886.8210602299855,6069.096237293006,df_elaad_preproc_l6months.csv
