name,transf,client,payoff,total
val_month_sac_gen_I_q_141,748.8270929266296,1488.30912,159.56135988924024,579.92066718413
