name,transf,client,payoff,total
train_month_sac_gen_I_l_462,2010.3955991533767,4306.918592,422.3108412815719,1874.2121515650515
