name,transf,client,payoff,total,sessions
test_6month_sac_pred_noise_5b_159,3204.703844882669,9929.387430399998,881.6875054342313,5842.996080083098,df_elaad_preproc_l6months.csv
