name,transf,client,payoff,total
train_month_sac_gen_J_p_498,2026.6805751718184,4306.918592,422.3108412815719,1857.9271755466098
