name,transf,client,payoff,total
val_month_sac_gen_J_e_345,653.4043694394517,1488.30912,159.56135988924024,675.343390671308
