name,transf,client,payoff,total
test_month_sac_gen_I_k_427,683.1778391054736,1468.334912,149.17516390639216,635.9819089881343
