name,transf,client,payoff,total
val_month_sac_gen_I_h_221,646.3625360821445,1488.30912,159.56135988924024,682.3852240286151
