name,transf,client,payoff,total
train_month_sac_gen_J_v_184,2093.6659558910533,4306.918592,417.9096673275943,1795.3429687813523
