name,transf,client,payoff,total
train_month_sac_gen_I_t_200,1932.6369234159063,4306.918592,421.9105238809967,1952.371144703097
