name,transf,client,payoff,total
val_month_sac_gen_I_o_199,695.4045881780429,1488.30912,159.56135988924024,633.3431719327168
