name,transf,client,payoff,total
test_month_sac_gen_I_s_102,690.8838482089784,1468.334912,149.17516390639216,628.2758998846294
