name,transf,client,payoff,total
test_month_sac_gen_J_j_227,648.1119723628747,1468.334912,149.17516390639216,671.0477757307332
