name,transf,client,payoff,total
test_month_sac_gen_I_l_269,704.6796250560866,1468.334912,149.17516390639216,614.4801230375213
