name,transf,client,payoff,total
test_month_sac_gen_J_m_151,675.7371880310386,1468.334912,149.17516390639216,643.4225600625692
