name,transf,client,payoff,total
train_month_sac_gen_J_j_463,1829.3449425102833,4306.918592,422.3108412815719,2055.2628082081446
