name,transf,client,payoff,total
val_month_sac_gen_a_93,851.1188504331577,1349.0472576000002,118.32161810264896,379.60678906419355
