name,transf,client,payoff,total
train_month_sac_gen_J_i_15,2353.3238099056443,4306.918592,422.3108412815719,1531.2839408127838
