name,transf,client,payoff,total,sessions
test_6month_sac_gen_h_12,3479.150426852041,9929.387430399998,886.8210602299855,5563.415943317972,df_elaad_preproc_l6months.csv
