name,transf,client,payoff,total
val_month_sac_gen_I_p_56,742.0656054434961,1488.30912,159.56135988924024,586.6821546672636
