name,transf,client,payoff,total
val_month_sac_gen_I_d_495,635.7304490608843,1488.30912,159.56135988924024,693.0173110498754
