name,transf,client,payoff,total,sessions
test_6month_sac_gen_2n_97,2935.958760537721,9929.387430399998,886.8210602299855,6106.607609632292,df_elaad_preproc_l6months.csv
