name,transf,client,payoff,total
test_month_sac_gen_J_f_189,672.1367801315571,1468.334912,149.17516390639216,647.0229679620508
