name,transf,client,payoff,total
test_month_sac_gen_J_w_478,583.5909783338682,1468.334912,148.50825484764397,736.2356788184879
