name,transf,client,payoff,total
val_month_sac_gen_J_a_46,720.3755876596375,1488.30912,159.56135988924024,608.3721724511222
