name,transf,client,payoff,total
val_month_sac_gen_I_z_141,706.7191223079722,1488.30912,159.56135988924024,622.0286378027874
