name,transf,client,payoff,total
train_month_sac_gen_I_g_6,2397.7977868218895,4306.918592,422.3108412815719,1486.8099638965386
