name,transf,client,payoff,total
train_month_sac_gen_I_m_457,1964.7153405127342,4306.918592,422.3108412815719,1919.892410205694
