name,transf,client,payoff,total
val_month_sac_gen_I_v_184,647.8368743369549,1488.30912,159.56135988924024,680.9108857738047
