name,transf,client,payoff,total
test_month_sac_gen_J_j_232,652.9721030925596,1468.334912,149.17516390639216,666.1876450010483
