name,transf,client,payoff,total
train_month_sac_c_425,1048.440181497226,2289.492687923877,157.2012507240518,1083.8512557025992
