name,transf,client,payoff,total
train_month_sac_gen_J_s_188,1917.6183282487311,4306.918592,421.1110081317587,1968.1892556195103
