name,transf,client,payoff,total
val_month_sac_c_384,1831.516836148401,2277.450960542104,145.3079860330326,300.6261383606705
