name,transf,client,payoff,total
test_month_sac_gen_J_g_242,681.0206618457004,1468.334912,149.17516390639216,638.1390862479075
