name,transf,client,payoff,total
train_month_sac_gen_I_r_323,1923.0995663381914,4306.918592,419.3769601367892,1964.4420655250194
