name,transf,client,payoff,total
train_month_sac_gen_J_p_449,1987.9630687132083,4306.918592,422.3108412815719,1896.6446820052197
