name,transf,client,payoff,total
val_month_sac_gen_G_a_259,606.6763666803586,1488.30912,155.96206259448996,725.6706907251514
