name,transf,client,payoff,total,sessions
test_6month_sac_pred_noise_1d_182,4620.305949796267,9929.387430399998,893.2217503396156,4415.859730264116,df_elaad_preproc_l6months.csv
