name,transf,client,payoff,total
test_month_sac_gen_J_w_50,673.7585644615122,1468.334912,148.50825484764397,646.068092690844
