name,transf,client,payoff,total
train_month_sac_gen_I_x_36,-6514.649624345873,4306.918592,419.51059692827204,10402.057619417601
