name,transf,client,payoff,total
train_month_sac_c_592,1032.446824383631,2289.492687923877,157.2012507240518,1099.844612816194
