name,transf,client,payoff,total
val_month_sac_gen_I_n_183,611.97887817362,1488.30912,159.56135988924024,716.7688819371397
