name,transf,client,payoff,total
train_month_sac_gen_J_x_82,661.4993656845438,1349.0472576000002,120.52077346518433,567.027118450272
