name,transf,client,payoff,total
train_month_sac_gen_J_c_322,2053.906791313366,4306.918592,422.3108412815719,1830.7009594050623
