name,transf,client,payoff,total
val_month_sac_gen_J_o_477,649.3688086569687,1488.30912,159.56135988924024,679.3789514537909
