name,transf,client,payoff,total
test_month_sac_gen_a_39,896.2591853502599,1488.30912,159.56135988924024,432.4885747604997
