name,transf,client,payoff,total
val_month_sac_gen_I_z_122,701.641591471026,1488.30912,159.56135988924024,627.1061686397336
