name,transf,client,payoff,total
train_month_sac_gen_I_f_176,2106.9643905311077,4306.918592,421.11038371791597,1778.8438177509763
