name,transf,client,payoff,total
test_month_sac_gen_J_q_218,685.0103468430589,1468.334912,149.17516390639216,634.149401250549
