name,transf,client,payoff,total
train_month_sac_gen_J_h_12,2328.4869470628764,4306.918592,422.3108412815719,1556.1208036555518
