name,transf,client,payoff,total
train_month_sac_gen_J_v_319,2046.1300265309087,4306.918592,417.9096673275943,1842.8788981414968
