name,transf,client,payoff,total
train_month_sac_gen_I_j_226,2037.5473731798256,4306.918592,422.3108412815719,1847.0603775386026
