name,transf,client,payoff,total,sessions
test_6month_sac_gen_c_42,3242.0597949887965,9929.387430399998,886.8210602299855,5800.506575181216,df_elaad_preproc_l6months.csv
