name,transf,client,payoff,total
train_month_sac_gen_G_a_251,884.8747626830673,1469.5622144,142.09526347044945,442.59218824648315
