name,transf,client,payoff,total
val_month_sac_gen_J_k_201,581.4196023262705,1488.30912,159.56135988924024,747.3281577844891
