name,transf,client,payoff,total,sessions
test_6month_sac_pred_noise_1c_38,3700.5614589441075,9929.387430399998,893.2217503396156,5335.604221116275,df_elaad_preproc_l6months.csv
