name,transf,client,payoff,total
train_month_sac_gen_J_s_27,2168.2133663045543,4306.918592,416.3113037006006,1722.3939219948452
