name,transf,client,payoff,total,sessions
test_6month_sac_pred_noise_1c_158,3456.8182376544273,9929.387430399998,893.2217503396156,5579.347442405955,df_elaad_preproc_l6months.csv
