name,transf,client,payoff,total
test_month_sac_gen_J_x_52,820.6720533803789,1468.334912,149.17516390639216,498.48769471322896
