name,transf,client,payoff,total,sessions
test_6month_sac_pred_noise_1c_119,3536.9486583953753,9929.387430399998,893.2217503396156,5499.217021665007,df_elaad_preproc_l6months.csv
