name,transf,client,payoff,total,sessions
test_6month_sac_gen_i_147,2747.7508060591217,9929.387430399998,886.8210602299855,6294.8155641108915,df_elaad_preproc_l6months.csv
