name,transf,client,payoff,total
val_month_sac_gen_J_m_68,651.5949155736687,1488.30912,159.56135988924024,677.1528445370909
