name,transf,client,payoff,total
test_month_sac_gen_I_g_299,841.4078172641604,1468.334912,149.17516390639216,477.7519308294475
