name,transf,client,payoff,total
val_month_sac_gen_I_y_476,663.8444478988905,1488.30912,159.56135988924024,664.9033122118692
