name,transf,client,payoff,total
val_month_sac_gen_I_t_131,708.973979788778,1488.30912,159.56135988924024,619.7737803219816
