name,transf,client,payoff,total
val_month_sac_gen_J_t_397,589.273610466124,1488.30912,155.96206259448996,743.073446939386
