name,transf,client,payoff,total
val_month_sac_gen_I_c_338,638.5612733045025,1488.30912,159.56135988924024,690.1864868062571
