name,transf,client,payoff,total
test_month_sac_c_177,1083.625734727941,1469.5622144,135.21440678133106,250.72207289072773
