name,transf,client,payoff,total
test_month_sac_gen_J_r_166,690.4015500008313,1468.334912,149.17516390639216,628.7581980927765
