name,transf,client,payoff,total
val_month_sac_gen_I_y_474,658.326685183096,1488.30912,159.56135988924024,670.4210749276638
