name,transf,client,payoff,total,sessions
test_6month_sac_gen_2l_176,2898.115559350716,9929.387430399998,886.8210602299855,6144.450810819297,df_elaad_preproc_l6months.csv
