name,transf,client,payoff,total,sessions
test_6month_sac_gen_4m_159,2983.069210131556,9929.387430399998,886.8210602299855,6059.497160038456,df_elaad_preproc_l6months.csv
