name,transf,client,payoff,total
test_month_sac_gen_J_i_6,853.6694995646951,1468.334912,149.17516390639216,465.49024852891273
