name,transf,client,payoff,total
val_month_sac_gen_I_g_300,790.627168993368,1488.30912,159.56135988924024,538.1205911173918
