name,transf,client,payoff,total
val_month_sac_gen_J_p_304,640.65619794222,1488.30912,159.56135988924024,688.0915621685397
