name,transf,client,payoff,total,sessions
test_6month_sac_gen_3l_59,3098.210804176545,9929.387430399998,886.8210602299855,5944.355565993468,df_elaad_preproc_l6months.csv
