name,transf,client,payoff,total,sessions
test_6month_sac_pred_noise_5e_259,5216.142819657001,9929.387430399998,881.6875054342313,3831.5571053087656,df_elaad_preproc_l6months.csv
