name,transf,client,payoff,total
val_month_sac_gen_J_i_15,739.7832095229612,1488.30912,159.56135988924024,588.9645505877984
