name,transf,client,payoff,total
test_month_sac_gen_J_y_41,730.7927949453435,1468.334912,148.50825484764397,589.0338622070126
