name,transf,client,payoff,total
train_month_sac_gen_J_d_47,2151.5873759136216,4306.918592,422.3108412815719,1733.0203748048066
