name,transf,client,payoff,total
val_month_sac_gen_c_23,700.0783966192469,1349.0472576000002,118.32161810264896,530.6472428781044
