name,transf,client,payoff,total
test_month_sac_gen_I_g_159,843.2170881584972,1468.334912,149.17516390639216,475.94265993511067
