name,transf,client,payoff,total
month_sac_IX_c,959.9641943456475,1469.5622144,137.4808554221126,372.11716463223985
