name,transf,client,payoff,total,sessions
test_6month_sac_pred_noise_2c_68,3664.3185642279905,9929.387430399998,897.4875555656347,5367.581310606373,df_elaad_preproc_l6months.csv
