name,transf,client,payoff,total
test_month_sac_gen_I_z_411,726.9432701993916,1468.334912,149.17516390639216,592.2164778942163
