name,transf,client,payoff,total,sessions
test_6month_sac_pred_noise_4d_142,4642.845977074278,9929.387430399998,891.2211003728393,4395.320352952881,df_elaad_preproc_l6months.csv
