name,transf,client,payoff,total
val_month_sac_gen_I_r_132,614.5490428953943,1488.30912,159.56135988924024,714.1987172153654
