name,transf,client,payoff,total,sessions
test_6month_sac_pred_noise_2d_120,4443.2385191212925,9929.387430399998,897.4875555656347,4588.661355713071,df_elaad_preproc_l6months.csv
