name,transf,client,payoff,total
train_month_sac_gen_J_a_353,1991.5692014447254,4306.918592,422.3108412815719,1893.0385492737028
