name,transf,client,payoff,total,sessions
test_6month_sac_pred_noise_4a_189,2832.5467014965293,9929.387430399998,891.2211003728393,6205.6196285306305,df_elaad_preproc_l6months.csv
