name,transf,client,payoff,total,sessions
test_6month_sac_pred_noise_2c_194,3491.2800869173125,9929.387430399998,897.4875555656347,5540.619787917051,df_elaad_preproc_l6months.csv
