name,transf,client,payoff,total
train_month_sac_gen_I_d_369,1974.3634067927057,4306.918592,422.3108412815719,1910.2443439257222
