name,transf,client,payoff,total
train_month_sac_gen_I_d_236,1986.8321369854993,4306.918592,422.3108412815719,1897.7756137329288
