name,transf,client,payoff,total,sessions
test_6month_sac_gen_b_99,2949.1936771591736,9929.387430399998,886.8210602299855,6093.372693010839,df_elaad_preproc_l6months.csv
