name,transf,client,payoff,total
train_month_sac_gen_b_15,939.1078878507408,1469.5622144,142.094741946743,388.3595846025161
