name,transf,client,payoff,total
test_month_sac_gen_J_n_103,699.1982558014263,1468.334912,149.17516390639216,619.9614922921816
