name,transf,client,payoff,total
test_month_sac_gen_G_b_273,630.8447780120473,1468.334912,148.64140204911905,688.8487319388337
