name,transf,client,payoff,total
val_month_sac_gen_J_u_9,696.0453060810911,1488.30912,155.96206259448996,636.3017513244188
