name,transf,client,payoff,total
train_month_sac_gen_I_f_11,2447.4765791429363,4306.918592,421.11038371791597,1438.3316291391477
