name,transf,client,payoff,total
train_month_sac_gen_I_q_51,2397.777525942889,4306.918592,422.3108412815719,1486.8302247755391
