name,transf,client,payoff,total
train_month_sac_gen_J_y_15,668.7523282847264,1349.0472576000002,119.85488561627412,560.4400436989996
