name,transf,client,payoff,total
train_month_sac_gen_J_r_369,1991.6341888477175,4306.918592,422.3108412815719,1892.973561870711
