name,transf,client,payoff,total,sessions
test_6month_sac_pred_noise_4a_274,3009.6867650311933,9929.387430399998,891.2211003728393,6028.479564995966,df_elaad_preproc_l6months.csv
