name,transf,client,payoff,total
train_month_sac_gen_I_h_86,2075.5117615804475,4306.918592,422.3108412815719,1809.0959891379807
