name,transf,client,payoff,total,sessions
test_6month_sac_gen_5l_279,2828.8436180784433,9929.387430399998,886.8210602299855,6213.722752091569,df_elaad_preproc_l6months.csv
