name,transf,client,payoff,total
val_month_sac_gen_I_l_103,674.8705536922937,1488.30912,159.56135988924024,653.8772064184659
