name,transf,client,payoff,total
val_month_sac_gen_J_t_287,597.9913963019048,1488.30912,155.96206259448996,734.3556611036051
