name,transf,client,payoff,total
val_month_sac_gen_I_o_71,721.6567171320775,1488.30912,159.56135988924024,607.0910429786823
