name,transf,client,payoff,total
train_month_sac_gen_J_z_162,943.1595325075164,1469.5622144,138.02805187986934,388.3746300126142
