name,transf,client,payoff,total
val_month_sac_gen_I_z_203,705.9315064282241,1488.30912,159.56135988924024,622.8162536825355
