name,transf,client,payoff,total
train_month_sac_gen_J_f_380,1993.307597499665,4306.918592,422.3108412815719,1891.3001532187632
