name,transf,client,payoff,total
val_month_sac_gen_J_o_140,659.4686742278626,1488.30912,159.56135988924024,669.2790858828971
