name,transf,client,payoff,total,sessions
test_6month_sac_pred_noise_2b_177,3093.3371183573277,9929.387430399998,897.4875555656347,5938.562756477037,df_elaad_preproc_l6months.csv
