name,transf,client,payoff,total
month_sac_IX_e,891.9432170874136,1469.5622144,139.14787545502168,438.47112185756464
