name,transf,client,payoff,total
test_month_sac_gen_J_a_79,701.1729151449961,1468.334912,149.17516390639216,617.9868329486118
