name,transf,client,payoff,total
test_month_sac_gen_J_b_171,703.2192787683141,1468.334912,149.17516390639216,615.9404693252937
