name,transf,client,payoff,total
train_month_sac_gen_I_d_21,2229.1405276719333,4306.918592,422.3108412815719,1655.4672230464948
