name,transf,client,payoff,total
val_month_sac_gen_J_e_210,657.4091695133515,1488.30912,159.56135988924024,671.3385905974083
