name,transf,client,payoff,total
val_month_sac_gen_I_p_112,713.4371764541577,1488.30912,159.56135988924024,615.3105836566019
