name,transf,client,payoff,total,sessions
test_6month_sac_gen_i_286,2745.6194854531523,9929.387430399998,886.8210602299855,6296.946884716861,df_elaad_preproc_l6months.csv
