name,transf,client,payoff,total
test_month_sac_gen_J_o_357,684.1351591059749,1468.334912,149.17516390639216,635.0245889876329
