name,transf,client,payoff,total
test_month_sac_gen_J_i_282,740.4842703801335,1468.334912,149.17516390639216,578.6754777134744
