name,transf,client,payoff,total,sessions
test_6month_sac_pred_noise_2a_12,4070.0073493960926,9929.387430399998,897.4875555656347,4961.892525438271,df_elaad_preproc_l6months.csv
