name,transf,client,payoff,total,sessions
test_6month_sac_gen_h_36,3091.547259779281,9929.387430399998,886.8210602299855,5951.019110390731,df_elaad_preproc_l6months.csv
