name,transf,client,payoff,total,sessions
test_6month_sac_pred_noise_3e_145,5133.37689255308,9929.387430399998,889.2877424740021,3906.7227953729157,df_elaad_preproc_l6months.csv
