name,transf,client,payoff,total
test_month_sac_gen_J_a_472,691.6889491652769,1468.334912,149.17516390639216,627.470798928331
