name,transf,client,payoff,total
train_month_sac_gen_J_d_85,2116.559493025433,4306.918592,422.3108412815719,1768.0482576929953
