name,transf,client,payoff,total
val_month_sac_gen_I_m_443,623.6702933059253,1488.30912,159.56135988924024,705.0774668048343
