name,transf,client,payoff,total
test_month_sac_gen_I_w_375,652.8083732262509,1468.334912,149.17516390639216,666.351374867357
