name,transf,client,payoff,total
val_month_sac_gen_J_o_143,659.6552201871775,1488.30912,159.56135988924024,669.0925399235821
