name,transf,client,payoff,total
train_month_sac_gen_J_s_369,1868.7046781888573,4306.918592,415.4443766387945,2022.769537172348
