name,transf,client,payoff,total
val_month_sac_gen_J_f_198,647.8051535518146,1488.30912,159.56135988924024,680.942606558945
