name,transf,client,payoff,total
test_month_sac_gen_I_r_13,728.5188719753414,1468.334912,149.17516390639216,590.6408761182664
