name,transf,client,payoff,total,sessions
test_6month_sac_gen_d_226,2716.790471882381,9929.387430399998,886.8210602299855,6325.775898287631,df_elaad_preproc_l6months.csv
