name,transf,client,payoff,total,sessions
test_6month_sac_gen_1l_222,2782.02201244363,9929.387430399998,886.8210602299855,6260.544357726383,df_elaad_preproc_l6months.csv
