name,transf,client,payoff,total
val_month_sac_gen_J_v_309,602.492542259221,1488.30912,155.96206259448996,729.854515146289
