name,transf,client,payoff,total
val_month_sac_gen_I_k_243,649.3237999088597,1488.30912,159.56135988924024,679.4239602019
