name,transf,client,payoff,total
train_month_sac_gen_J_b_62,2144.9811234252766,4306.918592,422.3108412815719,1739.6266272931516
