name,transf,client,payoff,total
train_month_sac_gen_J_z_71,541.8164556197535,1349.0472576000002,119.98799907125903,687.2428029089876
