name,transf,client,payoff,total
val_month_sac_gen_I_a_400,647.2023203906789,1488.30912,159.56135988924024,681.5454397200808
