name,transf,client,payoff,total
train_month_sac_gen_I_j_261,2036.2945289118497,4306.918592,422.3108412815719,1848.3132218065784
