name,transf,client,payoff,total
train_month_sac_gen_I_u_197,-64.79427243038589,4306.918592,422.3108412815719,3949.402023148814
