name,transf,client,payoff,total
test_month_sac_gen_I_o_51,747.1137382645254,1468.334912,149.17516390639216,572.0460098290824
