name,transf,client,payoff,total,sessions
test_6month_sac_pred_noise_2d_103,4439.947201537143,9929.387430399998,897.4875555656347,4591.952673297221,df_elaad_preproc_l6months.csv
