name,transf,client,payoff,total
train_month_sac_gen_J_j_470,1832.7623452458015,4306.918592,422.3108412815719,2051.8454054726267
