name,transf,client,payoff,total,sessions
test_6month_sac_gen_2l_42,3171.1609820661492,9929.387430399998,886.8210602299855,5871.4053881038635,df_elaad_preproc_l6months.csv
