name,transf,client,payoff,total
val_month_sac_gen_I_c_495,643.596272538909,1488.30912,159.56135988924024,685.1514875718506
