name,transf,client,payoff,total
test_month_sac_gen_I_z_5,768.2596780497905,1468.334912,149.17516390639216,550.9000700438173
