name,transf,client,payoff,total
val_month_sac_gen_I_w_345,661.4488339491145,1488.30912,159.56135988924024,667.2989261616451
