name,transf,client,payoff,total
test_month_sac_gen_J_o_169,691.2741039167747,1468.334912,149.17516390639216,627.8856441768331
