name,transf,client,payoff,total
train_month_sac_gen_I_l_121,2074.2867967993384,4306.918592,422.3108412815719,1810.3209539190898
