name,transf,client,payoff,total,sessions
test_6month_sac_pred_noise_3a_65,2995.5090237910376,9929.387430399998,889.2877424740021,6044.590664134959,df_elaad_preproc_l6months.csv
