name,transf,client,payoff,total
train_month_sac_gen_J_e_43,2220.389908828871,4306.918592,422.3108412815719,1664.2178418895573
