name,transf,client,payoff,total,sessions
test_6month_sac_pred_noise_2e_227,5204.704759767828,9929.387430399998,897.4875555656347,3827.1951150665354,df_elaad_preproc_l6months.csv
