name,transf,client,payoff,total
month_sac_IX_g,1183.9066816367585,1469.5622144,136.21461367601978,149.44091908722157
