name,transf,client,payoff,total,sessions
test_6month_sac_gen_3m_59,3194.231790285505,9929.387430399998,886.8210602299855,5848.334579884508,df_elaad_preproc_l6months.csv
