name,transf,client,payoff,total
val_month_sac_gen_J_n_455,584.3275031049661,1488.30912,159.56135988924024,744.4202570057935
