name,transf,client,payoff,total
test_month_sac_gen_J_x_186,747.0488773074076,1468.334912,149.17516390639216,572.1108707862003
