name,transf,client,payoff,total
test_month_sac_gen_J_q_378,679.8177040165896,1468.334912,149.17516390639216,639.3420440770183
