name,transf,client,payoff,total
test_month_sac_gen_I_y_168,689.9696789566881,1468.334912,149.17516390639216,629.1900691369198
