name,transf,client,payoff,total
train_month_sac_gen_I_l_335,2021.0259667362916,4306.918592,422.3108412815719,1863.5817839821366
