name,transf,client,payoff,total
test_month_sac_gen_J_q_47,720.3073020612926,1468.334912,149.17516390639216,598.8524460323152
