name,transf,client,payoff,total
val_month_sac_gen_J_w_50,635.1901337611316,1488.30912,155.96206259448996,697.1569236443784
