name,transf,client,payoff,total
train_month_sac_gen_J_g_478,2025.8034343986965,4306.918592,422.3108412815719,1858.8043163197317
