name,transf,client,payoff,total
val_month_sac_gen_I_f_46,708.1506115853192,1488.30912,158.8282254603323,621.3302829543484
