name,transf,client,payoff,total
train_month_sac_gen_I_r_135,2013.6077987581352,4306.918592,417.24380312905055,1876.0669901128142
