name,transf,client,payoff,total
train_month_sac_gen_I_j_383,2015.4127427852611,4306.918592,422.3108412815719,1869.1950079331673
