name,transf,client,payoff,total
val_month_sac_gen_I_l_174,649.0243745360899,1488.30912,159.56135988924024,679.7233855746697
