name,transf,client,payoff,total
test_month_sac_gen_I_t_422,709.814298866168,1468.334912,149.17516390639216,609.3454492274399
