name,transf,client,payoff,total
val_month_sac_gen_I_i_201,659.4596552563662,1488.30912,159.56135988924024,669.2881048543934
