name,transf,client,payoff,total,sessions
test_6month_sac_pred_noise_3e_20,5301.509589569208,9929.387430399998,889.2877424740021,3738.5900983567876,df_elaad_preproc_l6months.csv
