name,transf,client,payoff,total
train_month_sac_gen_J_s_23,2166.5351456979747,4306.918592,421.77763096549575,1718.6058153365295
