name,transf,client,payoff,total
test_month_sac_gen_J_j_328,635.7199210595085,1468.334912,149.17516390639216,683.4398270340994
