name,transf,client,payoff,total,sessions
jun_Optim,137.98987440463708,1266.9863936,144.7745673713036,984.2219518240593,df_elaad_preproc_jun.csv
