name,transf,client,payoff,total,sessions
test_6month_sac_gen_5m_33,3225.865098003264,9929.387430399998,886.8210602299855,5816.701272166749,df_elaad_preproc_l6months.csv
