name,transf,client,payoff,total
val_month_sac_gen_I_n_286,601.9271472566302,1488.30912,159.56135988924024,726.8206128541294
