name,transf,client,payoff,total
train_month_sac_gen_I_w_7,-6438.478126750929,4306.918592,422.3108412815719,10323.085877469357
