name,transf,client,payoff,total
train_month_sac_gen_I_d_111,2031.791512436192,4306.918592,422.3108412815719,1852.816238282236
