name,transf,client,payoff,total
test_month_sac_gen_J_l_298,654.4657157394818,1468.334912,149.17516390639216,664.6940323541261
