name,transf,client,payoff,total,sessions
test_6month_sac_gen_2m_87,3061.749857423926,9929.387430399998,886.8210602299855,5980.816512746087,df_elaad_preproc_l6months.csv
