name,transf,client,payoff,total
train_month_sac_gen_I_r_141,2036.6717043138929,4306.918592,414.5094332228307,1855.7374544632764
