name,transf,client,payoff,total
test_month_sac_gen_I_c_221,695.4782295346713,1468.334912,149.17516390639216,623.6815185589365
