name,transf,client,payoff,total,sessions
test_6month_sac_gen_h_262,2982.776493207199,9929.387430399998,886.8210602299855,6059.789876962814,df_elaad_preproc_l6months.csv
