name,transf,client,payoff,total,sessions
test_6month_sac_pred_noise_4c_71,3709.6187883117136,9929.387430399998,891.2211003728393,5328.547541715446,df_elaad_preproc_l6months.csv
