name,transf,client,payoff,total
test_month_sac_gen_J_v_253,645.0331654610893,1468.334912,148.50825484764397,674.7934916912668
