name,transf,client,payoff,total
train_month_sac_gen_I_s_396,1592.4531917713787,4306.918592,422.3108412815719,2292.1545589470497
