name,transf,client,payoff,total
train_month_sac_gen_J_u_117,2045.6970018070479,4306.918592,415.4443766387945,1845.7772135541577
