name,transf,client,payoff,total
train_month_sac_gen_I_t_392,1886.9752840891194,4306.918592,421.4436866019184,1998.4996213089619
