name,transf,client,payoff,total
train_month_sac_gen_I_w_348,-7650.603721180358,4306.918592,422.3108412815719,11535.211471898785
