name,transf,client,payoff,total
train_month_sac_gen_I_i_69,2118.056599333772,4306.918592,422.3108412815719,1766.5511513846564
