name,transf,client,payoff,total
val_month_sac_gen_J_x_284,674.8659337148001,1488.30912,159.56135988924024,653.8818263959595
