name,transf,client,payoff,total
test_month_sac_gen_I_v_437,683.0438242046382,1468.334912,149.17516390639216,636.1159238889696
