name,transf,client,payoff,total
train_month_sac_gen_I_n_352,1899.868330608924,4306.918592,422.3108412815719,1984.739420109504
