name,transf,client,payoff,total
train_month_sac_gen_J_k_272,1786.6722107747346,4306.918592,422.3108412815719,2097.9355399436936
