name,transf,client,payoff,total
val_month_sac_gen_I_f_192,660.9710567533368,1488.30912,158.8282254603323,668.5098377863308
