name,transf,client,payoff,total
train_month_sac_gen_J_w_13,2459.3072924644985,4306.918592,421.1110081317587,1426.5002914037427
