name,transf,client,payoff,total,sessions
test_6month_sac_pred_noise_4d_288,4478.475693057242,9929.387430399998,891.2211003728393,4559.690636969917,df_elaad_preproc_l6months.csv
