name,transf,client,payoff,total
train_month_sac_gen_a_49,1257.1525418178962,1469.5622144,138.5610864331635,73.84858614894017
