name,transf,client,payoff,total
val_month_sac_gen_J_g_135,666.0271396355046,1488.30912,159.56135988924024,662.7206204752551
