name,transf,client,payoff,total,sessions
6month_sac_disagg_2b_P,2886.8869478198117,9929.387430399998,886.8210602299855,6155.6794223502,df_elaad_preproc_l6months.csv
