name,transf,client,payoff,total
val_month_sac_c_482,1825.5105639449948,2277.450960542104,145.3079860330326,306.63241056407657
