name,transf,client,payoff,total
test_month_sac_gen_I_h_180,719.8292460390898,1468.334912,149.17516390639216,599.3305020545181
