name,transf,client,payoff,total
test_month_sac_gen_I_u_56,718.4723852042664,1468.334912,149.17516390639216,600.6873628893414
