name,transf,client,payoff,total
test_month_sac_gen_a_64,905.683193783288,1488.30912,159.56135988924024,423.0645663274717
