name,transf,client,payoff,total
test_month_sac_gen_d_55,916.7234580446554,1488.30912,159.56135988924024,412.0243020661042
