name,transf,client,payoff,total
test_month_sac_c_32,1715.9318196147221,2289.492687923877,157.2012507240518,416.359617585103
