name,transf,client,payoff,total
val_month_sac_c_595,1822.135847539994,2277.450960542104,145.3079860330326,310.0071269690773
