name,transf,client,payoff,total
test_month_sac_gen_J_c_445,674.0587274367522,1468.334912,149.17516390639216,645.1010206568557
