name,transf,client,payoff,total
test_month_sac_gen_G_b_245,637.2883930528179,1468.334912,148.64140204911905,682.405116898063
