name,transf,client,payoff,total
test_month_sac_gen_I_o_26,749.9366111830894,1468.334912,149.17516390639216,569.2231369105184
