name,transf,client,payoff,total
train_month_sac_gen_I_v_351,-117.07762179089892,4306.918592,419.71001680063966,4004.286196990259
