name,transf,client,payoff,total
val_month_sac_gen_J_a_69,680.593522477616,1488.30912,159.56135988924024,648.1542376331436
