name,transf,client,payoff,total
val_month_sac_gen_J_l_80,652.1471359651832,1488.30912,159.56135988924024,676.6006241455764
