name,transf,client,payoff,total
val_month_sac_gen_J_u_367,538.4396091570372,1488.30912,155.96206259448996,793.9074482484727
