name,transf,client,payoff,total
test_month_sac_gen_J_l_382,656.0544620050919,1468.334912,149.17516390639216,663.105286088516
