name,transf,client,payoff,total
test_month_sac_gen_I_u_131,702.3701082641612,1468.334912,149.17516390639216,616.7896398294466
