name,transf,client,payoff,total
train_month_sac_gen_J_g_41,2151.3491827883827,4306.918592,422.3108412815719,1733.2585679300455
