name,transf,client,payoff,total
train_month_sac_gen_J_v_331,2043.1322327587739,4306.918592,417.9096673275943,1845.8766919136315
