name,transf,client,payoff,total,sessions
test_6month_sac_gen_b_8,3940.7253581195973,9929.387430399998,886.8210602299855,5101.841012050416,df_elaad_preproc_l6months.csv
