name,transf,client,payoff,total
train_month_sac_gen_I_h_481,2004.0704347015942,4306.918592,422.3108412815719,1880.5373160168338
