name,transf,client,payoff,total
val_month_sac_gen_J_t_401,588.3053992549669,1488.30912,155.96206259448996,744.0416581505431
