name,transf,client,payoff,total
test_month_sac_gen_J_c_484,678.7910203589636,1468.334912,149.17516390639216,640.3687277346443
