name,transf,client,payoff,total
train_month_sac_gen_J_u_424,1842.3572642371971,4306.918592,418.04390811782383,2046.5174196449789
