name,transf,client,payoff,total
val_month_sac_gen_J_o_51,696.8008076801012,1488.30912,159.56135988924024,631.9469524306585
