name,transf,client,payoff,total,sessions
test_6month_sac_pred_noise_4b_17,3761.5108365713586,9929.387430399998,891.2211003728393,5276.655493455801,df_elaad_preproc_l6months.csv
