name,transf,client,payoff,total
test_month_sac_gen_J_w_7,840.6141600503908,1468.334912,148.50825484764397,479.2124971019653
