name,transf,client,payoff,total
test_month_sac_gen_J_r_297,684.9403029047598,1468.334912,149.17516390639216,634.219445188848
