name,transf,client,payoff,total
val_month_sac_gen_J_k_204,576.6320610850526,1488.30912,159.56135988924024,752.115699025707
