name,transf,client,payoff,total,sessions
test_6month_sac_gen_4l_176,2821.3831486277727,9929.387430399998,886.8210602299855,6221.18322154224,df_elaad_preproc_l6months.csv
