name,transf,client,payoff,total
train_month_sac_gen_J_a_469,1993.8397718796027,4306.918592,422.3108412815719,1890.7679788388255
