name,transf,client,payoff,total,sessions
test_6month_sac_gen_h_147,2883.08107934442,9929.387430399998,886.8210602299855,6159.4852908255925,df_elaad_preproc_l6months.csv
