name,transf,client,payoff,total,sessions
test_6month_sac_pred_noise_4e_252,5042.969902756663,9929.387430399998,891.2211003728393,3995.196427270496,df_elaad_preproc_l6months.csv
