name,transf,client,payoff,total
train_month_sac_gen_J_s_437,1805.6874336393776,4306.918592,418.84363914097383,2082.3875192196488
