name,transf,client,payoff,total
test_month_sac_gen_J_g_314,681.7081771392421,1468.334912,149.17516390639216,637.4515709543657
