name,transf,client,payoff,total
val_month_sac_gen_J_k_337,570.6143469022738,1488.30912,159.56135988924024,758.1334132084858
