name,transf,client,payoff,total,sessions
test_6month_sac_gen_5m_46,3145.593396515972,9929.387430399998,886.8210602299855,5896.972973654041,df_elaad_preproc_l6months.csv
