name,transf,client,payoff,total,sessions
test_6month_sac_pred_noise_3c_91,3715.9515121033846,9929.387430399998,889.2877424740021,5324.148175822612,df_elaad_preproc_l6months.csv
