name,transf,client,payoff,total
test_month_sac_gen_J_j_4,913.3959534234709,1468.334912,149.17516390639216,405.7637946701369
