name,transf,client,payoff,total
train_month_sac_gen_I_s_86,1729.4196434834973,4306.918592,422.3108412815719,2155.1881072349306
