name,transf,client,payoff,total
val_month_sac_gen_J_d_296,650.4334238541321,1488.30912,159.56135988924024,678.3143362566275
