name,transf,client,payoff,total
val_month_sac_gen_I_f_13,728.8999818928868,1488.30912,158.8282254603323,600.5809126467808
