name,transf,client,payoff,total,sessions
test_6month_sac_pred_noise_2e_53,5145.621633812173,9929.387430399998,897.4875555656347,3886.2782410221907,df_elaad_preproc_l6months.csv
