name,transf,client,payoff,total
train_month_sac_c_198,1089.5243963711478,2289.492687923877,157.2012507240518,1042.7670408286774
