name,transf,client,payoff,total
train_month_sac_gen_I_z_405,425.3702858266556,4306.918592,419.3769601367892,3462.1713460365554
