name,transf,client,payoff,total
test_month_sac_gen_I_a_79,722.3209436610214,1468.334912,149.17516390639216,596.8388044325865
