name,transf,client,payoff,total
train_month_sac_gen_J_m_92,1943.646283169899,4306.918592,422.3108412815719,1940.961467548529
