name,transf,client,payoff,total
test_month_sac_gen_I_l_21,777.5364385335309,1468.334912,149.17516390639216,541.6233095600769
