name,transf,client,payoff,total
test_month_sac_gen_I_b_328,698.3910997549865,1468.334912,149.17516390639216,620.7686483386213
