name,transf,client,payoff,total,sessions
test_6month_sac_gen_c_97,2975.8599494722557,9929.387430399998,886.8210602299855,6066.7064206977575,df_elaad_preproc_l6months.csv
