name,transf,client,payoff,total
test_month_sac_gen_I_i_130,725.929108153002,1468.334912,149.17516390639216,593.2306399406059
