name,transf,client,payoff,total
val_month_sac_gen_J_t_493,598.5325261647533,1488.30912,155.96206259448996,733.8145312407567
