name,transf,client,payoff,total,sessions
test_6month_sac_gen_h_94,2967.6607924333716,9929.387430399998,886.8210602299855,6074.905577736641,df_elaad_preproc_l6months.csv
