name,transf,client,payoff,total
val_month_sac_gen_J_e_342,655.2112702344554,1488.30912,159.56135988924024,673.5364898763044
