name,transf,client,payoff,total
train_month_sac_gen_I_z_465,263.8531736463559,4306.918592,426.77845203652805,3616.286966317116
