name,transf,client,payoff,total
train_month_sac_gen_J_d_3,2388.731823900759,4306.918592,422.3108412815719,1495.875926817669
