name,transf,client,payoff,total
val_month_sac_gen_J_b_372,642.3765253195658,1488.30912,159.56135988924024,686.371234791194
