name,transf,client,payoff,total,sessions
test_6month_sac_gen_1o_88,3038.000907351019,9929.387430399998,886.8210602299855,6004.565462818993,df_elaad_preproc_l6months.csv
