name,transf,client,payoff,total,sessions
test_6month_sac_pred_noise_3c_70,3691.9341666187197,9929.387430399998,889.2877424740021,5348.165521307277,df_elaad_preproc_l6months.csv
