name,transf,client,payoff,total,sessions
test_6month_sac_gen_i_98,2832.265881881305,9929.387430399998,886.8210602299855,6210.300488288707,df_elaad_preproc_l6months.csv
