name,transf,client,payoff,total,sessions
test_6month_sac_pred_noise_4d_158,4534.457657000374,9929.387430399998,891.2211003728393,4503.708673026786,df_elaad_preproc_l6months.csv
