name,transf,client,payoff,total
test_month_sac_gen_J_o_365,686.4019987216911,1468.334912,149.17516390639216,632.7577493719167
