name,transf,client,payoff,total,sessions
test_6month_sac_gen_4l_133,2992.929392982877,9929.387430399998,886.8210602299855,6049.636977187136,df_elaad_preproc_l6months.csv
