name,transf,client,payoff,total
test_month_sac_gen_J_o_166,695.2364062251697,1468.334912,149.17516390639216,623.9233418684381
