name,transf,client,payoff,total
test_month_sac_gen_b_77,732.6391876348941,1488.30912,159.56135988924024,596.1085724758655
