name,transf,client,payoff,total
val_month_sac_gen_J_p_64,667.9162126859237,1488.30912,159.56135988924024,660.8315474248359
