name,transf,client,payoff,total
val_month_sac_gen_G_b_238,596.3823333265792,1488.30912,159.09496226131247,732.8318244121082
