name,transf,client,payoff,total
test_month_sac_gen_I_f_457,723.7919999114563,1468.334912,147.8419170286109,596.7009950599329
