name,transf,client,payoff,total
train_month_sac_gen_c_69,-2116.296463596565,1469.5622144,142.62779257831073,3443.2308854182543
