name,transf,client,payoff,total
val_month_sac_gen_J_x_143,725.2240742777062,1488.30912,159.56135988924024,603.5236858330534
