name,transf,client,payoff,total
train_month_sac_gen_I_f_494,2093.195608225706,4306.918592,421.11038371791597,1792.612600056378
