name,transf,client,payoff,total
test_month_sac_gen_J_e_378,680.0316410673761,1468.334912,149.17516390639216,639.1281070262318
