name,transf,client,payoff,total
val_month_sac_gen_I_w_204,669.8854656698113,1488.30912,159.56135988924024,658.8622944409483
