name,transf,client,payoff,total
test_month_sac_gen_I_g_283,865.7602375996952,1468.334912,149.17516390639216,453.39951049391266
