name,transf,client,payoff,total
test_month_sac_gen_I_h_367,701.6103360614493,1468.334912,149.17516390639216,617.5494120321586
