name,transf,client,payoff,total,sessions
test_6month_sac_gen_1m_144,2887.7730954265808,9929.387430399998,886.8210602299855,6154.7932747434315,df_elaad_preproc_l6months.csv
