name,transf,client,payoff,total
val_month_sac_gen_J_q_326,647.391852100843,1488.30912,159.56135988924024,681.3559080099167
