name,transf,client,payoff,total
test_month_sac_gen_I_h_48,739.1492646071307,1468.334912,149.17516390639216,580.0104834864771
