name,transf,client,payoff,total
train_month_sac_gen_J_d_405,2023.8064141687132,4306.918592,422.3108412815719,1860.801336549715
