name,transf,client,payoff,total
test_month_sac_gen_I_o_193,739.6019880535857,1468.334912,149.17516390639216,579.5577600400221
