name,transf,client,payoff,total
test_month_sac_gen_I_l_169,697.6979506340772,1468.334912,149.17516390639216,621.4617974595307
