name,transf,client,payoff,total
val_month_sac_gen_I_c_276,637.4585363196351,1488.30912,159.56135988924024,691.2892237911246
