name,transf,client,payoff,total
val_month_sac_gen_I_y_302,656.9280463275188,1488.30912,159.56135988924024,671.8197137832408
