name,transf,client,payoff,total
test_month_sac_gen_J_w_416,578.6314239698527,1468.334912,148.50825484764397,741.1952331825034
