name,transf,client,payoff,total
train_month_sac_gen_J_h_28,2260.161941544286,4306.918592,422.3108412815719,1624.4458091741421
