name,transf,client,payoff,total,sessions
test_6month_sac_pred_noise_2c_217,3441.5566631391175,9929.387430399998,897.4875555656347,5590.343211695246,df_elaad_preproc_l6months.csv
