name,transf,client,payoff,total
test_month_sac_gen_I_m_101,686.9130443258938,1468.334912,149.17516390639216,632.246703767714
