name,transf,client,payoff,total
test_month_sac_gen_J_h_457,724.8066653694477,1468.334912,149.17516390639216,594.3530827241601
