name,transf,client,payoff,total
test_month_sac_gen_I_b_452,692.2641241098913,1468.334912,149.17516390639216,626.8956239837165
