name,transf,client,payoff,total
val_month_sac_gen_J_x_114,730.5747269380199,1488.30912,159.56135988924024,598.1730331727397
