name,transf,client,payoff,total
test_month_sac_gen_I_v_299,686.8498648443292,1468.334912,149.17516390639216,632.3098832492786
