name,transf,client,payoff,total
val_month_sac_gen_I_z_102,715.6725664334783,1488.30912,159.56135988924024,613.0751936772813
