name,transf,client,payoff,total
val_month_sac_gen_J_c_251,678.0861549715337,1488.30912,159.56135988924024,650.6616051392259
