name,transf,client,payoff,total
val_month_sac_gen_I_i_216,658.2576166176345,1488.30912,159.56135988924024,670.4901434931251
