name,transf,client,payoff,total
val_month_sac_gen_I_e_95,635.8056337223752,1488.30912,155.96206259448996,696.5414236831348
