name,transf,client,payoff,total
val_month_sac_gen_G_b_271,586.2686241026069,1488.30912,159.09496226131247,742.9455336360805
