name,transf,client,payoff,total
val_month_sac_gen_J_d_381,649.5464940071704,1488.30912,159.56135988924024,679.2012661035892
