name,transf,client,payoff,total
val_month_sac_gen_J_r_419,632.4434722103867,1488.30912,159.56135988924024,696.3042879003729
