name,transf,client,payoff,total
train_month_sac_gen_J_e_81,2108.3170302473027,4306.918592,422.3108412815719,1776.2907204711255
