name,transf,client,payoff,total
test_month_sac_gen_I_n_132,677.3087977000871,1468.334912,149.17516390639216,641.8509503935207
