name,transf,client,payoff,total,sessions
test_6month_sac_gen_2m_150,2909.071310172334,9929.387430399998,886.8210602299855,6133.495059997678,df_elaad_preproc_l6months.csv
