name,transf,client,payoff,total
train_month_sac_gen_J_p_337,1994.9474200297495,4306.918592,422.3108412815719,1889.6603306886786
