name,transf,client,payoff,total
test_month_sac_gen_G_a_137,674.7495493966667,1468.334912,148.50825484764397,645.0771077556894
