name,transf,client,payoff,total
month_sac_IX_g,1145.254097802081,1469.5622144,138.74791018249496,185.56020641542383
