name,transf,client,payoff,total
val_month_sac_gen_I_x_457,700.63585062331,1488.30912,159.56135988924024,628.1119094874496
