name,transf,client,payoff,total
train_month_sac_gen_I_o_59,2250.0009438404545,4306.918592,422.3108412815719,1634.6068068779737
