name,transf,client,payoff,total,sessions
test_6month_sac_gen_c_162,2958.646056686284,9929.387430399998,886.8210602299855,6083.920313483728,df_elaad_preproc_l6months.csv
