name,transf,client,payoff,total
month_sac_IX_j,1048.0503731592262,1469.5622144,136.68167390985792,284.8301673309158
