name,transf,client,payoff,total,sessions
test_6month_sac_pred_noise_5a_182,2796.100434243009,9929.387430399998,881.6875054342313,6251.599490722758,df_elaad_preproc_l6months.csv
