name,transf,client,payoff,total
val_month_sac_gen_I_i_438,652.7304583741256,1488.30912,159.56135988924024,676.017301736634
