name,transf,client,payoff,total
test_month_sac_gen_J_e_4,846.656359628057,1468.334912,149.17516390639216,472.50338846555087
