name,transf,client,payoff,total,sessions
test_6month_sac_pred_noise_1a_125,2916.699591894687,9929.387430399998,893.2217503396156,6119.4660881656955,df_elaad_preproc_l6months.csv
