name,transf,client,payoff,total
train_month_sac_gen_I_z_338,412.2233624019779,4306.918592,418.84445852238747,3475.850771075635
