name,transf,client,payoff,total,sessions
train_month_sac_gen_G_e_171,534.1218473744592,1349.0472576000002,121.18791458735743,693.7374956381835,df_elaad_preproc_feb.csv
