name,transf,client,payoff,total
train_month_sac_gen_I_u_282,-96.89718698860821,4306.918592,422.3108412815719,3981.5049377070363
