name,transf,client,payoff,total
val_month_sac_gen_I_y_175,663.1895883077964,1488.30912,159.56135988924024,665.5581718029632
