name,transf,client,payoff,total
test_month_sac_gen_I_a_132,710.9857432448786,1468.334912,149.17516390639216,608.1740048487293
