name,transf,client,payoff,total,sessions
test_6month_sac_pred_noise_3c_63,3739.2919504560896,9929.387430399998,889.2877424740021,5300.807737469907,df_elaad_preproc_l6months.csv
