name,transf,client,payoff,total
val_month_sac_gen_I_r_262,597.2997257632835,1488.30912,159.56135988924024,731.4480343474761
