name,transf,client,payoff,total
val_month_sac_gen_J_t_346,593.2148051858187,1488.30912,155.96206259448996,739.1322522196913
