name,transf,client,payoff,total
test_month_sac_gen_J_c_482,675.1812556385294,1468.334912,149.17516390639216,643.9784924550785
