name,transf,client,payoff,total,sessions
test_6month_sac_gen_5l_231,2793.7294910800624,9929.387430399998,886.8210602299855,6248.836879089949,df_elaad_preproc_l6months.csv
