name,transf,client,payoff,total
val_month_sac_gen_I_h_287,639.9512280900339,1488.30912,159.56135988924024,688.7965320207259
