name,transf,client,payoff,total
train_month_sac_gen_J_j_73,2020.0986441040286,4306.918592,422.3108412815719,1864.5091066143996
