name,transf,client,payoff,total
train_month_sac_gen_I_f_9,2478.8097930952717,4306.918592,421.11038371791597,1406.9984151868123
