name,transf,client,payoff,total
test_month_sac_gen_J_m_238,675.3281216770449,1468.334912,149.17516390639216,643.8316264165629
