name,transf,client,payoff,total
test_month_sac_gen_J_a_267,691.0501019834776,1468.334912,149.17516390639216,628.1096461101303
