name,transf,client,payoff,total
test_month_sac_gen_J_q_249,686.4063446457087,1468.334912,149.17516390639216,632.7534034478991
