name,transf,client,payoff,total
val_month_sac_gen_J_x_45,736.9430330455887,1488.30912,159.56135988924024,591.8047270651709
