name,transf,client,payoff,total
val_month_sac_gen_I_b_167,630.4256178121457,1488.30912,159.56135988924024,698.3221422986139
