name,transf,client,payoff,total
train_month_sac_gen_I_f_109,2157.229187112517,4306.918592,421.11038371791597,1728.5790211695669
