name,transf,client,payoff,total,sessions
test_6month_sac_gen_1n_28,3309.649825424004,9929.387430399998,886.8210602299855,5732.916544746009,df_elaad_preproc_l6months.csv
