name,transf,client,payoff,total
test_month_sac_gen_I_t_83,730.7778173230179,1468.334912,149.17516390639216,588.38193077059
