name,transf,client,payoff,total,sessions
test_6month_sac_gen_4l_112,2971.024303433992,9929.387430399998,886.8210602299855,6071.542066736021,df_elaad_preproc_l6months.csv
