name,transf,client,payoff,total
month_sac_IX_g,1133.049416447704,1469.5622144,140.6816517634435,195.83114618885233
