name,transf,client,payoff,total
val_month_sac_gen_G_b_152,640.2749838465655,1488.30912,159.09496226131247,688.9391738921219
