name,transf,client,payoff,total
test_month_sac_gen_J_r_266,687.0275483601938,1468.334912,149.17516390639216,632.132199733414
