name,transf,client,payoff,total
test_month_sac_gen_J_h_389,726.5779725164041,1468.334912,149.17516390639216,592.5817755772038
