name,transf,client,payoff,total
test_month_sac_gen_I_l_57,723.7505726864588,1468.334912,149.17516390639216,595.4091754071491
