name,transf,client,payoff,total
val_month_sac_gen_I_g_55,774.7605414566432,1488.30912,159.56135988924024,553.9872186541165
