name,transf,client,payoff,total,sessions
test_6month_sac_pred_noise_4e_172,5089.365989219863,9929.387430399998,891.2211003728393,3948.800340807296,df_elaad_preproc_l6months.csv
