name,transf,client,payoff,total
test_month_sac_gen_J_a_460,682.5237592608208,1468.334912,149.17516390639216,636.635988832787
