name,transf,client,payoff,total
test_month_sac_gen_J_k_108,643.6318591568445,1468.334912,149.17516390639216,675.5278889367634
