name,transf,client,payoff,total
train_month_sac_gen_d_14,-1713.9585938872046,1469.5622144,142.094741946743,3041.4260663404616
