name,transf,client,payoff,total
train_month_sac_gen_J_j_235,1854.4539203991546,4306.918592,422.3108412815719,2030.1538303192738
