name,transf,client,payoff,total
train_month_sac_gen_J_a_30,2203.67823604234,4306.918592,422.3108412815719,1680.9295146760883
