name,transf,client,payoff,total,sessions
test_6month_sac_pred_noise_4d_134,4704.799398435404,9929.387430399998,891.2211003728393,4333.366931591755,df_elaad_preproc_l6months.csv
