name,transf,client,payoff,total,sessions
test_6month_sac_gen_a_5,3864.643310298906,9929.387430399998,886.8210602299855,5177.923059871107,df_elaad_preproc_l6months.csv
