name,transf,client,payoff,total
val_month_sac_gen_J_k_349,569.792112268906,1488.30912,159.56135988924024,758.9556478418538
