name,transf,client,payoff,total
test_month_sac_gen_I_h_435,690.7590078780802,1468.334912,149.17516390639216,628.4007402155277
