name,transf,client,payoff,total
train_month_sac_gen_I_p_29,2342.2215527502676,4306.918592,422.3108412815719,1542.3861979681606
