name,transf,client,payoff,total,sessions
test_6month_sac_gen_1m_165,2832.845369686033,9929.387430399998,886.8210602299855,6209.72100048398,df_elaad_preproc_l6months.csv
