name,transf,client,payoff,total
train_month_sac_gen_J_t_114,2095.3784433458654,4306.918592,417.9096673275943,1793.6304813265401
