name,transf,client,payoff,total
val_month_sac_gen_J_d_90,680.4565823225178,1488.30912,159.56135988924024,648.2911777882418
