name,transf,client,payoff,total
val_month_sac_gen_I_h_473,639.8868487144578,1488.30912,159.56135988924024,688.8609113963018
