name,transf,client,payoff,total
test_month_sac_gen_I_k_457,677.1310136230093,1468.334912,149.17516390639216,642.0287344705986
