name,transf,client,payoff,total
test_month_sac_gen_J_a_196,694.5558540481995,1468.334912,149.17516390639216,624.6038940454083
