name,transf,client,payoff,total
train_month_sac_gen_J_x_12,725.0873529777805,1349.0472576000002,120.52077346518433,503.4391311570354
