name,transf,client,payoff,total,sessions
test_6month_sac_pred_noise_1a_41,3258.9829103505645,9929.387430399998,893.2217503396156,5777.182769709818,df_elaad_preproc_l6months.csv
