name,transf,client,payoff,total,sessions
test_6month_sac_pred_noise_3d_162,4536.147050676167,9929.387430399998,889.2877424740021,4503.952637249829,df_elaad_preproc_l6months.csv
