name,transf,client,payoff,total,sessions
test_6month_sac_gen_1l_128,2859.1987397475555,9929.387430399998,886.8210602299855,6183.367630422457,df_elaad_preproc_l6months.csv
