name,transf,client,payoff,total
train_month_sac_gen_J_k_386,1764.6766398481068,4306.918592,422.3108412815719,2119.9311108703214
