name,transf,client,payoff,total
test_month_sac_gen_J_l_2,891.6531396750772,1468.334912,149.17516390639216,427.5066084185306
