name,transf,client,payoff,total,sessions
test_6month_sac_gen_f_75,3054.032879019822,9929.387430399998,886.8210602299855,5988.5334911501905,df_elaad_preproc_l6months.csv
