name,transf,client,payoff,total
train_month_sac_gen_I_a_425,2001.4527454571412,4306.918592,422.3108412815719,1883.155005261287
