name,transf,client,payoff,total
test_month_sac_gen_I_g_381,895.9542649914658,1468.334912,149.17516390639216,423.205483102142
