name,transf,client,payoff,total
val_month_sac_gen_I_c_67,694.2036693726013,1488.30912,159.56135988924024,634.5440907381583
