name,transf,client,payoff,total
train_month_sac_c_605,1033.9983126538673,2289.492687923877,157.2012507240518,1098.2931245459579
