name,transf,client,payoff,total
val_month_sac_gen_I_n_16,685.9466684583797,1488.30912,159.56135988924024,642.8010916523799
