name,transf,client,payoff,total
test_month_sac_gen_J_b_165,695.5403865807257,1468.334912,149.17516390639216,623.6193615128822
