name,transf,client,payoff,total,sessions
test_6month_sac_gen_c_99,3026.964466834003,9929.387430399998,886.8210602299855,6015.60190333601,df_elaad_preproc_l6months.csv
