name,transf,client,payoff,total
test_month_sac_gen_I_q_71,772.9464073639497,1468.334912,149.17516390639216,546.2133407296582
