name,transf,client,payoff,total
train_month_sac_gen_I_p_125,2227.941625970848,4306.918592,422.3108412815719,1656.6661247475804
