name,transf,client,payoff,total
train_month_sac_gen_J_d_159,2068.611125226108,4306.918592,422.3108412815719,1815.9966254923202
