name,transf,client,payoff,total
train_month_sac_gen_I_y_221,66.48758036378058,4306.918592,423.24371445813506,3817.1872971780845
