name,transf,client,payoff,total,sessions
test_6month_sac_gen_5l_98,2963.3362563712144,9929.387430399998,886.8210602299855,6079.230113798798,df_elaad_preproc_l6months.csv
