name,transf,client,payoff,total
val_month_sac_c_266,1840.8081164701432,2277.450960542104,145.3079860330326,291.3348580389282
