name,transf,client,payoff,total
test_month_sac_gen_I_c_136,710.9938098778866,1468.334912,149.17516390639216,608.1659382157212
