name,transf,client,payoff,total
val_month_sac_c_767,1835.2519570306981,2277.450960542104,145.3079860330326,296.89101747837327
