name,transf,client,payoff,total
val_month_sac_gen_J_r_355,626.9751836888415,1488.30912,159.56135988924024,701.7725764219181
