name,transf,client,payoff,total,sessions
test_6month_sac_pred_noise_5e_166,5274.375212562869,9929.387430399998,881.6875054342313,3773.324712402898,df_elaad_preproc_l6months.csv
