name,transf,client,payoff,total
val_month_sac_gen_d_0,910.1116559456163,1349.0472576000002,118.32161810264896,320.6139835517349
