name,transf,client,payoff,total
val_month_sac_gen_J_v_124,625.5521175799145,1488.30912,155.96206259448996,706.7949398255955
