name,transf,client,payoff,total
train_month_sac_gen_G_b_235,601.0925773834052,1488.30912,161.6279533379876,725.5885892786071
