name,transf,client,payoff,total,sessions
test_6month_sac_pred_noise_2e_68,5112.975625205291,9929.387430399998,897.4875555656347,3918.9242496290726,df_elaad_preproc_l6months.csv
