name,transf,client,payoff,total
test_month_sac_gen_I_x_273,749.7822187539309,1468.334912,149.17516390639216,569.3775293396769
