name,transf,client,payoff,total
train_month_sac_gen_J_v_87,2191.2575662714544,4306.918592,417.9096673275943,1697.7513584009512
