name,transf,client,payoff,total
train_month_sac_b_3,1605.3769816137062,2289.492687923877,157.2012507240518,526.914455586119
