name,transf,client,payoff,total
train_month_sac_gen_J_m_391,1790.06411090606,4306.918592,422.3108412815719,2094.5436398123684
