name,transf,client,payoff,total
test_month_sac_gen_J_q_29,727.2042432317211,1468.334912,149.17516390639216,591.9555048618868
