name,transf,client,payoff,total
val_month_sac_gen_I_h_53,670.5319380899111,1488.30912,159.56135988924024,658.2158220208485
