name,transf,client,payoff,total
train_month_sac_gen_J_z_63,959.5852795628126,1469.5622144,142.0284642277886,367.94847060939867
