name,transf,client,payoff,total
train_month_sac_c_671,1029.304781077642,2289.492687923877,157.2012507240518,1102.9866561221831
