name,transf,client,payoff,total,sessions
test_6month_sac_gen_b_39,3190.506716969712,9929.387430399998,886.8210602299855,5852.0596532003,df_elaad_preproc_l6months.csv
