name,transf,client,payoff,total
test_month_sac_gen_J_f_117,670.1515823926832,1468.334912,149.17516390639216,649.0081657009247
