name,transf,client,payoff,total
val_month_sac_gen_I_t_206,688.9664743434873,1488.30912,159.56135988924024,639.7812857672723
