name,transf,client,payoff,total
test_month_sac_gen_I_p_494,793.676427485606,1468.334912,149.17516390639216,525.4833206080018
