name,transf,client,payoff,total
train_month_sac_gen_J_n_256,1850.2970126271657,4306.918592,422.3108412815719,2034.3107380912625
