name,transf,client,payoff,total
month_sac_IX_h,1226.404602736902,1469.5622144,137.48119097815817,105.67642068493973
