name,transf,client,payoff,total
train_month_sac_gen_J_b_202,2039.6066041538595,4306.918592,422.3108412815719,1845.0011465645684
