name,transf,client,payoff,total
val_month_sac_gen_J_x_219,683.3443160893692,1488.30912,159.56135988924024,645.4034440213904
