name,transf,client,payoff,total,sessions
test_6month_sac_gen_h_78,3025.795040807654,9929.387430399998,886.8210602299855,6016.771329362358,df_elaad_preproc_l6months.csv
