name,transf,client,payoff,total
test_month_sac_gen_J_d_210,709.6624018144535,1468.334912,149.17516390639216,609.4973462791544
