name,transf,client,payoff,total,sessions
test_6month_sac_pred_noise_4b_147,3115.069847191683,9929.387430399998,891.2211003728393,5923.096482835476,df_elaad_preproc_l6months.csv
