name,transf,client,payoff,total
val_month_sac_gen_I_o_395,698.2295890538476,1488.30912,159.56135988924024,630.518171056912
