name,transf,client,payoff,total,sessions
test_6month_sac_pred_noise_3e_250,5246.994994992825,9929.387430399998,889.2877424740021,3793.104692933171,df_elaad_preproc_l6months.csv
