name,transf,client,payoff,total
test_month_sac_gen_J_a_237,692.6173496806316,1468.334912,149.17516390639216,626.5423984129762
