name,transf,client,payoff,total
val_month_sac_gen_I_u_157,655.7406550754929,1488.30912,159.56135988924024,673.0071050352667
