name,transf,client,payoff,total,sessions
test_6month_sac_gen_5m_66,3075.392882105608,9929.387430399998,886.8210602299855,5967.173488064405,df_elaad_preproc_l6months.csv
