name,transf,client,payoff,total
val_month_sac_gen_I_g_497,802.7929334425954,1488.30912,159.56135988924024,525.9548266681643
