name,transf,client,payoff,total,sessions
test_6month_sac_pred_noise_3b_153,3070.504082264429,9929.387430399998,889.2877424740021,5969.595605661567,df_elaad_preproc_l6months.csv
