name,transf,client,payoff,total,sessions
test_6month_sac_gen_1m_122,3016.9791831527837,9929.387430399998,893.2217503396156,6019.186496907599,df_elaad_preproc_l6months.csv
