name,transf,client,payoff,total
train_month_sac_gen_I_y_108,307.19105452452214,4306.918592,426.30975616637795,3573.4177813090996
