name,transf,client,payoff,total,sessions
test_6month_sac_pred_noise_5c_191,3499.877219495993,9929.387430399998,881.6875054342313,5547.8227054697745,df_elaad_preproc_l6months.csv
