name,transf,client,payoff,total
train_month_sac_gen_J_l_240,1855.5635728994307,4306.918592,422.3108412815719,2029.0441778189975
