name,transf,client,payoff,total
val_month_sac_gen_I_f_445,648.0195713750792,1488.30912,158.8282254603323,681.4613231645884
