name,transf,client,payoff,total
train_month_sac_gen_J_n_190,1885.3558943685985,4306.918592,422.3108412815719,1999.2518563498297
