name,transf,client,payoff,total
train_month_sac_gen_I_v_117,221.10201587411768,4306.918592,424.1106003101132,3661.7059758157693
