name,transf,client,payoff,total
train_month_sac_c_598,1028.0579763317642,2289.492687923877,157.2012507240518,1104.233460868061
