name,transf,client,payoff,total
val_month_sac_gen_J_t_467,592.2485796870074,1488.30912,155.96206259448996,740.0984777185026
