name,transf,client,payoff,total
val_month_sac_gen_J_k_169,585.933515093812,1488.30912,159.56135988924024,742.8142450169476
