name,transf,client,payoff,total
val_month_sac_gen_I_m_106,657.8242015310725,1488.30912,159.56135988924024,670.9235585796871
