name,transf,client,payoff,total
train_month_sac_gen_I_n_52,1992.5457859655023,4306.918592,422.3108412815719,1892.0619647529256
