name,transf,client,payoff,total
train_month_sac_gen_J_o_228,2033.0887979736617,4306.918592,422.3108412815719,1851.5189527447665
