name,transf,client,payoff,total
train_month_sac_gen_d_1,1544.301733559246,1469.5622144,140.89511589092612,-215.63463505017225
