name,transf,client,payoff,total
val_month_sac_gen_J_e_37,730.8122109813303,1488.30912,159.56135988924024,597.9355491294293
