name,transf,client,payoff,total
test_month_sac_gen_I_w_372,652.5853360315665,1468.334912,149.17516390639216,666.5744120620413
