name,transf,client,payoff,total
test_month_sac_gen_I_h_219,717.3041774184571,1468.334912,149.17516390639216,601.8555706751507
