name,transf,client,payoff,total
val_month_sac_gen_b_74,648.1151894275265,1349.0472576000002,118.32161810264896,582.6104500698248
