name,transf,client,payoff,total
val_month_sac_gen_d_7,702.7769555670507,1349.0472576000002,118.32161810264896,527.9486839303006
