name,transf,client,payoff,total
test_month_sac_gen_J_m_30,702.1326921542499,1468.334912,149.17516390639216,617.027055939358
