name,transf,client,payoff,total
train_month_sac_gen_J_m_241,1835.1514932440316,4306.918592,422.3108412815719,2049.456257474397
