name,transf,client,payoff,total
test_month_sac_c_799,1013.1571615169304,1469.5622144,135.21440678133106,321.1906461017385
