name,transf,client,payoff,total
val_month_sac_gen_J_a_460,646.4002009179587,1488.30912,159.56135988924024,682.3475591928009
