name,transf,client,payoff,total
train_month_sac_gen_I_p_124,2231.859790489739,4306.918592,422.3108412815719,1652.747960228689
