name,transf,client,payoff,total
train_month_sac_gen_I_z_170,140.30940948831582,4306.918592,422.4446550408056,3744.164527470879
