name,transf,client,payoff,total
test_month_sac_gen_I_s_300,669.6877040792108,1468.334912,149.17516390639216,649.472044014397
