name,transf,client,payoff,total,sessions
test_6month_sac_pred_noise_1c_277,3557.3124506969284,9929.387430399998,893.2217503396156,5478.8532293634535,df_elaad_preproc_l6months.csv
