name,transf,client,payoff,total
val_month_sac_gen_I_m_130,659.5169293224616,1488.30912,159.56135988924024,669.2308307882981
