name,transf,client,payoff,total
train_month_sac_gen_I_y_171,-48.56527854067343,4306.918592,419.4444092564507,3936.039461284223
