name,transf,client,payoff,total
val_month_sac_gen_J_p_470,642.5093645884422,1488.30912,159.56135988924024,686.2383955223174
