name,transf,client,payoff,total
test_month_sac_gen_J_h_215,740.3705724199299,1468.334912,149.17516390639216,578.789175673678
