name,transf,client,payoff,total
val_month_sac_gen_I_l_212,649.8852107870784,1488.30912,159.56135988924024,678.8625493236812
