name,transf,client,payoff,total
test_month_sac_gen_I_y_499,673.8832643949754,1468.334912,149.17516390639216,645.2764836986324
