name,transf,client,payoff,total
val_month_sac_gen_J_k_480,559.8574109335301,1488.30912,159.56135988924024,768.8903491772296
