name,transf,client,payoff,total
test_month_sac_gen_J_d_247,706.7552092124083,1468.334912,149.17516390639216,612.4045388811995
