name,transf,client,payoff,total
test_month_sac_gen_G_a_17,750.1656263830789,1468.334912,148.50825484764397,569.6610307692772
