name,transf,client,payoff,total
test_month_sac_gen_I_q_446,769.1168074637089,1468.334912,149.17516390639216,550.0429406298989
