name,transf,client,payoff,total,sessions
test_6month_sac_pred_noise_2c_146,3475.390730850935,9929.387430399998,897.4875555656347,5556.509143983429,df_elaad_preproc_l6months.csv
