name,transf,client,payoff,total
train_month_sac_gen_J_m_93,1941.0006179746204,4306.918592,422.3108412815719,1943.6071327438076
