name,transf,client,payoff,total
val_month_sac_gen_J_s_68,614.8293380799452,1488.30912,155.96206259448996,717.5177193255647
