name,transf,client,payoff,total
train_month_sac_gen_I_a_208,2041.1787946478314,4306.918592,422.3108412815719,1843.4289560705965
