name,transf,client,payoff,total
test_month_sac_gen_J_f_53,688.1209696034354,1468.334912,149.17516390639216,631.0387784901725
