name,transf,client,payoff,total
test_month_sac_gen_I_j_273,713.8615326605611,1468.334912,149.17516390639216,605.2982154330467
