name,transf,client,payoff,total
test_month_sac_gen_J_g_459,682.3110495014839,1468.334912,149.17516390639216,636.8486985921239
