name,transf,client,payoff,total
val_month_sac_gen_J_l_238,596.5976788463166,1488.30912,159.56135988924024,732.1500812644431
