name,transf,client,payoff,total
test_month_sac_gen_I_n_122,671.6119312748085,1468.334912,149.17516390639216,647.5478168187993
