name,transf,client,payoff,total,sessions
test_6month_sac_gen_2o_12,3827.47074306015,9929.387430399998,886.8210602299855,5215.095627109862,df_elaad_preproc_l6months.csv
