name,transf,client,payoff,total
val_sac_c_94,15042.34875900423,30125.305835959498,1762.9897063291792,13319.96737062609
