name,transf,client,payoff,total
train_month_sac_gen_J_u_154,1992.6233341557331,4306.918592,416.84523242950075,1897.450025414766
