name,transf,client,payoff,total
train_month_sac_gen_c_94,-2248.673003405409,1469.5622144,137.9612347461434,3580.2739830592654
