name,transf,client,payoff,total,sessions
test_6month_sac_pred_noise_5b_39,3274.1596003788595,9929.387430399998,881.6875054342313,5773.540324586907,df_elaad_preproc_l6months.csv
