name,transf,client,payoff,total
test_month_sac_gen_J_p_50,675.7756144972475,1468.334912,149.17516390639216,643.3841335963604
