name,transf,client,payoff,total
test_month_sac_gen_J_q_283,690.1492197329981,1468.334912,149.17516390639216,629.0105283606098
