name,transf,client,payoff,total,sessions
test_6month_sac_gen_h_172,2915.680616695302,9929.387430399998,886.8210602299855,6126.885753474711,df_elaad_preproc_l6months.csv
