name,transf,client,payoff,total
test_month_sac_gen_J_n_208,715.0237496614614,1468.334912,149.17516390639216,604.1359984321465
