name,transf,client,payoff,total
val_month_sac_gen_I_j_377,651.7152779925385,1488.30912,159.56135988924024,677.0324821182212
