name,transf,client,payoff,total
train_month_sac_gen_J_d_215,2049.740600385061,4306.918592,422.3108412815719,1834.8671503333671
