name,transf,client,payoff,total
train_month_sac_gen_G_a_28,1055.8321775696636,1469.5622144,140.22766286307382,273.5023739672625
