name,transf,client,payoff,total,sessions
test_6month_sac_gen_f_7,3856.7570334233283,9929.387430399998,886.8210602299855,5185.8093367466845,df_elaad_preproc_l6months.csv
