name,transf,client,payoff,total
month_sac_IX_h,1217.9685125903904,1469.5622144,137.08163665835372,114.51206515125574
