name,transf,client,payoff,total,sessions
test_6month_sac_pred_noise_4d_119,4487.962782436045,9929.387430399998,891.2211003728393,4550.203547591114,df_elaad_preproc_l6months.csv
