name,transf,client,payoff,total
val_month_sac_gen_J_e_419,653.3691916452913,1488.30912,159.56135988924024,675.3785684654683
