name,transf,client,payoff,total,sessions
train_month_sac_pred_noise_b_187,553.4589013319373,1349.0472576000002,118.12133033782774,677.4670259302351,df_elaad_preproc_feb.csv
