name,transf,client,payoff,total
test_month_sac_gen_I_a_148,700.8385771600194,1468.334912,149.17516390639216,618.3211709335884
