name,transf,client,payoff,total
val_month_sac_gen_J_r_153,642.6305730560814,1488.30912,159.56135988924024,686.1171870546782
