name,transf,client,payoff,total
train_month_sac_gen_I_l_371,2007.3252233600829,4306.918592,422.3108412815719,1877.2825273583453
