name,transf,client,payoff,total
train_month_sac_gen_I_d_187,2000.199142341139,4306.918592,422.3108412815719,1884.408608377289
