name,transf,client,payoff,total
train_month_sac_gen_I_w_340,-7655.131764677317,4306.918592,422.3108412815719,11539.739515395744
