name,transf,client,payoff,total
train_month_sac_gen_J_h_21,2286.37822858964,4306.918592,422.3108412815719,1598.2295221287882
