name,transf,client,payoff,total,sessions
test_6month_sac_gen_4m_89,2970.3831526074346,9929.387430399998,886.8210602299855,6072.183217562579,df_elaad_preproc_l6months.csv
