name,transf,client,payoff,total
val_month_sac_gen_I_u_167,657.1581057356419,1488.30912,159.56135988924024,671.5896543751178
