name,transf,client,payoff,total
train_month_sac_gen_d_52,1517.4071914065735,1469.5622144,140.49499982504594,-188.3399768316195
