name,transf,client,payoff,total
train_month_sac_gen_I_b_162,2007.2983913659953,4306.918592,422.3108412815719,1877.3093593524327
