name,transf,client,payoff,total
train_month_sac_gen_G_b_141,616.1326583691251,1488.30912,158.76202758363212,713.4144340472426
