name,transf,client,payoff,total
val_month_sac_gen_J_j_429,593.6414260905385,1488.30912,159.56135988924024,735.1063340202211
