name,transf,client,payoff,total,sessions
test_6month_sac_gen_3m_180,2815.0098085430836,9929.387430399998,889.2877424740021,6225.089879382913,df_elaad_preproc_l6months.csv
