name,transf,client,payoff,total
val_month_sac_gen_J_z_281,588.7421206646563,1488.30912,155.96206259448996,743.6049367408536
