name,transf,client,payoff,total
train_month_sac_gen_J_i_84,2081.6039290613217,4306.918592,422.3108412815719,1803.0038216571065
