name,transf,client,payoff,total
train_month_sac_c_21,1482.8807623251496,1469.5622144,135.21440678133106,-148.53295470648075
