name,transf,client,payoff,total
train_month_sac_gen_J_c_340,2051.045119261016,4306.918592,422.3108412815719,1833.562631457412
