name,transf,client,payoff,total
val_month_sac_gen_I_l_245,644.0049707595927,1488.30912,159.56135988924024,684.742789351167
