name,transf,client,payoff,total,sessions
test_6month_sac_pred_noise_3d_193,4512.396739449981,9929.387430399998,889.2877424740021,4527.702948476015,df_elaad_preproc_l6months.csv
