name,transf,client,payoff,total,sessions
test_6month_sac_gen_5l_43,3272.80335550787,9929.387430399998,886.8210602299855,5769.763014662143,df_elaad_preproc_l6months.csv
