name,transf,client,payoff,total
val_month_sac_gen_a_24,745.2645452744207,1349.0472576000002,118.32161810264896,485.46109422293057
