name,transf,client,payoff,total
train_month_sac_gen_I_p_401,2171.5211615871945,4306.918592,422.3108412815719,1713.0865891312337
