name,transf,client,payoff,total,sessions
test_6month_sac_gen_2n_43,3005.80626349915,9929.387430399998,886.8210602299855,6036.760106670863,df_elaad_preproc_l6months.csv
