name,transf,client,payoff,total
train_month_sac_gen_I_u_463,-129.81928457848164,4306.918592,422.3108412815719,4014.4270352969097
