name,transf,client,payoff,total,sessions
test_6month_sac_pred_noise_4d_173,4612.148968234722,9929.387430399998,891.2211003728393,4426.017361792437,df_elaad_preproc_l6months.csv
