name,transf,client,payoff,total
train_month_sac_gen_J_n_24,2477.915295964238,4306.918592,422.3108412815719,1406.6924547541903
