name,transf,client,payoff,total,sessions
test_6month_sac_pred_noise_2d_285,4394.9789011188195,9929.387430399998,897.4875555656347,4636.920973715544,df_elaad_preproc_l6months.csv
