name,transf,client,payoff,total
test_month_sac_gen_J_v_389,620.495470051698,1468.334912,148.50825484764397,699.3311871006581
