name,transf,client,payoff,total
train_month_sac_gen_a_14,1066.3423327018,1469.5622144,138.5610864331635,264.6587952650365
