name,transf,client,payoff,total
val_month_sac_gen_I_u_474,652.1230677170834,1488.30912,159.56135988924024,676.6246923936762
