name,transf,client,payoff,total
val_month_sac_gen_I_b_159,627.29520785672,1488.30912,159.56135988924024,701.4525522540396
