name,transf,client,payoff,total,sessions
6month_sac_disagg_3d_ML,3196.3776590315088,9929.387430399998,886.8210602299855,5846.188711138504,df_elaad_preproc_l6months.csv
