name,transf,client,payoff,total
train_month_sac_gen_J_j_61,2037.3065926142067,4306.918592,422.3108412815719,1847.3011581042215
