name,transf,client,payoff,total,sessions
test_6month_sac_gen_2l_129,2947.934839590882,9929.387430399998,886.8210602299855,6094.63153057913,df_elaad_preproc_l6months.csv
