name,transf,client,payoff,total
train_month_sac_gen_I_g_182,2582.2746390392404,4306.918592,422.3108412815719,1302.3331116791878
