name,transf,client,payoff,total
val_month_sac_gen_J_g_337,640.0301463634564,1488.30912,159.56135988924024,688.7176137473032
