name,transf,client,payoff,total
val_month_sac_gen_J_k_140,590.3864889099981,1488.30912,159.56135988924024,738.3612712007616
