name,transf,client,payoff,total,sessions
test_6month_sac_pred_noise_4e_108,5046.581082163764,9929.387430399998,891.2211003728393,3991.5852478633947,df_elaad_preproc_l6months.csv
