name,transf,client,payoff,total
train_month_sac_gen_J_q_451,1988.9162865180558,4306.918592,422.3108412815719,1895.6914642003721
