name,transf,client,payoff,total
test_month_sac_gen_J_c_297,681.4820221812257,1468.334912,149.17516390639216,637.6777259123821
