name,transf,client,payoff,total
train_month_sac_gen_J_l_18,2231.720116066944,4306.918592,422.3108412815719,1652.8876346514844
