name,transf,client,payoff,total
test_month_sac_gen_J_u_110,601.5583336212183,1468.334912,148.50825484764397,718.2683235311379
