name,transf,client,payoff,total
test_month_sac_gen_I_o_208,738.1381772537454,1468.334912,149.17516390639216,581.0215708398624
