name,transf,client,payoff,total
val_month_sac_gen_J_b_472,639.5960901823755,1488.30912,159.56135988924024,689.1516699283841
