name,transf,client,payoff,total
val_month_sac_gen_J_a_416,647.9891667421346,1488.30912,159.56135988924024,680.758593368625
