name,transf,client,payoff,total
train_month_sac_gen_I_y_324,125.96353186762843,4306.918592,421.9103615637023,3759.0446985686694
