name,transf,client,payoff,total,sessions
test_6month_sac_gen_5m_115,2934.9214925362903,9929.387430399998,886.8210602299855,6107.644877633722,df_elaad_preproc_l6months.csv
