name,transf,client,payoff,total
train_month_sac_gen_I_e_126,2098.3857504025523,4306.918592,417.9096673275943,1790.6231742698533
