name,transf,client,payoff,total
train_month_sac_gen_I_e_246,2051.490253301703,4306.918592,417.9096673275943,1837.5186713707026
