name,transf,client,payoff,total
train_month_sac_gen_I_g_156,2495.028286954097,4306.918592,422.3108412815719,1389.5794637643312
