name,transf,client,payoff,total
val_month_sac_gen_J_l_176,615.042697092332,1488.30912,159.56135988924024,713.7050630184276
