name,transf,client,payoff,total
train_month_sac_gen_J_x_238,656.336114429035,1488.30912,158.62811850635504,673.3448870646099
