name,transf,client,payoff,total
val_month_sac_gen_J_f_119,662.2142109662266,1488.30912,159.56135988924024,666.533549144533
