name,transf,client,payoff,total
test_month_sac_gen_J_k_404,614.6395555713011,1468.334912,149.17516390639216,704.5201925223067
