name,transf,client,payoff,total
test_month_sac_gen_J_c_121,715.0329987720817,1468.334912,149.17516390639216,604.1267493215262
