name,transf,client,payoff,total
test_month_sac_gen_I_t_333,701.2620393062879,1468.334912,149.17516390639216,617.89770878732
