name,transf,client,payoff,total
val_month_sac_gen_J_f_97,660.0610417424449,1488.30912,159.56135988924024,668.6867183683148
