name,transf,client,payoff,total
test_month_sac_gen_J_d_460,699.9219759304071,1468.334912,149.17516390639216,619.2377721632007
