name,transf,client,payoff,total
test_month_sac_gen_I_w_32,706.9025613690965,1468.334912,149.17516390639216,612.2571867245114
