name,transf,client,payoff,total,sessions
test_6month_sac_gen_5l_18,3491.3030266848573,9929.387430399998,886.8210602299855,5551.263343485156,df_elaad_preproc_l6months.csv
