name,transf,client,payoff,total
train_month_sac_gen_J_w_292,1864.104330703283,4306.918592,425.3109362725734,2017.5033250241434
