name,transf,client,payoff,total,sessions
test_6month_sac_pred_noise_5a_64,3046.1965088755614,9929.387430399998,881.6875054342313,6001.503416090205,df_elaad_preproc_l6months.csv
