name,transf,client,payoff,total
test_month_sac_gen_J_a_316,691.1965833958664,1468.334912,149.17516390639216,627.9631646977415
