name,transf,client,payoff,total,sessions
test_6month_sac_gen_1l_227,2794.2544132691482,9929.387430399998,886.8210602299855,6248.311956900865,df_elaad_preproc_l6months.csv
