name,transf,client,payoff,total,sessions
test_month_sac_gen_G_c_219,1106.6505396354182,1468.334912,148.50825484764397,213.17611751693784,df_elaad_preproc_apr.csv
