name,transf,client,payoff,total
val_month_sac_gen_I_p_177,713.8185013571551,1488.30912,159.56135988924024,614.9292587536045
