name,transf,client,payoff,total
train_month_sac_gen_J_w_123,1933.735527884959,4306.918592,422.3108890760341,1950.8721750390068
