name,transf,client,payoff,total
test_month_sac_gen_J_i_281,735.4913409639558,1468.334912,149.17516390639216,583.668407129652
