name,transf,client,payoff,total
test_month_sac_gen_J_s_17,708.7416815947855,1468.334912,148.50825484764397,611.0849755575705
