name,transf,client,payoff,total
val_month_sac_gen_I_w_438,655.3074991854592,1488.30912,159.56135988924024,673.4402609253004
