name,transf,client,payoff,total
test_month_sac_gen_J_h_244,746.3683577670897,1468.334912,149.17516390639216,572.7913903265181
