name,transf,client,payoff,total
train_month_sac_gen_I_b_358,1968.1743940459214,4306.918592,422.3108412815719,1916.4333566725068
