name,transf,client,payoff,total
train_month_sac_gen_J_k_136,1854.1506656167685,4306.918592,422.3108412815719,2030.4570851016597
