name,transf,client,payoff,total,sessions
test_6month_sac_gen_b_38,3232.402199239104,9929.387430399998,886.8210602299855,5810.164170930908,df_elaad_preproc_l6months.csv
