name,transf,client,payoff,total
train_month_sac_gen_J_z_168,931.6259662994,1469.5622144,138.5613522430786,399.37489585752127
