name,transf,client,payoff,total
test_month_sac_gen_J_a_199,693.3723958876101,1468.334912,149.17516390639216,625.7873522059978
