name,transf,client,payoff,total
val_month_sac_c_163,1884.1346142608222,2277.450960542104,145.3079860330326,248.00836024824918
