name,transf,client,payoff,total
val_month_sac_gen_a_89,854.6656351366178,1349.0472576000002,118.32161810264896,376.0600043607335
