name,transf,client,payoff,total
test_month_sac_gen_I_j_321,714.6446198402294,1468.334912,149.17516390639216,604.5151282533784
