name,transf,client,payoff,total,sessions
test_6month_sac_gen_e_148,2830.742243634633,9929.387430399998,886.8210602299855,6211.824126535379,df_elaad_preproc_l6months.csv
