name,transf,client,payoff,total
val_month_sac_gen_J_k_290,570.1176836648285,1488.30912,159.56135988924024,758.6300764459311
