name,transf,client,payoff,total
val_month_sac_gen_I_g_168,814.0906191795771,1488.30912,159.56135988924024,514.6571409311825
