name,transf,client,payoff,total
val_month_sac_gen_I_q_431,739.4302052070116,1488.30912,159.56135988924024,589.317554903748
