name,transf,client,payoff,total
val_month_sac_gen_J_n_38,749.0919922604352,1488.30912,159.56135988924024,579.6557678503245
