name,transf,client,payoff,total,sessions
test_6month_sac_gen_2o_150,2889.706931064432,9929.387430399998,886.8210602299855,6152.859439105581,df_elaad_preproc_l6months.csv
