name,transf,client,payoff,total
test_sac_c_81,7855.766870863506,18301.238246399997,1736.5228628156017,8708.948512720888
