name,transf,client,payoff,total
val_month_sac_gen_I_d_25,679.5252323396213,1488.30912,159.56135988924024,649.2225277711384
