name,transf,client,payoff,total
val_month_sac_gen_J_b_299,647.1204457994542,1488.30912,159.56135988924024,681.6273143113056
