name,transf,client,payoff,total
train_month_sac_gen_I_c_107,2145.772735151128,4306.918592,422.3108412815719,1738.8350155673002
