name,transf,client,payoff,total
train_month_sac_gen_I_u_57,109.61606649357097,4306.918592,422.3108412815719,3774.9916842248576
