name,transf,client,payoff,total
test_month_sac_gen_I_g_233,870.9686994271094,1468.334912,149.17516390639216,448.19104866649843
