name,transf,client,payoff,total
test_month_sac_gen_J_z_196,607.1003897813907,1468.334912,148.50825484764397,712.7262673709654
