name,transf,client,payoff,total
val_month_sac_gen_J_f_411,636.5445847218735,1488.30912,159.56135988924024,692.2031753888862
