name,transf,client,payoff,total
train_month_sac_gen_J_e_260,2027.0050547175072,4306.918592,422.3108412815719,1857.6026960009212
