name,transf,client,payoff,total
test_month_sac_gen_I_b_318,698.9543090977013,1468.334912,149.17516390639216,620.2054389959065
