name,transf,client,payoff,total,sessions
test_6month_sac_pred_noise_2e_297,5193.348845031572,9929.387430399998,897.4875555656347,3838.551029802792,df_elaad_preproc_l6months.csv
