name,transf,client,payoff,total
test_month_sac_gen_b_76,728.3959280280633,1488.30912,159.56135988924024,600.3518320826963
