name,transf,client,payoff,total
val_month_sac_gen_J_d_124,669.2411512086626,1488.30912,159.56135988924024,659.506608902097
