name,transf,client,payoff,total
val_month_sac_gen_I_k_21,734.1469406725328,1488.30912,159.56135988924024,594.6008194382268
