name,transf,client,payoff,total
test_month_sac_gen_J_s_223,574.8607612162031,1468.334912,148.50825484764397,744.965895936153
