name,transf,client,payoff,total
val_month_sac_c_649,1835.1114842593515,2277.450960542104,145.3079860330326,297.03149024971987
