name,transf,client,payoff,total
test_month_sac_gen_I_l_289,699.5499083291919,1468.334912,149.17516390639216,619.6098397644159
