name,transf,client,payoff,total
test_month_sac_gen_I_k_307,686.8171746343123,1468.334912,149.17516390639216,632.3425734592955
