name,transf,client,payoff,total
test_month_sac_gen_J_h_343,738.59278922275,1468.334912,149.17516390639216,580.5669588708579
