name,transf,client,payoff,total
test_month_sac_gen_J_h_488,738.4081653088233,1468.334912,149.17516390639216,580.7515827847845
