name,transf,client,payoff,total
val_month_sac_gen_J_l_89,642.7089108295177,1488.30912,159.56135988924024,686.0388492812419
