name,transf,client,payoff,total,sessions
test_6month_sac_gen_1n_11,3737.559910272019,9929.387430399998,886.8210602299855,5305.006459897993,df_elaad_preproc_l6months.csv
