name,transf,client,payoff,total,sessions
test_6month_sac_pred_noise_4d_162,4426.2199048981065,9929.387430399998,891.2211003728393,4611.946425129053,df_elaad_preproc_l6months.csv
