name,transf,client,payoff,total,sessions
test_6month_sac_pred_noise_2c_121,3532.015399503513,9929.387430399998,897.4875555656347,5499.884475330851,df_elaad_preproc_l6months.csv
