name,transf,client,payoff,total
test_month_sac_gen_I_v_38,704.9721016060472,1468.334912,149.17516390639216,614.1876464875606
