name,transf,client,payoff,total
test_month_sac_gen_J_d_173,707.2473624127683,1468.334912,149.17516390639216,611.9123856808395
