name,transf,client,payoff,total,sessions
test_6month_sac_pred_noise_2a_254,2925.393813831647,9929.387430399998,897.4875555656347,6106.506061002717,df_elaad_preproc_l6months.csv
