name,transf,client,payoff,total
test_month_sac_gen_I_b_118,707.1832642833901,1468.334912,149.17516390639216,611.9764838102177
