name,transf,client,payoff,total
val_month_sac_gen_I_s_15,752.2504281165737,1488.30912,159.56135988924024,576.497331994186
