name,transf,client,payoff,total
train_month_sac_gen_I_h_411,1994.758319594739,4306.918592,422.3108412815719,1889.849431123689
