name,transf,client,payoff,total
test_month_sac_gen_J_y_132,659.0017211026649,1468.334912,148.50825484764397,660.8249360496911
