name,transf,client,payoff,total
test_month_sac_gen_J_j_295,641.5762388947234,1468.334912,149.17516390639216,677.5835091988845
