name,transf,client,payoff,total
train_month_sac_gen_J_y_0,1624.9581596878793,1469.5622144,139.22801661824715,-294.6239619061265
