name,transf,client,payoff,total
test_month_sac_gen_J_i_319,743.3043781477951,1468.334912,149.17516390639216,575.8553699458128
