name,transf,client,payoff,total,sessions
train_month_sac_pred_noise_d_274,676.7605374928164,1349.0472576000002,122.45499036532021,549.8317297418636,df_elaad_preproc_feb.csv
