name,transf,client,payoff,total
train_month_sac_gen_I_f_13,2406.2825592999657,4306.918592,421.11038371791597,1479.5256489821184
