name,transf,client,payoff,total
train_month_sac_gen_I_w_468,-7666.879451025923,4306.918592,422.3108412815719,11551.48720174435
