name,transf,client,payoff,total,sessions
train_month_sac_pred_noise_b_232,536.7487351569848,1349.0472576000002,121.12083608929389,691.1776863537215,df_elaad_preproc_feb.csv
