name,transf,client,payoff,total
val_month_sac_gen_I_j_427,649.637700907883,1488.30912,159.56135988924024,679.1100592028768
