name,transf,client,payoff,total
train_month_sac_gen_J_s_230,1871.5555795017267,4306.918592,418.7108722722462,2016.652140226027
