name,transf,client,payoff,total
val_month_sac_gen_I_f_402,652.3026687351808,1488.30912,158.8282254603323,677.1782258044868
