name,transf,client,payoff,total,sessions
test_6month_sac_pred_noise_4a_185,2872.4968052114677,9929.387430399998,891.2211003728393,6165.669524815692,df_elaad_preproc_l6months.csv
