name,transf,client,payoff,total
train_month_sac_c_162,1097.5397430603575,2289.492687923877,157.2012507240518,1034.7516941394676
