name,transf,client,payoff,total
test_month_sac_c_6,1269.8802355077264,1469.5622144,135.21440678133106,64.46757211094243
