name,transf,client,payoff,total,sessions
test_6month_sac_pred_noise_1e_20,5227.852195928554,9929.387430399998,893.2217503396156,3808.3134841318292,df_elaad_preproc_l6months.csv
