name,transf,client,payoff,total
val_month_sac_gen_J_s_437,532.5492952818053,1488.30912,155.96206259448996,799.7977621237046
