name,transf,client,payoff,total,sessions
test_6month_sac_gen_3m_120,3028.926984052393,9929.387430399998,886.8210602299855,6013.63938611762,df_elaad_preproc_l6months.csv
