name,transf,client,payoff,total
test_month_sac_gen_a_28,892.7789676936827,1488.30912,159.56135988924024,435.96879241707694
