name,transf,client,payoff,total
test_month_sac_gen_I_n_429,651.0384769230484,1468.334912,149.17516390639216,668.1212711705595
