name,transf,client,payoff,total,sessions
test_6month_sac_pred_noise_2e_131,5335.543966574922,9929.387430399998,897.4875555656347,3696.355908259442,df_elaad_preproc_l6months.csv
