name,transf,client,payoff,total,sessions
test_6month_sac_gen_2n_147,2897.763713278468,9929.387430399998,886.8210602299855,6144.802656891545,df_elaad_preproc_l6months.csv
