name,transf,client,payoff,total
val_month_sac_gen_I_i_424,652.8980425764712,1488.30912,159.56135988924024,675.8497175342884
