name,transf,client,payoff,total
train_month_sac_gen_J_f_126,2038.0009001652586,4306.918592,422.3108412815719,1846.6068505531694
