name,transf,client,payoff,total
train_month_sac_gen_G_a_61,527.9470104826964,1349.0472576000002,120.92130685091087,700.1789402663928
