name,transf,client,payoff,total
val_month_sac_gen_I_a_354,647.2678986330469,1488.30912,159.56135988924024,681.4798614777128
