name,transf,client,payoff,total,sessions
test_6month_sac_gen_1n_23,3348.824007262542,9929.387430399998,886.8210602299855,5693.742362907471,df_elaad_preproc_l6months.csv
