name,transf,client,payoff,total
val_month_sac_gen_I_u_335,649.6364241848974,1488.30912,159.56135988924024,679.1113359258622
