name,transf,client,payoff,total
test_month_sac_gen_J_q_387,681.3985546947113,1468.334912,149.17516390639216,637.7611933988966
