name,transf,client,payoff,total
test_month_sac_gen_G_a_94,656.3789090794859,1468.334912,148.50825484764397,663.4477480728701
