name,transf,client,payoff,total
train_month_sac_gen_I_c_218,2095.970311373549,4306.918592,422.3108412815719,1788.637439344879
