name,transf,client,payoff,total
train_month_sac_gen_c_29,739.9538915399089,1469.5622144,142.094741946743,587.513580913348
