name,transf,client,payoff,total,sessions
test_6month_sac_gen_2l_81,3014.4278795892133,9929.387430399998,886.8210602299855,6028.138490580799,df_elaad_preproc_l6months.csv
