name,transf,client,payoff,total
val_month_sac_gen_I_n_145,612.0954065464055,1488.30912,159.56135988924024,716.6523535643541
