name,transf,client,payoff,total,sessions
test_6month_sac_gen_2o_49,3151.8615505315893,9929.387430399998,886.8210602299855,5890.704819638424,df_elaad_preproc_l6months.csv
