name,transf,client,payoff,total
test_month_sac_gen_J_m_101,683.3048934528688,1468.334912,149.17516390639216,635.8548546407391
