name,transf,client,payoff,total
val_month_sac_c_733,1831.2510545854307,2277.450960542104,145.3079860330326,300.8919199236407
