name,transf,client,payoff,total
val_month_sac_gen_I_q_473,739.3277067450348,1488.30912,159.56135988924024,589.4200533657249
