name,transf,client,payoff,total,sessions
test_6month_sac_pred_noise_4a_160,2869.329350414515,9929.387430399998,891.2211003728393,6168.836979612644,df_elaad_preproc_l6months.csv
