name,transf,client,payoff,total
val_month_sac_gen_I_j_243,656.3638810425596,1488.30912,159.56135988924024,672.3838790682
