name,transf,client,payoff,total
test_month_sac_gen_J_y_175,657.2658202114941,1468.334912,148.50825484764397,662.5608369408619
