name,transf,client,payoff,total
test_month_sac_gen_I_l_333,693.9324740446299,1468.334912,149.17516390639216,625.227274048978
