name,transf,client,payoff,total,sessions
test_6month_sac_pred_noise_2a_20,3650.0031460349946,9929.387430399998,897.4875555656347,5381.896728799369,df_elaad_preproc_l6months.csv
