name,transf,client,payoff,total,sessions
test_6month_sac_pred_noise_1a_241,2938.479742403037,9929.387430399998,893.2217503396156,6097.685937657346,df_elaad_preproc_l6months.csv
