name,transf,client,payoff,total
test_month_sac_gen_I_i_13,801.818316569747,1468.334912,149.17516390639216,517.3414315238608
