name,transf,client,payoff,total
test_month_sac_gen_I_u_291,672.0979129452915,1468.334912,149.17516390639216,647.0618351483164
