name,transf,client,payoff,total
train_month_sac_gen_J_m_21,2284.208437637515,4306.918592,422.3108412815719,1600.399313080913
