name,transf,client,payoff,total,sessions
6month_sac_disagg_4c_P,2927.284201259051,9929.387430399998,886.8210602299855,6115.282168910962,df_elaad_preproc_l6months.csv
