name,transf,client,payoff,total
val_month_sac_gen_J_s_256,544.6344749441943,1488.30912,155.96206259448996,787.7125824613156
