name,transf,client,payoff,total
val_month_sac_gen_J_h_129,673.2025586955826,1488.30912,159.56135988924024,655.545201415177
