name,transf,client,payoff,total,sessions
test_6month_sac_pred_noise_1d_111,4501.444585864693,9929.387430399998,893.2217503396156,4534.721094195689,df_elaad_preproc_l6months.csv
