name,transf,client,payoff,total
val_month_sac_gen_G_a_189,637.6892538319232,1488.30912,155.96206259448996,694.6578035735868
