name,transf,client,payoff,total
test_month_sac_gen_I_s_444,663.9887981535123,1468.334912,149.17516390639216,655.1709499400955
