name,transf,client,payoff,total
val_month_sac_gen_J_n_352,593.1613843573105,1488.30912,159.56135988924024,735.5863757534491
