name,transf,client,payoff,total
val_month_sac_gen_J_u_459,538.3899945391441,1488.30912,155.96206259448996,793.9570628663657
