name,transf,client,payoff,total
test_month_sac_gen_J_z_293,586.9004662963628,1468.334912,148.50825484764397,732.9261908559934
