name,transf,client,payoff,total
train_month_sac_gen_I_r_358,1953.6686403861413,4306.918592,418.6438576469184,1934.6060939669403
