name,transf,client,payoff,total
val_month_sac_gen_I_m_412,621.01228210415,1488.30912,159.56135988924024,707.7354780066096
