name,transf,client,payoff,total
train_month_sac_gen_J_n_31,2414.3957108743016,4306.918592,422.3108412815719,1470.2120398441266
