name,transf,client,payoff,total,sessions
train_month_sac_pred_noise_a_185,529.1943439901612,1349.0472576000002,120.9208020079624,698.9321116018766,df_elaad_preproc_feb.csv
