name,transf,client,payoff,total
val_month_sac_gen_I_i_145,665.5585167825727,1488.30912,159.56135988924024,663.1892433281869
