name,transf,client,payoff,total
val_month_sac_gen_J_p_319,640.6607776053479,1488.30912,159.56135988924024,688.0869825054117
