name,transf,client,payoff,total
test_month_sac_gen_I_g_444,863.0809309329018,1468.334912,149.17516390639216,456.0788171607061
