name,transf,client,payoff,total
test_month_sac_gen_J_l_316,651.620702521676,1468.334912,149.17516390639216,667.5390455719319
