name,transf,client,payoff,total,sessions
test_6month_sac_gen_2n_126,2903.3527212616573,9929.387430399998,886.8210602299855,6139.213648908355,df_elaad_preproc_l6months.csv
