name,transf,client,payoff,total
train_month_sac_gen_J_d_1,2767.446976245049,4306.918592,422.3108412815719,1117.1607744733792
