name,transf,client,payoff,total
train_month_sac_gen_I_m_155,2033.916714502674,4306.918592,422.3108412815719,1850.6910362157541
