name,transf,client,payoff,total
test_month_sac_c_368,1041.63788376594,1469.5622144,135.21440678133106,292.70992385272893
