name,transf,client,payoff,total,sessions
test_6month_sac_pred_noise_2e_17,5199.683344461009,9929.387430399998,897.4875555656347,3832.2165303733545,df_elaad_preproc_l6months.csv
