name,transf,client,payoff,total
train_month_sac_gen_I_v_381,-157.71792937990517,4306.918592,415.70985056411735,4048.926670815788
