name,transf,client,payoff,total
train_month_sac_c_207,1087.9415434294956,2289.492687923877,157.2012507240518,1044.3498937703296
