name,transf,client,payoff,total
test_month_sac_gen_J_a_245,700.2326578298596,1468.334912,149.17516390639216,618.9270902637483
