name,transf,client,payoff,total
train_month_sac_gen_J_w_211,1884.4275971424609,4306.918592,422.77724790940977,1999.7137469481295
