name,transf,client,payoff,total
test_month_sac_gen_I_k_53,737.3728220717228,1468.334912,149.17516390639216,581.786926021885
