name,transf,client,payoff,total
train_month_sac_c_645,1030.6533486359758,2289.492687923877,157.2012507240518,1101.6380885638494
