name,transf,client,payoff,total,sessions
test_6month_sac_gen_5m_28,3336.5968108143416,9929.387430399998,886.8210602299855,5705.969559355672,df_elaad_preproc_l6months.csv
