name,transf,client,payoff,total
train_month_sac_gen_I_o_298,2133.1139502470005,4306.918592,422.3108412815719,1751.4938004714277
