name,transf,client,payoff,total,sessions
test_6month_sac_gen_1l_83,2962.72725317207,9929.387430399998,886.8210602299855,6079.839116997942,df_elaad_preproc_l6months.csv
