name,transf,client,payoff,total
test_month_sac_gen_J_f_106,669.8622284794162,1468.334912,149.17516390639216,649.2975196141916
