name,transf,client,payoff,total
test_month_sac_gen_I_l_315,698.1515567804302,1468.334912,149.17516390639216,621.0081913131777
