name,transf,client,payoff,total,sessions
6month_sac_disagg_2m_LD,2968.1672918728573,9929.387430399998,886.8210602299855,6074.399078297156,df_elaad_preproc_l6months.csv
