name,transf,client,payoff,total
train_month_sac_gen_I_v_250,-35.158614628695545,4306.918592,418.7769702765704,3923.300236352125
