name,transf,client,payoff,total
train_month_sac_gen_J_b_339,2002.7267037943757,4306.918592,422.3108412815719,1881.8810469240525
