name,transf,client,payoff,total,sessions
test_6month_sac_pred_noise_2e_181,5227.721835576043,9929.387430399998,897.4875555656347,3804.1780392583205,df_elaad_preproc_l6months.csv
