name,transf,client,payoff,total
val_month_sac_gen_J_w_276,556.4481726871131,1488.30912,155.96206259448996,775.8988847183969
