name,transf,client,payoff,total
train_month_sac_b_43,1556.6068902086117,2289.492687923877,157.2012507240518,575.6845469912134
