name,transf,client,payoff,total
test_month_sac_gen_J_r_349,681.9615475050068,1468.334912,149.17516390639216,637.198200588601
