name,transf,client,payoff,total
test_month_sac_gen_I_u_431,677.5759738092087,1468.334912,149.17516390639216,641.5837742843992
