Disagg.,Min.,Mean,Max.
Least Laxity First,2871.66215847488,2902.068676881333,2968.5635023308523
Proportionally Fair,2875.070113727009,2955.919354370895,3063.7109704507084
Least Remaining Time First,2930.5565264787456,2973.5263138790024,3056.946012080164
Most Remaining Time First,3135.601662948913,3226.707112638943,3418.3158456468364
Most Laxity First,3169.588619022343,3284.1529523531835,3483.1863126996373
